industry,transform,pattern_index,pattern,terminal_adjacent,integration_dimension,N,R,seed,model_probability,numerical_se,empirical_frequency,runtime_s
NoDur,returns,1,1-2-3-4-5,true,4,4096,8,1940101,0.010282099622212949,1.2678717638894391e-5,0.007605344295991778,2.198359208
NoDur,returns,2,1-2-3-5-4,false,3,4096,8,1940201,0.008574231705295532,1.0812405173418386e-6,0.008016443987667009,0.407826917
NoDur,returns,3,1-2-4-3-5,true,4,4096,8,1940301,0.009972817541234998,8.877343737993628e-6,0.008427543679342241,0.640116458
NoDur,returns,4,1-2-4-5-3,false,3,4096,8,1940401,0.00965589287378381,1.2884245715286008e-6,0.010071942446043165,0.329620834
NoDur,returns,5,1-2-5-3-4,true,4,4096,8,1940501,0.0076971512363451025,1.1384474752133262e-6,0.0065775950668037,0.414056459
NoDur,returns,6,1-2-5-4-3,true,4,4096,8,1940601,0.00885012711640344,8.906721226099019e-7,0.008221993833504625,0.4063645
NoDur,returns,7,1-3-2-4-5,false,3,4096,8,1940701,0.00941682390763866,2.58377963523361e-6,0.006372045220966085,0.364059625
NoDur,returns,8,1-3-2-5-4,false,3,4096,8,1940801,0.0076523121402521,6.46134081005917e-7,0.008427543679342241,0.344494625
NoDur,returns,9,1-3-4-2-5,true,4,4096,8,1940901,0.008576196009625552,8.826175108202344e-6,0.009660842754367934,0.454794834
NoDur,returns,10,1-3-4-5-2,true,4,4096,8,1941001,0.0069913252017847,3.999845730295813e-7,0.008838643371017472,0.470254417
NoDur,returns,11,1-3-5-2-4,false,3,4096,8,1941101,0.006310662459665952,4.84809718261637e-7,0.0067831449126413155,0.491088917
NoDur,returns,12,1-3-5-4-2,false,3,4096,8,1941201,0.006341304911921933,1.9963000120789794e-7,0.008016443987667009,0.358395667
NoDur,returns,13,1-4-2-3-5,false,3,4096,8,1941301,0.009357620312251375,3.3068354190999775e-6,0.0073997944501541625,0.359543
NoDur,returns,14,1-4-2-5-3,false,3,4096,8,1941401,0.009518555511838252,3.723277123421213e-6,0.005960945529290853,0.335201125
NoDur,returns,15,1-4-3-2-5,true,4,4096,8,1941501,0.008712886163094343,7.157189027492397e-6,0.008427543679342241,0.450873708
NoDur,returns,16,1-4-3-5-2,true,4,4096,8,1941601,0.007631414899776246,1.2665745998265641e-6,0.009044193216855087,0.43956075
NoDur,returns,17,1-4-5-2-3,false,3,4096,8,1941701,0.009518773334268036,4.851241459166841e-7,0.006988694758478931,0.325663542
NoDur,returns,18,1-4-5-3-2,false,3,4096,8,1941801,0.008235301620368906,3.9959500879150565e-7,0.008838643371017472,0.550438417
NoDur,returns,19,1-5-2-3-4,true,4,4096,8,1941901,0.006531649805331212,5.25472766819317e-7,0.010071942446043165,0.384526459
NoDur,returns,20,1-5-2-4-3,true,4,4096,8,1942001,0.007966478536639864,6.799020690008875e-7,0.006988694758478931,0.387882541
NoDur,returns,21,1-5-3-2-4,false,3,4096,8,1942101,0.006034517722850832,1.880991993577959e-7,0.005960945529290853,0.32096975
NoDur,returns,22,1-5-3-4-2,true,4,4096,8,1942201,0.006491731263154713,7.516750467762743e-7,0.008221993833504625,0.440591708
NoDur,returns,23,1-5-4-2-3,false,3,4096,8,1942301,0.008789547637606396,3.340992996390785e-7,0.009660842754367934,0.327235417
NoDur,returns,24,1-5-4-3-2,true,4,4096,8,1942401,0.007720211639810638,1.3639793428992845e-6,0.008427543679342241,0.437617334
NoDur,returns,25,2-1-3-4-5,true,4,4096,8,1942501,0.009511472379258505,2.509103984614804e-6,0.007810894141829393,0.442807292
NoDur,returns,26,2-1-3-5-4,false,3,4096,8,1942601,0.00970907707436853,6.260785861436539e-7,0.006372045220966085,0.328094583
NoDur,returns,27,2-1-4-3-5,true,4,4096,8,1942701,0.00848073299323715,2.6388860161362198e-6,0.005344295991778006,0.638185958
NoDur,returns,28,2-1-4-5-3,false,3,4096,8,1942801,0.008283568801023947,1.2053026301501404e-7,0.007810894141829393,0.311430417
NoDur,returns,29,2-1-5-3-4,true,4,4096,8,1942901,0.008552340773933721,4.022690704635653e-7,0.0065775950668037,0.390184
NoDur,returns,30,2-1-5-4-3,true,4,4096,8,1943001,0.008193131862676272,5.32060541213013e-7,0.009660842754367934,0.387013875
NoDur,returns,31,2-3-1-4-5,false,3,4096,8,1943101,0.0094918834979117,1.9382587495499348e-6,0.009660842754367934,0.346292042
NoDur,returns,32,2-3-1-5-4,false,3,4096,8,1943201,0.010346173631652283,1.5463916341250736e-6,0.008633093525179856,0.325497792
NoDur,returns,33,2-3-4-1-5,true,4,4096,8,1943301,0.008017319089608722,9.382656358532003e-6,0.007605344295991778,0.44142775
NoDur,returns,34,2-3-4-5-1,true,4,4096,8,1943401,0.007789212968716883,8.402456899460586e-7,0.006166495375128468,0.438380292
NoDur,returns,35,2-3-5-1-4,false,3,4096,8,1943501,0.010049666153523148,8.564606626774034e-7,0.008633093525179856,0.527856208
NoDur,returns,36,2-3-5-4-1,false,3,4096,8,1943601,0.008872309006384032,4.1593408722198404e-7,0.010277492291880781,0.338844625
NoDur,returns,37,2-4-1-3-5,false,3,4096,8,1943701,0.006969958781271777,1.4044160665057254e-6,0.007194244604316547,0.345898708
NoDur,returns,38,2-4-1-5-3,false,3,4096,8,1943801,0.007072896857459355,4.009626301201328e-7,0.008427543679342241,0.321321084
NoDur,returns,39,2-4-3-1-5,true,4,4096,8,1943901,0.006680853306319715,8.049540847264903e-6,0.007194244604316547,0.433071333
NoDur,returns,40,2-4-3-5-1,true,4,4096,8,1944001,0.006587794945855036,4.895078732298779e-7,0.008016443987667009,0.4349315
NoDur,returns,41,2-4-5-1-3,false,3,4096,8,1944101,0.006824470967765662,2.8380155015142715e-7,0.008838643371017472,0.324211458
NoDur,returns,42,2-4-5-3-1,false,3,4096,8,1944201,0.006647153338679327,4.98590013676223e-7,0.008838643371017472,0.351811375
NoDur,returns,43,2-5-1-3-4,true,4,4096,8,1944301,0.007807005856078353,1.1016755738620557e-6,0.00986639260020555,0.387388
NoDur,returns,44,2-5-1-4-3,true,4,4096,8,1944401,0.007394738063839583,8.100068261120765e-7,0.00986639260020555,0.386718208
NoDur,returns,45,2-5-3-1-4,false,3,4096,8,1944501,0.008600212149337785,2.7266446108132744e-7,0.0067831449126413155,0.324406292
NoDur,returns,46,2-5-3-4-1,true,4,4096,8,1944601,0.008061864106745805,6.101658055294093e-7,0.008633093525179856,0.444181833
NoDur,returns,47,2-5-4-1-3,false,3,4096,8,1944701,0.007154879442670426,1.6923710531857974e-7,0.008633093525179856,0.319649041
NoDur,returns,48,2-5-4-3-1,true,4,4096,8,1944801,0.00718347989601908,5.397499407744344e-7,0.008427543679342241,0.437759041
NoDur,returns,49,3-1-2-4-5,false,3,4096,8,1944901,0.009709687845376251,1.1394568287002448e-6,0.009249743062692703,0.325325375
NoDur,returns,50,3-1-2-5-4,false,3,4096,8,1945001,0.008783874141124139,1.0478793948221909e-7,0.009044193216855087,0.301037959
NoDur,returns,51,3-1-4-2-5,false,3,4096,8,1945101,0.008510632961245003,3.0989204129763495e-6,0.009044193216855087,0.326136125
NoDur,returns,52,3-1-4-5-2,false,3,4096,8,1945201,0.007110969493489694,6.561326562973344e-8,0.008221993833504625,0.313095708
NoDur,returns,53,3-1-5-2-4,false,3,4096,8,1945301,0.00730977239608696,3.425824694023568e-7,0.0073997944501541625,0.288728167
NoDur,returns,54,3-1-5-4-2,false,3,4096,8,1945401,0.006754803553162929,2.4753614514006775e-7,0.007810894141829393,0.313386125
NoDur,returns,55,3-2-1-4-5,false,3,4096,8,1945501,0.010571556158848673,2.7780566905652517e-6,0.007605344295991778,0.340591958
NoDur,returns,56,3-2-1-5-4,false,3,4096,8,1945601,0.010474301412556638,3.0676472348511616e-7,0.010483042137718397,0.454499875
NoDur,returns,57,3-2-4-1-5,false,3,4096,8,1945701,0.009226628809566848,1.7626429010479134e-6,0.0073997944501541625,0.303770958
NoDur,returns,58,3-2-4-5-1,false,3,4096,8,1945801,0.008589871156888728,1.3589784384459082e-7,0.006166495375128468,0.298356375
NoDur,returns,59,3-2-5-1-4,false,3,4096,8,1945901,0.010351607174387115,2.1916297022781548e-7,0.008016443987667009,0.284470042
NoDur,returns,60,3-2-5-4-1,false,3,4096,8,1946001,0.009575604503530287,4.619180112107012e-7,0.007194244604316547,0.306822542
NoDur,returns,61,3-4-1-2-5,true,4,4096,8,1946101,0.008058766823331705,1.4856828296903527e-6,0.007605344295991778,0.428313834
NoDur,returns,62,3-4-1-5-2,true,4,4096,8,1946201,0.007312202554385436,4.879801152561791e-7,0.007810894141829393,0.41770025
NoDur,returns,63,3-4-2-1-5,true,4,4096,8,1946301,0.008118034857483424,7.902609680882331e-6,0.008427543679342241,0.413978209
NoDur,returns,64,3-4-2-5-1,true,4,4096,8,1946401,0.007708742098436194,6.79583505257496e-7,0.008633093525179856,0.416276958
NoDur,returns,65,3-4-5-1-2,true,4,4096,8,1946501,0.007684622798857761,5.583038680919165e-7,0.006372045220966085,0.607749708
NoDur,returns,66,3-4-5-2-1,true,4,4096,8,1946601,0.007947870248742515,3.412641146146771e-7,0.010688591983556012,0.426155375
NoDur,returns,67,3-5-1-2-4,false,3,4096,8,1946701,0.0076727716280269925,4.195240860028252e-7,0.009044193216855087,0.274245792
NoDur,returns,68,3-5-1-4-2,false,3,4096,8,1946801,0.00730434901885475,4.522749820063892e-7,0.007810894141829393,0.305034583
NoDur,returns,69,3-5-2-1-4,false,3,4096,8,1946901,0.009012640838492361,1.1322224208114176e-7,0.010277492291880781,0.299288792
NoDur,returns,70,3-5-2-4-1,false,3,4096,8,1947001,0.009055836274843196,6.333645021919039e-7,0.00986639260020555,0.322258916
NoDur,returns,71,3-5-4-1-2,false,3,4096,8,1947101,0.008022391559069595,1.6614011285466309e-7,0.008633093525179856,0.308037333
NoDur,returns,72,3-5-4-2-1,false,3,4096,8,1947201,0.008488378306633407,3.233000453500578e-7,0.008016443987667009,0.323656167
NoDur,returns,73,4-1-2-3-5,false,3,4096,8,1947301,0.008138676407977805,1.1757914465710253e-6,0.008221993833504625,0.328115667
NoDur,returns,74,4-1-2-5-3,false,3,4096,8,1947401,0.008769984658776552,2.0967153482410525e-7,0.008838643371017472,0.392850625
NoDur,returns,75,4-1-3-2-5,false,3,4096,8,1947501,0.007955423954970587,1.275541127192473e-6,0.008221993833504625,1.14900975
NoDur,returns,76,4-1-3-5-2,false,3,4096,8,1947601,0.008060589310013163,1.0942403104099459e-7,0.006988694758478931,0.443649291
NoDur,returns,77,4-1-5-2-3,false,3,4096,8,1947701,0.009586507021333365,2.8541451999611323e-7,0.0073997944501541625,0.37705225
NoDur,returns,78,4-1-5-3-2,false,3,4096,8,1947801,0.009070376789765258,3.8770149532914417e-7,0.009249743062692703,0.403191792
NoDur,returns,79,4-2-1-3-5,false,3,4096,8,1947901,0.007156368568155724,1.3318359271087185e-6,0.008427543679342241,0.67303625
NoDur,returns,80,4-2-1-5-3,false,3,4096,8,1948001,0.007631196289487743,6.733696284954502e-7,0.009044193216855087,0.425909459
NoDur,returns,81,4-2-3-1-5,false,3,4096,8,1948101,0.006759399523460698,1.2240939078670256e-6,0.008016443987667009,0.458247459
NoDur,returns,82,4-2-3-5-1,false,3,4096,8,1948201,0.0068280659567410106,1.8673305418976314e-7,0.009249743062692703,0.481124667
NoDur,returns,83,4-2-5-1-3,false,3,4096,8,1948301,0.007575613448422341,2.3717977498452374e-7,0.006988694758478931,0.451947125
NoDur,returns,84,4-2-5-3-1,false,3,4096,8,1948401,0.00719742917435086,2.9313281214764257e-7,0.008633093525179856,0.451694708
NoDur,returns,85,4-3-1-2-5,true,4,4096,8,1948501,0.007506105589728348,9.116707169354302e-7,0.009249743062692703,0.986150542
NoDur,returns,86,4-3-1-5-2,true,4,4096,8,1948601,0.007676770960938401,6.713043664727503e-7,0.0073997944501541625,0.640520542
NoDur,returns,87,4-3-2-1-5,true,4,4096,8,1948701,0.007212581293878227,7.676800022573705e-6,0.010894141829393628,0.584089042
NoDur,returns,88,4-3-2-5-1,true,4,4096,8,1948801,0.00730110076765908,8.894095838500151e-7,0.00945529290853032,0.6131015
NoDur,returns,89,4-3-5-1-2,true,4,4096,8,1948901,0.008244051530356174,2.529625877230976e-7,0.007605344295991778,0.592288
NoDur,returns,90,4-3-5-2-1,true,4,4096,8,1949001,0.008068697671099167,3.4277395209083246e-7,0.008838643371017472,0.620952959
NoDur,returns,91,4-5-1-2-3,false,3,4096,8,1949101,0.010427095831735386,2.959644884630308e-7,0.007810894141829393,0.362720167
NoDur,returns,92,4-5-1-3-2,false,3,4096,8,1949201,0.010366428979894683,8.619229923127378e-7,0.00986639260020555,0.399905708
NoDur,returns,93,4-5-2-1-3,false,3,4096,8,1949301,0.009323028341339433,9.232520906624039e-8,0.009249743062692703,0.626579333
NoDur,returns,94,4-5-2-3-1,false,3,4096,8,1949401,0.008883946183757327,5.577407603466276e-7,0.008221993833504625,0.397281667
NoDur,returns,95,4-5-3-1-2,false,3,4096,8,1949501,0.009901040375406813,1.7311444111025228e-7,0.008427543679342241,0.332685125
NoDur,returns,96,4-5-3-2-1,false,3,4096,8,1949601,0.009430028890865208,3.4949427029007826e-7,0.008016443987667009,0.361133041
NoDur,returns,97,5-1-2-3-4,true,4,4096,8,1949701,0.006685276778093471,6.873768554382374e-6,0.0067831449126413155,0.432554917
NoDur,returns,98,5-1-2-4-3,true,4,4096,8,1949801,0.007742077702259509,9.358954661795907e-6,0.007810894141829393,0.474955875
NoDur,returns,99,5-1-3-2-4,false,3,4096,8,1949901,0.0065151994933771865,1.3584887425749304e-6,0.008427543679342241,0.358815542
NoDur,returns,100,5-1-3-4-2,true,4,4096,8,1950001,0.007602823399609384,5.989858325438303e-6,0.008838643371017472,0.499486792
NoDur,returns,101,5-1-4-2-3,false,3,4096,8,1950101,0.00888527524119029,3.060699239874301e-6,0.008633093525179856,0.567382167
NoDur,returns,102,5-1-4-3-2,true,4,4096,8,1950201,0.009027412172090098,8.192425230053635e-6,0.010277492291880781,0.487731833
NoDur,returns,103,5-2-1-3-4,true,4,4096,8,1950301,0.007160409382876613,1.9404975325048742e-6,0.006166495375128468,0.442924666
NoDur,returns,104,5-2-1-4-3,true,4,4096,8,1950401,0.00763776130263752,1.1120447356675283e-6,0.010277492291880781,0.443004
NoDur,returns,105,5-2-3-1-4,false,3,4096,8,1950501,0.007969012128073466,1.3038360209564301e-6,0.010483042137718397,0.372681417
NoDur,returns,106,5-2-3-4-1,true,4,4096,8,1950601,0.008598546362869375,7.704971663757414e-6,0.009044193216855087,0.52037075
NoDur,returns,107,5-2-4-1-3,false,3,4096,8,1950701,0.00800745577249806,1.022808824856661e-6,0.010277492291880781,0.379775458
NoDur,returns,108,5-2-4-3-1,true,4,4096,8,1950801,0.008177569537625062,8.30515563732316e-6,0.008016443987667009,0.532203458
NoDur,returns,109,5-3-1-2-4,false,3,4096,8,1950901,0.007179771090934019,9.04334063517026e-7,0.006988694758478931,0.381562792
NoDur,returns,110,5-3-1-4-2,false,3,4096,8,1951001,0.008077151955264815,6.630919772702255e-7,0.006988694758478931,0.40583525
NoDur,returns,111,5-3-2-1-4,false,3,4096,8,1951101,0.00818871642694318,4.984508023765081e-7,0.009660842754367934,0.383337375
NoDur,returns,112,5-3-2-4-1,false,3,4096,8,1951201,0.00912489364034187,2.9285584250996747e-6,0.009044193216855087,0.414125833
NoDur,returns,113,5-3-4-1-2,true,4,4096,8,1951301,0.009364087650235373,1.5271981254925143e-6,0.008633093525179856,0.489777959
NoDur,returns,114,5-3-4-2-1,true,4,4096,8,1951401,0.009283861370185213,5.8279512454002095e-6,0.008838643371017472,0.499576833
NoDur,returns,115,5-4-1-2-3,false,3,4096,8,1951501,0.010338254381529459,4.4706334508140213e-7,0.00945529290853032,0.376208833
NoDur,returns,116,5-4-1-3-2,false,3,4096,8,1951601,0.010966776203635883,3.570425121851757e-6,0.00945529290853032,0.4249885
NoDur,returns,117,5-4-2-1-3,false,3,4096,8,1951701,0.009481562319503489,1.486647909543925e-6,0.006372045220966085,0.409527958
NoDur,returns,118,5-4-2-3-1,false,3,4096,8,1951801,0.009454413369020373,2.4934085134264938e-6,0.0073997944501541625,0.460406875
NoDur,returns,119,5-4-3-1-2,true,4,4096,8,1951901,0.010817782374679973,2.897046625402149e-6,0.009249743062692703,0.744448459
NoDur,returns,120,5-4-3-2-1,true,4,4096,8,1952001,0.010167911735145842,8.686839119815399e-6,0.00945529290853032,0.593554667
NoDur,absolute,1,1-2-3-4-5,true,4,4096,8,2040101,0.008678351675962525,9.83942756755167e-7,0.009808102345415778,2.009473917
NoDur,absolute,2,1-2-3-5-4,true,4,4096,8,2040201,0.008386402793317657,9.727171471731616e-7,0.00511727078891258,1.111165833
NoDur,absolute,3,1-2-4-3-5,true,4,4096,8,2040301,0.008512810793418351,5.016400230276043e-7,0.008955223880597015,1.303833792
NoDur,absolute,4,1-2-4-5-3,true,4,4096,8,2040401,0.008290681593737447,3.5560906241837597e-7,0.008742004264392323,1.507956625
NoDur,absolute,5,1-2-5-3-4,true,4,4096,8,2040501,0.008320639034420277,2.7387203668178943e-6,0.009808102345415778,1.093484334
NoDur,absolute,6,1-2-5-4-3,true,4,4096,8,2040601,0.008313128007358821,9.158771952830714e-7,0.00767590618336887,1.067196916
NoDur,absolute,7,1-3-2-4-5,false,3,4096,8,2040701,0.008548253682345141,2.5070757534821815e-7,0.00810234541577825,0.737627958
NoDur,absolute,8,1-3-2-5-4,false,3,4096,8,2040801,0.008576574197226686,4.3638564752913205e-7,0.004690831556503198,0.765399542
NoDur,absolute,9,1-3-4-2-5,false,3,4096,8,2040901,0.008674239648090467,2.3922879348045585e-7,0.009168443496801706,0.753719333
NoDur,absolute,10,1-3-4-5-2,false,3,4096,8,2041001,0.008545771760001441,2.786471567627691e-7,0.01023454157782516,0.913681667
NoDur,absolute,11,1-3-5-2-4,false,3,4096,8,2041101,0.00832251469741974,5.778430422462646e-7,0.008742004264392323,0.842984375
NoDur,absolute,12,1-3-5-4-2,false,3,4096,8,2041201,0.008317198235278964,1.238343764178496e-7,0.0070362473347547975,0.71016425
NoDur,absolute,13,1-4-2-3-5,false,3,4096,8,2041301,0.008433103944416539,1.2577716326175746e-7,0.008528784648187633,0.738758375
NoDur,absolute,14,1-4-2-5-3,false,3,4096,8,2041401,0.00834206018518699,5.291550895547407e-7,0.009168443496801706,0.736921459
NoDur,absolute,15,1-4-3-2-5,false,3,4096,8,2041501,0.00881620471278432,4.066829403952194e-7,0.008315565031982943,0.741146833
NoDur,absolute,16,1-4-3-5-2,false,3,4096,8,2041601,0.00846184114131197,5.296689283892518e-7,0.00511727078891258,0.742489708
NoDur,absolute,17,1-4-5-2-3,false,3,4096,8,2041701,0.008202719976792698,8.045423818820868e-7,0.008742004264392323,0.736654166
NoDur,absolute,18,1-4-5-3-2,false,3,4096,8,2041801,0.008055512416991307,1.1319809864900915e-7,0.00810234541577825,0.724271834
NoDur,absolute,19,1-5-2-3-4,false,3,4096,8,2041901,0.008348816962354975,5.892776065123268e-7,0.008528784648187633,0.825094166
NoDur,absolute,20,1-5-2-4-3,false,3,4096,8,2042001,0.008169452930473081,1.0076577031118318e-7,0.008955223880597015,0.821554083
NoDur,absolute,21,1-5-3-2-4,false,3,4096,8,2042101,0.008100451641267908,5.493799826593695e-7,0.008315565031982943,0.715529375
NoDur,absolute,22,1-5-3-4-2,false,3,4096,8,2042201,0.008255465934944514,5.520717795343555e-7,0.00788912579957356,0.799379667
NoDur,absolute,23,1-5-4-2-3,false,3,4096,8,2042301,0.00794582457000668,3.224612830098848e-7,0.010021321961620469,0.783966625
NoDur,absolute,24,1-5-4-3-2,false,3,4096,8,2042401,0.00818471695346242,3.3009216227133644e-7,0.009594882729211088,0.754710959
NoDur,absolute,25,2-1-3-4-5,true,4,4096,8,2042501,0.00877674677216575,4.789106018357563e-7,0.008528784648187633,1.20077675
NoDur,absolute,26,2-1-3-5-4,true,4,4096,8,2042601,0.008130114518995491,9.93820976112159e-7,0.008955223880597015,1.179192125
NoDur,absolute,27,2-1-4-3-5,true,4,4096,8,2042701,0.008719511096373145,6.130507266025402e-7,0.007249466950959489,1.13861425
NoDur,absolute,28,2-1-4-5-3,true,4,4096,8,2042801,0.008378730214337249,6.528792910274446e-7,0.0070362473347547975,1.122943042
NoDur,absolute,29,2-1-5-3-4,true,4,4096,8,2042901,0.007996887511678081,2.233538309339029e-6,0.008528784648187633,1.288077416
NoDur,absolute,30,2-1-5-4-3,true,4,4096,8,2043001,0.00820800114197483,4.059627925906297e-7,0.00788912579957356,1.072389583
NoDur,absolute,31,2-3-1-4-5,false,3,4096,8,2043101,0.008560006023745051,1.7976829410144194e-7,0.008528784648187633,0.782622959
NoDur,absolute,32,2-3-1-5-4,false,3,4096,8,2043201,0.008082058363850474,3.3000269293795223e-7,0.01023454157782516,0.77088325
NoDur,absolute,33,2-3-4-1-5,false,3,4096,8,2043301,0.008103064438093485,3.27217087808888e-7,0.00788912579957356,0.76696325
NoDur,absolute,34,2-3-4-5-1,false,3,4096,8,2043401,0.008039942443253812,3.0001943633186897e-7,0.00810234541577825,0.737052208
NoDur,absolute,35,2-3-5-1-4,false,3,4096,8,2043501,0.008071679541374468,3.7928155667406053e-7,0.006823027718550106,0.828444542
NoDur,absolute,36,2-3-5-4-1,false,3,4096,8,2043601,0.00838973245214482,9.143018932420132e-8,0.010660980810234541,0.831908875
NoDur,absolute,37,2-4-1-3-5,false,3,4096,8,2043701,0.008556048471130227,3.208174043691152e-7,0.0061833688699360345,0.770605584
NoDur,absolute,38,2-4-1-5-3,false,3,4096,8,2043801,0.008403591431979258,5.56450382874366e-7,0.00767590618336887,0.786365083
NoDur,absolute,39,2-4-3-1-5,false,3,4096,8,2043901,0.008159780548900254,3.8520219534648947e-7,0.007462686567164179,0.750702417
NoDur,absolute,40,2-4-3-5-1,false,3,4096,8,2044001,0.008126280190252733,7.305071233981009e-7,0.0061833688699360345,0.792952417
NoDur,absolute,41,2-4-5-1-3,false,3,4096,8,2044101,0.008331255800855562,5.596820074672694e-7,0.00810234541577825,0.788768541
NoDur,absolute,42,2-4-5-3-1,false,3,4096,8,2044201,0.008448237245389642,1.1091901161737782e-7,0.00788912579957356,0.78452025
NoDur,absolute,43,2-5-1-3-4,false,3,4096,8,2044301,0.008024368643989137,1.0382440087392752e-6,0.00810234541577825,0.803831375
NoDur,absolute,44,2-5-1-4-3,false,3,4096,8,2044401,0.008176966931091647,1.9064576555174545e-7,0.006823027718550106,0.873117125
NoDur,absolute,45,2-5-3-1-4,false,3,4096,8,2044501,0.008142640827692699,5.317620004200337e-7,0.009594882729211088,0.78345
NoDur,absolute,46,2-5-3-4-1,false,3,4096,8,2044601,0.008567363011791028,3.2715411633816114e-7,0.007462686567164179,0.745860167
NoDur,absolute,47,2-5-4-1-3,false,3,4096,8,2044701,0.008228247904725185,2.384686470487887e-7,0.00767590618336887,0.773060584
NoDur,absolute,48,2-5-4-3-1,false,3,4096,8,2044801,0.008490297135524145,2.552591336092123e-7,0.008955223880597015,0.770206583
NoDur,absolute,49,3-1-2-4-5,true,4,4096,8,2044901,0.008388759921453057,3.3051054493881725e-7,0.010874200426439232,1.786286167
NoDur,absolute,50,3-1-2-5-4,true,4,4096,8,2045001,0.008530745152839064,3.985448363033577e-6,0.009168443496801706,1.235798
NoDur,absolute,51,3-1-4-2-5,false,3,4096,8,2045101,0.008470923875770971,3.49135200155791e-7,0.010021321961620469,0.702461083
NoDur,absolute,52,3-1-4-5-2,false,3,4096,8,2045201,0.00845215261593739,1.9254418028680774e-7,0.00767590618336887,0.674190584
NoDur,absolute,53,3-1-5-2-4,false,3,4096,8,2045301,0.008327391365616747,4.878488131163145e-7,0.007462686567164179,0.713927208
NoDur,absolute,54,3-1-5-4-2,false,3,4096,8,2045401,0.00830619630117276,2.4254605349422984e-7,0.00788912579957356,0.693767667
NoDur,absolute,55,3-2-1-4-5,true,4,4096,8,2045501,0.008311083484521116,5.853276931652013e-7,0.00810234541577825,0.946657667
NoDur,absolute,56,3-2-1-5-4,true,4,4096,8,2045601,0.00830310786338078,3.2050173396186065e-6,0.00810234541577825,0.947532667
NoDur,absolute,57,3-2-4-1-5,false,3,4096,8,2045701,0.007761057016229682,3.8741677439216e-7,0.010660980810234541,0.706413125
NoDur,absolute,58,3-2-4-5-1,false,3,4096,8,2045801,0.007893046289042503,1.5401204379996263e-7,0.0070362473347547975,0.883536041
NoDur,absolute,59,3-2-5-1-4,false,3,4096,8,2045901,0.008400076821510678,8.996905321410918e-7,0.008315565031982943,0.707745542
NoDur,absolute,60,3-2-5-4-1,false,3,4096,8,2046001,0.008490336174535592,2.999689816469227e-7,0.005756929637526652,0.688796709
NoDur,absolute,61,3-4-1-2-5,true,4,4096,8,2046101,0.008275957258437239,1.2788044102091344e-6,0.008742004264392323,0.933098792
NoDur,absolute,62,3-4-1-5-2,false,3,4096,8,2046201,0.008197865792600467,8.358830372231674e-8,0.010874200426439232,0.679195875
NoDur,absolute,63,3-4-2-1-5,true,4,4096,8,2046301,0.007618751796468863,1.039776259696578e-6,0.00788912579957356,0.935500375
NoDur,absolute,64,3-4-2-5-1,false,3,4096,8,2046401,0.007864136797100428,1.1012591152900914e-7,0.010021321961620469,0.678005167
NoDur,absolute,65,3-4-5-1-2,true,4,4096,8,2046501,0.008000150238906076,5.924015551820007e-7,0.008528784648187633,0.888821542
NoDur,absolute,66,3-4-5-2-1,true,4,4096,8,2046601,0.008269065718915255,4.7469922087353805e-7,0.009168443496801706,0.928148417
NoDur,absolute,67,3-5-1-2-4,true,4,4096,8,2046701,0.008211103905564591,4.268005944450286e-6,0.0070362473347547975,0.951556375
NoDur,absolute,68,3-5-1-4-2,false,3,4096,8,2046801,0.008359942777593856,1.8867243976597744e-7,0.00810234541577825,0.699499167
NoDur,absolute,69,3-5-2-1-4,true,4,4096,8,2046901,0.008602297717788346,4.6281862481433985e-6,0.007462686567164179,0.952418375
NoDur,absolute,70,3-5-2-4-1,false,3,4096,8,2047001,0.008681555092754784,1.9611211542517403e-7,0.007462686567164179,0.695373041
NoDur,absolute,71,3-5-4-1-2,true,4,4096,8,2047101,0.008402530246719681,3.3473647217502793e-7,0.008528784648187633,0.907955709
NoDur,absolute,72,3-5-4-2-1,true,4,4096,8,2047201,0.008428823899544855,1.2313535008876857e-7,0.00810234541577825,0.904006708
NoDur,absolute,73,4-1-2-3-5,true,4,4096,8,2047301,0.008524859919092078,1.3052735449173957e-6,0.009381663113006396,0.922843209
NoDur,absolute,74,4-1-2-5-3,true,4,4096,8,2047401,0.008571665951384524,5.7941713966491884e-6,0.010874200426439232,0.937419542
NoDur,absolute,75,4-1-3-2-5,false,3,4096,8,2047501,0.008893651640063414,7.621692909536157e-7,0.0070362473347547975,0.898396459
NoDur,absolute,76,4-1-3-5-2,false,3,4096,8,2047601,0.008376439830452838,9.827820809462401e-7,0.00767590618336887,0.664797792
NoDur,absolute,77,4-1-5-2-3,false,3,4096,8,2047701,0.008397990046489097,1.6756444976898527e-6,0.010021321961620469,0.714410417
NoDur,absolute,78,4-1-5-3-2,false,3,4096,8,2047801,0.007961843128535945,1.290154440557699e-6,0.009168443496801706,0.696482917
NoDur,absolute,79,4-2-1-3-5,true,4,4096,8,2047901,0.008394407551378158,1.4075501580225403e-6,0.008742004264392323,0.917834875
NoDur,absolute,80,4-2-1-5-3,true,4,4096,8,2048001,0.00847483397495469,5.570986569541624e-6,0.0070362473347547975,0.939582875
NoDur,absolute,81,4-2-3-1-5,false,3,4096,8,2048101,0.007998260747962668,1.2263682035305164e-6,0.007249466950959489,0.694546958
NoDur,absolute,82,4-2-3-5-1,false,3,4096,8,2048201,0.008178528814567711,8.299547687110193e-7,0.008315565031982943,0.667746916
NoDur,absolute,83,4-2-5-1-3,false,3,4096,8,2048301,0.008520003142157047,1.2333521447142336e-6,0.008528784648187633,0.712523458
NoDur,absolute,84,4-2-5-3-1,false,3,4096,8,2048401,0.00863001414703383,3.929320799617937e-7,0.008742004264392323,0.890125459
NoDur,absolute,85,4-3-1-2-5,true,4,4096,8,2048501,0.008532580930238986,4.797876717325569e-6,0.007462686567164179,0.940446709
NoDur,absolute,86,4-3-1-5-2,false,3,4096,8,2048601,0.008207007187479212,1.211266082806621e-6,0.008742004264392323,0.661601959
NoDur,absolute,87,4-3-2-1-5,true,4,4096,8,2048701,0.00784397400563152,7.2535400209064125e-6,0.008528784648187633,0.920862334
NoDur,absolute,88,4-3-2-5-1,false,3,4096,8,2048801,0.00811582394593584,1.0546937662209027e-6,0.00788912579957356,0.669857125
NoDur,absolute,89,4-3-5-1-2,true,4,4096,8,2048901,0.00791854866893205,5.056501979525784e-6,0.007462686567164179,0.874587041
NoDur,absolute,90,4-3-5-2-1,true,4,4096,8,2049001,0.008464164937056609,6.346507797674521e-6,0.009381663113006396,0.880450875
NoDur,absolute,91,4-5-1-2-3,true,4,4096,8,2049101,0.00826025980411353,5.666443606486895e-6,0.010874200426439232,0.937403833
NoDur,absolute,92,4-5-1-3-2,false,3,4096,8,2049201,0.008006907358699909,6.641659044836942e-7,0.008955223880597015,0.885052083
NoDur,absolute,93,4-5-2-1-3,true,4,4096,8,2049301,0.008506186849593585,4.282437839726603e-6,0.005970149253731343,0.947499875
NoDur,absolute,94,4-5-2-3-1,false,3,4096,8,2049401,0.00877473691168982,4.552744071183072e-7,0.008955223880597015,0.673331166
NoDur,absolute,95,4-5-3-1-2,true,4,4096,8,2049501,0.008114146576400288,6.259573968120581e-7,0.008742004264392323,0.897583375
NoDur,absolute,96,4-5-3-2-1,true,4,4096,8,2049601,0.00865571706419967,9.001075420317014e-7,0.010021321961620469,0.900306
NoDur,absolute,97,5-1-2-3-4,true,4,4096,8,2049701,0.008252382852566574,4.992592767559753e-6,0.008315565031982943,0.959678042
NoDur,absolute,98,5-1-2-4-3,true,4,4096,8,2049801,0.008058495549563812,6.765434803835751e-7,0.007249466950959489,1.146307916
NoDur,absolute,99,5-1-3-2-4,false,3,4096,8,2049901,0.008022019857040154,8.45188417191806e-7,0.006396588486140725,0.701153
NoDur,absolute,100,5-1-3-4-2,false,3,4096,8,2050001,0.00839676237334993,3.937193588708309e-7,0.005970149253731343,0.688106083
NoDur,absolute,101,5-1-4-2-3,false,3,4096,8,2050101,0.007887514118194633,6.358499098274086e-7,0.006823027718550106,0.696003916
NoDur,absolute,102,5-1-4-3-2,false,3,4096,8,2050201,0.008375874245503208,2.8318830459064155e-7,0.008528784648187633,0.680382375
NoDur,absolute,103,5-2-1-3-4,true,4,4096,8,2050301,0.008326212217685584,2.7804249912218187e-6,0.010021321961620469,0.939870917
NoDur,absolute,104,5-2-1-4-3,true,4,4096,8,2050401,0.008255463708561242,1.087537943346393e-6,0.0061833688699360345,0.93354975
NoDur,absolute,105,5-2-3-1-4,false,3,4096,8,2050501,0.008505468054833782,9.309353262513681e-7,0.010447761194029851,0.714619417
NoDur,absolute,106,5-2-3-4-1,false,3,4096,8,2050601,0.008816114765262693,2.9856765937351986e-7,0.012153518123667377,0.714267417
NoDur,absolute,107,5-2-4-1-3,false,3,4096,8,2050701,0.008203202133916052,3.5147746049325346e-7,0.00810234541577825,0.871964959
NoDur,absolute,108,5-2-4-3-1,false,3,4096,8,2050801,0.00857654102476452,2.3175385168625928e-7,0.009808102345415778,0.680028167
NoDur,absolute,109,5-3-1-2-4,true,4,4096,8,2050901,0.008129494563806046,1.0333942641112204e-6,0.009594882729211088,0.938476542
NoDur,absolute,110,5-3-1-4-2,false,3,4096,8,2051001,0.008513954703684547,1.432150604475674e-7,0.009594882729211088,0.678807917
NoDur,absolute,111,5-3-2-1-4,true,4,4096,8,2051101,0.00854276511902136,7.464255435552617e-7,0.007462686567164179,0.942639083
NoDur,absolute,112,5-3-2-4-1,false,3,4096,8,2051201,0.008735688791425123,1.81644179300918e-7,0.006396588486140725,0.68787925
NoDur,absolute,113,5-3-4-1-2,true,4,4096,8,2051301,0.008690746106253254,1.5098536364771566e-7,0.00788912579957356,1.106498791
NoDur,absolute,114,5-3-4-2-1,true,4,4096,8,2051401,0.008563237048866764,3.935065440142018e-7,0.009594882729211088,0.894326291
NoDur,absolute,115,5-4-1-2-3,true,4,4096,8,2051501,0.008061965766543513,8.686491560850559e-7,0.008955223880597015,0.932211125
NoDur,absolute,116,5-4-1-3-2,false,3,4096,8,2051601,0.008362080788086253,1.0405710649485423e-7,0.007462686567164179,0.676828625
NoDur,absolute,117,5-4-2-1-3,true,4,4096,8,2051701,0.008183466423495921,7.224279819269353e-7,0.00788912579957356,0.931823125
NoDur,absolute,118,5-4-2-3-1,false,3,4096,8,2051801,0.008562612028313536,9.973176831342751e-8,0.00767590618336887,0.683316
NoDur,absolute,119,5-4-3-1-2,true,4,4096,8,2051901,0.008549887688076884,8.629326919619891e-7,0.008955223880597015,0.887313458
NoDur,absolute,120,5-4-3-2-1,true,4,4096,8,2052001,0.008630548557684626,1.0406704901123474e-6,0.00788912579957356,1.038817833
Durbl,returns,1,1-2-3-4-5,false,3,4096,8,2940101,0.00836888586608932,5.084037363405768e-7,0.004088307440719542,0.768735041
Durbl,returns,2,1-2-3-5-4,false,3,4096,8,2940201,0.008316761819706859,3.378921997544556e-7,0.006336876533115291,0.288719667
Durbl,returns,3,1-2-4-3-5,false,3,4096,8,2940301,0.008070410308525736,1.5767708832095682e-7,0.007563368765331153,0.279487084
Durbl,returns,4,1-2-4-5-3,false,3,4096,8,2940401,0.008182502846403013,7.137050145495184e-7,0.007972199509403107,0.300895333
Durbl,returns,5,1-2-5-3-4,false,3,4096,8,2940501,0.008191471758612597,9.485952073005094e-8,0.009607522485690924,0.493282833
Durbl,returns,6,1-2-5-4-3,false,3,4096,8,2940601,0.008397007869235366,8.117056807717085e-7,0.005723630417007359,0.298745708
Durbl,returns,7,1-3-2-4-5,false,3,4096,8,2940701,0.008830604622692495,1.7252260252000832e-7,0.009607522485690924,0.268837125
Durbl,returns,8,1-3-2-5-4,false,3,4096,8,2940801,0.008723692258218205,2.055382508113194e-7,0.007563368765331153,0.287636833
Durbl,returns,9,1-3-4-2-5,false,3,4096,8,2940901,0.008966491121863464,1.8386718262119582e-7,0.009607522485690924,0.278963375
Durbl,returns,10,1-3-4-5-2,false,3,4096,8,2941001,0.008956991838486604,8.30628903187378e-7,0.006950122649223222,0.300682291
Durbl,returns,11,1-3-5-2-4,false,3,4096,8,2941101,0.008517657539689494,2.2864171201927628e-7,0.008994276369582993,0.291053292
Durbl,returns,12,1-3-5-4-2,false,3,4096,8,2941201,0.008614748407209698,8.077703780027275e-7,0.006745707277187245,0.30165475
Durbl,returns,13,1-4-2-3-5,false,3,4096,8,2941301,0.0080816033415601,1.930095259085139e-7,0.008381030253475062,0.265222375
Durbl,returns,14,1-4-2-5-3,false,3,4096,8,2941401,0.008156204654665187,2.3232271872283774e-7,0.009403107113654947,0.288080458
Durbl,returns,15,1-4-3-2-5,false,3,4096,8,2941501,0.008483061139923167,5.004742539965228e-7,0.008381030253475062,0.265530042
Durbl,returns,16,1-4-3-5-2,false,3,4096,8,2941601,0.008461596255555644,1.4802016897979352e-6,0.008381030253475062,0.285602459
Durbl,returns,17,1-4-5-2-3,false,3,4096,8,2941701,0.008364722304181338,1.5734731109460022e-7,0.007972199509403107,0.282576084
Durbl,returns,18,1-4-5-3-2,false,3,4096,8,2941801,0.008243599352148688,1.5103060575883885e-6,0.00919869174161897,0.2888495
Durbl,returns,19,1-5-2-3-4,true,4,4096,8,2941901,0.008117547014246138,4.981893667719848e-7,0.006541291905151268,0.397286375
Durbl,returns,20,1-5-2-4-3,true,4,4096,8,2942001,0.008344346242930577,4.4373249986619186e-7,0.006132461161079314,0.417646167
Durbl,returns,21,1-5-3-2-4,true,4,4096,8,2942101,0.007983872797509846,8.718004328002813e-7,0.007972199509403107,0.403624166
Durbl,returns,22,1-5-3-4-2,true,4,4096,8,2942201,0.008012878241234365,1.5726189800850625e-6,0.009811937857726901,0.455934708
Durbl,returns,23,1-5-4-2-3,true,4,4096,8,2942301,0.008353522066953303,6.469208970100883e-7,0.009811937857726901,0.585370542
Durbl,returns,24,1-5-4-3-2,true,4,4096,8,2942401,0.008149864190913474,6.899130626543063e-6,0.007358953393295176,0.404409708
Durbl,returns,25,2-1-3-4-5,false,3,4096,8,2942501,0.00823232408117145,1.191779139335484e-6,0.00919869174161897,0.290367375
Durbl,returns,26,2-1-3-5-4,false,3,4096,8,2942601,0.00819849776728264,7.820815710302622e-7,0.007358953393295176,0.312331417
Durbl,returns,27,2-1-4-3-5,false,3,4096,8,2942701,0.008048853625520762,1.7620083912736783e-6,0.009403107113654947,0.308410583
Durbl,returns,28,2-1-4-5-3,false,3,4096,8,2942801,0.008215133714209974,2.3628019588686147e-6,0.008789860997547016,0.331112542
Durbl,returns,29,2-1-5-3-4,true,4,4096,8,2942901,0.00816008909702592,1.0856669778769512e-6,0.008176614881439084,0.425116625
Durbl,returns,30,2-1-5-4-3,true,4,4096,8,2943001,0.008395535528241984,8.582684895379824e-6,0.00776778413736713,0.649173958
Durbl,returns,31,2-3-1-4-5,false,3,4096,8,2943101,0.008166580975935958,1.3431430881835623e-6,0.007154538021259199,0.286482833
Durbl,returns,32,2-3-1-5-4,true,4,4096,8,2943201,0.00814709704916128,5.846679935837286e-6,0.008176614881439084,0.425221041
Durbl,returns,33,2-3-4-1-5,true,4,4096,8,2943301,0.00817175044162982,1.040042100092534e-5,0.006950122649223222,0.372391875
Durbl,returns,34,2-3-4-5-1,true,4,4096,8,2943401,0.008224051457774776,9.796815758919706e-6,0.006336876533115291,0.372207291
Durbl,returns,35,2-3-5-1-4,true,4,4096,8,2943501,0.008298116641227241,4.925374970808981e-6,0.007154538021259199,0.423834083
Durbl,returns,36,2-3-5-4-1,false,3,4096,8,2943601,0.008391067425902194,1.1043639467745625e-6,0.005519215044971382,0.296434042
Durbl,returns,37,2-4-1-3-5,false,3,4096,8,2943701,0.008547282065602003,1.0542903169509917e-6,0.00776778413736713,0.312219042
Durbl,returns,38,2-4-1-5-3,true,4,4096,8,2943801,0.008763401161718393,7.434720607392005e-6,0.006950122649223222,0.445310792
Durbl,returns,39,2-4-3-1-5,true,4,4096,8,2943901,0.008685287337113282,1.3082104213465002e-6,0.008381030253475062,0.392992917
Durbl,returns,40,2-4-3-5-1,true,4,4096,8,2944001,0.008721913120385656,2.055303341244782e-6,0.008585445625511038,0.388680834
Durbl,returns,41,2-4-5-1-3,true,4,4096,8,2944101,0.008789847223631388,7.873469648018455e-6,0.008994276369582993,0.438512208
Durbl,returns,42,2-4-5-3-1,false,3,4096,8,2944201,0.008599190175039139,1.7401620874674068e-6,0.006950122649223222,0.311492792
Durbl,returns,43,2-5-1-3-4,true,4,4096,8,2944301,0.008175700264848606,6.245018528018626e-7,0.009607522485690924,0.425062458
Durbl,returns,44,2-5-1-4-3,true,4,4096,8,2944401,0.00835666859023653,5.440987067173051e-6,0.009811937857726901,0.435640042
Durbl,returns,45,2-5-3-1-4,false,3,4096,8,2944501,0.008345951847475155,5.802304426508639e-7,0.008994276369582993,0.320906083
Durbl,returns,46,2-5-3-4-1,false,3,4096,8,2944601,0.00842521315653716,4.5044815002018837e-7,0.006541291905151268,0.299625917
Durbl,returns,47,2-5-4-1-3,false,3,4096,8,2944701,0.008206451588613514,1.78400334139319e-6,0.01062959934587081,0.332851334
Durbl,returns,48,2-5-4-3-1,false,3,4096,8,2944801,0.008111837699377789,2.1906646325631194e-6,0.007358953393295176,0.309777542
Durbl,returns,49,3-1-2-4-5,false,3,4096,8,2944901,0.008480258350715465,2.2908990001046528e-7,0.009811937857726901,0.32723775
Durbl,returns,50,3-1-2-5-4,false,3,4096,8,2945001,0.008424826642364968,2.874945719205004e-7,0.008381030253475062,0.492775833
Durbl,returns,51,3-1-4-2-5,false,3,4096,8,2945101,0.008610992269864799,9.234746041390348e-7,0.006950122649223222,0.320431
Durbl,returns,52,3-1-4-5-2,false,3,4096,8,2945201,0.008643519628918517,2.615734913763071e-6,0.008381030253475062,0.322265042
Durbl,returns,53,3-1-5-2-4,true,4,4096,8,2945301,0.008308162083337272,6.211535716548288e-7,0.009811937857726901,0.4269665
Durbl,returns,54,3-1-5-4-2,true,4,4096,8,2945401,0.00836739275447981,6.69241587894705e-6,0.006950122649223222,0.436472208
Durbl,returns,55,3-2-1-4-5,false,3,4096,8,2945501,0.007970312149460736,2.2549113340450717e-7,0.009811937857726901,0.295666542
Durbl,returns,56,3-2-1-5-4,true,4,4096,8,2945601,0.007985646151122891,8.835529612878463e-7,0.012469337694194603,0.423909208
Durbl,returns,57,3-2-4-1-5,true,4,4096,8,2945701,0.007846769196048809,5.186391931643322e-7,0.00776778413736713,0.377782667
Durbl,returns,58,3-2-4-5-1,true,4,4096,8,2945801,0.007867272724478413,7.187838768630831e-7,0.008585445625511038,0.569013458
Durbl,returns,59,3-2-5-1-4,true,4,4096,8,2945901,0.008121272916307985,6.110853871408818e-7,0.007972199509403107,0.427859334
Durbl,returns,60,3-2-5-4-1,false,3,4096,8,2946001,0.008113089298525921,1.3435462800952262e-7,0.006745707277187245,0.290773667
Durbl,returns,61,3-4-1-2-5,false,3,4096,8,2946101,0.008110519701321551,4.3236860044384214e-7,0.00919869174161897,0.305611792
Durbl,returns,62,3-4-1-5-2,true,4,4096,8,2946201,0.00811463921636184,4.91762521060186e-6,0.005723630417007359,0.44260075
Durbl,returns,63,3-4-2-1-5,true,4,4096,8,2946301,0.007866238905530298,4.477471126121617e-7,0.006132461161079314,0.389627167
Durbl,returns,64,3-4-2-5-1,true,4,4096,8,2946401,0.00784672258503069,5.513465709778173e-7,0.008176614881439084,0.391787458
Durbl,returns,65,3-4-5-1-2,true,4,4096,8,2946501,0.007991988700038033,7.181534851211207e-6,0.008585445625511038,0.648099708
Durbl,returns,66,3-4-5-2-1,false,3,4096,8,2946601,0.007975066966047408,4.1600177571351377e-7,0.006132461161079314,0.31316925
Durbl,returns,67,3-5-1-2-4,true,4,4096,8,2946701,0.008380298561467258,7.893079346914495e-7,0.008789860997547016,0.417664167
Durbl,returns,68,3-5-1-4-2,true,4,4096,8,2946801,0.008314293285426098,4.5254573708090014e-6,0.007972199509403107,0.434637333
Durbl,returns,69,3-5-2-1-4,false,3,4096,8,2946901,0.00864656613218352,3.607557505480426e-7,0.008789860997547016,0.317023917
Durbl,returns,70,3-5-2-4-1,false,3,4096,8,2947001,0.008617468441337737,2.1828991925169936e-7,0.007154538021259199,0.296490083
Durbl,returns,71,3-5-4-1-2,false,3,4096,8,2947101,0.008430281917515898,2.2232916311433406e-6,0.007563368765331153,0.333479375
Durbl,returns,72,3-5-4-2-1,false,3,4096,8,2947201,0.008487218130735906,4.4382009461605504e-7,0.01062959934587081,0.306294417
Durbl,returns,73,4-1-2-3-5,false,3,4096,8,2947301,0.008116028431171748,3.367547422021246e-7,0.008176614881439084,0.514831042
Durbl,returns,74,4-1-2-5-3,false,3,4096,8,2947401,0.008210051200174075,2.2853901344887098e-7,0.008585445625511038,0.31661475
Durbl,returns,75,4-1-3-2-5,false,3,4096,8,2947501,0.008427128345401071,4.147082247456235e-7,0.00776778413736713,0.293919417
Durbl,returns,76,4-1-3-5-2,false,3,4096,8,2947601,0.008345050344842212,7.660693614514526e-7,0.006336876533115291,0.316999625
Durbl,returns,77,4-1-5-2-3,true,4,4096,8,2947701,0.008359810105227215,1.0726076303324546e-6,0.008585445625511038,0.422749958
Durbl,returns,78,4-1-5-3-2,true,4,4096,8,2947801,0.008180743566167808,4.063533081893562e-6,0.008176614881439084,0.422116416
Durbl,returns,79,4-2-1-3-5,false,3,4096,8,2947901,0.008601637115369138,1.2459839513384194e-7,0.010016353229762878,0.30029725
Durbl,returns,80,4-2-1-5-3,true,4,4096,8,2948001,0.008787967948158112,5.312096687983004e-7,0.007154538021259199,0.423497208
Durbl,returns,81,4-2-3-1-5,true,4,4096,8,2948101,0.008720859476985972,5.813792944659884e-7,0.008585445625511038,0.376686416
Durbl,returns,82,4-2-3-5-1,true,4,4096,8,2948201,0.008688841347339743,5.929330960747762e-7,0.00919869174161897,0.587605083
Durbl,returns,83,4-2-5-1-3,true,4,4096,8,2948301,0.00876644588517295,3.728126600931641e-7,0.007358953393295176,0.429630583
Durbl,returns,84,4-2-5-3-1,false,3,4096,8,2948401,0.008545936488362445,8.930827682509605e-8,0.008994276369582993,0.295277542
Durbl,returns,85,4-3-1-2-5,false,3,4096,8,2948501,0.008388489828053573,1.7602291491565801e-7,0.01062959934587081,0.290115791
Durbl,returns,86,4-3-1-5-2,true,4,4096,8,2948601,0.008294335378580996,1.7995572075002845e-6,0.011038430089942763,0.421749417
Durbl,returns,87,4-3-2-1-5,true,4,4096,8,2948701,0.008219060649306022,3.5306553922618516e-7,0.008176614881439084,0.376876083
Durbl,returns,88,4-3-2-5-1,true,4,4096,8,2948801,0.008164091836699673,2.661016929048656e-7,0.011651676206050695,0.373706292
Durbl,returns,89,4-3-5-1-2,true,4,4096,8,2948901,0.008150989653322017,1.2228510498387373e-6,0.006745707277187245,0.42140475
Durbl,returns,90,4-3-5-2-1,false,3,4096,8,2949001,0.008168972120638173,1.0815703227620735e-7,0.008789860997547016,0.296348834
Durbl,returns,91,4-5-1-2-3,true,4,4096,8,2949101,0.008393313442314688,1.0608894000141458e-6,0.00776778413736713,0.419852958
Durbl,returns,92,4-5-1-3-2,true,4,4096,8,2949201,0.008144636658216279,6.7888174752923315e-6,0.005928045789043336,0.42432
Durbl,returns,93,4-5-2-1-3,false,3,4096,8,2949301,0.00821190794619341,2.3262709957877594e-7,0.00776778413736713,0.320162584
Durbl,returns,94,4-5-2-3-1,false,3,4096,8,2949401,0.008043933239912676,2.5202212586365934e-7,0.00919869174161897,0.298241917
Durbl,returns,95,4-5-3-1-2,false,3,4096,8,2949501,0.008199937230721694,7.258395370626824e-7,0.00919869174161897,0.325029625
Durbl,returns,96,4-5-3-2-1,false,3,4096,8,2949601,0.00823421586873127,5.916831281097984e-7,0.007358953393295176,0.298399709
Durbl,returns,97,5-1-2-3-4,true,4,4096,8,2949701,0.008158551294630527,7.990653842416562e-7,0.007154538021259199,0.402358375
Durbl,returns,98,5-1-2-4-3,true,4,4096,8,2949801,0.0083519090881964,6.019134825254276e-7,0.006950122649223222,0.414541959
Durbl,returns,99,5-1-3-2-4,true,4,4096,8,2949901,0.008012854981122093,4.824748817263079e-7,0.007972199509403107,0.611556167
Durbl,returns,100,5-1-3-4-2,true,4,4096,8,2950001,0.007985281511508,1.566881252062286e-6,0.007154538021259199,0.415301666
Durbl,returns,101,5-1-4-2-3,true,4,4096,8,2950101,0.008341887275853523,5.065451604407047e-7,0.007563368765331153,0.398835834
Durbl,returns,102,5-1-4-3-2,true,4,4096,8,2950201,0.00811877542262468,6.685786460578377e-6,0.007972199509403107,0.406110208
Durbl,returns,103,5-2-1-3-4,false,3,4096,8,2950301,0.008241229255637859,1.9088782962563e-7,0.011651676206050695,0.284086042
Durbl,returns,104,5-2-1-4-3,false,3,4096,8,2950401,0.008360268038647515,4.4760313819197797e-7,0.007563368765331153,0.298336791
Durbl,returns,105,5-2-3-1-4,false,3,4096,8,2950501,0.008461933190434388,9.175311409904311e-7,0.008789860997547016,0.2877375
Durbl,returns,106,5-2-3-4-1,false,3,4096,8,2950601,0.008480591610379055,7.277579128832471e-7,0.009403107113654947,0.26556075
Durbl,returns,107,5-2-4-1-3,false,3,4096,8,2950701,0.008150525605466159,4.669536161482097e-7,0.00919869174161897,0.298743125
Durbl,returns,108,5-2-4-3-1,false,3,4096,8,2950801,0.008076833460990345,1.9963191921151397e-7,0.007972199509403107,0.279368
Durbl,returns,109,5-3-1-2-4,false,3,4096,8,2950901,0.008617812907201289,3.3254810564506795e-7,0.007972199509403107,0.289335041
Durbl,returns,110,5-3-1-4-2,false,3,4096,8,2951001,0.008518797111818488,9.526112745875603e-7,0.011242845461978741,0.299264542
Durbl,returns,111,5-3-2-1-4,false,3,4096,8,2951101,0.008962628566105225,3.8310037964676475e-7,0.00776778413736713,0.289446792
Durbl,returns,112,5-3-2-4-1,false,3,4096,8,2951201,0.008971026974805056,1.7946248597473066e-7,0.01062959934587081,0.266506625
Durbl,returns,113,5-3-4-1-2,false,3,4096,8,2951301,0.00872626161772219,1.3027098623373768e-6,0.009403107113654947,0.298426291
Durbl,returns,114,5-3-4-2-1,false,3,4096,8,2951401,0.008835478012278948,1.7941290513456836e-7,0.008176614881439084,0.276777083
Durbl,returns,115,5-4-1-2-3,false,3,4096,8,2951501,0.00839270571017496,1.2186672590079164e-7,0.011242845461978741,0.286015084
Durbl,returns,116,5-4-1-3-2,false,3,4096,8,2951601,0.00818656796278579,1.9244728846926136e-6,0.010016353229762878,0.288021708
Durbl,returns,117,5-4-2-1-3,false,3,4096,8,2951701,0.008176931115182393,2.5040010479019764e-7,0.010834014717906787,0.285955084
Durbl,returns,118,5-4-2-3-1,false,3,4096,8,2951801,0.008066554116918666,2.422443957468434e-7,0.00919869174161897,0.262704166
Durbl,returns,119,5-4-3-1-2,false,3,4096,8,2951901,0.008316026251998364,6.956763069721918e-7,0.01062959934587081,0.440766792
Durbl,returns,120,5-4-3-2-1,false,3,4096,8,2952001,0.008368518931509122,5.939038941795412e-7,0.00919869174161897,0.263912083
Durbl,absolute,1,1-2-3-4-5,false,3,4096,8,3040101,0.007695463308034783,5.906663941417554e-7,0.006669445602334306,0.995802041
Durbl,absolute,2,1-2-3-5-4,false,3,4096,8,3040201,0.007963318990477915,1.4683185076858084e-6,0.008962067528136724,0.540773792
Durbl,absolute,3,1-2-4-3-5,false,3,4096,8,3040301,0.008335783733100703,2.64731923966858e-7,0.00854522717799083,0.504527791
Durbl,absolute,4,1-2-4-5-3,false,3,4096,8,3040401,0.008711961298184282,2.3193571126261487e-7,0.006877865777407253,0.522576167
Durbl,absolute,5,1-2-5-3-4,true,4,4096,8,3040501,0.007967004347713566,4.2515002083058236e-6,0.00854522717799083,0.806013792
Durbl,absolute,6,1-2-5-4-3,true,4,4096,8,3040601,0.007947040480662861,2.977689362779647e-7,0.008753647353063776,0.929915209
Durbl,absolute,7,1-3-2-4-5,false,3,4096,8,3040701,0.007950948202272073,3.1752359301536074e-7,0.009587328053355566,0.517120334
Durbl,absolute,8,1-3-2-5-4,true,4,4096,8,3040801,0.00796939408510842,4.55876022807947e-6,0.009378907878282617,0.765593583
Durbl,absolute,9,1-3-4-2-5,true,4,4096,8,3040901,0.008434291434362605,3.2926009245357486e-7,0.010004168403501459,0.727224083
Durbl,absolute,10,1-3-4-5-2,true,4,4096,8,3041001,0.008243380196701835,1.902202491752051e-7,0.0077115464776990415,0.727189333
Durbl,absolute,11,1-3-5-2-4,true,4,4096,8,3041101,0.008688268772095878,4.119271999319676e-6,0.008128386827844935,0.763255625
Durbl,absolute,12,1-3-5-4-2,false,3,4096,8,3041201,0.00831080748936191,7.499819008260985e-7,0.009378907878282617,0.717187
Durbl,absolute,13,1-4-2-3-5,false,3,4096,8,3041301,0.008852360577691924,9.165762300000525e-8,0.009795748228428512,0.5036075
Durbl,absolute,14,1-4-2-5-3,true,4,4096,8,3041401,0.009148395703371934,1.5026525093693477e-6,0.008962067528136724,0.748577917
Durbl,absolute,15,1-4-3-2-5,true,4,4096,8,3041501,0.008642477885154279,8.110515041764829e-7,0.00854522717799083,0.702121166
Durbl,absolute,16,1-4-3-5-2,true,4,4096,8,3041601,0.008753611973108076,4.5435243306225806e-7,0.00917048770320967,0.711680875
Durbl,absolute,17,1-4-5-2-3,true,4,4096,8,3041701,0.00849961365308649,1.3811617956286899e-6,0.00854522717799083,0.74946
Durbl,absolute,18,1-4-5-3-2,false,3,4096,8,3041801,0.008419307052887152,2.057461163002381e-7,0.008753647353063776,0.501095
Durbl,absolute,19,1-5-2-3-4,true,4,4096,8,3041901,0.007903835473657935,6.644598787941998e-6,0.006877865777407253,0.770774292
Durbl,absolute,20,1-5-2-4-3,true,4,4096,8,3042001,0.007974150973328424,9.70696136169356e-7,0.0077115464776990415,0.753402208
Durbl,absolute,21,1-5-3-2-4,false,3,4096,8,3042101,0.008548374193246644,2.6054171740831608e-6,0.008962067528136724,0.542213208
Durbl,absolute,22,1-5-3-4-2,false,3,4096,8,3042201,0.00808569718304931,3.787538219442241e-7,0.0077115464776990415,0.519422125
Durbl,absolute,23,1-5-4-2-3,false,3,4096,8,3042301,0.008125887248015821,5.228697650079683e-7,0.006877865777407253,0.523999542
Durbl,absolute,24,1-5-4-3-2,false,3,4096,8,3042401,0.007769284365727974,1.9693260912167882e-7,0.0070862859524802,0.501999667
Durbl,absolute,25,2-1-3-4-5,false,3,4096,8,3042501,0.00790682778645439,1.0302824334414766e-7,0.0077115464776990415,0.473676875
Durbl,absolute,26,2-1-3-5-4,false,3,4096,8,3042601,0.008393526356234199,8.71115559609379e-7,0.0070862859524802,0.490882125
Durbl,absolute,27,2-1-4-3-5,false,3,4096,8,3042701,0.008256489131830169,2.730771215319587e-7,0.009795748228428512,0.458051291
Durbl,absolute,28,2-1-4-5-3,false,3,4096,8,3042801,0.008487710706077633,4.135462870153388e-7,0.009795748228428512,0.474102417
Durbl,absolute,29,2-1-5-3-4,false,3,4096,8,3042901,0.008383397111814682,1.1368619556527427e-6,0.00854522717799083,0.494982292
Durbl,absolute,30,2-1-5-4-3,false,3,4096,8,3043001,0.008025231220246065,2.4622238988338683e-7,0.006877865777407253,0.473028083
Durbl,absolute,31,2-3-1-4-5,false,3,4096,8,3043101,0.008127049502038866,4.986708441705927e-7,0.0070862859524802,0.459089708
Durbl,absolute,32,2-3-1-5-4,false,3,4096,8,3043201,0.00837894294447166,6.274684453134075e-7,0.007919966652771988,0.685336666
Durbl,absolute,33,2-3-4-1-5,false,3,4096,8,3043301,0.008047413355889231,1.5079537212883066e-7,0.008336807002917883,0.452321041
Durbl,absolute,34,2-3-4-5-1,false,3,4096,8,3043401,0.008126600245929825,1.9702517104988234e-7,0.0077115464776990415,0.482530125
Durbl,absolute,35,2-3-5-1-4,false,3,4096,8,3043501,0.008576925493778547,7.501118282545504e-7,0.0070862859524802,0.473995708
Durbl,absolute,36,2-3-5-4-1,false,3,4096,8,3043601,0.008394420506215349,1.972414755619978e-7,0.008962067528136724,0.478728709
Durbl,absolute,37,2-4-1-3-5,false,3,4096,8,3043701,0.00832629591483816,5.661280457522736e-7,0.010837849103793247,0.448914708
Durbl,absolute,38,2-4-1-5-3,false,3,4096,8,3043801,0.008409536563408027,1.0035935508877207e-6,0.009378907878282617,0.479073042
Durbl,absolute,39,2-4-3-1-5,false,3,4096,8,3043901,0.008036729930912688,1.7730277696133368e-7,0.0070862859524802,0.473866792
Durbl,absolute,40,2-4-3-5-1,false,3,4096,8,3044001,0.008307680616791286,7.832222876077366e-7,0.00854522717799083,0.703335916
Durbl,absolute,41,2-4-5-1-3,false,3,4096,8,3044101,0.008356678319197303,3.1467633042678034e-7,0.0077115464776990415,0.470243292
Durbl,absolute,42,2-4-5-3-1,false,3,4096,8,3044201,0.008740592432479275,4.114525076514689e-7,0.00854522717799083,0.490960917
Durbl,absolute,43,2-5-1-3-4,true,4,4096,8,3044301,0.008557787299669061,1.1759550946708819e-6,0.00917048770320967,0.752100708
Durbl,absolute,44,2-5-1-4-3,true,4,4096,8,3044401,0.008222035368310955,1.3101309097672759e-6,0.00854522717799083,0.734515083
Durbl,absolute,45,2-5-3-1-4,true,4,4096,8,3044501,0.008704101244871925,3.587266962233302e-6,0.008336807002917883,0.739871417
Durbl,absolute,46,2-5-3-4-1,true,4,4096,8,3044601,0.008415089436450432,1.1965200310304456e-6,0.008336807002917883,0.743294959
Durbl,absolute,47,2-5-4-1-3,true,4,4096,8,3044701,0.00850542142512399,4.230012793646363e-7,0.0077115464776990415,0.948961042
Durbl,absolute,48,2-5-4-3-1,true,4,4096,8,3044801,0.008595887754670153,6.745515158726537e-7,0.010837849103793247,0.755819958
Durbl,absolute,49,3-1-2-4-5,false,3,4096,8,3044901,0.008395559392133066,1.4122199638129006e-7,0.008962067528136724,0.486293083
Durbl,absolute,50,3-1-2-5-4,true,4,4096,8,3045001,0.008108414311754332,1.3500991904307658e-6,0.009795748228428512,0.770989042
Durbl,absolute,51,3-1-4-2-5,true,4,4096,8,3045101,0.008823549881324447,2.975164062705131e-7,0.009795748228428512,0.714586625
Durbl,absolute,52,3-1-4-5-2,true,4,4096,8,3045201,0.008386548432464835,1.801005875305648e-7,0.009378907878282617,0.717308834
Durbl,absolute,53,3-1-5-2-4,true,4,4096,8,3045301,0.008654943695353582,7.708061535536991e-7,0.007919966652771988,0.758730375
Durbl,absolute,54,3-1-5-4-2,false,3,4096,8,3045401,0.008407585815189038,1.0960919420344888e-7,0.0106294289287203,0.504514167
Durbl,absolute,55,3-2-1-4-5,false,3,4096,8,3045501,0.008305290396294629,4.2588293435185786e-7,0.007503126302626094,0.69998925
Durbl,absolute,56,3-2-1-5-4,false,3,4096,8,3045601,0.00810128155750993,5.92111893292449e-7,0.0070862859524802,0.532577708
Durbl,absolute,57,3-2-4-1-5,false,3,4096,8,3045701,0.008324596643676916,2.40181520132646e-7,0.0072947061275531475,0.497434375
Durbl,absolute,58,3-2-4-5-1,false,3,4096,8,3045801,0.008301104178881538,4.007527322818869e-7,0.006252605252188412,0.522447334
Durbl,absolute,59,3-2-5-1-4,true,4,4096,8,3045901,0.008288416942804768,3.545983883575937e-6,0.009587328053355566,0.767506333
Durbl,absolute,60,3-2-5-4-1,true,4,4096,8,3046001,0.008481348008218656,8.839787219340066e-7,0.0072947061275531475,0.759707791
Durbl,absolute,61,3-4-1-2-5,true,4,4096,8,3046101,0.008681258855759079,6.524064492116879e-7,0.008336807002917883,0.718117417
Durbl,absolute,62,3-4-1-5-2,true,4,4096,8,3046201,0.008464362312846663,5.117032752868861e-7,0.008336807002917883,0.713368583
Durbl,absolute,63,3-4-2-1-5,false,3,4096,8,3046301,0.008336305415694599,1.4371039284861542e-7,0.005002084201750729,0.714326833
Durbl,absolute,64,3-4-2-5-1,true,4,4096,8,3046401,0.008325431574158017,1.0101807738286126e-6,0.006461025427261359,0.759976167
Durbl,absolute,65,3-4-5-1-2,false,3,4096,8,3046501,0.008121111288556991,1.4724468571095842e-7,0.009378907878282617,0.495732708
Durbl,absolute,66,3-4-5-2-1,true,4,4096,8,3046601,0.008287912840433054,7.858913932294403e-7,0.00917048770320967,0.762090167
Durbl,absolute,67,3-5-1-2-4,false,3,4096,8,3046701,0.008619079378820617,1.3819111593098648e-6,0.006252605252188412,0.525114083
Durbl,absolute,68,3-5-1-4-2,false,3,4096,8,3046801,0.00842118225092842,2.9706612749659607e-7,0.00854522717799083,0.5095725
Durbl,absolute,69,3-5-2-1-4,true,4,4096,8,3046901,0.008362109281733617,2.3420100502242202e-6,0.010212588578574405,0.75996
Durbl,absolute,70,3-5-2-4-1,true,4,4096,8,3047001,0.008676691032575411,1.002606479439967e-6,0.009795748228428512,0.972328667
Durbl,absolute,71,3-5-4-1-2,false,3,4096,8,3047101,0.008144236252073,2.0628998891825236e-7,0.007503126302626094,0.506517584
Durbl,absolute,72,3-5-4-2-1,false,3,4096,8,3047201,0.008489693542141803,5.096025098114702e-7,0.007503126302626094,0.521344
Durbl,absolute,73,4-1-2-3-5,false,3,4096,8,3047301,0.008578862744758855,1.967790158807865e-6,0.0070862859524802,0.492632917
Durbl,absolute,74,4-1-2-5-3,true,4,4096,8,3047401,0.008680590044751448,8.089333531839095e-6,0.008962067528136724,0.75062125
Durbl,absolute,75,4-1-3-2-5,true,4,4096,8,3047501,0.008597690470579074,9.80215136016251e-6,0.00917048770320967,0.70599575
Durbl,absolute,76,4-1-3-5-2,true,4,4096,8,3047601,0.009133354292137628,1.2521955130989432e-5,0.0072947061275531475,0.7109735
Durbl,absolute,77,4-1-5-2-3,true,4,4096,8,3047701,0.00826586642261053,3.652472604311296e-6,0.00917048770320967,0.758302042
Durbl,absolute,78,4-1-5-3-2,false,3,4096,8,3047801,0.008742019442450288,1.0000812001704567e-6,0.005418924551896623,0.70123525
Durbl,absolute,79,4-2-1-3-5,false,3,4096,8,3047901,0.008248394965008225,8.743950719947329e-7,0.0077115464776990415,0.507613791
Durbl,absolute,80,4-2-1-5-3,false,3,4096,8,3048001,0.008264201758587018,1.6511148237398062e-6,0.010004168403501459,0.505625083
Durbl,absolute,81,4-2-3-1-5,false,3,4096,8,3048101,0.00793219527850132,6.728005965452743e-7,0.00917048770320967,0.535438708
Durbl,absolute,82,4-2-3-5-1,false,3,4096,8,3048201,0.008255157175915748,1.7634064495173539e-6,0.0077115464776990415,0.535287
Durbl,absolute,83,4-2-5-1-3,true,4,4096,8,3048301,0.00817375161201729,1.1610624986373077e-6,0.009795748228428512,0.753852625
Durbl,absolute,84,4-2-5-3-1,true,4,4096,8,3048401,0.008695976437311303,7.474498246499307e-6,0.010004168403501459,0.764016583
Durbl,absolute,85,4-3-1-2-5,true,4,4096,8,3048501,0.008324993318589094,6.248300595668993e-7,0.007503126302626094,0.937096167
Durbl,absolute,86,4-3-1-5-2,true,4,4096,8,3048601,0.008657667655286154,1.069378596693189e-6,0.009795748228428512,0.727514542
Durbl,absolute,87,4-3-2-1-5,false,3,4096,8,3048701,0.007877199925558945,6.425082322243625e-7,0.007503126302626094,0.507358083
Durbl,absolute,88,4-3-2-5-1,true,4,4096,8,3048801,0.008004000346608635,3.7253033910260546e-6,0.00854522717799083,0.763151666
Durbl,absolute,89,4-3-5-1-2,false,3,4096,8,3048901,0.00818121482099839,7.733917608797379e-7,0.006252605252188412,0.51251575
Durbl,absolute,90,4-3-5-2-1,true,4,4096,8,3049001,0.007981001837372742,5.183112514569099e-6,0.007919966652771988,0.762046625
Durbl,absolute,91,4-5-1-2-3,false,3,4096,8,3049101,0.00786665293596479,9.483905195101669e-7,0.009378907878282617,0.522710042
Durbl,absolute,92,4-5-1-3-2,false,3,4096,8,3049201,0.008296194798829197,9.240368098906559e-7,0.00854522717799083,0.50179075
Durbl,absolute,93,4-5-2-1-3,true,4,4096,8,3049301,0.008079781989198325,1.904478866509408e-6,0.00854522717799083,0.959805542
Durbl,absolute,94,4-5-2-3-1,true,4,4096,8,3049401,0.008357143540674083,6.47077181993363e-6,0.0072947061275531475,0.767716542
Durbl,absolute,95,4-5-3-1-2,false,3,4096,8,3049501,0.008110159143359814,7.431810122622182e-7,0.006877865777407253,0.500269917
Durbl,absolute,96,4-5-3-2-1,false,3,4096,8,3049601,0.007888920565199771,1.568794617083724e-6,0.00917048770320967,0.534743667
Durbl,absolute,97,5-1-2-3-4,false,3,4096,8,3049701,0.008166532761776084,5.634419160989851e-7,0.006461025427261359,0.493297959
Durbl,absolute,98,5-1-2-4-3,false,3,4096,8,3049801,0.008265569864833322,2.0823790047642818e-7,0.0077115464776990415,0.476169042
Durbl,absolute,99,5-1-3-2-4,false,3,4096,8,3049901,0.008673307741363849,3.438301295599208e-7,0.008753647353063776,0.492783
Durbl,absolute,100,5-1-3-4-2,false,3,4096,8,3050001,0.008267557975796373,7.21183480582464e-8,0.0070862859524802,0.470849958
Durbl,absolute,101,5-1-4-2-3,false,3,4096,8,3050101,0.008320654694241194,5.983962962710038e-7,0.008128386827844935,0.475986084
Durbl,absolute,102,5-1-4-3-2,false,3,4096,8,3050201,0.007965797493586514,1.4840422010318525e-7,0.009587328053355566,0.655638375
Durbl,absolute,103,5-2-1-3-4,true,4,4096,8,3050301,0.008387081121336494,9.511929145493883e-7,0.007503126302626094,0.759540208
Durbl,absolute,104,5-2-1-4-3,true,4,4096,8,3050401,0.008409090787811142,6.975669425962563e-7,0.007919966652771988,0.729841
Durbl,absolute,105,5-2-3-1-4,true,4,4096,8,3050501,0.00841787771322781,3.5471815134000302e-6,0.009587328053355566,0.736228417
Durbl,absolute,106,5-2-3-4-1,true,4,4096,8,3050601,0.008316101886541537,9.015730469434009e-7,0.010212588578574405,0.743798875
Durbl,absolute,107,5-2-4-1-3,true,4,4096,8,3050701,0.008815124905600177,7.862799441149609e-7,0.006877865777407253,0.738535125
Durbl,absolute,108,5-2-4-3-1,true,4,4096,8,3050801,0.008659579335499247,5.985813428699325e-7,0.008962067528136724,0.751383833
Durbl,absolute,109,5-3-1-2-4,false,3,4096,8,3050901,0.008624641209246714,6.993843411109056e-7,0.008962067528136724,0.687403666
Durbl,absolute,110,5-3-1-4-2,false,3,4096,8,3051001,0.00835656503158276,4.4810182141041487e-7,0.010212588578574405,0.451221708
Durbl,absolute,111,5-3-2-1-4,false,3,4096,8,3051101,0.008294619173688216,7.651003582781189e-7,0.00854522717799083,0.480255041
Durbl,absolute,112,5-3-2-4-1,false,3,4096,8,3051201,0.008400900001983121,8.917069619123052e-8,0.008962067528136724,0.479097041
Durbl,absolute,113,5-3-4-1-2,false,3,4096,8,3051301,0.007996806861407734,1.515806337606262e-7,0.008336807002917883,0.453165041
Durbl,absolute,114,5-3-4-2-1,false,3,4096,8,3051401,0.008193400811911857,3.653213824932515e-7,0.0106294289287203,0.47791325
Durbl,absolute,115,5-4-1-2-3,false,3,4096,8,3051501,0.008243686326226811,6.139844770685867e-7,0.005627344726969571,0.479660542
Durbl,absolute,116,5-4-1-3-2,false,3,4096,8,3051601,0.00816695164713047,2.682061871945154e-7,0.008336807002917883,0.454981834
Durbl,absolute,117,5-4-2-1-3,false,3,4096,8,3051701,0.008636976122859486,2.5510293209350793e-7,0.008336807002917883,0.480299584
Durbl,absolute,118,5-4-2-3-1,false,3,4096,8,3051801,0.00857454487174553,3.729354184056921e-7,0.008962067528136724,0.490205167
Durbl,absolute,119,5-4-3-1-2,false,3,4096,8,3051901,0.007969359407506357,7.701605038501682e-8,0.008336807002917883,0.662939958
Durbl,absolute,120,5-4-3-2-1,false,3,4096,8,3052001,0.007963619892026931,6.322293772034371e-7,0.005627344726969571,0.48409675
Manuf,returns,1,1-2-3-4-5,true,4,4096,8,3940101,0.010526744067688236,1.2827771183055007e-6,0.005723630417007359,0.850178416
Manuf,returns,2,1-2-3-5-4,false,3,4096,8,3940201,0.008978035613499816,5.248763019072161e-7,0.006132461161079314,0.354996
Manuf,returns,3,1-2-4-3-5,true,4,4096,8,3940301,0.010187126828409176,9.577708947814519e-7,0.00776778413736713,0.442817834
Manuf,returns,4,1-2-4-5-3,false,3,4096,8,3940401,0.009822178749403701,3.494290506366172e-7,0.007358953393295176,0.3589295
Manuf,returns,5,1-2-5-3-4,true,4,4096,8,3940501,0.00857414769674589,8.072965675261126e-7,0.005928045789043336,0.393314709
Manuf,returns,6,1-2-5-4-3,true,4,4096,8,3940601,0.00958705446552587,8.305936239732549e-7,0.006336876533115291,0.557647917
Manuf,returns,7,1-3-2-4-5,false,3,4096,8,3940701,0.009562021250030979,7.293155353637632e-7,0.010220768601798855,0.376399375
Manuf,returns,8,1-3-2-5-4,false,3,4096,8,3940801,0.007718196867348772,5.528726805243699e-7,0.008176614881439084,0.352611833
Manuf,returns,9,1-3-4-2-5,true,4,4096,8,3940901,0.009271546296332605,4.110622700640461e-6,0.00776778413736713,0.439128625
Manuf,returns,10,1-3-4-5-2,true,4,4096,8,3941001,0.007735554321938186,5.634850884839941e-6,0.011242845461978741,0.450463209
Manuf,returns,11,1-3-5-2-4,false,3,4096,8,3941101,0.006346076926865127,4.390808140705453e-7,0.011242845461978741,0.373509959
Manuf,returns,12,1-3-5-4-2,false,3,4096,8,3941201,0.006530783747601945,2.137100178289592e-6,0.006745707277187245,0.407459625
Manuf,returns,13,1-4-2-3-5,false,3,4096,8,3941301,0.009570717612747548,6.484332234139732e-7,0.008789860997547016,0.388071125
Manuf,returns,14,1-4-2-5-3,false,3,4096,8,3941401,0.009429952855443215,1.3651847171947596e-6,0.008381030253475062,0.373934625
Manuf,returns,15,1-4-3-2-5,true,4,4096,8,3941501,0.009514471676224816,3.2464664738931115e-6,0.00776778413736713,0.65142525
Manuf,returns,16,1-4-3-5-2,true,4,4096,8,3941601,0.008473223798488291,1.0250297248310823e-5,0.007972199509403107,0.446153167
Manuf,returns,17,1-4-5-2-3,false,3,4096,8,3941701,0.009329170167978424,1.1292534271406817e-6,0.007563368765331153,0.36138575
Manuf,returns,18,1-4-5-3-2,false,3,4096,8,3941801,0.008486329164138114,3.4870487181966393e-6,0.007358953393295176,0.401283042
Manuf,returns,19,1-5-2-3-4,true,4,4096,8,3941901,0.00723498265857443,3.3928921272393303e-7,0.008994276369582993,0.397955917
Manuf,returns,20,1-5-2-4-3,true,4,4096,8,3942001,0.008579006166302508,3.02525296231447e-7,0.005110384300899428,0.403804667
Manuf,returns,21,1-5-3-2-4,false,3,4096,8,3942101,0.006238137329641879,4.401966556668525e-7,0.007563368765331153,0.380682
Manuf,returns,22,1-5-3-4-2,true,4,4096,8,3942201,0.006480963632445032,4.880373999874484e-6,0.007154538021259199,0.453481625
Manuf,returns,23,1-5-4-2-3,false,3,4096,8,3942301,0.008754516985446726,1.4850456091136823e-6,0.008789860997547016,0.393367875
Manuf,returns,24,1-5-4-3-2,true,4,4096,8,3942401,0.007659898866518224,6.282363594889242e-6,0.008994276369582993,0.637723666
Manuf,returns,25,2-1-3-4-5,true,4,4096,8,3942501,0.00891618780542561,8.886939745728887e-6,0.009607522485690924,0.43602775
Manuf,returns,26,2-1-3-5-4,false,3,4096,8,3942601,0.009441351668055072,3.825001405995774e-6,0.006541291905151268,0.344214625
Manuf,returns,27,2-1-4-3-5,true,4,4096,8,3942701,0.007851201819188377,9.766902585121077e-6,0.010425183973834832,0.435731167
Manuf,returns,28,2-1-4-5-3,false,3,4096,8,3942801,0.007831029007964918,2.2790407407268543e-6,0.00776778413736713,0.346806042
Manuf,returns,29,2-1-5-3-4,true,4,4096,8,3942901,0.009119316507410345,6.895054181856028e-6,0.009607522485690924,0.387459458
Manuf,returns,30,2-1-5-4-3,true,4,4096,8,3943001,0.008542254567498618,3.800600582973206e-6,0.00919869174161897,0.381477416
Manuf,returns,31,2-3-1-4-5,false,3,4096,8,3943101,0.008612913265290869,1.0752398053442e-6,0.006336876533115291,0.57978875
Manuf,returns,32,2-3-1-5-4,false,3,4096,8,3943201,0.0095024332081816,1.1479123260978618e-6,0.006745707277187245,0.347385625
Manuf,returns,33,2-3-4-1-5,true,4,4096,8,3943301,0.0073840374082073295,1.0945949449024142e-6,0.006541291905151268,0.438469416
Manuf,returns,34,2-3-4-5-1,true,4,4096,8,3943401,0.007508723963252125,8.14046938656132e-6,0.006950122649223222,0.447295792
Manuf,returns,35,2-3-5-1-4,false,3,4096,8,3943501,0.009750255636885889,2.513649168055836e-6,0.00776778413736713,0.365277625
Manuf,returns,36,2-3-5-4-1,false,3,4096,8,3943601,0.008834969606952008,3.031079885325124e-6,0.007972199509403107,0.401889125
Manuf,returns,37,2-4-1-3-5,false,3,4096,8,3943701,0.006151011499144154,9.729487879331138e-7,0.010016353229762878,0.389401167
Manuf,returns,38,2-4-1-5-3,false,3,4096,8,3943801,0.006335746894041629,1.1565511088677666e-6,0.00919869174161897,0.363912125
Manuf,returns,39,2-4-3-1-5,true,4,4096,8,3943901,0.006009129342775586,9.927216321868247e-7,0.006132461161079314,0.438983833
Manuf,returns,40,2-4-3-5-1,true,4,4096,8,3944001,0.006176632161495151,3.91023618996907e-6,0.008176614881439084,0.660677958
Manuf,returns,41,2-4-5-1-3,false,3,4096,8,3944101,0.006390764156339365,2.7320019542679926e-7,0.008994276369582993,0.373035208
Manuf,returns,42,2-4-5-3-1,false,3,4096,8,3944201,0.006360614314935592,1.0893767078235604e-6,0.007563368765331153,0.377465083
Manuf,returns,43,2-5-1-3-4,true,4,4096,8,3944301,0.008940731668997011,1.7470546629524325e-6,0.01062959934587081,0.408847334
Manuf,returns,44,2-5-1-4-3,true,4,4096,8,3944401,0.00830216458067792,2.5266892088603412e-6,0.008789860997547016,0.399372083
Manuf,returns,45,2-5-3-1-4,false,3,4096,8,3944501,0.009503159796284428,1.342148691947784e-6,0.00919869174161897,0.361538
Manuf,returns,46,2-5-3-4-1,true,4,4096,8,3944601,0.008833228044965958,4.959440266783466e-6,0.007563368765331153,0.456139333
Manuf,returns,47,2-5-4-1-3,false,3,4096,8,3944701,0.00762085722244706,9.858842141526456e-7,0.008994276369582993,0.587887166
Manuf,returns,48,2-5-4-3-1,true,4,4096,8,3944801,0.007666892513744756,4.200374395379552e-6,0.008585445625511038,0.444199
Manuf,returns,49,3-1-2-4-5,false,3,4096,8,3944901,0.009148144951047656,6.902585252356287e-7,0.008585445625511038,0.323027708
Manuf,returns,50,3-1-2-5-4,false,3,4096,8,3945001,0.00772915369847755,2.033313394160288e-7,0.012469337694194603,0.295691834
Manuf,returns,51,3-1-4-2-5,false,3,4096,8,3945101,0.008883078453269026,4.805758942919429e-7,0.007358953393295176,0.324133917
Manuf,returns,52,3-1-4-5-2,false,3,4096,8,3945201,0.0077039224257629225,8.417833874121907e-7,0.006336876533115291,0.337906625
Manuf,returns,53,3-1-5-2-4,false,3,4096,8,3945301,0.006456447488342853,9.561822362437502e-8,0.010016353229762878,0.31770375
Manuf,returns,54,3-1-5-4-2,false,3,4096,8,3945401,0.006623063296667007,4.817145846676137e-7,0.006541291905151268,0.33992025
Manuf,returns,55,3-2-1-4-5,false,3,4096,8,3945501,0.00970212091880631,1.4762968026775637e-6,0.008994276369582993,0.325726167
Manuf,returns,56,3-2-1-5-4,false,3,4096,8,3945601,0.009051196181944473,4.5484309534879135e-7,0.008176614881439084,0.304392417
Manuf,returns,57,3-2-4-1-5,false,3,4096,8,3945701,0.008959098099882892,3.5985651770666695e-7,0.00776778413736713,0.529387375
Manuf,returns,58,3-2-4-5-1,false,3,4096,8,3945801,0.008701887934435243,8.078682476931225e-7,0.011038430089942763,0.338929208
Manuf,returns,59,3-2-5-1-4,false,3,4096,8,3945901,0.009236708058473818,5.4566193393088435e-8,0.00919869174161897,0.298291584
Manuf,returns,60,3-2-5-4-1,false,3,4096,8,3946001,0.009459009630082987,8.417544919385327e-7,0.008176614881439084,0.333259542
Manuf,returns,61,3-4-1-2-5,true,4,4096,8,3946101,0.009185219110929827,5.314016919041715e-7,0.006950122649223222,0.421168042
Manuf,returns,62,3-4-1-5-2,true,4,4096,8,3946201,0.008606761151196627,1.0337024339514768e-6,0.005723630417007359,0.42943325
Manuf,returns,63,3-4-2-1-5,true,4,4096,8,3946301,0.008854082924528854,4.0741012954730516e-7,0.007358953393295176,0.414133958
Manuf,returns,64,3-4-2-5-1,true,4,4096,8,3946401,0.008660042357484915,4.613012842096444e-7,0.006950122649223222,0.429587458
Manuf,returns,65,3-4-5-1-2,true,4,4096,8,3946501,0.00878631312447755,6.743520305618729e-6,0.007563368765331153,0.622796916
Manuf,returns,66,3-4-5-2-1,true,4,4096,8,3946601,0.00908721894327283,9.099768482528218e-7,0.009607522485690924,0.418188625
Manuf,returns,67,3-5-1-2-4,false,3,4096,8,3946701,0.006576241869463817,2.8312051610410514e-7,0.007972199509403107,0.300616083
Manuf,returns,68,3-5-1-4-2,false,3,4096,8,3946801,0.0067699539092923216,7.547686560782396e-7,0.00919869174161897,0.322994542
Manuf,returns,69,3-5-2-1-4,false,3,4096,8,3946901,0.008010531277294106,2.3833613491989883e-7,0.009607522485690924,0.301948125
Manuf,returns,70,3-5-2-4-1,false,3,4096,8,3947001,0.008967455461895717,3.16502988191876e-7,0.007358953393295176,0.330505167
Manuf,returns,71,3-5-4-1-2,false,3,4096,8,3947101,0.007973815220929121,1.083329412940836e-6,0.008789860997547016,0.331363667
Manuf,returns,72,3-5-4-2-1,false,3,4096,8,3947201,0.008695147128003662,2.2010169007286589e-7,0.008994276369582993,0.333805166
Manuf,returns,73,4-1-2-3-5,false,3,4096,8,3947301,0.007729598069711009,2.360350761723096e-7,0.010016353229762878,0.327902416
Manuf,returns,74,4-1-2-5-3,false,3,4096,8,3947401,0.007960787073538297,2.2478280276712908e-7,0.006745707277187245,0.340932375
Manuf,returns,75,4-1-3-2-5,false,3,4096,8,3947501,0.008302467890037525,1.810355639162329e-7,0.008381030253475062,0.503246458
Manuf,returns,76,4-1-3-5-2,false,3,4096,8,3947601,0.008643968437790257,1.2008084878489443e-6,0.006745707277187245,0.343347584
Manuf,returns,77,4-1-5-2-3,false,3,4096,8,3947701,0.00872089381516693,1.856837750208482e-7,0.007358953393295176,0.302699791
Manuf,returns,78,4-1-5-3-2,false,3,4096,8,3947801,0.00883704005983344,5.300387773287936e-7,0.008381030253475062,0.339175083
Manuf,returns,79,4-2-1-3-5,false,3,4096,8,3947901,0.006424882390716877,5.685581580322033e-7,0.009607522485690924,0.327260458
Manuf,returns,80,4-2-1-5-3,false,3,4096,8,3948001,0.0066906876455977895,8.836030923785411e-7,0.006541291905151268,0.298667667
Manuf,returns,81,4-2-3-1-5,false,3,4096,8,3948101,0.006297213939823791,1.1439952631927429e-7,0.007972199509403107,0.328086458
Manuf,returns,82,4-2-3-5-1,false,3,4096,8,3948201,0.006530166224743449,1.8526276644361946e-7,0.009811937857726901,0.344349167
Manuf,returns,83,4-2-5-1-3,false,3,4096,8,3948301,0.0068331127970383656,1.0613386565917171e-7,0.005723630417007359,0.490518458
Manuf,returns,84,4-2-5-3-1,false,3,4096,8,3948401,0.006801234094463513,5.144625660464701e-7,0.008789860997547016,0.330616
Manuf,returns,85,4-3-1-2-5,true,4,4096,8,3948501,0.008413550624988685,6.518554902322662e-7,0.010425183973834832,0.425839708
Manuf,returns,86,4-3-1-5-2,true,4,4096,8,3948601,0.008923586862592415,1.1338685420510855e-6,0.010220768601798855,0.43036425
Manuf,returns,87,4-3-2-1-5,true,4,4096,8,3948701,0.00761518721328057,4.880042196905779e-7,0.009607522485690924,0.415491292
Manuf,returns,88,4-3-2-5-1,true,4,4096,8,3948801,0.007867656653849928,3.9662191915647397e-7,0.008585445625511038,0.42726925
Manuf,returns,89,4-3-5-1-2,true,4,4096,8,3948901,0.009310193166492555,7.797735554661849e-6,0.008381030253475062,0.412953667
Manuf,returns,90,4-3-5-2-1,true,4,4096,8,3949001,0.009010267377771386,1.3610039369045578e-6,0.010425183973834832,0.416197792
Manuf,returns,91,4-5-1-2-3,false,3,4096,8,3949101,0.009275617090256658,3.460854712976196e-7,0.009403107113654947,0.301138542
Manuf,returns,92,4-5-1-3-2,false,3,4096,8,3949201,0.009551899175986353,7.210477988818541e-7,0.00776778413736713,0.320025834
Manuf,returns,93,4-5-2-1-3,false,3,4096,8,3949301,0.008595646232928411,2.806167715790501e-7,0.007563368765331153,0.307559542
Manuf,returns,94,4-5-2-3-1,false,3,4096,8,3949401,0.008664645356461557,2.7499821388221784e-7,0.005723630417007359,0.328330667
Manuf,returns,95,4-5-3-1-2,false,3,4096,8,3949501,0.009772654917294378,1.3095693996719847e-6,0.007972199509403107,0.328659875
Manuf,returns,96,4-5-3-2-1,false,3,4096,8,3949601,0.00953010375713067,1.165969274827092e-7,0.010220768601798855,0.329468292
Manuf,returns,97,5-1-2-3-4,true,4,4096,8,3949701,0.007310515776045114,3.958601051898242e-7,0.007972199509403107,0.3854035
Manuf,returns,98,5-1-2-4-3,true,4,4096,8,3949801,0.008284251579588722,2.9860802097162484e-7,0.008176614881439084,0.388035916
Manuf,returns,99,5-1-3-2-4,false,3,4096,8,3949901,0.006411600180537591,1.335294845497864e-7,0.005723630417007359,0.35856925
Manuf,returns,100,5-1-3-4-2,true,4,4096,8,3950001,0.00670826803929004,1.0736292043652576e-6,0.007563368765331153,0.439187417
Manuf,returns,101,5-1-4-2-3,false,3,4096,8,3950101,0.008553988409194194,1.530594485449971e-7,0.008994276369582993,0.559686542
Manuf,returns,102,5-1-4-3-2,true,4,4096,8,3950201,0.007879511611405732,1.0822688740292228e-6,0.008994276369582993,0.439479375
Manuf,returns,103,5-2-1-3-4,true,4,4096,8,3950301,0.008445426229115881,6.409721030871436e-7,0.009811937857726901,0.390112959
Manuf,returns,104,5-2-1-4-3,true,4,4096,8,3950401,0.008881546852359123,1.3042379101247322e-6,0.010425183973834832,0.386658417
Manuf,returns,105,5-2-3-1-4,false,3,4096,8,3950501,0.00909842405512357,8.799266283297321e-8,0.006541291905151268,0.352878792
Manuf,returns,106,5-2-3-4-1,true,4,4096,8,3950601,0.009862990178556725,6.865122943932817e-7,0.011242845461978741,0.443771875
Manuf,returns,107,5-2-4-1-3,false,3,4096,8,3950701,0.00897337355796524,1.067009672986589e-7,0.008994276369582993,0.356124958
Manuf,returns,108,5-2-4-3-1,true,4,4096,8,3950801,0.009237210734641354,1.267400347917877e-6,0.010425183973834832,0.447899125
Manuf,returns,109,5-3-1-2-4,false,3,4096,8,3950901,0.00664438286082676,5.144050716185255e-7,0.006132461161079314,0.364327125
Manuf,returns,110,5-3-1-4-2,false,3,4096,8,3951001,0.006916234605032142,6.609558329005154e-7,0.006745707277187245,0.593467334
Manuf,returns,111,5-3-2-1-4,false,3,4096,8,3951101,0.008109249585409107,1.6464200726018591e-7,0.008994276369582993,0.362254042
Manuf,returns,112,5-3-2-4-1,false,3,4096,8,3951201,0.009328114563502962,2.2803575615526977e-7,0.009403107113654947,0.377949
Manuf,returns,113,5-3-4-1-2,true,4,4096,8,3951301,0.008277404493747,8.034927947396941e-6,0.008585445625511038,0.438210459
Manuf,returns,114,5-3-4-2-1,true,4,4096,8,3951401,0.009114700846110598,5.51131798603355e-7,0.008585445625511038,0.439232291
Manuf,returns,115,5-4-1-2-3,false,3,4096,8,3951501,0.009593492823133504,4.4069034940806146e-7,0.011447260834014717,0.359416875
Manuf,returns,116,5-4-1-3-2,false,3,4096,8,3951601,0.009357698322237509,1.0506423683925059e-6,0.012469337694194603,0.39278025
Manuf,returns,117,5-4-2-1-3,false,3,4096,8,3951701,0.009444865236361719,3.303238626670464e-7,0.008585445625511038,0.365968917
Manuf,returns,118,5-4-2-3-1,false,3,4096,8,3951801,0.00967380652003581,5.945372505622966e-7,0.006132461161079314,0.392333417
Manuf,returns,119,5-4-3-1-2,true,4,4096,8,3951901,0.009598755089628907,5.568656578455072e-6,0.007563368765331153,0.435322584
Manuf,returns,120,5-4-3-2-1,true,4,4096,8,3952001,0.010043555931109649,1.41667727536485e-6,0.008994276369582993,0.436223542
Manuf,absolute,1,1-2-3-4-5,false,3,4096,8,4040101,0.008453568446575811,1.5894218623510734e-7,0.011547344110854504,0.673634125
Manuf,absolute,2,1-2-3-5-4,false,3,4096,8,4040201,0.00852639161734422,9.897927151409314e-7,0.010077682133109386,0.667818542
Manuf,absolute,3,1-2-4-3-5,false,3,4096,8,4040301,0.008183901078273468,3.884545322984872e-7,0.009447826999790049,0.867703
Manuf,absolute,4,1-2-4-5-3,false,3,4096,8,4040401,0.008274327169949754,2.1365192807493943e-7,0.007348309888725593,0.636100208
Manuf,absolute,5,1-2-5-3-4,false,3,4096,8,4040501,0.008342169631728388,6.887025896036558e-7,0.00986773042200294,0.66413225
Manuf,absolute,6,1-2-5-4-3,false,3,4096,8,4040601,0.008356122549734255,6.30187484296369e-7,0.0077682133109384845,0.643290542
Manuf,absolute,7,1-3-2-4-5,true,4,4096,8,4040701,0.00837865721895937,1.2490650704629219e-6,0.007978165022044929,0.925887125
Manuf,absolute,8,1-3-2-5-4,true,4,4096,8,4040801,0.008570945494278013,2.4154969961773828e-6,0.007138358177619148,0.927044958
Manuf,absolute,9,1-3-4-2-5,true,4,4096,8,4040901,0.008422252333160445,5.282691197126544e-7,0.008188116733151375,0.934905917
Manuf,absolute,10,1-3-4-5-2,true,4,4096,8,4041001,0.008473015796668964,5.206094226993787e-7,0.0077682133109384845,0.919510875
Manuf,absolute,11,1-3-5-2-4,true,4,4096,8,4041101,0.008392934249674593,6.695807037599519e-7,0.00608859962208692,0.942535292
Manuf,absolute,12,1-3-5-4-2,true,4,4096,8,4041201,0.008272017127004256,4.6381491804742497e-7,0.01070753726642872,0.921096042
Manuf,absolute,13,1-4-2-3-5,false,3,4096,8,4041301,0.00838743695624079,1.0178874513761567e-6,0.01028763384421583,0.67231875
Manuf,absolute,14,1-4-2-5-3,false,3,4096,8,4041401,0.00819933422876505,1.1221745876140435e-7,0.0077682133109384845,0.649822458
Manuf,absolute,15,1-4-3-2-5,false,3,4096,8,4041501,0.008644178693157836,4.906118693096639e-7,0.006508503044299811,0.670580125
Manuf,absolute,16,1-4-3-5-2,false,3,4096,8,4041601,0.008320259877414624,3.7263862691175275e-7,0.006298551333193366,0.659533791
Manuf,absolute,17,1-4-5-2-3,false,3,4096,8,4041701,0.00818736806747937,7.087936596819345e-7,0.0077682133109384845,0.638922166
Manuf,absolute,18,1-4-5-3-2,false,3,4096,8,4041801,0.008224969648460676,8.897352524731154e-7,0.007978165022044929,0.656577958
Manuf,absolute,19,1-5-2-3-4,false,3,4096,8,4041901,0.008427347787940916,6.577632754488982e-7,0.010077682133109386,0.678958875
Manuf,absolute,20,1-5-2-4-3,false,3,4096,8,4042001,0.00805123379323622,1.3664529628169524e-7,0.0077682133109384845,0.654415584
Manuf,absolute,21,1-5-3-2-4,false,3,4096,8,4042101,0.008368651107583235,5.284089528413732e-7,0.008398068444257821,0.679628791
Manuf,absolute,22,1-5-3-4-2,false,3,4096,8,4042201,0.008103830643374289,1.9237585482681327e-7,0.007558261599832038,0.668451583
Manuf,absolute,23,1-5-4-2-3,false,3,4096,8,4042301,0.008118805046480496,1.3723112041943018e-7,0.008608020155364266,0.851156208
Manuf,absolute,24,1-5-4-3-2,false,3,4096,8,4042401,0.008323865368432347,5.265487276369543e-7,0.009237875288683603,0.649524958
Manuf,absolute,25,2-1-3-4-5,true,4,4096,8,4042501,0.008524168065509588,1.3885252286006732e-6,0.009237875288683603,0.9494335
Manuf,absolute,26,2-1-3-5-4,true,4,4096,8,4042601,0.008191884216249555,3.129061963470461e-6,0.006718454755406256,0.945128208
Manuf,absolute,27,2-1-4-3-5,false,3,4096,8,4042701,0.0083514393121973,4.1682179858063215e-7,0.0077682133109384845,0.710565459
Manuf,absolute,28,2-1-4-5-3,false,3,4096,8,4042801,0.008558412416462574,2.0760530626013616e-7,0.008398068444257821,0.686642916
Manuf,absolute,29,2-1-5-3-4,false,3,4096,8,4042901,0.00802297972349814,1.0223844870246835e-6,0.007348309888725593,0.719950666
Manuf,absolute,30,2-1-5-4-3,false,3,4096,8,4043001,0.008523116485628588,6.474433314022518e-7,0.006928406466512702,0.907090792
Manuf,absolute,31,2-3-1-4-5,true,4,4096,8,4043101,0.008586536094004414,1.5012585788126042e-6,0.009657778710896493,0.938307916
Manuf,absolute,32,2-3-1-5-4,true,4,4096,8,4043201,0.008105208464805306,2.6060040442117616e-6,0.008608020155364266,0.9503505
Manuf,absolute,33,2-3-4-1-5,false,3,4096,8,4043301,0.008262103981157653,4.515546909067773e-7,0.011337392399748058,0.70075375
Manuf,absolute,34,2-3-4-5-1,false,3,4096,8,4043401,0.008116613160757454,2.011335760796842e-7,0.008608020155364266,0.687721917
Manuf,absolute,35,2-3-5-1-4,false,3,4096,8,4043501,0.008174201045996088,9.071466044957443e-7,0.005248792777661138,0.718884791
Manuf,absolute,36,2-3-5-4-1,false,3,4096,8,4043601,0.00833271533297951,4.339599942655625e-7,0.008398068444257821,0.694475708
Manuf,absolute,37,2-4-1-3-5,true,4,4096,8,4043701,0.008407032290519407,1.1173347488093077e-6,0.0054587444887675834,1.077827625
Manuf,absolute,38,2-4-1-5-3,false,3,4096,8,4043801,0.008522693601454162,9.900580696324299e-8,0.01028763384421583,0.677153334
Manuf,absolute,39,2-4-3-1-5,true,4,4096,8,4043901,0.008202177882264487,7.609329563003988e-7,0.006718454755406256,0.950705708
Manuf,absolute,40,2-4-3-5-1,false,3,4096,8,4044001,0.008150144177676327,1.6294578170372488e-7,0.006928406466512702,0.675884333
Manuf,absolute,41,2-4-5-1-3,true,4,4096,8,4044101,0.008582383824635578,7.142681702670503e-7,0.007348309888725593,0.902822291
Manuf,absolute,42,2-4-5-3-1,true,4,4096,8,4044201,0.008409582570525194,5.655474532276929e-7,0.008817971866470712,1.115739584
Manuf,absolute,43,2-5-1-3-4,true,4,4096,8,4044301,0.008076399374377851,1.0843211815247545e-6,0.0077682133109384845,0.94704775
Manuf,absolute,44,2-5-1-4-3,false,3,4096,8,4044401,0.008539223846981393,1.429734677655263e-7,0.007348309888725593,0.685071375
Manuf,absolute,45,2-5-3-1-4,true,4,4096,8,4044501,0.008397818495720452,9.36973700523738e-7,0.008608020155364266,0.945856125
Manuf,absolute,46,2-5-3-4-1,false,3,4096,8,4044601,0.008443044699589302,1.8347792834970745e-7,0.009027923577577156,0.682623458
Manuf,absolute,47,2-5-4-1-3,true,4,4096,8,4044701,0.008721647010784997,2.9015733941588543e-7,0.006928406466512702,0.907694625
Manuf,absolute,48,2-5-4-3-1,true,4,4096,8,4044801,0.008382940274313203,3.046172815088674e-7,0.009447826999790049,0.89840075
Manuf,absolute,49,3-1-2-4-5,true,4,4096,8,4044901,0.00819564679327919,5.839355744207049e-7,0.008608020155364266,1.13190575
Manuf,absolute,50,3-1-2-5-4,true,4,4096,8,4045001,0.008200067282667948,3.960329214965304e-6,0.007348309888725593,0.925967833
Manuf,absolute,51,3-1-4-2-5,true,4,4096,8,4045101,0.008444399896172567,6.19410324163259e-7,0.008188116733151375,0.929644917
Manuf,absolute,52,3-1-4-5-2,true,4,4096,8,4045201,0.008803778838309491,6.146795638651401e-7,0.010917488977535167,0.918851083
Manuf,absolute,53,3-1-5-2-4,true,4,4096,8,4045301,0.008178338394444042,6.51774637781997e-7,0.008188116733151375,0.938917416
Manuf,absolute,54,3-1-5-4-2,true,4,4096,8,4045401,0.00848398562827992,7.607229486658564e-7,0.008398068444257821,0.922854917
Manuf,absolute,55,3-2-1-4-5,false,3,4096,8,4045501,0.008232622093636378,9.603584600504188e-8,0.007348309888725593,0.660915125
Manuf,absolute,56,3-2-1-5-4,false,3,4096,8,4045601,0.0079899235887041,1.3386242826658032e-6,0.009027923577577156,0.664571292
Manuf,absolute,57,3-2-4-1-5,false,3,4096,8,4045701,0.007941396960376133,3.0183074536351695e-7,0.0077682133109384845,0.665668375
Manuf,absolute,58,3-2-4-5-1,false,3,4096,8,4045801,0.007984692148411923,2.5405628575424574e-7,0.0077682133109384845,0.641676
Manuf,absolute,59,3-2-5-1-4,false,3,4096,8,4045901,0.008161234500568415,7.533145827369118e-7,0.006508503044299811,0.667428583
Manuf,absolute,60,3-2-5-4-1,false,3,4096,8,4046001,0.008296233543241471,3.593478857132901e-7,0.009237875288683603,0.643604208
Manuf,absolute,61,3-4-1-2-5,false,3,4096,8,4046101,0.008425543834435802,4.2645715104963254e-7,0.006928406466512702,0.669311833
Manuf,absolute,62,3-4-1-5-2,false,3,4096,8,4046201,0.008682736087250353,1.774044129181577e-7,0.011127440688641613,0.658265917
Manuf,absolute,63,3-4-2-1-5,false,3,4096,8,4046301,0.007837640089517527,2.2162147839495999e-7,0.009027923577577156,0.67155875
Manuf,absolute,64,3-4-2-5-1,false,3,4096,8,4046401,0.008060607053681558,1.5267339009405175e-7,0.007978165022044929,0.648905292
Manuf,absolute,65,3-4-5-1-2,false,3,4096,8,4046501,0.008350902867268617,6.988191980864887e-7,0.009657778710896493,0.657653958
Manuf,absolute,66,3-4-5-2-1,false,3,4096,8,4046601,0.008354377438501676,4.456513462707184e-7,0.009447826999790049,0.633440542
Manuf,absolute,67,3-5-1-2-4,false,3,4096,8,4046701,0.008114785708940035,3.650880798700964e-7,0.009447826999790049,0.6773675
Manuf,absolute,68,3-5-1-4-2,false,3,4096,8,4046801,0.008463601146883963,1.8882788783977024e-7,0.00608859962208692,0.860196
Manuf,absolute,69,3-5-2-1-4,false,3,4096,8,4046901,0.008438500171807242,8.499402001300065e-7,0.009237875288683603,0.672830041
Manuf,absolute,70,3-5-2-4-1,false,3,4096,8,4047001,0.008430225066006354,8.783196535640479e-8,0.006718454755406256,0.651778667
Manuf,absolute,71,3-5-4-1-2,false,3,4096,8,4047101,0.00850852108998076,2.6848593589319017e-7,0.007978165022044929,0.658646958
Manuf,absolute,72,3-5-4-2-1,false,3,4096,8,4047201,0.008246421671141832,1.3042041457076954e-7,0.007978165022044929,0.634094459
Manuf,absolute,73,4-1-2-3-5,false,3,4096,8,4047301,0.00864693541602412,2.443056167445651e-6,0.009237875288683603,0.713898125
Manuf,absolute,74,4-1-2-5-3,false,3,4096,8,4047401,0.008267270635269604,8.214003902683094e-7,0.009447826999790049,0.699638416
Manuf,absolute,75,4-1-3-2-5,true,4,4096,8,4047501,0.008932915100992311,4.359669303904291e-6,0.006928406466512702,1.167272166
Manuf,absolute,76,4-1-3-5-2,true,4,4096,8,4047601,0.00836981826813293,1.0322042217950776e-6,0.009027923577577156,0.936296458
Manuf,absolute,77,4-1-5-2-3,false,3,4096,8,4047701,0.008157206406825705,9.84024922537609e-7,0.009657778710896493,0.676573875
Manuf,absolute,78,4-1-5-3-2,false,3,4096,8,4047801,0.008171221433516843,1.4541870362674222e-6,0.00986773042200294,0.706644708
Manuf,absolute,79,4-2-1-3-5,true,4,4096,8,4047901,0.008411734371126384,5.600588971198768e-6,0.008398068444257821,0.949613333
Manuf,absolute,80,4-2-1-5-3,false,3,4096,8,4048001,0.008237450109764118,6.989038079871443e-7,0.008188116733151375,0.697300417
Manuf,absolute,81,4-2-3-1-5,true,4,4096,8,4048101,0.008214920911860794,4.32892708436768e-6,0.007978165022044929,0.947841333
Manuf,absolute,82,4-2-3-5-1,false,3,4096,8,4048201,0.008365481414162578,7.465800777486741e-7,0.007138358177619148,0.697218791
Manuf,absolute,83,4-2-5-1-3,true,4,4096,8,4048301,0.008257215178577491,3.793987539044585e-7,0.008608020155364266,1.112795583
Manuf,absolute,84,4-2-5-3-1,true,4,4096,8,4048401,0.008619693682877138,1.128969926747354e-6,0.008817971866470712,0.907906458
Manuf,absolute,85,4-3-1-2-5,true,4,4096,8,4048501,0.008586221188733874,7.16934947222864e-6,0.009657778710896493,0.948448042
Manuf,absolute,86,4-3-1-5-2,true,4,4096,8,4048601,0.008337654337902428,1.8707687623016483e-6,0.008188116733151375,0.92803425
Manuf,absolute,87,4-3-2-1-5,false,3,4096,8,4048701,0.008070812820972703,1.646509166399974e-6,0.008608020155364266,0.70741225
Manuf,absolute,88,4-3-2-5-1,false,3,4096,8,4048801,0.008334722573851571,7.738412762219906e-7,0.008817971866470712,0.699281708
Manuf,absolute,89,4-3-5-1-2,false,3,4096,8,4048901,0.007987844665671907,7.958751383836995e-7,0.009027923577577156,0.713445042
Manuf,absolute,90,4-3-5-2-1,false,3,4096,8,4049001,0.008469222213126688,5.369192191776082e-7,0.006508503044299811,0.684792166
Manuf,absolute,91,4-5-1-2-3,false,3,4096,8,4049101,0.008017163854900412,1.6376027993604656e-6,0.008398068444257821,0.682514291
Manuf,absolute,92,4-5-1-3-2,true,4,4096,8,4049201,0.008177365447706886,8.814086086026385e-6,0.007558261599832038,0.930554958
Manuf,absolute,93,4-5-2-1-3,true,4,4096,8,4049301,0.008060449191605791,3.151284380919374e-6,0.007978165022044929,0.8796535
Manuf,absolute,94,4-5-2-3-1,true,4,4096,8,4049401,0.008714438551912519,4.877356370428183e-6,0.01028763384421583,0.885391833
Manuf,absolute,95,4-5-3-1-2,true,4,4096,8,4049501,0.00795120650883066,6.8135571018208465e-6,0.007978165022044929,0.930001375
Manuf,absolute,96,4-5-3-2-1,false,3,4096,8,4049601,0.008526573153744445,1.0904668566965002e-6,0.008398068444257821,0.680308583
Manuf,absolute,97,5-1-2-3-4,false,3,4096,8,4049701,0.008307107430835436,1.878648391031344e-6,0.008608020155364266,0.727525583
Manuf,absolute,98,5-1-2-4-3,false,3,4096,8,4049801,0.007913730965245148,1.2041947071319097e-6,0.006298551333193366,0.703801792
Manuf,absolute,99,5-1-3-2-4,true,4,4096,8,4049901,0.008301973311898974,4.040349665604336e-6,0.007348309888725593,0.957834667
Manuf,absolute,100,5-1-3-4-2,true,4,4096,8,4050001,0.008213679059033864,8.845099989597338e-7,0.008398068444257821,0.939104125
Manuf,absolute,101,5-1-4-2-3,false,3,4096,8,4050101,0.0081433641002797,1.8568969992445878e-7,0.007558261599832038,0.85088325
Manuf,absolute,102,5-1-4-3-2,false,3,4096,8,4050201,0.008563071324694319,2.8130862906498005e-7,0.008188116733151375,0.708995291
Manuf,absolute,103,5-2-1-3-4,true,4,4096,8,4050301,0.008314206216366813,5.5218688899839335e-6,0.008398068444257821,0.949882458
Manuf,absolute,104,5-2-1-4-3,false,3,4096,8,4050401,0.00821053645850751,4.218657581744564e-7,0.008398068444257821,0.699276334
Manuf,absolute,105,5-2-3-1-4,true,4,4096,8,4050501,0.008873503684018088,5.209194193471632e-6,0.007978165022044929,0.951858
Manuf,absolute,106,5-2-3-4-1,false,3,4096,8,4050601,0.008704479622486081,2.7535121645516856e-7,0.01028763384421583,0.700249208
Manuf,absolute,107,5-2-4-1-3,true,4,4096,8,4050701,0.008344855650280715,2.9357125941899217e-7,0.009657778710896493,0.916743709
Manuf,absolute,108,5-2-4-3-1,true,4,4096,8,4050801,0.008392789092929643,3.307264423650926e-7,0.008398068444257821,0.915171416
Manuf,absolute,109,5-3-1-2-4,true,4,4096,8,4050901,0.00826940376136431,4.057719461365306e-6,0.009657778710896493,0.956091542
Manuf,absolute,110,5-3-1-4-2,true,4,4096,8,4051001,0.008363920271887666,9.07742116353323e-7,0.010497585555322276,0.940933667
Manuf,absolute,111,5-3-2-1-4,false,3,4096,8,4051101,0.008781912657601566,1.6882544541245826e-6,0.009237875288683603,0.725361792
Manuf,absolute,112,5-3-2-4-1,false,3,4096,8,4051201,0.00858174358138944,5.094675987579214e-7,0.007978165022044929,0.700432709
Manuf,absolute,113,5-3-4-1-2,false,3,4096,8,4051301,0.008372233199886914,3.1647346241050106e-7,0.007978165022044929,0.712160042
Manuf,absolute,114,5-3-4-2-1,false,3,4096,8,4051401,0.00818119379937403,1.2213350025474835e-7,0.0077682133109384845,0.684577917
Manuf,absolute,115,5-4-1-2-3,false,3,4096,8,4051501,0.00821012993753247,9.292743577667306e-8,0.009027923577577156,0.687073083
Manuf,absolute,116,5-4-1-3-2,true,4,4096,8,4051601,0.008596088998785731,1.2979941019025593e-6,0.007348309888725593,0.940259542
Manuf,absolute,117,5-4-2-1-3,true,4,4096,8,4051701,0.00806954245938314,1.0372847683669821e-6,0.008608020155364266,0.892908792
Manuf,absolute,118,5-4-2-3-1,true,4,4096,8,4051801,0.00847057215784156,4.5186543976681216e-7,0.008188116733151375,0.891167333
Manuf,absolute,119,5-4-3-1-2,true,4,4096,8,4051901,0.008225012316926707,1.2321573301429479e-6,0.006718454755406256,0.968929125
Manuf,absolute,120,5-4-3-2-1,false,3,4096,8,4052001,0.008336929122766167,1.555439642155072e-7,0.006718454755406256,0.851066709
Enrgy,returns,1,1-2-3-4-5,true,4,4096,8,4940101,0.009182154362328542,1.06827273326051e-6,0.004866180048661801,0.80507175
Enrgy,returns,2,1-2-3-5-4,false,3,4096,8,4940201,0.010745879508305283,5.095064114423855e-7,0.0072992700729927005,0.353492167
Enrgy,returns,3,1-2-4-3-5,true,4,4096,8,4940301,0.008075161310468763,7.437115567252978e-7,0.006488240064882401,0.448957333
Enrgy,returns,4,1-2-4-5-3,false,3,4096,8,4940401,0.008343621957383744,2.480145652181313e-7,0.00851581508515815,0.573950292
Enrgy,returns,5,1-2-5-3-4,true,4,4096,8,4940501,0.010803747813738399,1.0784875063568833e-6,0.009935117599351177,0.385016917
Enrgy,returns,6,1-2-5-4-3,true,4,4096,8,4940601,0.009583941081637667,7.645044160370072e-7,0.009732360097323601,0.392527542
Enrgy,returns,7,1-3-2-4-5,false,3,4096,8,4940701,0.008094996986011764,3.22100358629116e-7,0.008921330089213302,0.368813083
Enrgy,returns,8,1-3-2-5-4,false,3,4096,8,4940801,0.009114162933617002,2.0635281606133889e-7,0.005474452554744526,0.356073417
Enrgy,returns,9,1-3-4-2-5,true,4,4096,8,4940901,0.007017340665457815,6.011012348792172e-7,0.009124087591240875,0.439570917
Enrgy,returns,10,1-3-4-5-2,true,4,4096,8,4941001,0.006807730255850667,3.489649871352307e-6,0.006488240064882401,0.450274917
Enrgy,returns,11,1-3-5-2-4,false,3,4096,8,4941101,0.008155869564425402,2.420584435331605e-6,0.008921330089213302,0.374298041
Enrgy,returns,12,1-3-5-4-2,false,3,4096,8,4941201,0.007065343724550236,1.1084301461111923e-6,0.007907542579075427,0.408087541
Enrgy,returns,13,1-4-2-3-5,false,3,4096,8,4941301,0.0069387792151916535,2.7557977638251443e-7,0.008110300081103,0.388184833
Enrgy,returns,14,1-4-2-5-3,false,3,4096,8,4941401,0.0073348687508468695,3.3604771764797843e-7,0.0062854825628548255,0.36480625
Enrgy,returns,15,1-4-3-2-5,true,4,4096,8,4941501,0.006811160901471482,5.830647585272222e-7,0.009732360097323601,0.440086791
Enrgy,returns,16,1-4-3-5-2,true,4,4096,8,4941601,0.007010274890872102,9.915105598906314e-6,0.008110300081103,0.4478155
Enrgy,returns,17,1-4-5-2-3,false,3,4096,8,4941701,0.007967488655538256,7.98441929038186e-7,0.009124087591240875,0.369445708
Enrgy,returns,18,1-4-5-3-2,false,3,4096,8,4941801,0.007770148530953909,2.232600600026613e-6,0.007502027575020276,0.399325458
Enrgy,returns,19,1-5-2-3-4,true,4,4096,8,4941901,0.009972909414492288,1.0417919805182385e-6,0.00851581508515815,0.399461041
Enrgy,returns,20,1-5-2-4-3,true,4,4096,8,4942001,0.009495223683282705,1.0828652172907495e-6,0.004257907542579075,0.398927792
Enrgy,returns,21,1-5-3-2-4,false,3,4096,8,4942101,0.008845009937323123,1.7534479130498043e-6,0.010746147607461476,0.566844917
Enrgy,returns,22,1-5-3-4-2,true,4,4096,8,4942201,0.007900170086813842,6.1137277587092145e-6,0.010340632603406326,0.460122167
Enrgy,returns,23,1-5-4-2-3,false,3,4096,8,4942301,0.009007263522027983,6.316040461403901e-7,0.008110300081103,0.36071225
Enrgy,returns,24,1-5-4-3-2,true,4,4096,8,4942401,0.008461513184834854,9.039797230576125e-6,0.00851581508515815,0.441725167
Enrgy,returns,25,2-1-3-4-5,true,4,4096,8,4942501,0.009536869905105317,2.4398377524910687e-6,0.008110300081103,0.433861916
Enrgy,returns,26,2-1-3-5-4,false,3,4096,8,4942601,0.01017173670097067,1.7179072530699527e-6,0.007502027575020276,0.349472542
Enrgy,returns,27,2-1-4-3-5,true,4,4096,8,4942701,0.008295796968229088,5.992960300126809e-6,0.008110300081103,0.438477042
Enrgy,returns,28,2-1-4-5-3,false,3,4096,8,4942801,0.008152825746058863,1.8968411254703028e-6,0.008718572587185726,0.355111416
Enrgy,returns,29,2-1-5-3-4,true,4,4096,8,4942901,0.009689684642391191,4.365628862647822e-6,0.010543390105433901,0.417121292
Enrgy,returns,30,2-1-5-4-3,true,4,4096,8,4943001,0.009005716554549476,7.094188795183718e-6,0.007502027575020276,0.566184583
Enrgy,returns,31,2-3-1-4-5,false,3,4096,8,4943101,0.009832470770120262,1.7205267608456986e-6,0.010543390105433901,0.372596792
Enrgy,returns,32,2-3-1-5-4,false,3,4096,8,4943201,0.009706563314401461,1.3424726185665791e-6,0.0072992700729927005,0.344987666
Enrgy,returns,33,2-3-4-1-5,true,4,4096,8,4943301,0.009896360074841478,2.1352272928701013e-6,0.006893755068937551,0.438996875
Enrgy,returns,34,2-3-4-5-1,true,4,4096,8,4943401,0.009330349242724243,9.464928439879422e-6,0.006690997566909975,0.448554583
Enrgy,returns,35,2-3-5-1-4,false,3,4096,8,4943501,0.008459805113302021,1.469494190537098e-6,0.006488240064882401,0.374045583
Enrgy,returns,36,2-3-5-4-1,false,3,4096,8,4943601,0.008150735867085859,1.712692718998706e-6,0.007502027575020276,0.402036041
Enrgy,returns,37,2-4-1-3-5,false,3,4096,8,4943701,0.007405396165931997,8.334725288695276e-7,0.008313057583130576,0.389521792
Enrgy,returns,38,2-4-1-5-3,false,3,4096,8,4943801,0.007147183304044326,1.167637330399821e-6,0.008110300081103,0.36093825
Enrgy,returns,39,2-4-3-1-5,true,4,4096,8,4943901,0.008393555009436443,8.753301749788377e-7,0.00932684509326845,0.435331583
Enrgy,returns,40,2-4-3-5-1,true,4,4096,8,4944001,0.008094217759043742,6.248452593597071e-6,0.01013787510137875,0.448505667
Enrgy,returns,41,2-4-5-1-3,false,3,4096,8,4944101,0.007046341219230741,1.2814453301773086e-6,0.008110300081103,0.37206775
Enrgy,returns,42,2-4-5-3-1,false,3,4096,8,4944201,0.007015281699439874,2.037962675290621e-6,0.0072992700729927005,0.399353
Enrgy,returns,43,2-5-1-3-4,true,4,4096,8,4944301,0.00808352826103691,1.9616804797271666e-6,0.00851581508515815,0.395503334
Enrgy,returns,44,2-5-1-4-3,true,4,4096,8,4944401,0.008005809153973071,1.139690754646997e-6,0.008313057583130576,0.395138625
Enrgy,returns,45,2-5-3-1-4,false,3,4096,8,4944501,0.0073509102904663155,8.550783039197763e-7,0.00851581508515815,0.566215541
Enrgy,returns,46,2-5-3-4-1,true,4,4096,8,4944601,0.0068935525673206694,3.55494471882206e-6,0.006082725060827251,0.453877291
Enrgy,returns,47,2-5-4-1-3,false,3,4096,8,4944701,0.007248032772978117,7.877011809790834e-7,0.008718572587185726,0.362213792
Enrgy,returns,48,2-5-4-3-1,true,4,4096,8,4944801,0.0068082217378008635,5.446826437537924e-6,0.008718572587185726,0.451466625
Enrgy,returns,49,3-1-2-4-5,false,3,4096,8,4944901,0.008080518673500866,3.861491652917871e-7,0.0072992700729927005,0.322057333
Enrgy,returns,50,3-1-2-5-4,false,3,4096,8,4945001,0.008093735064304676,2.6178836042291317e-7,0.00932684509326845,0.297104833
Enrgy,returns,51,3-1-4-2-5,false,3,4096,8,4945101,0.007275631693401605,8.918672870829302e-8,0.007907542579075427,0.327845042
Enrgy,returns,52,3-1-4-5-2,false,3,4096,8,4945201,0.00683870110996329,9.723120909217385e-7,0.005879967558799676,0.34019625
Enrgy,returns,53,3-1-5-2-4,false,3,4096,8,4945301,0.007090582066750772,9.854326137510901e-8,0.007704785077047851,0.354862834
Enrgy,returns,54,3-1-5-4-2,false,3,4096,8,4945401,0.006689667800394276,5.763020691937167e-7,0.007704785077047851,0.509914917
Enrgy,returns,55,3-2-1-4-5,false,3,4096,8,4945501,0.00948984021698979,4.4654628756766344e-7,0.011557177615571776,0.329303541
Enrgy,returns,56,3-2-1-5-4,false,3,4096,8,4945601,0.00909222266979717,5.172679619981893e-7,0.006488240064882401,0.281355459
Enrgy,returns,57,3-2-4-1-5,false,3,4096,8,4945701,0.010303496883710524,1.1281789222601477e-7,0.009935117599351177,0.318599667
Enrgy,returns,58,3-2-4-5-1,false,3,4096,8,4945801,0.010410677996147996,1.820719754968943e-6,0.004866180048661801,0.331978709
Enrgy,returns,59,3-2-5-1-4,false,3,4096,8,4945901,0.008227165981419659,1.3824003638804964e-7,0.009732360097323601,0.310082666
Enrgy,returns,60,3-2-5-4-1,false,3,4096,8,4946001,0.008728894626039808,7.709091283189786e-7,0.009935117599351177,0.340105417
Enrgy,returns,61,3-4-1-2-5,true,4,4096,8,4946101,0.008284165179711757,6.028723156282371e-7,0.008921330089213302,0.421596417
Enrgy,returns,62,3-4-1-5-2,true,4,4096,8,4946201,0.007991631219985062,1.4806838395490273e-6,0.00932684509326845,0.644249125
Enrgy,returns,63,3-4-2-1-5,true,4,4096,8,4946301,0.00992259576613666,4.7383497216708263e-7,0.008718572587185726,0.415635792
Enrgy,returns,64,3-4-2-5-1,true,4,4096,8,4946401,0.010549482235325924,1.2876713423747121e-6,0.008313057583130576,0.421571958
Enrgy,returns,65,3-4-5-1-2,true,4,4096,8,4946501,0.008782192122393466,8.217391416929648e-6,0.007502027575020276,0.407839166
Enrgy,returns,66,3-4-5-2-1,true,4,4096,8,4946601,0.009646221438083247,1.0568756103644825e-6,0.0056772100567721,0.413630125
Enrgy,returns,67,3-5-1-2-4,false,3,4096,8,4946701,0.006753688178379057,3.9560783819112904e-7,0.008921330089213302,0.295306166
Enrgy,returns,68,3-5-1-4-2,false,3,4096,8,4946801,0.006823839915589049,8.711514438974062e-7,0.008718572587185726,0.326668291
Enrgy,returns,69,3-5-2-1-4,false,3,4096,8,4946901,0.00697004066960944,3.442810516095094e-7,0.007096512570965126,0.306410125
Enrgy,returns,70,3-5-2-4-1,false,3,4096,8,4947001,0.007525928365796001,2.548858612337926e-7,0.009529602595296026,0.330986125
Enrgy,returns,71,3-5-4-1-2,false,3,4096,8,4947101,0.007691383980270849,1.4238755508431617e-6,0.008313057583130576,0.535411666
Enrgy,returns,72,3-5-4-2-1,false,3,4096,8,4947201,0.008177002269510165,1.869452472318681e-7,0.011759935117599351,0.325148416
Enrgy,returns,73,4-1-2-3-5,false,3,4096,8,4947301,0.006750281609821926,3.1212216641566166e-7,0.008313057583130576,0.325382875
Enrgy,returns,74,4-1-2-5-3,false,3,4096,8,4947401,0.006988770772877577,2.0400044311435087e-7,0.008110300081103,0.299440042
Enrgy,returns,75,4-1-3-2-5,false,3,4096,8,4947501,0.007011129885929898,7.897393756536614e-8,0.004866180048661801,0.321874708
Enrgy,returns,76,4-1-3-5-2,false,3,4096,8,4947601,0.0078110054465426884,1.4880968919732674e-6,0.008921330089213302,0.341598666
Enrgy,returns,77,4-1-5-2-3,false,3,4096,8,4947701,0.00790342404269,1.078177633695374e-7,0.009732360097323601,0.317140292
Enrgy,returns,78,4-1-5-3-2,false,3,4096,8,4947801,0.008511066216878046,1.7882503502028085e-6,0.007502027575020276,0.3409825
Enrgy,returns,79,4-2-1-3-5,false,3,4096,8,4947901,0.006968844191707579,1.908325871466678e-7,0.00851581508515815,0.323228417
Enrgy,returns,80,4-2-1-5-3,false,3,4096,8,4948001,0.006916790767061504,5.037792044165629e-7,0.00851581508515815,0.303906834
Enrgy,returns,81,4-2-3-1-5,false,3,4096,8,4948101,0.008088613263842668,6.633983573850535e-8,0.009935117599351177,0.324757166
Enrgy,returns,82,4-2-3-5-1,false,3,4096,8,4948201,0.008261286673579896,5.010338343942848e-7,0.0072992700729927005,0.468881458
Enrgy,returns,83,4-2-5-1-3,false,3,4096,8,4948301,0.0071724186602538575,1.029883742443951e-7,0.006690997566909975,0.302027708
Enrgy,returns,84,4-2-5-3-1,false,3,4096,8,4948401,0.007345300075816735,6.175534538232482e-7,0.009124087591240875,0.336342375
Enrgy,returns,85,4-3-1-2-5,true,4,4096,8,4948501,0.008142152678160324,8.148161779827373e-7,0.00932684509326845,0.415615125
Enrgy,returns,86,4-3-1-5-2,true,4,4096,8,4948601,0.008847646211670685,1.6994297383276305e-6,0.011151662611516627,0.427206625
Enrgy,returns,87,4-3-2-1-5,true,4,4096,8,4948701,0.00918049866444469,3.8102326778930035e-7,0.0072992700729927005,0.411921
Enrgy,returns,88,4-3-2-5-1,true,4,4096,8,4948801,0.009647986722880905,4.65025238687861e-7,0.012368207623682076,0.42992275
Enrgy,returns,89,4-3-5-1-2,true,4,4096,8,4948901,0.009964099317382631,4.108064033048707e-6,0.008110300081103,0.623759167
Enrgy,returns,90,4-3-5-2-1,true,4,4096,8,4949001,0.00962507886058505,9.286438122735981e-7,0.0062854825628548255,0.417458583
Enrgy,returns,91,4-5-1-2-3,false,3,4096,8,4949101,0.009239277201811252,5.702412924433123e-7,0.006690997566909975,0.284513208
Enrgy,returns,92,4-5-1-3-2,false,3,4096,8,4949201,0.010163882954557581,1.54489378903632e-6,0.008110300081103,0.319847708
Enrgy,returns,93,4-5-2-1-3,false,3,4096,8,4949301,0.008400176938173149,2.2256235375006662e-7,0.00932684509326845,0.304754958
Enrgy,returns,94,4-5-2-3-1,false,3,4096,8,4949401,0.00827201890211309,1.5898073342288395e-7,0.008110300081103,0.323693417
Enrgy,returns,95,4-5-3-1-2,false,3,4096,8,4949501,0.010393140938142512,2.361935190867003e-6,0.011151662611516627,0.326171292
Enrgy,returns,96,4-5-3-2-1,false,3,4096,8,4949601,0.009325302618204091,1.5531140051967046e-7,0.008313057583130576,0.331034292
Enrgy,returns,97,5-1-2-3-4,true,4,4096,8,4949701,0.008675636118415838,4.2563264289161354e-7,0.006893755068937551,0.384833375
Enrgy,returns,98,5-1-2-4-3,true,4,4096,8,4949801,0.009555453316632032,6.585237310608999e-7,0.006690997566909975,0.386621083
Enrgy,returns,99,5-1-3-2-4,false,3,4096,8,4949901,0.007922498106803533,1.8412325245694018e-7,0.00851581508515815,0.356051833
Enrgy,returns,100,5-1-3-4-2,true,4,4096,8,4950001,0.008338499155471281,2.313701772286035e-6,0.006893755068937551,0.435793708
Enrgy,returns,101,5-1-4-2-3,false,3,4096,8,4950101,0.00987542110546331,3.8618009787507547e-7,0.012368207623682076,0.356856
Enrgy,returns,102,5-1-4-3-2,true,4,4096,8,4950201,0.009496271421887009,1.8181069565588294e-6,0.01013787510137875,0.439391292
Enrgy,returns,103,5-2-1-3-4,true,4,4096,8,4950301,0.007808202122250478,3.706232800446817e-7,0.00851581508515815,0.381269667
Enrgy,returns,104,5-2-1-4-3,true,4,4096,8,4950401,0.008565997432688256,1.146161560978394e-6,0.007096512570965126,0.382216709
Enrgy,returns,105,5-2-3-1-4,false,3,4096,8,4950501,0.0068714114436866916,6.218272419910089e-8,0.009935117599351177,0.55169925
Enrgy,returns,106,5-2-3-4-1,true,4,4096,8,4950601,0.006635354670327992,4.4966922575949984e-7,0.008110300081103,0.439487833
Enrgy,returns,107,5-2-4-1-3,false,3,4096,8,4950701,0.007992451339470198,2.7946782953871726e-7,0.009124087591240875,0.352823542
Enrgy,returns,108,5-2-4-3-1,true,4,4096,8,4950801,0.006982452908962453,5.335305517744951e-7,0.00851581508515815,0.446757208
Enrgy,returns,109,5-3-1-2-4,false,3,4096,8,4950901,0.006934934231387915,5.316426390811021e-7,0.008921330089213302,0.348602042
Enrgy,returns,110,5-3-1-4-2,false,3,4096,8,4951001,0.007531408292926715,9.944143922408043e-7,0.007907542579075427,0.390140459
Enrgy,returns,111,5-3-2-1-4,false,3,4096,8,4951101,0.006704279085482916,2.9806023023236406e-7,0.008313057583130576,0.36573475
Enrgy,returns,112,5-3-2-4-1,false,3,4096,8,4951201,0.00679780930257018,4.323882249412429e-7,0.007704785077047851,0.392815083
Enrgy,returns,113,5-3-4-1-2,true,4,4096,8,4951301,0.008271605492606344,7.071691926100485e-6,0.00932684509326845,0.44054525
Enrgy,returns,114,5-3-4-2-1,true,4,4096,8,4951401,0.007650941406372464,1.1417755970536448e-6,0.007907542579075427,0.438666
Enrgy,returns,115,5-4-1-2-3,false,3,4096,8,4951501,0.010294798101820513,2.5496444831483483e-6,0.00932684509326845,0.355917917
Enrgy,returns,116,5-4-1-3-2,false,3,4096,8,4951601,0.010478617011251922,1.7062024078238656e-6,0.005879967558799676,0.391671958
Enrgy,returns,117,5-4-2-1-3,false,3,4096,8,4951701,0.009142163856409851,3.0538642529291216e-7,0.0113544201135442,0.36130225
Enrgy,returns,118,5-4-2-3-1,false,3,4096,8,4951801,0.008118442245216202,5.097277747988253e-7,0.008313057583130576,0.388803167
Enrgy,returns,119,5-4-3-1-2,true,4,4096,8,4951901,0.010000298461763025,5.773873291879766e-6,0.009529602595296026,0.441603
Enrgy,returns,120,5-4-3-2-1,true,4,4096,8,4952001,0.008760750943583594,1.1741980796026678e-6,0.008718572587185726,0.436053958
Enrgy,absolute,1,1-2-3-4-5,false,3,4096,8,5040101,0.007814574626862568,2.1691077189671862e-7,0.00698582288884323,0.895179833
Enrgy,absolute,2,1-2-3-5-4,false,3,4096,8,5040201,0.00786386135792613,8.005195385403815e-7,0.006369426751592357,0.473865667
Enrgy,absolute,3,1-2-4-3-5,false,3,4096,8,5040301,0.008183317939198083,3.2606392458225367e-7,0.007396753647010479,0.660775208
Enrgy,absolute,4,1-2-4-5-3,false,3,4096,8,5040401,0.008253651039987611,1.814732820221988e-7,0.01027326895418122,0.436816583
Enrgy,absolute,5,1-2-5-3-4,false,3,4096,8,5040501,0.008019420064999706,7.635217254653792e-7,0.00698582288884323,0.479757416
Enrgy,absolute,6,1-2-5-4-3,false,3,4096,8,5040601,0.008039227405064287,1.7674750398076488e-7,0.006369426751592357,0.451144333
Enrgy,absolute,7,1-3-2-4-5,true,4,4096,8,5040701,0.007980421839116113,1.2357045224868946e-6,0.009656872816930347,0.726381208
Enrgy,absolute,8,1-3-2-5-4,true,4,4096,8,5040801,0.008230652000791238,1.0867387586110368e-6,0.008013149784261353,0.739964334
Enrgy,absolute,9,1-3-4-2-5,true,4,4096,8,5040901,0.008838857697660456,7.662785008248097e-7,0.010067803575097596,0.725616
Enrgy,absolute,10,1-3-4-5-2,true,4,4096,8,5041001,0.00917673856414263,6.736850126675176e-7,0.009451407437846723,0.743671584
Enrgy,absolute,11,1-3-5-2-4,true,4,4096,8,5041101,0.008679115632442702,1.6447586465606736e-6,0.006780357509759606,0.942448625
Enrgy,absolute,12,1-3-5-4-2,true,4,4096,8,5041201,0.008690713324218002,1.5033119941206427e-6,0.009245942058763099,0.739341833
Enrgy,absolute,13,1-4-2-3-5,false,3,4096,8,5041301,0.008373125112939772,1.0888251654439585e-6,0.009862338196013972,0.452489958
Enrgy,absolute,14,1-4-2-5-3,false,3,4096,8,5041401,0.008450653967274301,7.714883740246774e-7,0.009656872816930347,0.433489208
Enrgy,absolute,15,1-4-3-2-5,false,3,4096,8,5041501,0.008921275861448776,2.623346974418642e-7,0.008218615163344977,0.456583792
Enrgy,absolute,16,1-4-3-5-2,false,3,4096,8,5041601,0.009091635672028022,7.021252635169422e-7,0.005958495993425108,0.480294208
Enrgy,absolute,17,1-4-5-2-3,false,3,4096,8,5041701,0.008189825589114307,1.1800888358713604e-7,0.009040476679679475,0.459603667
Enrgy,absolute,18,1-4-5-3-2,false,3,4096,8,5041801,0.008198398877737356,1.0617361744961767e-6,0.007602219026094103,0.691325917
Enrgy,absolute,19,1-5-2-3-4,false,3,4096,8,5041901,0.008166571826109878,9.794631601153791e-7,0.006574892130675981,0.457323791
Enrgy,absolute,20,1-5-2-4-3,false,3,4096,8,5042001,0.007951431602179038,3.583286297098587e-7,0.0084240805424286,0.452745417
Enrgy,absolute,21,1-5-3-2-4,false,3,4096,8,5042101,0.008479182981056184,1.1755309382181245e-6,0.010067803575097596,0.458110542
Enrgy,absolute,22,1-5-3-4-2,false,3,4096,8,5042201,0.008449835373440694,2.303945085601753e-7,0.007396753647010479,0.461112
Enrgy,absolute,23,1-5-4-2-3,false,3,4096,8,5042301,0.007827013542159459,2.5499287072796057e-7,0.008629545921512225,0.444984791
Enrgy,absolute,24,1-5-4-3-2,false,3,4096,8,5042401,0.008001282150055562,4.502367465316465e-7,0.0084240805424286,0.468376542
Enrgy,absolute,25,2-1-3-4-5,true,4,4096,8,5042501,0.007877385309041933,6.11140839062936e-7,0.007191288267926854,0.7490235
Enrgy,absolute,26,2-1-3-5-4,true,4,4096,8,5042601,0.007589847045756318,4.228319495828919e-6,0.005547565235257859,0.974943
Enrgy,absolute,27,2-1-4-3-5,false,3,4096,8,5042701,0.008446354470733965,4.0996557654740897e-7,0.008835011300595849,0.50054275
Enrgy,absolute,28,2-1-4-5-3,false,3,4096,8,5042801,0.008490427512718909,2.445775817806747e-7,0.008013149784261353,0.4846145
Enrgy,absolute,29,2-1-5-3-4,false,3,4096,8,5042901,0.007788022832522607,1.7200250485344613e-6,0.009451407437846723,0.529810708
Enrgy,absolute,30,2-1-5-4-3,false,3,4096,8,5043001,0.008117708858184974,5.758058440032555e-7,0.007807684405177728,0.501301833
Enrgy,absolute,31,2-3-1-4-5,true,4,4096,8,5043101,0.00787714663874304,1.0844015683358176e-6,0.006780357509759606,0.548863625
Enrgy,absolute,32,2-3-1-5-4,true,4,4096,8,5043201,0.007653900029299853,4.434185740985985e-6,0.009862338196013972,0.566704292
Enrgy,absolute,33,2-3-4-1-5,false,3,4096,8,5043301,0.008133700505220639,3.3634899858138386e-7,0.007396753647010479,0.54042025
Enrgy,absolute,34,2-3-4-5-1,false,3,4096,8,5043401,0.007915961061610891,1.9597666774960387e-7,0.00698582288884323,0.659008333
Enrgy,absolute,35,2-3-5-1-4,false,3,4096,8,5043501,0.008487778535926133,4.736643635777314e-6,0.007602219026094103,0.52585775
Enrgy,absolute,36,2-3-5-4-1,false,3,4096,8,5043601,0.008424198041000388,5.87310478963846e-7,0.008013149784261353,0.492248125
Enrgy,absolute,37,2-4-1-3-5,true,4,4096,8,5043701,0.008778822943559547,6.337536293816686e-7,0.008218615163344977,0.739062625
Enrgy,absolute,38,2-4-1-5-3,false,3,4096,8,5043801,0.00889548098441792,1.1625059176250613e-7,0.009040476679679475,0.484764
Enrgy,absolute,39,2-4-3-1-5,true,4,4096,8,5043901,0.008430528282098311,9.447400113433674e-7,0.009451407437846723,0.55074925
Enrgy,absolute,40,2-4-3-5-1,false,3,4096,8,5044001,0.008268623509348766,2.1311963528846246e-7,0.010067803575097596,0.484547167
Enrgy,absolute,41,2-4-5-1-3,true,4,4096,8,5044101,0.009009748944185969,3.712840058735314e-7,0.0084240805424286,0.705204458
Enrgy,absolute,42,2-4-5-3-1,true,4,4096,8,5044201,0.00871097818371453,5.941524932513735e-7,0.009451407437846723,0.719847125
Enrgy,absolute,43,2-5-1-3-4,true,4,4096,8,5044301,0.008096218779198588,8.872027224985806e-6,0.011095130470515718,0.758804792
Enrgy,absolute,44,2-5-1-4-3,false,3,4096,8,5044401,0.00845173632525548,2.675652478977406e-7,0.007807684405177728,0.495271375
Enrgy,absolute,45,2-5-3-1-4,true,4,4096,8,5044501,0.00881312099693675,3.3212209545152506e-6,0.008629545921512225,0.5683265
Enrgy,absolute,46,2-5-3-4-1,false,3,4096,8,5044601,0.008799446625797845,1.7670006149077568e-7,0.009656872816930347,0.496230625
Enrgy,absolute,47,2-5-4-1-3,true,4,4096,8,5044701,0.008999328361718625,1.203956300495594e-7,0.007191288267926854,0.722545833
Enrgy,absolute,48,2-5-4-3-1,true,4,4096,8,5044801,0.008677531076750606,1.8991295366502278e-7,0.007602219026094103,0.739977708
Enrgy,absolute,49,3-1-2-4-5,true,4,4096,8,5044901,0.007927695982551806,1.36241833391713e-6,0.010684199712348469,0.533266916
Enrgy,absolute,50,3-1-2-5-4,true,4,4096,8,5045001,0.008086173402940948,8.106078794388214e-7,0.008218615163344977,0.551014333
Enrgy,absolute,51,3-1-4-2-5,true,4,4096,8,5045101,0.008794644219065888,5.057833029279888e-7,0.010478734333264845,0.534213667
Enrgy,absolute,52,3-1-4-5-2,true,4,4096,8,5045201,0.00911408572176684,4.3915952359191445e-7,0.0084240805424286,0.547922209
Enrgy,absolute,53,3-1-5-2-4,true,4,4096,8,5045301,0.008542896550231216,2.452758237440591e-6,0.0084240805424286,0.538975042
Enrgy,absolute,54,3-1-5-4-2,true,4,4096,8,5045401,0.008664409204353338,8.836107056466048e-7,0.008629545921512225,0.540824667
Enrgy,absolute,55,3-2-1-4-5,false,3,4096,8,5045501,0.007787031564468224,2.2802661534464536e-7,0.007191288267926854,0.463361042
Enrgy,absolute,56,3-2-1-5-4,false,3,4096,8,5045601,0.00781281159367701,1.4546218519092208e-6,0.005958495993425108,0.478039041
Enrgy,absolute,57,3-2-4-1-5,false,3,4096,8,5045701,0.007939936798850765,5.404036115037305e-7,0.010478734333264845,0.668280875
Enrgy,absolute,58,3-2-4-5-1,false,3,4096,8,5045801,0.007820940557389315,2.456229758367186e-7,0.007396753647010479,0.43028875
Enrgy,absolute,59,3-2-5-1-4,false,3,4096,8,5045901,0.008691486644052154,1.8392910673555948e-6,0.006163961372508732,0.475699792
Enrgy,absolute,60,3-2-5-4-1,false,3,4096,8,5046001,0.00842643120017749,2.60211930565752e-7,0.010684199712348469,0.450210166
Enrgy,absolute,61,3-4-1-2-5,false,3,4096,8,5046101,0.008687405885076493,2.1362957295529426e-7,0.009451407437846723,0.457984708
Enrgy,absolute,62,3-4-1-5-2,false,3,4096,8,5046201,0.008790132225959675,4.386400094414375e-7,0.009862338196013972,0.477339208
Enrgy,absolute,63,3-4-2-1-5,false,3,4096,8,5046301,0.007988741551139258,7.097137634235025e-7,0.006780357509759606,0.459494875
Enrgy,absolute,64,3-4-2-5-1,false,3,4096,8,5046401,0.007898965973665255,6.833353574442109e-7,0.007807684405177728,0.437656041
Enrgy,absolute,65,3-4-5-1-2,false,3,4096,8,5046501,0.007930884170113875,4.952802087550233e-7,0.009040476679679475,0.480271416
Enrgy,absolute,66,3-4-5-2-1,false,3,4096,8,5046601,0.007744174013963077,1.1758540602117913e-7,0.005547565235257859,0.457330708
Enrgy,absolute,67,3-5-1-2-4,false,3,4096,8,5046701,0.008613582344055811,2.014370605900557e-6,0.011300595849599342,0.467241208
Enrgy,absolute,68,3-5-1-4-2,false,3,4096,8,5046801,0.008716826266237779,1.2832066350745264e-7,0.009862338196013972,0.673920875
Enrgy,absolute,69,3-5-2-1-4,false,3,4096,8,5046901,0.009044655553380201,2.411341547119747e-6,0.006574892130675981,0.465694333
Enrgy,absolute,70,3-5-2-4-1,false,3,4096,8,5047001,0.008566219103607539,7.920508523492257e-7,0.007807684405177728,0.44213875
Enrgy,absolute,71,3-5-4-1-2,false,3,4096,8,5047101,0.008243173922183763,5.546148261315706e-7,0.009040476679679475,0.462623375
Enrgy,absolute,72,3-5-4-2-1,false,3,4096,8,5047201,0.00782950422807567,1.9895208699959662e-7,0.009245942058763099,0.443433041
Enrgy,absolute,73,4-1-2-3-5,false,3,4096,8,5047301,0.008444873240201066,1.0002874768591788e-6,0.011506061228682966,0.509311166
Enrgy,absolute,74,4-1-2-5-3,false,3,4096,8,5047401,0.008567246491938851,8.107465794728783e-7,0.009862338196013972,0.493435584
Enrgy,absolute,75,4-1-3-2-5,true,4,4096,8,5047501,0.008868507231296736,1.5279974231822795e-6,0.006369426751592357,0.744817833
Enrgy,absolute,76,4-1-3-5-2,true,4,4096,8,5047601,0.008883512543953004,3.2922359514947626e-6,0.009040476679679475,0.756190458
Enrgy,absolute,77,4-1-5-2-3,false,3,4096,8,5047701,0.008220253986349816,7.127573488970296e-7,0.010684199712348469,0.516227417
Enrgy,absolute,78,4-1-5-3-2,false,3,4096,8,5047801,0.008046728983139923,9.769011720565879e-7,0.009040476679679475,0.69930775
Enrgy,absolute,79,4-2-1-3-5,true,4,4096,8,5047901,0.00854491030182989,6.256814267116259e-6,0.009245942058763099,0.744665709
Enrgy,absolute,80,4-2-1-5-3,false,3,4096,8,5048001,0.008723071305471793,1.3592999159625416e-6,0.009245942058763099,0.477723458
Enrgy,absolute,81,4-2-3-1-5,true,4,4096,8,5048101,0.00829164564006819,5.782816724396997e-6,0.008835011300595849,0.54874
Enrgy,absolute,82,4-2-3-5-1,false,3,4096,8,5048201,0.008420571921778343,1.1412473398695452e-6,0.008218615163344977,0.483976584
Enrgy,absolute,83,4-2-5-1-3,true,4,4096,8,5048301,0.008886654979663651,7.472424641112371e-6,0.008835011300595849,0.699327625
Enrgy,absolute,84,4-2-5-3-1,true,4,4096,8,5048401,0.008835889291629914,6.224817302586319e-6,0.006369426751592357,0.507415459
Enrgy,absolute,85,4-3-1-2-5,true,4,4096,8,5048501,0.008646315792652346,1.2358470843836723e-6,0.006163961372508732,0.551995458
Enrgy,absolute,86,4-3-1-5-2,true,4,4096,8,5048601,0.008612521837664252,6.308115332461717e-6,0.011300595849599342,0.560762625
Enrgy,absolute,87,4-3-2-1-5,false,3,4096,8,5048701,0.008072396865218325,6.200272502072578e-7,0.005547565235257859,0.509682
Enrgy,absolute,88,4-3-2-5-1,false,3,4096,8,5048801,0.008164598519709765,9.406113112318011e-7,0.008218615163344977,0.487820167
Enrgy,absolute,89,4-3-5-1-2,false,3,4096,8,5048901,0.007782610809598682,2.6603978072556576e-6,0.009040476679679475,0.527512375
Enrgy,absolute,90,4-3-5-2-1,false,3,4096,8,5049001,0.007907462480235761,9.759368886817601e-7,0.0084240805424286,0.491681708
Enrgy,absolute,91,4-5-1-2-3,false,3,4096,8,5049101,0.007888621762672203,6.818784385753412e-7,0.009862338196013972,0.534149417
Enrgy,absolute,92,4-5-1-3-2,true,4,4096,8,5049201,0.007690064911927792,7.18109537707722e-6,0.003903842202588864,0.939051958
Enrgy,absolute,93,4-5-2-1-3,true,4,4096,8,5049301,0.008458506078396058,1.0684407677889618e-6,0.007191288267926854,0.711863083
Enrgy,absolute,94,4-5-2-3-1,true,4,4096,8,5049401,0.008476834435227835,1.0666079112169824e-6,0.008013149784261353,0.5218535
Enrgy,absolute,95,4-5-3-1-2,true,4,4096,8,5049501,0.0076600426530699026,4.170731106263317e-6,0.007191288267926854,0.5614475
Enrgy,absolute,96,4-5-3-2-1,false,3,4096,8,5049601,0.007878639748224649,8.625163050777354e-7,0.0084240805424286,0.491908541
Enrgy,absolute,97,5-1-2-3-4,false,3,4096,8,5049701,0.008023506969239565,6.229950374520954e-7,0.007807684405177728,0.516698041
Enrgy,absolute,98,5-1-2-4-3,false,3,4096,8,5049801,0.007885488586491837,4.769360253520929e-7,0.004725703718923361,0.706138917
Enrgy,absolute,99,5-1-3-2-4,true,4,4096,8,5049901,0.008375395338286271,4.456424551605698e-6,0.009245942058763099,0.749057791
Enrgy,absolute,100,5-1-3-4-2,true,4,4096,8,5050001,0.00851560677354438,9.50139716740644e-7,0.008835011300595849,0.751837791
Enrgy,absolute,101,5-1-4-2-3,false,3,4096,8,5050101,0.007754511991174222,2.9661785429265826e-7,0.008629545921512225,0.485694083
Enrgy,absolute,102,5-1-4-3-2,false,3,4096,8,5050201,0.008020350824192444,5.002589284809497e-7,0.006780357509759606,0.515206
Enrgy,absolute,103,5-2-1-3-4,true,4,4096,8,5050301,0.008188713349360166,1.0061984526277176e-6,0.011711526607766592,0.745188416
Enrgy,absolute,104,5-2-1-4-3,false,3,4096,8,5050401,0.008325756553826768,9.406556630583554e-8,0.005958495993425108,0.492121583
Enrgy,absolute,105,5-2-3-1-4,true,4,4096,8,5050501,0.008985043850394142,1.517755986531433e-6,0.011711526607766592,0.559269375
Enrgy,absolute,106,5-2-3-4-1,false,3,4096,8,5050601,0.008834734974974195,1.376251693001736e-7,0.010889665091432094,0.490594375
Enrgy,absolute,107,5-2-4-1-3,true,4,4096,8,5050701,0.008773015853557376,2.9394163764129686e-7,0.007807684405177728,0.711865958
Enrgy,absolute,108,5-2-4-3-1,true,4,4096,8,5050801,0.008557229423633569,3.010717484818557e-7,0.009040476679679475,0.51209525
Enrgy,absolute,109,5-3-1-2-4,true,4,4096,8,5050901,0.008649189140343449,3.7645877235614824e-6,0.009451407437846723,0.551638125
Enrgy,absolute,110,5-3-1-4-2,true,4,4096,8,5051001,0.008846111878123349,1.21903923955644e-6,0.00698582288884323,0.558112958
Enrgy,absolute,111,5-3-2-1-4,false,3,4096,8,5051101,0.009104968655838567,1.4327039568068764e-6,0.009040476679679475,0.721048958
Enrgy,absolute,112,5-3-2-4-1,false,3,4096,8,5051201,0.008672753565569997,2.598090539786716e-7,0.007602219026094103,0.480979583
Enrgy,absolute,113,5-3-4-1-2,false,3,4096,8,5051301,0.00838995364178893,4.769367613450691e-7,0.007396753647010479,0.515188291
Enrgy,absolute,114,5-3-4-2-1,false,3,4096,8,5051401,0.007934450688043323,2.639972875040447e-7,0.00698582288884323,0.483123292
Enrgy,absolute,115,5-4-1-2-3,false,3,4096,8,5051501,0.007815945277471458,1.9263261142532094e-7,0.007396753647010479,0.484507834
Enrgy,absolute,116,5-4-1-3-2,true,4,4096,8,5051601,0.007865310002174686,4.895651190581466e-7,0.008013149784261353,0.75189275
Enrgy,absolute,117,5-4-2-1-3,true,4,4096,8,5051701,0.008335061755260012,6.700153307451051e-7,0.010889665091432094,0.705436792
Enrgy,absolute,118,5-4-2-3-1,true,4,4096,8,5051801,0.008254486106690455,6.505346903475098e-7,0.006163961372508732,0.518826417
Enrgy,absolute,119,5-4-3-1-2,true,4,4096,8,5051901,0.007918418026188204,6.352940563870601e-7,0.007191288267926854,0.557330667
Enrgy,absolute,120,5-4-3-2-1,false,3,4096,8,5052001,0.007801758941886256,1.1658343466077901e-7,0.006574892130675981,0.49190625
HiTec,returns,1,1-2-3-4-5,false,3,4096,8,5940101,0.009929398695429604,1.1820202995758855e-6,0.004483391073975953,0.746858209
HiTec,returns,2,1-2-3-5-4,false,3,4096,8,5940201,0.008659845745682114,1.9205557170049243e-6,0.0055023435907886695,0.407030542
HiTec,returns,3,1-2-4-3-5,false,3,4096,8,5940301,0.010049378605096505,4.5885485082425933e-7,0.007336458121051559,0.363520625
HiTec,returns,4,1-2-4-5-3,false,3,4096,8,5940401,0.008663991610439079,4.903548959779441e-7,0.0065212961076013855,0.5914725
HiTec,returns,5,1-2-5-3-4,true,4,4096,8,5940501,0.007894709844194625,6.438785338354215e-6,0.005706134094151213,0.451140167
HiTec,returns,6,1-2-5-4-3,true,4,4096,8,5940601,0.007834734058312316,9.154093848691788e-7,0.006928877114326473,0.450390584
HiTec,returns,7,1-3-2-4-5,false,3,4096,8,5940701,0.010082351095666606,1.4751373219129764e-6,0.006317505604238842,0.365103458
HiTec,returns,8,1-3-2-5-4,true,4,4096,8,5940801,0.008909729196206648,7.674265036881032e-6,0.008151620134501733,0.451598625
HiTec,returns,9,1-3-4-2-5,true,4,4096,8,5940901,0.01014717738213294,6.276532683812029e-7,0.0077440391277766455,0.400224667
HiTec,returns,10,1-3-4-5-2,true,4,4096,8,5941001,0.00898561849717892,6.828367601699392e-7,0.006113715100876299,0.400206042
HiTec,returns,11,1-3-5-2-4,true,4,4096,8,5941101,0.008385823771585138,6.540599487824286e-6,0.012227430201752598,0.449612166
HiTec,returns,12,1-3-5-4-2,false,3,4096,8,5941201,0.008408907247858748,3.516925943254482e-7,0.005909924597513756,0.377187959
HiTec,returns,13,1-4-2-3-5,false,3,4096,8,5941301,0.010170238420502463,4.625764474037478e-7,0.007132667617689016,0.362464167
HiTec,returns,14,1-4-2-5-3,true,4,4096,8,5941401,0.008746009569856503,1.1747551285858436e-6,0.009578153658039535,0.57138025
HiTec,returns,15,1-4-3-2-5,true,4,4096,8,5941501,0.010097053610269156,1.032880313467791e-6,0.006928877114326473,0.395949667
HiTec,returns,16,1-4-3-5-2,true,4,4096,8,5941601,0.008804448623267744,8.420961562982597e-7,0.011616058691664969,0.383527375
HiTec,returns,17,1-4-5-2-3,true,4,4096,8,5941701,0.007912189119922763,8.401351712625389e-7,0.0055023435907886695,0.434869791
HiTec,returns,18,1-4-5-3-2,false,3,4096,8,5941801,0.007994167663965289,1.1888051155362583e-7,0.008966782147951905,0.356730166
HiTec,returns,19,1-5-2-3-4,true,4,4096,8,5941901,0.007234941391159565,7.746747616160899e-6,0.006725086610963929,0.453345333
HiTec,returns,20,1-5-2-4-3,true,4,4096,8,5942001,0.007137933758875828,9.141752126932679e-7,0.006113715100876299,0.434961416
HiTec,returns,21,1-5-3-2-4,false,3,4096,8,5942101,0.00748531724955862,9.336782783220232e-7,0.010189525168127165,0.550726916
HiTec,returns,22,1-5-3-4-2,false,3,4096,8,5942201,0.00750278327909603,4.041970760544976e-7,0.00794782963113919,0.361174042
HiTec,returns,23,1-5-4-2-3,false,3,4096,8,5942301,0.007157208449973162,1.5008421531393944e-7,0.009781944161402078,0.383764416
HiTec,returns,24,1-5-4-3-2,false,3,4096,8,5942401,0.007285298337560642,4.877999030970512e-7,0.007336458121051559,0.362082334
HiTec,returns,25,2-1-3-4-5,false,3,4096,8,5942501,0.008522605345942093,1.3319840319714682e-7,0.0055023435907886695,0.309961
HiTec,returns,26,2-1-3-5-4,false,3,4096,8,5942601,0.00820954246336381,7.303897448429099e-7,0.0065212961076013855,0.345938917
HiTec,returns,27,2-1-4-3-5,false,3,4096,8,5942701,0.008688620622342515,2.274325752105122e-7,0.011208477684939882,0.310182042
HiTec,returns,28,2-1-4-5-3,false,3,4096,8,5942801,0.008331260500451064,3.398653497017846e-7,0.006317505604238842,0.327683625
HiTec,returns,29,2-1-5-3-4,false,3,4096,8,5942901,0.007894320269366584,6.644614275943046e-7,0.010189525168127165,0.537275375
HiTec,returns,30,2-1-5-4-3,false,3,4096,8,5943001,0.00788574719183586,2.1884682184773917e-7,0.009170572651314449,0.317665834
HiTec,returns,31,2-3-1-4-5,false,3,4096,8,5943101,0.007813710748821265,2.8006678583771403e-7,0.006113715100876299,0.303495625
HiTec,returns,32,2-3-1-5-4,false,3,4096,8,5943201,0.007932191381530524,1.0778077187692346e-6,0.008355410637864276,0.322776917
HiTec,returns,33,2-3-4-1-5,false,3,4096,8,5943301,0.007427072400754033,3.1585909562255717e-7,0.006317505604238842,0.298602625
HiTec,returns,34,2-3-4-5-1,false,3,4096,8,5943401,0.007671965266174865,1.2203267722261266e-7,0.00794782963113919,0.325454167
HiTec,returns,35,2-3-5-1-4,false,3,4096,8,5943501,0.008086677240414376,1.3613045443504147e-6,0.0077440391277766455,0.328986666
HiTec,returns,36,2-3-5-4-1,false,3,4096,8,5943601,0.008187604396473532,1.4392247934547446e-7,0.005094762584063582,0.333976625
HiTec,returns,37,2-4-1-3-5,false,3,4096,8,5943701,0.00826881204719652,4.914188954886377e-7,0.009374363154676992,0.300033458
HiTec,returns,38,2-4-1-5-3,false,3,4096,8,5943801,0.008328785673646137,2.5231344466839673e-7,0.008355410637864276,0.324837292
HiTec,returns,39,2-4-3-1-5,false,3,4096,8,5943901,0.007691659513429215,6.691621420105175e-8,0.008559201141226819,0.526970875
HiTec,returns,40,2-4-3-5-1,false,3,4096,8,5944001,0.007921023853482284,1.6362055151693965e-7,0.009170572651314449,0.337839625
HiTec,returns,41,2-4-5-1-3,false,3,4096,8,5944101,0.008420666945864193,9.439204813658726e-8,0.009578153658039535,0.307503209
HiTec,returns,42,2-4-5-3-1,false,3,4096,8,5944201,0.008523932668276897,3.9944295786262324e-7,0.0065212961076013855,0.331537834
HiTec,returns,43,2-5-1-3-4,true,4,4096,8,5944301,0.008065605774086956,8.607052783450039e-7,0.009985734664764621,0.434638916
HiTec,returns,44,2-5-1-4-3,true,4,4096,8,5944401,0.008055852259289804,5.899165905197501e-7,0.011208477684939882,0.421372416
HiTec,returns,45,2-5-3-1-4,true,4,4096,8,5944501,0.008458816925423406,6.684806257327347e-6,0.008355410637864276,0.416932292
HiTec,returns,46,2-5-3-4-1,true,4,4096,8,5944601,0.008795078031723861,1.1059325785355447e-6,0.006928877114326473,0.415723834
HiTec,returns,47,2-5-4-1-3,true,4,4096,8,5944701,0.008542223842819989,3.8314525267057097e-7,0.009170572651314449,0.640542417
HiTec,returns,48,2-5-4-3-1,true,4,4096,8,5944801,0.008897312391101211,3.1973885182908966e-7,0.007336458121051559,0.427441875
HiTec,returns,49,3-1-2-4-5,false,3,4096,8,5944901,0.008473628998718376,1.2055905869874137e-7,0.008151620134501733,0.347938333
HiTec,returns,50,3-1-2-5-4,true,4,4096,8,5945001,0.008374222828343283,6.086556916010984e-7,0.010597106174852253,0.443482084
HiTec,returns,51,3-1-4-2-5,true,4,4096,8,5945101,0.008512026026966933,3.359479879231756e-7,0.010189525168127165,0.382187958
HiTec,returns,52,3-1-4-5-2,true,4,4096,8,5945201,0.008426303587957009,4.211896192332766e-7,0.009374363154676992,0.387273584
HiTec,returns,53,3-1-5-2-4,true,4,4096,8,5945301,0.00832776494913825,1.4303868244977584e-6,0.007540248624414102,0.438742208
HiTec,returns,54,3-1-5-4-2,false,3,4096,8,5945401,0.008346710269783997,2.641385728996425e-7,0.010597106174852253,0.363308292
HiTec,returns,55,3-2-1-4-5,false,3,4096,8,5945501,0.007692105607063982,3.631672760095852e-7,0.0077440391277766455,0.397212625
HiTec,returns,56,3-2-1-5-4,false,3,4096,8,5945601,0.007888591544578362,8.159755065331163e-7,0.008966782147951905,0.563184
HiTec,returns,57,3-2-4-1-5,false,3,4096,8,5945701,0.00723661321126795,1.6434930794153222e-7,0.008559201141226819,0.357075167
HiTec,returns,58,3-2-4-5-1,false,3,4096,8,5945801,0.007455522169168923,2.857501409708751e-7,0.007336458121051559,0.377204375
HiTec,returns,59,3-2-5-1-4,true,4,4096,8,5945901,0.008016145166691906,6.74575496675367e-6,0.008355410637864276,0.442875792
HiTec,returns,60,3-2-5-4-1,true,4,4096,8,5946001,0.008024979715296574,6.494937378535095e-7,0.009578153658039535,0.434928916
HiTec,returns,61,3-4-1-2-5,true,4,4096,8,5946101,0.0077110570107352975,6.176038789227547e-7,0.006928877114326473,0.384353125
HiTec,returns,62,3-4-1-5-2,true,4,4096,8,5946201,0.007900042137584976,8.791460018516675e-7,0.005706134094151213,0.41295625
HiTec,returns,63,3-4-2-1-5,false,3,4096,8,5946301,0.007236062044792447,2.146262415089025e-7,0.006928877114326473,0.529303
HiTec,returns,64,3-4-2-5-1,true,4,4096,8,5946401,0.007443079973295271,4.0184981583277175e-7,0.008559201141226819,0.449825834
HiTec,returns,65,3-4-5-1-2,false,3,4096,8,5946501,0.00796054531580539,1.1794779797967411e-7,0.005909924597513756,0.3543895
HiTec,returns,66,3-4-5-2-1,true,4,4096,8,5946601,0.007959278138567996,6.61346993676658e-7,0.0065212961076013855,0.437784375
HiTec,returns,67,3-5-1-2-4,false,3,4096,8,5946701,0.008432715081552373,9.674868901263309e-7,0.008151620134501733,0.379411792
HiTec,returns,68,3-5-1-4-2,false,3,4096,8,5946801,0.008434929849363311,5.047550166244387e-7,0.008355410637864276,0.3694915
HiTec,returns,69,3-5-2-1-4,true,4,4096,8,5946901,0.008563478025622762,5.3086558340131275e-6,0.010393315671489708,0.43702875
HiTec,returns,70,3-5-2-4-1,true,4,4096,8,5947001,0.008743144972191402,2.948905878879029e-7,0.008151620134501733,0.654629917
HiTec,returns,71,3-5-4-1-2,false,3,4096,8,5947101,0.008517369296455007,2.464935389795181e-7,0.005706134094151213,0.345602791
HiTec,returns,72,3-5-4-2-1,false,3,4096,8,5947201,0.008701433792240533,1.8908375385999062e-7,0.009170572651314449,0.378266125
HiTec,returns,73,4-1-2-3-5,false,3,4096,8,5947301,0.008780661364509716,2.322635487513106e-6,0.008559201141226819,0.345614125
HiTec,returns,74,4-1-2-5-3,true,4,4096,8,5947401,0.008398699750621009,7.679870020917557e-6,0.009374363154676992,0.439074708
HiTec,returns,75,4-1-3-2-5,true,4,4096,8,5947501,0.008662181327764666,5.255480155614378e-6,0.007540248624414102,0.380767334
HiTec,returns,76,4-1-3-5-2,true,4,4096,8,5947601,0.008349979060965322,5.664498488593927e-6,0.0077440391277766455,0.382984917
HiTec,returns,77,4-1-5-2-3,true,4,4096,8,5947701,0.007947666189895095,3.910649131401245e-6,0.004890972080701039,0.430472708
HiTec,returns,78,4-1-5-3-2,false,3,4096,8,5947801,0.007989551471281156,1.2318153279416453e-6,0.0065212961076013855,0.55452625
HiTec,returns,79,4-2-1-3-5,false,3,4096,8,5947901,0.008271994455345363,9.982913659038809e-7,0.008559201141226819,0.343920125
HiTec,returns,80,4-2-1-5-3,false,3,4096,8,5948001,0.008329042677996178,8.577369484431352e-7,0.011412268188302425,0.372442375
HiTec,returns,81,4-2-3-1-5,false,3,4096,8,5948101,0.007678265165839948,6.697561821677289e-7,0.009985734664764621,0.361664708
HiTec,returns,82,4-2-3-5-1,false,3,4096,8,5948201,0.007892859784314737,1.0509261661040576e-6,0.009781944161402078,0.395958375
HiTec,returns,83,4-2-5-1-3,true,4,4096,8,5948301,0.008396451467660342,1.1376729905718897e-6,0.008559201141226819,0.434830125
HiTec,returns,84,4-2-5-3-1,true,4,4096,8,5948401,0.00848027188774935,4.940371606535237e-6,0.009781944161402078,0.44811575
HiTec,returns,85,4-3-1-2-5,true,4,4096,8,5948501,0.00784353349080775,6.573263015559189e-7,0.013246382718565314,0.394399792
HiTec,returns,86,4-3-1-5-2,true,4,4096,8,5948601,0.00797320279515045,5.40680741495989e-7,0.007540248624414102,0.395237709
HiTec,returns,87,4-3-2-1-5,false,3,4096,8,5948701,0.007400851345169785,7.728578606807179e-7,0.006113715100876299,0.3696405
HiTec,returns,88,4-3-2-5-1,true,4,4096,8,5948801,0.007625369952738781,5.946836489659636e-6,0.012023639698390055,0.449186416
HiTec,returns,89,4-3-5-1-2,false,3,4096,8,5948901,0.0080292480813172,4.931346343551716e-7,0.012431220705115141,0.375931042
HiTec,returns,90,4-3-5-2-1,true,4,4096,8,5949001,0.008073627646141555,3.670141056073927e-6,0.006928877114326473,0.672116709
HiTec,returns,91,4-5-1-2-3,false,3,4096,8,5949101,0.008002287658870667,7.412465864323114e-7,0.007336458121051559,0.383423958
HiTec,returns,92,4-5-1-3-2,false,3,4096,8,5949201,0.008028964831757194,5.143815265602833e-7,0.00794782963113919,0.336959542
HiTec,returns,93,4-5-2-1-3,true,4,4096,8,5949301,0.008456446527283591,5.446383416734488e-7,0.009578153658039535,0.443154542
HiTec,returns,94,4-5-2-3-1,true,4,4096,8,5949401,0.00877066099293441,5.705661671244724e-6,0.006928877114326473,0.449550875
HiTec,returns,95,4-5-3-1-2,false,3,4096,8,5949501,0.00835078729221361,9.010013388557369e-7,0.0065212961076013855,0.368300166
HiTec,returns,96,4-5-3-2-1,false,3,4096,8,5949601,0.008641819282858537,2.173266901008308e-6,0.009985734664764621,0.409100375
HiTec,returns,97,5-1-2-3-4,false,3,4096,8,5949701,0.007482523828914733,9.011886675202384e-7,0.007336458121051559,0.347220375
HiTec,returns,98,5-1-2-4-3,false,3,4096,8,5949801,0.0073543471763779225,9.221915752184919e-8,0.005909924597513756,0.331755125
HiTec,returns,99,5-1-3-2-4,false,3,4096,8,5949901,0.007711561172484444,7.86272049897564e-7,0.008151620134501733,0.347383917
HiTec,returns,100,5-1-3-4-2,false,3,4096,8,5950001,0.007717350918222254,8.454874126091348e-8,0.009170572651314449,0.313344833
HiTec,returns,101,5-1-4-2-3,false,3,4096,8,5950101,0.0073548609683635885,2.7669952278098624e-7,0.009170572651314449,0.328301459
HiTec,returns,102,5-1-4-3-2,false,3,4096,8,5950201,0.0074886192805921625,3.482907817094096e-7,0.009170572651314449,0.513786708
HiTec,returns,103,5-2-1-3-4,true,4,4096,8,5950301,0.008273647588056258,1.8208771381565275e-6,0.005909924597513756,0.439970792
HiTec,returns,104,5-2-1-4-3,true,4,4096,8,5950401,0.008185325254337805,6.437465238650206e-7,0.008355410637864276,0.412095625
HiTec,returns,105,5-2-3-1-4,true,4,4096,8,5950501,0.009006358872958484,8.370029217704066e-6,0.009985734664764621,0.409405375
HiTec,returns,106,5-2-3-4-1,true,4,4096,8,5950601,0.009676720165024704,6.127258981733882e-7,0.0077440391277766455,0.415830334
HiTec,returns,107,5-2-4-1-3,true,4,4096,8,5950701,0.008919230504515263,4.5754103017872754e-7,0.009985734664764621,0.414141041
HiTec,returns,108,5-2-4-3-1,true,4,4096,8,5950801,0.009688078399239046,6.851822370669482e-7,0.008151620134501733,0.426656333
HiTec,returns,109,5-3-1-2-4,false,3,4096,8,5950901,0.008673427313031994,7.438017655983658e-7,0.009578153658039535,0.32623225
HiTec,returns,110,5-3-1-4-2,false,3,4096,8,5951001,0.008670043886583014,4.3992811378114075e-7,0.010800896678214796,0.308914625
HiTec,returns,111,5-3-2-1-4,false,3,4096,8,5951101,0.009159210520926536,1.7608046539020054e-6,0.010189525168127165,0.330167
HiTec,returns,112,5-3-2-4-1,false,3,4096,8,5951201,0.009746345495168717,1.3109802259993496e-7,0.012635011208477685,0.503685208
HiTec,returns,113,5-3-4-1-2,false,3,4096,8,5951301,0.009097033498114042,2.268167981877265e-7,0.009781944161402078,0.292787458
HiTec,returns,114,5-3-4-2-1,false,3,4096,8,5951401,0.009689125741178072,3.0589515971724227e-7,0.008762991644589362,0.331702833
HiTec,returns,115,5-4-1-2-3,false,3,4096,8,5951501,0.008127785666784513,6.128619642026921e-7,0.007540248624414102,0.311429292
HiTec,returns,116,5-4-1-3-2,false,3,4096,8,5951601,0.00820480264057933,2.454243005339494e-7,0.008762991644589362,0.302742542
HiTec,returns,117,5-4-2-1-3,false,3,4096,8,5951701,0.00886929529647644,1.0841698350771297e-7,0.012838801711840228,0.317801292
HiTec,returns,118,5-4-2-3-1,false,3,4096,8,5951801,0.00961882478116807,3.688642607381215e-7,0.009578153658039535,0.342102
HiTec,returns,119,5-4-3-1-2,false,3,4096,8,5951901,0.008881446110847674,1.0715489067030373e-7,0.009374363154676992,0.322005417
HiTec,returns,120,5-4-3-2-1,false,3,4096,8,5952001,0.009535355991326981,5.26388291151901e-7,0.008559201141226819,0.344959125
HiTec,absolute,1,1-2-3-4-5,true,4,4096,8,6040101,0.0074556826260805936,6.691908738471623e-6,0.005407653910149751,0.692572417
HiTec,absolute,2,1-2-3-5-4,false,3,4096,8,6040201,0.007459175249060547,2.2182747241127175e-7,0.007279534109816971,0.300228459
HiTec,absolute,3,1-2-4-3-5,true,4,4096,8,6040301,0.00802827859658119,4.846387877984681e-6,0.00894342762063228,0.39006425
HiTec,absolute,4,1-2-4-5-3,false,3,4096,8,6040401,0.008298242672456595,2.7880057997893246e-7,0.00478369384359401,0.474541375
HiTec,absolute,5,1-2-5-3-4,true,4,4096,8,6040501,0.007573814625931959,3.7042312385171736e-7,0.0066555740432612314,0.33464775
HiTec,absolute,6,1-2-5-4-3,true,4,4096,8,6040601,0.007811704952702259,2.7677230452306233e-7,0.007695507487520799,0.31986375
HiTec,absolute,7,1-3-2-4-5,false,3,4096,8,6040701,0.007668539374432529,8.550048125065866e-7,0.00894342762063228,0.315970875
HiTec,absolute,8,1-3-2-5-4,false,3,4096,8,6040801,0.007879380637657987,4.0024665904937186e-7,0.00956738768718802,0.296297792
HiTec,absolute,9,1-3-4-2-5,true,4,4096,8,6040901,0.008217212918168173,5.404524547012006e-6,0.008527454242928452,0.3638115
HiTec,absolute,10,1-3-4-5-2,true,4,4096,8,6041001,0.008911309387122437,6.107776077784741e-7,0.009151414309484194,0.348503959
HiTec,absolute,11,1-3-5-2-4,false,3,4096,8,6041101,0.008810724418435695,1.8452737261435294e-7,0.011647254575707155,0.294454541
HiTec,absolute,12,1-3-5-4-2,false,3,4096,8,6041201,0.00930338264086758,4.572407188131132e-7,0.0074875207986688855,0.344427875
HiTec,absolute,13,1-4-2-3-5,false,3,4096,8,6041301,0.008472444581019064,9.743961753523493e-7,0.009359400998336107,0.494509333
HiTec,absolute,14,1-4-2-5-3,false,3,4096,8,6041401,0.00864225105272623,2.8568850557799383e-7,0.0074875207986688855,0.298706
HiTec,absolute,15,1-4-3-2-5,true,4,4096,8,6041501,0.008399014756405712,5.612337666887611e-6,0.009151414309484194,0.3615985
HiTec,absolute,16,1-4-3-5-2,true,4,4096,8,6041601,0.008765291420294237,8.003042565601035e-7,0.007903494176372712,0.345768458
HiTec,absolute,17,1-4-5-2-3,false,3,4096,8,6041701,0.008348026393686505,2.0702799111407444e-7,0.00894342762063228,0.280747416
HiTec,absolute,18,1-4-5-3-2,false,3,4096,8,6041801,0.00854389828482001,5.657180569384642e-7,0.007279534109816971,0.309259
HiTec,absolute,19,1-5-2-3-4,true,4,4096,8,6041901,0.007954699430089338,6.297932210305565e-7,0.007695507487520799,0.313511417
HiTec,absolute,20,1-5-2-4-3,true,4,4096,8,6042001,0.007888915668067915,6.76994513155864e-7,0.007279534109816971,0.316893
HiTec,absolute,21,1-5-3-2-4,false,3,4096,8,6042101,0.008756788961835564,2.2215211924226863e-7,0.007695507487520799,0.294529875
HiTec,absolute,22,1-5-3-4-2,true,4,4096,8,6042201,0.009131674505603008,2.200829505899034e-6,0.009359400998336107,0.388638417
HiTec,absolute,23,1-5-4-2-3,false,3,4096,8,6042301,0.00810215011898722,1.65744052287226e-7,0.0074875207986688855,0.461134167
HiTec,absolute,24,1-5-4-3-2,true,4,4096,8,6042401,0.008526534618655247,1.3166502074842434e-6,0.007695507487520799,0.362547333
HiTec,absolute,25,2-1-3-4-5,true,4,4096,8,6042501,0.007463269121614205,9.75110431712143e-7,0.008527454242928452,0.34672425
HiTec,absolute,26,2-1-3-5-4,false,3,4096,8,6042601,0.007439969720375534,1.7472562084246913e-7,0.007695507487520799,0.280791334
HiTec,absolute,27,2-1-4-3-5,true,4,4096,8,6042701,0.008107625797880706,4.5045983273822913e-7,0.008735440931780365,0.35099025
HiTec,absolute,28,2-1-4-5-3,false,3,4096,8,6042801,0.008446970215160889,1.1083935022048882e-7,0.008527454242928452,0.286399917
HiTec,absolute,29,2-1-5-3-4,true,4,4096,8,6042901,0.0076135517586349115,2.0303093844302354e-7,0.008735440931780365,0.319723291
HiTec,absolute,30,2-1-5-4-3,true,4,4096,8,6043001,0.007950644033543725,3.879713671850402e-7,0.008527454242928452,0.316380708
HiTec,absolute,31,2-3-1-4-5,false,3,4096,8,6043101,0.007604321327512033,3.99375541153867e-7,0.005407653910149751,0.311187708
HiTec,absolute,32,2-3-1-5-4,false,3,4096,8,6043201,0.0077378514556337335,4.074911710977676e-7,0.006863560732113145,0.484666625
HiTec,absolute,33,2-3-4-1-5,true,4,4096,8,6043301,0.008221024864075402,3.390005496244416e-6,0.008735440931780365,0.351380042
HiTec,absolute,34,2-3-4-5-1,true,4,4096,8,6043401,0.008578370807683094,1.0915184860679951e-6,0.007903494176372712,0.352152
HiTec,absolute,35,2-3-5-1-4,false,3,4096,8,6043501,0.008519964868810051,1.314470583473898e-7,0.006031613976705491,0.27788775
HiTec,absolute,36,2-3-5-4-1,false,3,4096,8,6043601,0.008727903015023982,5.160148319446985e-7,0.008735440931780365,0.311149375
HiTec,absolute,37,2-4-1-3-5,false,3,4096,8,6043701,0.008754114563911671,9.318841420801895e-7,0.011855241264559068,0.308826083
HiTec,absolute,38,2-4-1-5-3,false,3,4096,8,6043801,0.009081349164266412,2.2642011844571587e-7,0.010399334442595673,0.287966125
HiTec,absolute,39,2-4-3-1-5,true,4,4096,8,6043901,0.008706196927887658,7.146318882364101e-6,0.01019134775374376,0.353742833
HiTec,absolute,40,2-4-3-5-1,true,4,4096,8,6044001,0.0088274640746296,5.08569192369505e-7,0.009983361064891847,0.345543083
HiTec,absolute,41,2-4-5-1-3,false,3,4096,8,6044101,0.009088605124087492,2.0279095287425838e-7,0.011231281198003328,0.287028625
HiTec,absolute,42,2-4-5-3-1,false,3,4096,8,6044201,0.008879040545326289,4.659244493123628e-7,0.009151414309484194,0.522595917
HiTec,absolute,43,2-5-1-3-4,true,4,4096,8,6044301,0.008124754569206544,4.3916641581834664e-7,0.008319467554076539,0.325164584
HiTec,absolute,44,2-5-1-4-3,true,4,4096,8,6044401,0.008275719591935073,5.525708542336591e-7,0.008735440931780365,0.307311459
HiTec,absolute,45,2-5-3-1-4,false,3,4096,8,6044501,0.008745084390279913,1.2759815994799885e-7,0.00894342762063228,0.284810042
HiTec,absolute,46,2-5-3-4-1,true,4,4096,8,6044601,0.00890662920327803,9.544229853028594e-7,0.008735440931780365,0.347742625
HiTec,absolute,47,2-5-4-1-3,false,3,4096,8,6044701,0.008814123632675926,1.6743576405964569e-7,0.008111480865224625,0.282696458
HiTec,absolute,48,2-5-4-3-1,true,4,4096,8,6044801,0.008806371928904698,1.038844327061424e-6,0.0074875207986688855,0.353545833
HiTec,absolute,49,3-1-2-4-5,false,3,4096,8,6044901,0.007738264219951989,8.980255784648113e-7,0.008527454242928452,0.274764833
HiTec,absolute,50,3-1-2-5-4,false,3,4096,8,6045001,0.008066866802044567,1.0486008081819298e-7,0.007071547420965058,0.2543835
HiTec,absolute,51,3-1-4-2-5,false,3,4096,8,6045101,0.008212680761173883,3.0746803814669935e-7,0.011647254575707155,0.274156708
HiTec,absolute,52,3-1-4-5-2,false,3,4096,8,6045201,0.008848437876703065,2.5655888653587015e-7,0.005823627287853577,0.482681625
HiTec,absolute,53,3-1-5-2-4,false,3,4096,8,6045301,0.008989881840687412,2.282807134793496e-7,0.008527454242928452,0.240142417
HiTec,absolute,54,3-1-5-4-2,false,3,4096,8,6045401,0.009281022066880156,3.467352588468782e-7,0.008111480865224625,0.269435625
HiTec,absolute,55,3-2-1-4-5,false,3,4096,8,6045501,0.007666873833937877,3.011085464230764e-7,0.008735440931780365,0.248502667
HiTec,absolute,56,3-2-1-5-4,false,3,4096,8,6045601,0.007941552547109047,2.1621977801323418e-7,0.00894342762063228,0.241063083
HiTec,absolute,57,3-2-4-1-5,false,3,4096,8,6045701,0.008152219801350998,8.306791305413431e-7,0.008111480865224625,0.255340792
HiTec,absolute,58,3-2-4-5-1,false,3,4096,8,6045801,0.008365869203614196,2.492316041152193e-7,0.007071547420965058,0.26166075
HiTec,absolute,59,3-2-5-1-4,false,3,4096,8,6045901,0.008642080472147925,1.65434830461137e-7,0.007903494176372712,0.243930334
HiTec,absolute,60,3-2-5-4-1,false,3,4096,8,6046001,0.00855042994323505,5.678640171063701e-7,0.009983361064891847,0.266259833
HiTec,absolute,61,3-4-1-2-5,true,4,4096,8,6046101,0.008284450905250089,1.0714808223927276e-6,0.006863560732113145,0.346950166
HiTec,absolute,62,3-4-1-5-2,true,4,4096,8,6046201,0.008501186496958819,8.037218116765229e-7,0.011647254575707155,0.336093333
HiTec,absolute,63,3-4-2-1-5,true,4,4096,8,6046301,0.008299300985998072,2.9029795813392036e-6,0.004575707154742097,0.555885833
HiTec,absolute,64,3-4-2-5-1,true,4,4096,8,6046401,0.00815220815246388,8.742712389497695e-7,0.005199667221297837,0.333785709
HiTec,absolute,65,3-4-5-1-2,true,4,4096,8,6046501,0.00796590511471073,6.199736077183385e-7,0.009151414309484194,0.337858334
HiTec,absolute,66,3-4-5-2-1,true,4,4096,8,6046601,0.007631122624745885,5.958658461024898e-7,0.0074875207986688855,0.340482833
HiTec,absolute,67,3-5-1-2-4,false,3,4096,8,6046701,0.00917610242036755,4.563815232316002e-7,0.009151414309484194,0.2416685
HiTec,absolute,68,3-5-1-4-2,false,3,4096,8,6046801,0.009050797204468658,3.9553673236854923e-7,0.010607321131447587,0.253635542
HiTec,absolute,69,3-5-2-1-4,false,3,4096,8,6046901,0.00895879404295033,1.7420427097865892e-7,0.010399334442595673,0.257735458
HiTec,absolute,70,3-5-2-4-1,false,3,4096,8,6047001,0.008407848266055593,5.733100577689203e-7,0.01019134775374376,0.274587791
HiTec,absolute,71,3-5-4-1-2,false,3,4096,8,6047101,0.008088573411753891,3.817196519082204e-7,0.009983361064891847,0.258517208
HiTec,absolute,72,3-5-4-2-1,false,3,4096,8,6047201,0.007699230356629634,8.165868456456876e-7,0.007695507487520799,0.274535083
HiTec,absolute,73,4-1-2-3-5,false,3,4096,8,6047301,0.008777933871722848,1.1425626795726922e-6,0.007279534109816971,0.271739166
HiTec,absolute,74,4-1-2-5-3,false,3,4096,8,6047401,0.008904761396420848,9.138755759214459e-8,0.0074875207986688855,0.46696925
HiTec,absolute,75,4-1-3-2-5,false,3,4096,8,6047501,0.008556919906651876,8.305626427620379e-7,0.007903494176372712,0.267361542
HiTec,absolute,76,4-1-3-5-2,false,3,4096,8,6047601,0.008588843520586607,2.584969875588765e-7,0.008527454242928452,0.261747833
HiTec,absolute,77,4-1-5-2-3,false,3,4096,8,6047701,0.008412399132184965,6.257559383649e-8,0.009359400998336107,0.231383666
HiTec,absolute,78,4-1-5-3-2,false,3,4096,8,6047801,0.008334577728448745,2.1768438598713008e-7,0.007071547420965058,0.260876917
HiTec,absolute,79,4-2-1-3-5,false,3,4096,8,6047901,0.008986784679581616,7.501019698125874e-7,0.007903494176372712,0.264678208
HiTec,absolute,80,4-2-1-5-3,false,3,4096,8,6048001,0.009188586771581762,3.4362967726034453e-7,0.009359400998336107,0.233829375
HiTec,absolute,81,4-2-3-1-5,false,3,4096,8,6048101,0.008848791159691994,9.359540681288e-7,0.008111480865224625,0.262026333
HiTec,absolute,82,4-2-3-5-1,false,3,4096,8,6048201,0.008646053219460697,3.76140878107751e-7,0.008735440931780365,0.264954833
HiTec,absolute,83,4-2-5-1-3,false,3,4096,8,6048301,0.008975880281652327,3.34266691858265e-7,0.008319467554076539,0.248384333
HiTec,absolute,84,4-2-5-3-1,false,3,4096,8,6048401,0.00857745444483419,3.341928740390873e-7,0.012271214642262895,0.264301542
HiTec,absolute,85,4-3-1-2-5,true,4,4096,8,6048501,0.00842819734108614,1.2859715586986616e-6,0.008319467554076539,0.347654375
HiTec,absolute,86,4-3-1-5-2,true,4,4096,8,6048601,0.008387737276843442,6.540433485367481e-7,0.010815307820299502,0.521559792
HiTec,absolute,87,4-3-2-1-5,true,4,4096,8,6048701,0.008514872758504134,3.428659440534979e-6,0.008527454242928452,0.341358166
HiTec,absolute,88,4-3-2-5-1,true,4,4096,8,6048801,0.008191255744018236,1.0079660033463068e-6,0.010399334442595673,0.330392792
HiTec,absolute,89,4-3-5-1-2,true,4,4096,8,6048901,0.007793353361834769,8.409520155307357e-7,0.009151414309484194,0.332186792
HiTec,absolute,90,4-3-5-2-1,true,4,4096,8,6049001,0.007542333923111662,3.7714721139236017e-7,0.006447587354409318,0.338131416
HiTec,absolute,91,4-5-1-2-3,false,3,4096,8,6049101,0.008058558530062347,5.952956410455424e-7,0.009983361064891847,0.242633458
HiTec,absolute,92,4-5-1-3-2,false,3,4096,8,6049201,0.007873093953277338,4.423362206958983e-7,0.007071547420965058,0.257017
HiTec,absolute,93,4-5-2-1-3,false,3,4096,8,6049301,0.008325410605386009,1.9267144257133927e-7,0.009983361064891847,0.252175334
HiTec,absolute,94,4-5-2-3-1,false,3,4096,8,6049401,0.007894852869838197,3.6509854749889333e-7,0.006239600665557404,0.275284875
HiTec,absolute,95,4-5-3-1-2,false,3,4096,8,6049501,0.00754150493925357,3.569086926404037e-7,0.005615640599001664,0.265448375
HiTec,absolute,96,4-5-3-2-1,false,3,4096,8,6049601,0.007338463055491195,4.874399503021937e-7,0.005823627287853577,0.27299225
HiTec,absolute,97,5-1-2-3-4,true,4,4096,8,6049701,0.008169668043366624,3.4888092946686813e-6,0.008319467554076539,0.526040333
HiTec,absolute,98,5-1-2-4-3,true,4,4096,8,6049801,0.007937559932799465,6.39827600394272e-6,0.0074875207986688855,0.312961292
HiTec,absolute,99,5-1-3-2-4,false,3,4096,8,6049901,0.008867914808593934,1.4582193631186652e-6,0.012271214642262895,0.272737959
HiTec,absolute,100,5-1-3-4-2,true,4,4096,8,6050001,0.00891682122397142,5.093835595224983e-6,0.009983361064891847,0.354759833
HiTec,absolute,101,5-1-4-2-3,false,3,4096,8,6050101,0.007974661816179875,1.97506970039723e-6,0.007071547420965058,0.277627584
HiTec,absolute,102,5-1-4-3-2,true,4,4096,8,6050201,0.00825918306851327,6.3868089264185325e-6,0.00894342762063228,0.353113959
HiTec,absolute,103,5-2-1-3-4,true,4,4096,8,6050301,0.008286325014354855,1.008760728324792e-6,0.008319467554076539,0.323632583
HiTec,absolute,104,5-2-1-4-3,true,4,4096,8,6050401,0.008170330855492357,4.5534335839965477e-7,0.007903494176372712,0.319702
HiTec,absolute,105,5-2-3-1-4,false,3,4096,8,6050501,0.008878713997578315,6.010614537049309e-7,0.00956738768718802,0.302072958
HiTec,absolute,106,5-2-3-4-1,true,4,4096,8,6050601,0.008675787518289924,5.796388113211634e-6,0.009151414309484194,0.36266875
HiTec,absolute,107,5-2-4-1-3,false,3,4096,8,6050701,0.008498908126235463,5.907535178170641e-7,0.008111480865224625,0.478289208
HiTec,absolute,108,5-2-4-3-1,true,4,4096,8,6050801,0.008419064551957145,4.198855062441518e-6,0.006447587354409318,0.367040209
HiTec,absolute,109,5-3-1-2-4,false,3,4096,8,6050901,0.00910787874664246,6.352786045989579e-7,0.007695507487520799,0.272970417
HiTec,absolute,110,5-3-1-4-2,false,3,4096,8,6051001,0.008864258145292632,9.331241334248729e-7,0.009151414309484194,0.306994791
HiTec,absolute,111,5-3-2-1-4,false,3,4096,8,6051101,0.008964888999141957,5.337276997701184e-7,0.008319467554076539,0.308161292
HiTec,absolute,112,5-3-2-4-1,false,3,4096,8,6051201,0.00835850741312032,1.5620621549382378e-6,0.007695507487520799,0.320533916
HiTec,absolute,113,5-3-4-1-2,true,4,4096,8,6051301,0.007889694025696392,1.7500541195285194e-6,0.007903494176372712,0.348953875
HiTec,absolute,114,5-3-4-2-1,true,4,4096,8,6051401,0.007560216103680875,5.961611627358398e-6,0.0066555740432612314,0.361953625
HiTec,absolute,115,5-4-1-2-3,false,3,4096,8,6051501,0.00786855814056503,7.247098742755831e-7,0.00956738768718802,0.288974417
HiTec,absolute,116,5-4-1-3-2,false,3,4096,8,6051601,0.007818909985463366,1.0818521032847174e-6,0.007279534109816971,0.319566666
HiTec,absolute,117,5-4-2-1-3,false,3,4096,8,6051701,0.008129213837298565,8.845515471661779e-7,0.008527454242928452,0.301435667
HiTec,absolute,118,5-4-2-3-1,false,3,4096,8,6051801,0.007819673098954934,1.0194449959252823e-6,0.007071547420965058,0.541869209
HiTec,absolute,119,5-4-3-1-2,true,4,4096,8,6051901,0.007522547073596111,1.755361781504493e-6,0.0066555740432612314,0.350431375
HiTec,absolute,120,5-4-3-2-1,true,4,4096,8,6052001,0.0072996127437939574,5.116967932101852e-6,0.00478369384359401,0.363007416
Telcm,returns,1,1-2-3-4-5,false,3,4096,8,6940101,0.009758463873129517,3.3720820435464865e-7,0.00656141070330121,0.623319667
Telcm,returns,2,1-2-3-5-4,false,3,4096,8,6940201,0.008627865610440493,3.32322627572386e-7,0.008201763379126512,0.304336958
Telcm,returns,3,1-2-4-3-5,false,3,4096,8,6940301,0.00984703325811518,2.1216932016408889e-7,0.007381587041213861,0.300528833
Telcm,returns,4,1-2-4-5-3,false,3,4096,8,6940401,0.00865199406950328,3.087671199174675e-7,0.007381587041213861,0.320596208
Telcm,returns,5,1-2-5-3-4,false,3,4096,8,6940501,0.00792938563942118,1.037060980845592e-7,0.006151322534344884,0.311184166
Telcm,returns,6,1-2-5-4-3,false,3,4096,8,6940601,0.00788595456654883,2.8611588914450005e-7,0.006971498872257536,0.322078041
Telcm,returns,7,1-3-2-4-5,false,3,4096,8,6940701,0.009957748264918072,2.0015596826779452e-7,0.009226983801517326,0.502382542
Telcm,returns,8,1-3-2-5-4,false,3,4096,8,6940801,0.008871051014251206,2.1051681933307084e-7,0.008611851548082838,0.304496875
Telcm,returns,9,1-3-4-2-5,false,3,4096,8,6940901,0.010029022221922833,1.7959590265689248e-7,0.008611851548082838,0.306472416
Telcm,returns,10,1-3-4-5-2,false,3,4096,8,6941001,0.008977249719384506,8.241015220655809e-7,0.0055361902809103955,0.31167225
Telcm,returns,11,1-3-5-2-4,false,3,4096,8,6941101,0.008398601073722397,1.0612574014284225e-7,0.0075866311256920236,0.309308125
Telcm,returns,12,1-3-5-4-2,false,3,4096,8,6941201,0.008432720594462036,8.441008627349991e-7,0.009842116054951815,0.31564275
Telcm,returns,13,1-4-2-3-5,false,3,4096,8,6941301,0.009930880062589121,2.1257760717692524e-7,0.008201763379126512,0.293161791
Telcm,returns,14,1-4-2-5-3,false,3,4096,8,6941401,0.008721013567114421,1.582111209153741e-7,0.007381587041213861,0.309350458
Telcm,returns,15,1-4-3-2-5,false,3,4096,8,6941501,0.009900485655956089,7.275292991523399e-7,0.0075866311256920236,0.287298125
Telcm,returns,16,1-4-3-5-2,false,3,4096,8,6941601,0.008771664594078209,4.567958123030713e-7,0.008816895632561,0.311184625
Telcm,returns,17,1-4-5-2-3,false,3,4096,8,6941701,0.007964486551242513,1.7604461322856235e-7,0.00799671929464835,0.312543042
Telcm,returns,18,1-4-5-3-2,false,3,4096,8,6941801,0.008024844608155824,1.799889771548239e-6,0.00799671929464835,0.309448208
Telcm,returns,19,1-5-2-3-4,true,4,4096,8,6941901,0.0072820537684770885,3.7653173240201516e-7,0.006151322534344884,0.635446709
Telcm,returns,20,1-5-2-4-3,true,4,4096,8,6942001,0.007184983206279865,3.8540634769307835e-7,0.0075866311256920236,0.431790458
Telcm,returns,21,1-5-3-2-4,true,4,4096,8,6942101,0.007485376862130418,6.259894380005523e-7,0.008816895632561,0.413798875
Telcm,returns,22,1-5-3-4-2,true,4,4096,8,6942201,0.00749133831155138,9.605151392300566e-7,0.0075866311256920236,0.429432
Telcm,returns,23,1-5-4-2-3,true,4,4096,8,6942301,0.007189937962404561,6.034196582932042e-7,0.00799671929464835,0.417137792
Telcm,returns,24,1-5-4-3-2,true,4,4096,8,6942401,0.007294162443955695,4.959257738740501e-6,0.01025220422390814,0.413558125
Telcm,returns,25,2-1-3-4-5,false,3,4096,8,6942501,0.008436782769954463,5.833889977398671e-7,0.006766454787779373,0.321379208
Telcm,returns,26,2-1-3-5-4,false,3,4096,8,6942601,0.008223680757952753,5.192429439249306e-7,0.007176542956735698,0.356004375
Telcm,returns,27,2-1-4-3-5,false,3,4096,8,6942701,0.008601270328019075,7.407802811288671e-7,0.0077916752101701865,0.342326416
Telcm,returns,28,2-1-4-5-3,false,3,4096,8,6942801,0.00840180736384017,1.1556863537521057e-6,0.009021939717039164,0.579158333
Telcm,returns,29,2-1-5-3-4,true,4,4096,8,6942901,0.0079647491309048,9.397428411324411e-7,0.008816895632561,0.444351125
Telcm,returns,30,2-1-5-4-3,true,4,4096,8,6943001,0.00798989700016191,7.605050683420955e-6,0.010457248308386303,0.441323708
Telcm,returns,31,2-3-1-4-5,false,3,4096,8,6943101,0.007784851578144188,9.1190169627273e-7,0.009637071970473652,0.318403125
Telcm,returns,32,2-3-1-5-4,true,4,4096,8,6943201,0.007918032130540086,8.496821470949093e-6,0.01025220422390814,0.433456833
Telcm,returns,33,2-3-4-1-5,true,4,4096,8,6943301,0.007429511685634887,3.930131776903259e-6,0.0055361902809103955,0.383787959
Telcm,returns,34,2-3-4-5-1,true,4,4096,8,6943401,0.007681163828874581,7.289076243075202e-6,0.0055361902809103955,0.379940625
Telcm,returns,35,2-3-5-1-4,true,4,4096,8,6943501,0.008051249192342966,6.126982750684035e-6,0.006971498872257536,0.42903375
Telcm,returns,36,2-3-5-4-1,false,3,4096,8,6943601,0.008136486603663654,1.174063927545564e-6,0.005741234365388558,0.325886833
Telcm,returns,37,2-4-1-3-5,false,3,4096,8,6943701,0.008267270976001195,6.385495311813896e-7,0.008611851548082838,0.553461167
Telcm,returns,38,2-4-1-5-3,true,4,4096,8,6943801,0.008435827198844668,6.732260281840302e-6,0.0075866311256920236,0.452486458
Telcm,returns,39,2-4-3-1-5,true,4,4096,8,6943901,0.007722448133116777,1.026425454816502e-6,0.00656141070330121,0.400909959
Telcm,returns,40,2-4-3-5-1,true,4,4096,8,6944001,0.007959532181908322,1.2651620166054361e-6,0.011072380561820791,0.399040625
Telcm,returns,41,2-4-5-1-3,true,4,4096,8,6944101,0.008528202031816985,4.547881207755305e-6,0.006356366618823047,0.443698542
Telcm,returns,42,2-4-5-3-1,false,3,4096,8,6944201,0.00858714324968993,9.237086224092462e-7,0.01025220422390814,0.337000042
Telcm,returns,43,2-5-1-3-4,true,4,4096,8,6944301,0.008100413743724876,6.474647137119471e-7,0.008406807463604674,0.442267833
Telcm,returns,44,2-5-1-4-3,true,4,4096,8,6944401,0.008116327592739073,6.7244337455282075e-6,0.009021939717039164,0.447380542
Telcm,returns,45,2-5-3-1-4,false,3,4096,8,6944501,0.008434966437803443,6.904984957590662e-7,0.007176542956735698,0.352692916
Telcm,returns,46,2-5-3-4-1,false,3,4096,8,6944601,0.008753264034660715,8.311796883525541e-7,0.00799671929464835,0.545906792
Telcm,returns,47,2-5-4-1-3,false,3,4096,8,6944701,0.008584052171512372,1.7210914122382516e-6,0.009226983801517326,0.355325791
Telcm,returns,48,2-5-4-3-1,false,3,4096,8,6944801,0.008885505048550322,8.751983827494948e-7,0.006971498872257536,0.342240791
Telcm,returns,49,3-1-2-4-5,false,3,4096,8,6944901,0.008542579798559756,3.998421233631575e-7,0.00656141070330121,0.324171959
Telcm,returns,50,3-1-2-5-4,false,3,4096,8,6945001,0.008468500160281204,3.5104493585226873e-7,0.010662292392864465,0.346925792
Telcm,returns,51,3-1-4-2-5,false,3,4096,8,6945101,0.008565233055444054,5.314204498689517e-7,0.006971498872257536,0.330029083
Telcm,returns,52,3-1-4-5-2,false,3,4096,8,6945201,0.008522357511761799,1.3812858527076902e-6,0.007381587041213861,0.368516666
Telcm,returns,53,3-1-5-2-4,true,4,4096,8,6945301,0.008433938954408849,8.335415503702676e-7,0.0077916752101701865,0.444511083
Telcm,returns,54,3-1-5-4-2,true,4,4096,8,6945401,0.00845463050791115,4.8215132754431705e-6,0.0075866311256920236,0.456094667
Telcm,returns,55,3-2-1-4-5,false,3,4096,8,6945501,0.007748107058089604,2.112765035293918e-7,0.007176542956735698,0.325918917
Telcm,returns,56,3-2-1-5-4,true,4,4096,8,6945601,0.00794570505500831,1.2468381292744728e-6,0.009842116054951815,0.669866792
Telcm,returns,57,3-2-4-1-5,true,4,4096,8,6945701,0.007279307532533961,1.1077345090832955e-6,0.006766454787779373,0.388985916
Telcm,returns,58,3-2-4-5-1,true,4,4096,8,6945801,0.007478977664259099,6.491245230560174e-7,0.010047160139429977,0.38350725
Telcm,returns,59,3-2-5-1-4,true,4,4096,8,6945901,0.008029433258872067,8.161814837639327e-7,0.009226983801517326,0.435470125
Telcm,returns,60,3-2-5-4-1,false,3,4096,8,6946001,0.00801347407044674,2.0377787501143207e-7,0.006766454787779373,0.324797209
Telcm,returns,61,3-4-1-2-5,false,3,4096,8,6946101,0.0077648831298619,4.2323031764650573e-7,0.0077916752101701865,0.338148041
Telcm,returns,62,3-4-1-5-2,true,4,4096,8,6946201,0.0079447134417007,7.057876612933612e-6,0.006766454787779373,0.455570375
Telcm,returns,63,3-4-2-1-5,true,4,4096,8,6946301,0.007287435107999777,4.5566699036061934e-7,0.009842116054951815,0.398329
Telcm,returns,64,3-4-2-5-1,true,4,4096,8,6946401,0.007470585311815451,2.829869032098773e-7,0.0077916752101701865,0.403338084
Telcm,returns,65,3-4-5-1-2,true,4,4096,8,6946501,0.008016395758816474,4.2265440352664375e-6,0.009842116054951815,0.452708625
Telcm,returns,66,3-4-5-2-1,false,3,4096,8,6946601,0.00799721632743035,2.169024497578895e-7,0.0075866311256920236,0.56453975
Telcm,returns,67,3-5-1-2-4,true,4,4096,8,6946701,0.00852739469329124,5.756249135995868e-7,0.00799671929464835,0.442866042
Telcm,returns,68,3-5-1-4-2,true,4,4096,8,6946801,0.00850240057403332,5.857452123733017e-6,0.008816895632561,0.451854458
Telcm,returns,69,3-5-2-1-4,false,3,4096,8,6946901,0.008615726434479864,1.6806861302948288e-7,0.008611851548082838,0.342920458
Telcm,returns,70,3-5-2-4-1,false,3,4096,8,6947001,0.008738862262339032,1.9455585516919924e-7,0.009842116054951815,0.330835833
Telcm,returns,71,3-5-4-1-2,false,3,4096,8,6947101,0.008561885801647528,2.108620766186769e-6,0.008611851548082838,0.362393333
Telcm,returns,72,3-5-4-2-1,false,3,4096,8,6947201,0.008713603007099214,4.760150399774628e-7,0.009021939717039164,0.339368541
Telcm,returns,73,4-1-2-3-5,false,3,4096,8,6947301,0.008726351157488087,2.6308050827305255e-7,0.010047160139429977,0.326202292
Telcm,returns,74,4-1-2-5-3,false,3,4096,8,6947401,0.008490667887138259,2.6235479869230285e-7,0.005946278449866721,0.357627
Telcm,returns,75,4-1-3-2-5,false,3,4096,8,6947501,0.00859033651860831,6.367613174297602e-7,0.010047160139429977,0.330156875
Telcm,returns,76,4-1-3-5-2,false,3,4096,8,6947601,0.008345456971529367,7.608581648496085e-7,0.009021939717039164,0.354824584
Telcm,returns,77,4-1-5-2-3,true,4,4096,8,6947701,0.008053940025151288,1.0381248906085175e-6,0.008201763379126512,0.669225167
Telcm,returns,78,4-1-5-3-2,true,4,4096,8,6947801,0.00804440462570605,8.556354325353958e-6,0.0077916752101701865,0.440884458
Telcm,returns,79,4-2-1-3-5,false,3,4096,8,6947901,0.008330909085547523,2.0696548347542406e-7,0.00943202788599549,0.317643958
Telcm,returns,80,4-2-1-5-3,true,4,4096,8,6948001,0.008463436783566113,6.472131110230998e-7,0.00799671929464835,0.433606667
Telcm,returns,81,4-2-3-1-5,true,4,4096,8,6948101,0.007759284974770959,7.909535922141271e-7,0.00656141070330121,0.385292166
Telcm,returns,82,4-2-3-5-1,true,4,4096,8,6948201,0.007928621732665913,6.423339736549607e-7,0.007176542956735698,0.386458166
Telcm,returns,83,4-2-5-1-3,true,4,4096,8,6948301,0.008509834394246286,6.200725876173087e-7,0.009021939717039164,0.440547458
Telcm,returns,84,4-2-5-3-1,false,3,4096,8,6948401,0.008527051257700423,3.1982044450505026e-7,0.009637071970473652,0.327591792
Telcm,returns,85,4-3-1-2-5,false,3,4096,8,6948501,0.007888483574857098,1.670184981484134e-7,0.012302645068689768,0.548323042
Telcm,returns,86,4-3-1-5-2,true,4,4096,8,6948601,0.007976433065430975,8.441057074560848e-7,0.007381587041213861,0.440467333
Telcm,returns,87,4-3-2-1-5,true,4,4096,8,6948701,0.00747628043290116,3.175272027970155e-7,0.00799671929464835,0.385195
Telcm,returns,88,4-3-2-5-1,true,4,4096,8,6948801,0.0076263681308309066,3.485404019277454e-7,0.008201763379126512,0.382062583
Telcm,returns,89,4-3-5-1-2,true,4,4096,8,6948901,0.00799287931456371,5.73884538283327e-7,0.009021939717039164,0.438736416
Telcm,returns,90,4-3-5-2-1,false,3,4096,8,6949001,0.008035547980330853,1.621941709653783e-7,0.011072380561820791,0.31950775
Telcm,returns,91,4-5-1-2-3,true,4,4096,8,6949101,0.008054276986375519,5.69513627535809e-7,0.006766454787779373,0.442057292
Telcm,returns,92,4-5-1-3-2,true,4,4096,8,6949201,0.008030714934559337,5.219655187294705e-6,0.00799671929464835,0.439762125
Telcm,returns,93,4-5-2-1-3,false,3,4096,8,6949301,0.008495923280701177,1.9175542658098686e-7,0.01025220422390814,0.352544833
Telcm,returns,94,4-5-2-3-1,false,3,4096,8,6949401,0.008758981777534692,2.918168695965636e-7,0.008201763379126512,0.332220208
Telcm,returns,95,4-5-3-1-2,false,3,4096,8,6949501,0.0083153627281365,9.511588924014416e-7,0.007381587041213861,0.566427709
Telcm,returns,96,4-5-3-2-1,false,3,4096,8,6949601,0.008596932394396042,5.05872273758976e-7,0.00943202788599549,0.314560458
Telcm,returns,97,5-1-2-3-4,true,4,4096,8,6949701,0.007484137798774031,3.296418380735964e-7,0.006971498872257536,0.423140583
Telcm,returns,98,5-1-2-4-3,true,4,4096,8,6949801,0.007379769763640407,3.014181201944502e-7,0.009021939717039164,0.42200625
Telcm,returns,99,5-1-3-2-4,true,4,4096,8,6949901,0.007689147114568702,6.952804899787288e-7,0.007381587041213861,0.416444083
Telcm,returns,100,5-1-3-4-2,true,4,4096,8,6950001,0.0076826357653059256,1.0150124561416511e-6,0.008201763379126512,0.436688917
Telcm,returns,101,5-1-4-2-3,true,4,4096,8,6950101,0.007373854231375975,5.902708716445137e-7,0.007381587041213861,0.420047167
Telcm,returns,102,5-1-4-3-2,true,4,4096,8,6950201,0.007472282949012882,1.2634657360931769e-5,0.00799671929464835,0.412435667
Telcm,returns,103,5-2-1-3-4,false,3,4096,8,6950301,0.008282411705642461,7.399931799318878e-8,0.009021939717039164,0.30884275
Telcm,returns,104,5-2-1-4-3,false,3,4096,8,6950401,0.008222315510445038,5.206414691734122e-7,0.009637071970473652,0.535021542
Telcm,returns,105,5-2-3-1-4,false,3,4096,8,6950501,0.008933168562058561,3.092859305879186e-7,0.006971498872257536,0.29891625
Telcm,returns,106,5-2-3-4-1,false,3,4096,8,6950601,0.009488870200597879,6.188138501354579e-7,0.012302645068689768,0.285258542
Telcm,returns,107,5-2-4-1-3,false,3,4096,8,6950701,0.008887798532047986,2.0385236798463003e-7,0.010047160139429977,0.319904583
Telcm,returns,108,5-2-4-3-1,false,3,4096,8,6950801,0.00951356640572039,1.487889730750293e-7,0.008816895632561,0.2940505
Telcm,returns,109,5-3-1-2-4,false,3,4096,8,6950901,0.008701956890733517,6.985915146923334e-8,0.008406807463604674,0.300965333
Telcm,returns,110,5-3-1-4-2,false,3,4096,8,6951001,0.008664796723936241,6.890618392803082e-7,0.008816895632561,0.322682291
Telcm,returns,111,5-3-2-1-4,false,3,4096,8,6951101,0.009137018252134848,2.9965652744044207e-7,0.010662292392864465,0.309953084
Telcm,returns,112,5-3-2-4-1,false,3,4096,8,6951201,0.009603806556824652,2.842028284778427e-7,0.011277424646298955,0.284486875
Telcm,returns,113,5-3-4-1-2,false,3,4096,8,6951301,0.009024932266019742,5.708398734797363e-7,0.009226983801517326,0.323545917
Telcm,returns,114,5-3-4-2-1,false,3,4096,8,6951401,0.00953346124249239,1.1823272526357391e-7,0.00656141070330121,0.302949875
Telcm,returns,115,5-4-1-2-3,false,3,4096,8,6951501,0.008138804223198166,1.2445254351783922e-7,0.009842116054951815,0.441318
Telcm,returns,116,5-4-1-3-2,false,3,4096,8,6951601,0.008180186818810569,1.344852467382928e-6,0.010047160139429977,0.301003584
Telcm,returns,117,5-4-2-1-3,false,3,4096,8,6951701,0.008815272928017885,2.461868288727824e-7,0.009842116054951815,0.308424833
Telcm,returns,118,5-4-2-3-1,false,3,4096,8,6951801,0.00943006187713223,3.159832855795813e-7,0.008611851548082838,0.280969167
Telcm,returns,119,5-4-3-1-2,false,3,4096,8,6951901,0.008784316763271197,9.897744619526707e-7,0.00799671929464835,0.3071155
Telcm,returns,120,5-4-3-2-1,false,3,4096,8,6952001,0.009346169923135757,6.670391233335155e-7,0.007381587041213861,0.279349458
Telcm,absolute,1,1-2-3-4-5,true,4,4096,8,7040101,0.008240625447423603,7.040907321323814e-7,0.0074011418904631,0.989372292
Telcm,absolute,2,1-2-3-5-4,true,4,4096,8,7040201,0.008204377020489517,3.536247967860474e-6,0.0074011418904631,0.572192875
Telcm,absolute,3,1-2-4-3-5,false,3,4096,8,7040301,0.008750194494497708,4.810004686801506e-7,0.009727215056037217,0.322903542
Telcm,absolute,4,1-2-4-5-3,false,3,4096,8,7040401,0.008443250117383618,2.780989662587565e-7,0.009938676252907591,0.309077333
Telcm,absolute,5,1-2-5-3-4,false,3,4096,8,7040501,0.008018524668563128,1.92715147590591e-6,0.008246986677944598,0.371424083
Telcm,absolute,6,1-2-5-4-3,false,3,4096,8,7040601,0.00786824732564183,5.992626651126313e-7,0.009092831465426094,0.487490875
Telcm,absolute,7,1-3-2-4-5,true,4,4096,8,7040701,0.008329443166939024,9.559823691283299e-7,0.008035525481074222,0.572793583
Telcm,absolute,8,1-3-2-5-4,true,4,4096,8,7040801,0.008233825646849413,6.233856949140094e-6,0.008246986677944598,0.561318125
Telcm,absolute,9,1-3-4-2-5,false,3,4096,8,7040901,0.008269118317973594,2.997443004724349e-7,0.009304292662296468,0.320228625
Telcm,absolute,10,1-3-4-5-2,false,3,4096,8,7041001,0.008204190281915304,2.2110936536971752e-7,0.008246986677944598,0.295913125
Telcm,absolute,11,1-3-5-2-4,false,3,4096,8,7041101,0.008763307392795353,2.3821292200516963e-6,0.006555297102981603,0.33705475
Telcm,absolute,12,1-3-5-4-2,false,3,4096,8,7041201,0.008687580397740468,2.8086376034470844e-7,0.008458447874814971,0.316393291
Telcm,absolute,13,1-4-2-3-5,true,4,4096,8,7041301,0.00870822526234609,1.5552248084513292e-6,0.008035525481074222,0.558104541
Telcm,absolute,14,1-4-2-5-3,false,3,4096,8,7041401,0.00846155600733484,2.0410598334935033e-7,0.008246986677944598,0.30425225
Telcm,absolute,15,1-4-3-2-5,true,4,4096,8,7041501,0.008135390576255931,1.1907908346080266e-6,0.007824064284203848,0.780240417
Telcm,absolute,16,1-4-3-5-2,false,3,4096,8,7041601,0.0082575152184396,1.7235633283869417e-7,0.009727215056037217,0.299047333
Telcm,absolute,17,1-4-5-2-3,true,4,4096,8,7041701,0.007990937654669364,7.323613521997615e-7,0.008458447874814971,0.502185417
Telcm,absolute,18,1-4-5-3-2,true,4,4096,8,7041801,0.008248137083472674,5.134063740730077e-7,0.009304292662296468,0.51164
Telcm,absolute,19,1-5-2-3-4,true,4,4096,8,7041901,0.007889216214377553,9.538841855513737e-6,0.0076126030873334746,0.568365958
Telcm,absolute,20,1-5-2-4-3,false,3,4096,8,7042001,0.00792072585652837,1.9245824813805876e-7,0.008035525481074222,0.311463125
Telcm,absolute,21,1-5-3-2-4,true,4,4096,8,7042101,0.00862079409906368,4.122349047690103e-6,0.009727215056037217,0.566711
Telcm,absolute,22,1-5-3-4-2,false,3,4096,8,7042201,0.00859759157225561,2.5925025984650957e-7,0.008035525481074222,0.314429958
Telcm,absolute,23,1-5-4-2-3,true,4,4096,8,7042301,0.008041505394824433,1.3993842198864916e-7,0.008246986677944598,0.525089167
Telcm,absolute,24,1-5-4-3-2,true,4,4096,8,7042401,0.008103482433374255,4.868658019373436e-7,0.009727215056037217,0.55579375
Telcm,absolute,25,2-1-3-4-5,false,3,4096,8,7042501,0.008294857781715041,2.4384044885506237e-7,0.008246986677944598,0.460046375
Telcm,absolute,26,2-1-3-5-4,false,3,4096,8,7042601,0.008433675829525181,5.588880442688132e-7,0.008669909071685345,0.293951875
Telcm,absolute,27,2-1-4-3-5,false,3,4096,8,7042701,0.008765402839973168,3.8238804189679784e-7,0.009092831465426094,0.2602185
Telcm,absolute,28,2-1-4-5-3,false,3,4096,8,7042801,0.008514837666973852,2.894481784908114e-7,0.007189680693592726,0.251206958
Telcm,absolute,29,2-1-5-3-4,false,3,4096,8,7042901,0.008273089120496692,8.294010462085309e-7,0.00888137026855572,0.285038333
Telcm,absolute,30,2-1-5-4-3,false,3,4096,8,7043001,0.00800393386689781,1.7389171289295978e-7,0.008458447874814971,0.258682792
Telcm,absolute,31,2-3-1-4-5,true,4,4096,8,7043101,0.008250944341767917,1.1803734126050958e-6,0.008035525481074222,0.539844917
Telcm,absolute,32,2-3-1-5-4,true,4,4096,8,7043201,0.008379853103992986,1.061967255857141e-6,0.010150137449777965,0.549756334
Telcm,absolute,33,2-3-4-1-5,true,4,4096,8,7043301,0.008130210294352418,5.485400903167976e-7,0.00888137026855572,0.542201041
Telcm,absolute,34,2-3-4-5-1,true,4,4096,8,7043401,0.008167393427131317,8.052343026526189e-7,0.007824064284203848,0.774207458
Telcm,absolute,35,2-3-5-1-4,true,4,4096,8,7043501,0.008382758070218663,4.518029033504957e-6,0.009304292662296468,0.542944709
Telcm,absolute,36,2-3-5-4-1,true,4,4096,8,7043601,0.008296928472925189,9.778570031615713e-7,0.00888137026855572,0.537162417
Telcm,absolute,37,2-4-1-3-5,false,3,4096,8,7043701,0.008756958949591652,4.701866439808123e-7,0.0069782194967223515,0.269462833
Telcm,absolute,38,2-4-1-5-3,false,3,4096,8,7043801,0.008635079651541257,4.94899925685864e-7,0.008246986677944598,0.252837292
Telcm,absolute,39,2-4-3-1-5,false,3,4096,8,7043901,0.008164280466081348,2.6370956547645305e-7,0.007189680693592726,0.270555
Telcm,absolute,40,2-4-3-5-1,false,3,4096,8,7044001,0.00833263266183584,7.528580601764615e-7,0.0076126030873334746,0.285013042
Telcm,absolute,41,2-4-5-1-3,false,3,4096,8,7044101,0.008381983135236937,9.81771828602246e-8,0.009304292662296468,0.267689667
Telcm,absolute,42,2-4-5-3-1,false,3,4096,8,7044201,0.008598804763241442,3.962051214828626e-7,0.008669909071685345,0.282393083
Telcm,absolute,43,2-5-1-3-4,false,3,4096,8,7044301,0.008212728487642339,1.0677522092537833e-6,0.0069782194967223515,0.278297667
Telcm,absolute,44,2-5-1-4-3,false,3,4096,8,7044401,0.008121422307414689,4.3772951383195965e-7,0.009092831465426094,0.254675
Telcm,absolute,45,2-5-3-1-4,false,3,4096,8,7044501,0.008395946564393273,1.1290553660512883e-6,0.009304292662296468,0.486500333
Telcm,absolute,46,2-5-3-4-1,false,3,4096,8,7044601,0.008417207291401092,2.429068746427747e-7,0.008669909071685345,0.274463917
Telcm,absolute,47,2-5-4-1-3,false,3,4096,8,7044701,0.00839661935598432,2.1260213318300525e-7,0.01036159864664834,0.24237725
Telcm,absolute,48,2-5-4-3-1,false,3,4096,8,7044801,0.008525177935872244,5.450465616505599e-7,0.006766758299851977,0.274395041
Telcm,absolute,49,3-1-2-4-5,false,3,4096,8,7044901,0.008528601892666339,2.1607612706548242e-7,0.008246986677944598,0.266893042
Telcm,absolute,50,3-1-2-5-4,false,3,4096,8,7045001,0.008307940627119455,9.410180944731621e-7,0.009092831465426094,0.280043959
Telcm,absolute,51,3-1-4-2-5,false,3,4096,8,7045101,0.008461892940107983,3.56570442329407e-7,0.00888137026855572,0.26933075
Telcm,absolute,52,3-1-4-5-2,false,3,4096,8,7045201,0.008254477028372256,3.076605611892711e-7,0.00592091351237048,0.251509041
Telcm,absolute,53,3-1-5-2-4,false,3,4096,8,7045301,0.00880239842276331,9.514897375390561e-7,0.010784521040389088,0.289641541
Telcm,absolute,54,3-1-5-4-2,false,3,4096,8,7045401,0.008702635725969948,1.18898211393279e-7,0.008035525481074222,0.264979167
Telcm,absolute,55,3-2-1-4-5,true,4,4096,8,7045501,0.008390283594249311,1.1956753046799386e-6,0.0076126030873334746,0.539048167
Telcm,absolute,56,3-2-1-5-4,true,4,4096,8,7045601,0.008240510642407677,1.0179491935745654e-6,0.00592091351237048,0.767732375
Telcm,absolute,57,3-2-4-1-5,true,4,4096,8,7045701,0.008307144435170367,3.9833269549212035e-7,0.00592091351237048,0.5392115
Telcm,absolute,58,3-2-4-5-1,true,4,4096,8,7045801,0.008155264100621683,6.304498540006439e-7,0.01036159864664834,0.540823792
Telcm,absolute,59,3-2-5-1-4,true,4,4096,8,7045901,0.008159848398033659,4.4188178099701565e-6,0.008246986677944598,0.531760667
Telcm,absolute,60,3-2-5-4-1,true,4,4096,8,7046001,0.008152631002922265,1.0623871938340066e-6,0.00888137026855572,0.535017208
Telcm,absolute,61,3-4-1-2-5,false,3,4096,8,7046101,0.008243201705715518,9.98044056949869e-7,0.007824064284203848,0.273637334
Telcm,absolute,62,3-4-1-5-2,false,3,4096,8,7046201,0.008196032266824286,4.2312992690779014e-7,0.007824064284203848,0.259647125
Telcm,absolute,63,3-4-2-1-5,false,3,4096,8,7046301,0.008238541883005641,2.896618313022657e-7,0.010784521040389088,0.274076625
Telcm,absolute,64,3-4-2-5-1,false,3,4096,8,7046401,0.008109638136237078,5.296564217278879e-7,0.008035525481074222,0.288100667
Telcm,absolute,65,3-4-5-1-2,false,3,4096,8,7046501,0.00817614482781156,1.2656777563152572e-7,0.008458447874814971,0.265869042
Telcm,absolute,66,3-4-5-2-1,false,3,4096,8,7046601,0.008098303933201975,3.808676441162188e-7,0.010784521040389088,0.5013035
Telcm,absolute,67,3-5-1-2-4,false,3,4096,8,7046701,0.008756869799352723,1.4179214106040444e-6,0.009092831465426094,0.265210791
Telcm,absolute,68,3-5-1-4-2,false,3,4096,8,7046801,0.008678989063891182,3.7990384096395204e-7,0.0076126030873334746,0.250558958
Telcm,absolute,69,3-5-2-1-4,false,3,4096,8,7046901,0.008180943200668584,1.498558091022117e-6,0.009304292662296468,0.270368208
Telcm,absolute,70,3-5-2-4-1,false,3,4096,8,7047001,0.008262881676776504,1.22160323779031e-7,0.00592091351237048,0.271114334
Telcm,absolute,71,3-5-4-1-2,false,3,4096,8,7047101,0.008207962128803401,2.8333328522322425e-7,0.009515753859166844,0.252070833
Telcm,absolute,72,3-5-4-2-1,false,3,4096,8,7047201,0.008271734844204051,4.05513586178527e-7,0.008035525481074222,0.270292083
Telcm,absolute,73,4-1-2-3-5,true,4,4096,8,7047301,0.008610430249661856,6.214011759558997e-6,0.006766758299851977,0.553286125
Telcm,absolute,74,4-1-2-5-3,false,3,4096,8,7047401,0.008457772908184426,1.5120499600536806e-6,0.007824064284203848,0.298422459
Telcm,absolute,75,4-1-3-2-5,true,4,4096,8,7047501,0.008073974243110392,9.384092245288209e-6,0.008669909071685345,0.553652417
Telcm,absolute,76,4-1-3-5-2,false,3,4096,8,7047601,0.008437084073210397,1.3769888574053396e-6,0.007189680693592726,0.521319
Telcm,absolute,77,4-1-5-2-3,true,4,4096,8,7047701,0.008055968222904608,6.563350595738667e-6,0.0074011418904631,0.507161625
Telcm,absolute,78,4-1-5-3-2,true,4,4096,8,7047801,0.008480158583651745,6.75250117210764e-6,0.007189680693592726,0.512623417
Telcm,absolute,79,4-2-1-3-5,false,3,4096,8,7047901,0.008673132206521026,5.191222999261683e-7,0.012687671812222457,0.313841333
Telcm,absolute,80,4-2-1-5-3,false,3,4096,8,7048001,0.008592262191717362,6.428598741099786e-7,0.008035525481074222,0.300550084
Telcm,absolute,81,4-2-3-1-5,true,4,4096,8,7048101,0.008082121660689924,1.8002986263298984e-6,0.007189680693592726,0.54904475
Telcm,absolute,82,4-2-3-5-1,true,4,4096,8,7048201,0.00826127547789135,4.777288696559395e-6,0.008246986677944598,0.563130709
Telcm,absolute,83,4-2-5-1-3,false,3,4096,8,7048301,0.008352391915094886,1.2382163086293437e-6,0.005497991118629732,0.316592125
Telcm,absolute,84,4-2-5-3-1,false,3,4096,8,7048401,0.008548547186597538,1.679586203781805e-6,0.011418904631000211,0.339711375
Telcm,absolute,85,4-3-1-2-5,false,3,4096,8,7048501,0.008000579643723532,6.309337696073451e-7,0.008246986677944598,0.324028333
Telcm,absolute,86,4-3-1-5-2,false,3,4096,8,7048601,0.008320889911499766,1.0132312321523453e-6,0.008458447874814971,0.524507917
Telcm,absolute,87,4-3-2-1-5,true,4,4096,8,7048701,0.007961869507180057,1.1325039628824452e-6,0.008035525481074222,0.553160416
Telcm,absolute,88,4-3-2-5-1,true,4,4096,8,7048801,0.008033983626389277,2.8704007148913877e-6,0.0050750687248889825,0.563425042
Telcm,absolute,89,4-3-5-1-2,false,3,4096,8,7048901,0.008396579822022096,8.864504501666048e-7,0.00888137026855572,0.298533375
Telcm,absolute,90,4-3-5-2-1,false,3,4096,8,7049001,0.008140886895950368,1.0870439304332385e-6,0.007824064284203848,0.336073
Telcm,absolute,91,4-5-1-2-3,true,4,4096,8,7049101,0.00821684575548004,1.8828266622789802e-6,0.009938676252907591,0.519050583
Telcm,absolute,92,4-5-1-3-2,true,4,4096,8,7049201,0.008470194157786735,1.1144193853198468e-6,0.010150137449777965,0.520348666
Telcm,absolute,93,4-5-2-1-3,false,3,4096,8,7049301,0.008388464028841093,7.936414599365964e-7,0.007824064284203848,0.314734375
Telcm,absolute,94,4-5-2-3-1,true,4,4096,8,7049401,0.008461766814030746,4.535521911956697e-6,0.008458447874814971,0.567264875
Telcm,absolute,95,4-5-3-1-2,false,3,4096,8,7049501,0.008517584742677138,6.552650882344524e-7,0.008458447874814971,0.507180125
Telcm,absolute,96,4-5-3-2-1,true,4,4096,8,7049601,0.008329276728406661,9.884729521598867e-6,0.009727215056037217,0.567614458
Telcm,absolute,97,5-1-2-3-4,true,4,4096,8,7049701,0.007915520035369066,1.2346261953898186e-6,0.009515753859166844,0.556164625
Telcm,absolute,98,5-1-2-4-3,false,3,4096,8,7049801,0.008187038537464643,1.4894714512505516e-7,0.009727215056037217,0.291599667
Telcm,absolute,99,5-1-3-2-4,true,4,4096,8,7049901,0.008556348215255421,1.6111524777042194e-6,0.008246986677944598,0.557653083
Telcm,absolute,100,5-1-3-4-2,false,3,4096,8,7050001,0.008555576518743696,3.441193555947969e-7,0.009092831465426094,0.29556
Telcm,absolute,101,5-1-4-2-3,true,4,4096,8,7050101,0.0083234184527217,4.391935299307418e-7,0.008458447874814971,0.517738542
Telcm,absolute,102,5-1-4-3-2,true,4,4096,8,7050201,0.008138775083460479,2.3517945509507715e-7,0.0069782194967223515,0.50769575
Telcm,absolute,103,5-2-1-3-4,false,3,4096,8,7050301,0.007978350630710701,5.530077036088995e-7,0.008669909071685345,0.325536666
Telcm,absolute,104,5-2-1-4-3,false,3,4096,8,7050401,0.008251426053279293,3.806783397117318e-7,0.007189680693592726,0.307679167
Telcm,absolute,105,5-2-3-1-4,true,4,4096,8,7050501,0.008105256378271902,3.897088245386334e-6,0.0069782194967223515,0.778877583
Telcm,absolute,106,5-2-3-4-1,true,4,4096,8,7050601,0.008302820538340404,1.1788797877743214e-6,0.0074011418904631,0.556841375
Telcm,absolute,107,5-2-4-1-3,false,3,4096,8,7050701,0.008625366071835996,2.582155478572399e-7,0.0063438359061112285,0.29341675
Telcm,absolute,108,5-2-4-3-1,false,3,4096,8,7050801,0.008539781299847308,3.609648664340517e-7,0.01036159864664834,0.312624375
Telcm,absolute,109,5-3-1-2-4,false,3,4096,8,7050901,0.008696469584144197,1.910602889847183e-6,0.006132374709240854,0.318466542
Telcm,absolute,110,5-3-1-4-2,false,3,4096,8,7051001,0.008658039243416278,5.435775234255718e-7,0.010150137449777965,0.296365917
Telcm,absolute,111,5-3-2-1-4,true,4,4096,8,7051101,0.00816355279002541,3.203955415426424e-6,0.007189680693592726,0.556432333
Telcm,absolute,112,5-3-2-4-1,true,4,4096,8,7051201,0.008328296406987682,1.4517215459245624e-6,0.011207443434129837,0.559903208
Telcm,absolute,113,5-3-4-1-2,false,3,4096,8,7051301,0.008238085075638632,2.487618922993513e-7,0.008035525481074222,0.301845542
Telcm,absolute,114,5-3-4-2-1,false,3,4096,8,7051401,0.00835767333452204,4.4018428402415647e-7,0.0076126030873334746,0.357940875
Telcm,absolute,115,5-4-1-2-3,true,4,4096,8,7051501,0.008422398067340563,7.048864526590923e-7,0.007824064284203848,0.702108959
Telcm,absolute,116,5-4-1-3-2,true,4,4096,8,7051601,0.008275037312682967,9.72827535012389e-7,0.008458447874814971,0.507987541
Telcm,absolute,117,5-4-2-1-3,false,3,4096,8,7051701,0.008674180252350665,1.3338103315946325e-7,0.00888137026855572,0.289582667
Telcm,absolute,118,5-4-2-3-1,true,4,4096,8,7051801,0.008554156118648414,9.151831998303504e-7,0.006766758299851977,0.556780708
Telcm,absolute,119,5-4-3-1-2,false,3,4096,8,7051901,0.008290280870953,1.8313972269775147e-7,0.005497991118629732,0.296349041
Telcm,absolute,120,5-4-3-2-1,true,4,4096,8,7052001,0.008326352563337063,9.102798192522281e-7,0.006555297102981603,0.556521541
Shops,returns,1,1-2-3-4-5,true,4,4096,8,7940101,0.010273771477833576,1.7465135976317458e-6,0.0051578295853105015,0.842450375
Shops,returns,2,1-2-3-5-4,false,3,4096,8,7940201,0.009028411975978026,2.2816878512695748e-7,0.007839900969671963,0.352813125
Shops,returns,3,1-2-4-3-5,true,4,4096,8,7940301,0.009556035022540934,2.4242299274003144e-6,0.007633587786259542,0.437063875
Shops,returns,4,1-2-4-5-3,false,3,4096,8,7940401,0.009395657654510474,4.1398603452382617e-7,0.008871466886734063,0.391321541
Shops,returns,5,1-2-5-3-4,true,4,4096,8,7940501,0.008346284277284424,7.619328853853734e-7,0.006602021869197442,0.577651375
Shops,returns,6,1-2-5-4-3,true,4,4096,8,7940601,0.00927442778587162,8.085018409650198e-7,0.005364142768722922,0.384719166
Shops,returns,7,1-3-2-4-5,false,3,4096,8,7940701,0.009889694652213581,4.647909130141567e-7,0.007427274602847122,0.371721166
Shops,returns,8,1-3-2-5-4,false,3,4096,8,7940801,0.008104077673317694,2.910089183265265e-7,0.006602021869197442,0.356555
Shops,returns,9,1-3-4-2-5,true,4,4096,8,7940901,0.009180926343749316,1.545052610470047e-6,0.007839900969671963,0.436668125
Shops,returns,10,1-3-4-5-2,true,4,4096,8,7941001,0.007463670873850419,8.565325587200616e-6,0.010934598720858262,0.444079166
Shops,returns,11,1-3-5-2-4,false,3,4096,8,7941101,0.006419488442121098,5.459344188266853e-7,0.009696719620383742,0.373496916
Shops,returns,12,1-3-5-4-2,false,3,4096,8,7941201,0.006373402425451522,1.3128148603963363e-6,0.008871466886734063,0.399411291
Shops,returns,13,1-4-2-3-5,false,3,4096,8,7941301,0.009410127307124054,9.586666391724161e-7,0.007633587786259542,0.390424791
Shops,returns,14,1-4-2-5-3,false,3,4096,8,7941401,0.009430316462392858,1.543878024301062e-6,0.009696719620383742,0.394124459
Shops,returns,15,1-4-3-2-5,true,4,4096,8,7941501,0.009339794267482288,1.9928699231743014e-6,0.008458840519909222,0.624895375
Shops,returns,16,1-4-3-5-2,true,4,4096,8,7941601,0.008176630555550372,4.812904013334648e-6,0.008871466886734063,0.443647875
Shops,returns,17,1-4-5-2-3,false,3,4096,8,7941701,0.009793148059440756,1.696021803176493e-6,0.008046214153084381,0.359357
Shops,returns,18,1-4-5-3-2,false,3,4096,8,7941801,0.008593094385211,5.1734172669579486e-6,0.005983082318960182,0.384937625
Shops,returns,19,1-5-2-3-4,true,4,4096,8,7941901,0.007344162481021029,5.679764343283531e-7,0.007427274602847122,0.412650584
Shops,returns,20,1-5-2-4-3,true,4,4096,8,7942001,0.008724783182149014,5.50871843686407e-7,0.008871466886734063,0.396306792
Shops,returns,21,1-5-3-2-4,false,3,4096,8,7942101,0.006321747882346433,4.323685113582255e-7,0.009903032803796162,0.370821833
Shops,returns,22,1-5-3-4-2,true,4,4096,8,7942201,0.006379383651009425,5.586767543971653e-6,0.006189395502372601,0.448487916
Shops,returns,23,1-5-4-2-3,false,3,4096,8,7942301,0.00923627150015721,1.5585098649305965e-6,0.008665153703321642,0.400230708
Shops,returns,24,1-5-4-3-2,true,4,4096,8,7942401,0.007798120733420002,7.1379790745817086e-6,0.009696719620383742,0.603676
Shops,returns,25,2-1-3-4-5,true,4,4096,8,7942501,0.008835645635266955,1.2435776958511826e-5,0.006395708685785022,0.431275709
Shops,returns,26,2-1-3-5-4,false,3,4096,8,7942601,0.00955514158336613,2.7929293146307903e-6,0.008252527336496802,0.339293584
Shops,returns,27,2-1-4-3-5,true,4,4096,8,7942701,0.007643598629250611,8.770271273058049e-6,0.008871466886734063,0.43716625
Shops,returns,28,2-1-4-5-3,false,3,4096,8,7942801,0.007700504570503856,2.126027884477641e-6,0.009903032803796162,0.3519335
Shops,returns,29,2-1-5-3-4,true,4,4096,8,7942901,0.009006722243358543,7.746805614429423e-6,0.008458840519909222,0.383362167
Shops,returns,30,2-1-5-4-3,true,4,4096,8,7943001,0.008407665997180286,6.203535602190612e-6,0.006395708685785022,0.380138791
Shops,returns,31,2-3-1-4-5,false,3,4096,8,7943101,0.008654402129066999,1.2930643600938075e-6,0.008458840519909222,0.379633
Shops,returns,32,2-3-1-5-4,false,3,4096,8,7943201,0.009578322232882323,9.32297618494391e-7,0.007427274602847122,0.358983959
Shops,returns,33,2-3-4-1-5,true,4,4096,8,7943301,0.007372856452263317,1.113448493503767e-6,0.005570455952135341,0.659611375
Shops,returns,34,2-3-4-5-1,true,4,4096,8,7943401,0.007512953316337453,6.9817052455102915e-6,0.007633587786259542,0.451704958
Shops,returns,35,2-3-5-1-4,false,3,4096,8,7943501,0.009438074314338322,1.6400237202326052e-6,0.006808335052609861,0.359702042
Shops,returns,36,2-3-5-4-1,false,3,4096,8,7943601,0.008632394678759816,2.2343712470171695e-6,0.007633587786259542,0.383051916
Shops,returns,37,2-4-1-3-5,false,3,4096,8,7943701,0.006373567179872091,1.0338237726116156e-6,0.005983082318960182,0.383808
Shops,returns,38,2-4-1-5-3,false,3,4096,8,7943801,0.006551854885323717,1.0868716567538811e-6,0.008252527336496802,0.353632292
Shops,returns,39,2-4-3-1-5,true,4,4096,8,7943901,0.006299619673361557,1.1270629367073246e-6,0.007427274602847122,0.435193042
Shops,returns,40,2-4-3-5-1,true,4,4096,8,7944001,0.006514996451045107,2.5180170590512857e-6,0.009284093253558903,0.445088041
Shops,returns,41,2-4-5-1-3,false,3,4096,8,7944101,0.006627224896922845,7.347553163793228e-7,0.008458840519909222,0.36737275
Shops,returns,42,2-4-5-3-1,false,3,4096,8,7944201,0.006662041502614318,1.0677355791785515e-6,0.008252527336496802,0.402170583
Shops,returns,43,2-5-1-3-4,true,4,4096,8,7944301,0.0091854221612221,1.7743444493037141e-6,0.010109345987208583,0.614408875
Shops,returns,44,2-5-1-4-3,true,4,4096,8,7944401,0.00849086869066092,1.3697184798306852e-6,0.010934598720858262,0.39280275
Shops,returns,45,2-5-3-1-4,false,3,4096,8,7944501,0.00961507069146163,1.582590136749094e-6,0.009284093253558903,0.358815
Shops,returns,46,2-5-3-4-1,true,4,4096,8,7944601,0.008968927004391614,6.613352214926946e-6,0.009284093253558903,0.441432792
Shops,returns,47,2-5-4-1-3,false,3,4096,8,7944701,0.007817140369095423,6.642504035077738e-7,0.011140911904270683,0.362865084
Shops,returns,48,2-5-4-3-1,true,4,4096,8,7944801,0.007933969611976299,8.441176992985693e-6,0.008252527336496802,0.453632625
Shops,returns,49,3-1-2-4-5,false,3,4096,8,7944901,0.00955040225120504,5.639952092210192e-7,0.008252527336496802,0.326344417
Shops,returns,50,3-1-2-5-4,false,3,4096,8,7945001,0.008115761721989244,2.356729982054829e-7,0.010521972354033423,0.303464125
Shops,returns,51,3-1-4-2-5,false,3,4096,8,7945101,0.008917890964677443,4.046852773630576e-7,0.009490406436971322,0.325514333
Shops,returns,52,3-1-4-5-2,false,3,4096,8,7945201,0.007488261462850724,1.7347897046180757e-6,0.008252527336496802,0.344891792
Shops,returns,53,3-1-5-2-4,false,3,4096,8,7945301,0.006533891327320384,1.4843206213943735e-7,0.008871466886734063,0.482857958
Shops,returns,54,3-1-5-4-2,false,3,4096,8,7945401,0.006482333501721173,4.732395957835022e-7,0.008252527336496802,0.328044333
Shops,returns,55,3-2-1-4-5,false,3,4096,8,7945501,0.009651445102649366,1.6807275449984405e-6,0.006808335052609861,0.314317083
Shops,returns,56,3-2-1-5-4,false,3,4096,8,7945601,0.009016930409977824,2.401233186351158e-7,0.010109345987208583,0.297435625
Shops,returns,57,3-2-4-1-5,false,3,4096,8,7945701,0.008675035571796736,3.3360472287191983e-7,0.010109345987208583,0.325351333
Shops,returns,58,3-2-4-5-1,false,3,4096,8,7945801,0.008424659810159538,1.1735471885200701e-6,0.007633587786259542,0.354147959
Shops,returns,59,3-2-5-1-4,false,3,4096,8,7945901,0.008738251566837232,9.334970399341823e-8,0.009077780070146483,0.351533667
Shops,returns,60,3-2-5-4-1,false,3,4096,8,7946001,0.009008352370494823,3.4523960974796005e-7,0.009903032803796162,0.723390167
Shops,returns,61,3-4-1-2-5,true,4,4096,8,7946101,0.009203195593744166,9.372948596292228e-7,0.006808335052609861,0.625528583
Shops,returns,62,3-4-1-5-2,true,4,4096,8,7946201,0.008389311450637451,1.95948576645496e-6,0.007839900969671963,1.006535167
Shops,returns,63,3-4-2-1-5,true,4,4096,8,7946301,0.008909506991743813,4.882770378719181e-7,0.007014648236022282,0.628421
Shops,returns,64,3-4-2-5-1,true,4,4096,8,7946401,0.00874419932050193,4.3497492704602503e-7,0.009077780070146483,0.652230583
Shops,returns,65,3-4-5-1-2,true,4,4096,8,7946501,0.008916367731768673,8.399626244661938e-6,0.005983082318960182,0.647213625
Shops,returns,66,3-4-5-2-1,true,4,4096,8,7946601,0.009497736179234125,7.366687762072641e-7,0.008046214153084381,0.609257208
Shops,returns,67,3-5-1-2-4,false,3,4096,8,7946701,0.0066218853965968275,6.315444822165613e-7,0.007633587786259542,0.402745334
Shops,returns,68,3-5-1-4-2,false,3,4096,8,7946801,0.006652985727433197,8.024766395748417e-7,0.007014648236022282,0.463910333
Shops,returns,69,3-5-2-1-4,false,3,4096,8,7946901,0.007923374360485506,1.235492759821384e-7,0.007427274602847122,0.458773959
Shops,returns,70,3-5-2-4-1,false,3,4096,8,7947001,0.008921875755785276,3.7904279322052466e-7,0.009490406436971322,0.485876625
Shops,returns,71,3-5-4-1-2,false,3,4096,8,7947101,0.008136919891462802,1.7941876269192174e-6,0.007839900969671963,0.45929875
Shops,returns,72,3-5-4-2-1,false,3,4096,8,7947201,0.00912617271954593,2.050838832391163e-7,0.007220961419434702,0.716571917
Shops,returns,73,4-1-2-3-5,false,3,4096,8,7947301,0.0077393629880813854,2.692942109582214e-7,0.008665153703321642,0.457660042
Shops,returns,74,4-1-2-5-3,false,3,4096,8,7947401,0.007989978975454766,2.346162503187091e-7,0.007014648236022282,0.408905791
Shops,returns,75,4-1-3-2-5,false,3,4096,8,7947501,0.008283355381476353,2.3781886826752542e-7,0.006602021869197442,0.436635625
Shops,returns,76,4-1-3-5-2,false,3,4096,8,7947601,0.008432693337305803,1.5527821299831298e-6,0.007427274602847122,0.491825916
Shops,returns,77,4-1-5-2-3,false,3,4096,8,7947701,0.009047873344852948,6.208513949584362e-8,0.007220961419434702,0.429821875
Shops,returns,78,4-1-5-3-2,false,3,4096,8,7947801,0.008970712540704076,1.0584462632403296e-6,0.006395708685785022,0.417130333
Shops,returns,79,4-2-1-3-5,false,3,4096,8,7947901,0.006532418952069827,5.436423541372821e-7,0.006602021869197442,0.407708417
Shops,returns,80,4-2-1-5-3,false,3,4096,8,7948001,0.006770308291356354,5.932654278333639e-7,0.008252527336496802,0.350239542
Shops,returns,81,4-2-3-1-5,false,3,4096,8,7948101,0.006468102636697071,2.854220884147438e-7,0.009903032803796162,0.35918575
Shops,returns,82,4-2-3-5-1,false,3,4096,8,7948201,0.006731370247482232,3.5982864254097767e-7,0.008871466886734063,0.4013485
Shops,returns,83,4-2-5-1-3,false,3,4096,8,7948301,0.006878740365669468,8.959154000119924e-8,0.008665153703321642,0.580321667
Shops,returns,84,4-2-5-3-1,false,3,4096,8,7948401,0.006915707147611449,3.3017032989264363e-7,0.008665153703321642,0.418513625
Shops,returns,85,4-3-1-2-5,true,4,4096,8,7948501,0.008434341619939688,8.796722757836289e-7,0.010109345987208583,0.467847125
Shops,returns,86,4-3-1-5-2,true,4,4096,8,7948601,0.008718312928131279,1.0605942971330062e-6,0.007427274602847122,0.467937709
Shops,returns,87,4-3-2-1-5,true,4,4096,8,7948701,0.007727708992596365,5.994306908659591e-7,0.008665153703321642,0.454295416
Shops,returns,88,4-3-2-5-1,true,4,4096,8,7948801,0.008021578637147933,3.066259396733095e-7,0.009903032803796162,0.475199
Shops,returns,89,4-3-5-1-2,true,4,4096,8,7948901,0.00941357538813397,5.246337357835038e-6,0.009284093253558903,0.461681208
Shops,returns,90,4-3-5-2-1,true,4,4096,8,7949001,0.0093544570660306,5.951159082494904e-7,0.011553538271095523,0.454637291
Shops,returns,91,4-5-1-2-3,false,3,4096,8,7949101,0.00918562367818991,5.443339907155206e-7,0.005570455952135341,0.338256375
Shops,returns,92,4-5-1-3-2,false,3,4096,8,7949201,0.009360205734694956,1.2098767775114736e-6,0.009284093253558903,0.609339875
Shops,returns,93,4-5-2-1-3,false,3,4096,8,7949301,0.008161990547359829,4.2163946033407727e-7,0.009284093253558903,0.331674667
Shops,returns,94,4-5-2-3-1,false,3,4096,8,7949401,0.008279810477921954,3.2425822006946477e-7,0.006808335052609861,0.359566125
Shops,returns,95,4-5-3-1-2,false,3,4096,8,7949501,0.009535948977035273,1.6528453562217309e-6,0.008458840519909222,0.35282175
Shops,returns,96,4-5-3-2-1,false,3,4096,8,7949601,0.009453932045431808,1.8138814781957806e-7,0.009903032803796162,0.355851833
Shops,returns,97,5-1-2-3-4,true,4,4096,8,7949701,0.007427891844894062,2.7469561545092733e-7,0.005570455952135341,0.425069834
Shops,returns,98,5-1-2-4-3,true,4,4096,8,7949801,0.008370195022398661,4.045861445354278e-7,0.007220961419434702,0.437188375
Shops,returns,99,5-1-3-2-4,false,3,4096,8,7949901,0.006515600103650328,1.2025072859727364e-7,0.005983082318960182,0.404984417
Shops,returns,100,5-1-3-4-2,true,4,4096,8,7950001,0.0066386918842359375,1.8274073358879447e-6,0.009490406436971322,0.530292917
Shops,returns,101,5-1-4-2-3,false,3,4096,8,7950101,0.008917200161849832,1.816159225943041e-7,0.009490406436971322,0.398803167
Shops,returns,102,5-1-4-3-2,true,4,4096,8,7950201,0.00805490857366546,1.356124224459082e-6,0.009077780070146483,0.705780667
Shops,returns,103,5-2-1-3-4,true,4,4096,8,7950301,0.008470775196096236,5.970267182681739e-7,0.007220961419434702,0.433583958
Shops,returns,104,5-2-1-4-3,true,4,4096,8,7950401,0.008844085586124022,6.735151642394869e-7,0.009696719620383742,0.44797225
Shops,returns,105,5-2-3-1-4,false,3,4096,8,7950501,0.008963079400076606,1.4130116629158031e-7,0.007839900969671963,0.39871575
Shops,returns,106,5-2-3-4-1,true,4,4096,8,7950601,0.009683835388694563,8.502151510129681e-7,0.010728285537445844,0.517377125
Shops,returns,107,5-2-4-1-3,false,3,4096,8,7950701,0.00881563774289791,1.1051335242958111e-7,0.009284093253558903,0.39756975
Shops,returns,108,5-2-4-3-1,true,4,4096,8,7950801,0.00911735999288774,1.535801867992137e-6,0.006189395502372601,0.507017791
Shops,returns,109,5-3-1-2-4,false,3,4096,8,7950901,0.006714016231794213,2.778359177002885e-7,0.006602021869197442,0.421951084
Shops,returns,110,5-3-1-4-2,false,3,4096,8,7951001,0.006825642794244594,1.4866749947512604e-6,0.008871466886734063,0.450451375
Shops,returns,111,5-3-2-1-4,false,3,4096,8,7951101,0.00805172647635638,2.595319888124168e-7,0.010934598720858262,0.409228
Shops,returns,112,5-3-2-4-1,false,3,4096,8,7951201,0.009255365689289169,2.616176014122542e-7,0.008252527336496802,0.651702291
Shops,returns,113,5-3-4-1-2,true,4,4096,8,7951301,0.0084527019157292,4.090169390603749e-6,0.008871466886734063,0.501521292
Shops,returns,114,5-3-4-2-1,true,4,4096,8,7951401,0.00950961844952825,7.725313892588333e-7,0.009077780070146483,0.48457375
Shops,returns,115,5-4-1-2-3,false,3,4096,8,7951501,0.00949905148582543,6.702948395547272e-7,0.009490406436971322,0.394281417
Shops,returns,116,5-4-1-3-2,false,3,4096,8,7951601,0.009194040850666739,1.7114660738319944e-6,0.012172477821332784,0.515449666
Shops,returns,117,5-4-2-1-3,false,3,4096,8,7951701,0.008895921833024135,3.07473059960939e-7,0.009077780070146483,0.413935334
Shops,returns,118,5-4-2-3-1,false,3,4096,8,7951801,0.009151929103422118,3.918876482935785e-7,0.008665153703321642,0.434161375
Shops,returns,119,5-4-3-1-2,true,4,4096,8,7951901,0.009416674731900476,7.384011162869419e-6,0.009490406436971322,0.505533959
Shops,returns,120,5-4-3-2-1,true,4,4096,8,7952001,0.009974084495564339,7.240546191972826e-7,0.010728285537445844,0.724533708
Shops,absolute,1,1-2-3-4-5,false,3,4096,8,8040101,0.008183902392012443,9.795672968289758e-7,0.006811409110259685,0.740209792
Shops,absolute,2,1-2-3-5-4,false,3,4096,8,8040201,0.008454284163912616,1.2224954397033694e-6,0.008727117922520221,0.724615084
Shops,absolute,3,1-2-4-3-5,false,3,4096,8,8040301,0.008497234843317526,1.2596809242715953e-7,0.010217113665389528,0.68792525
Shops,absolute,4,1-2-4-5-3,false,3,4096,8,8040401,0.00869931869377795,4.3714609922101716e-7,0.006811409110259685,0.7060415
Shops,absolute,5,1-2-5-3-4,true,4,4096,8,8040501,0.008266092998103781,3.6816245670625283e-6,0.006811409110259685,0.962513833
Shops,absolute,6,1-2-5-4-3,true,4,4096,8,8040601,0.008103871128000699,1.0026716575850746e-6,0.009791400595998296,1.188336333
Shops,absolute,7,1-3-2-4-5,false,3,4096,8,8040701,0.008400044490372181,3.387586425600775e-7,0.007237122179650915,0.688633167
Shops,absolute,8,1-3-2-5-4,true,4,4096,8,8040801,0.008466486583394241,8.425382197991256e-6,0.009791400595998296,0.966636208
Shops,absolute,9,1-3-4-2-5,true,4,4096,8,8040901,0.008352749705686639,4.3798172942865096e-7,0.008514261387824606,0.90754175
Shops,absolute,10,1-3-4-5-2,true,4,4096,8,8041001,0.00816663575250419,2.6831840273699133e-7,0.00744997871434653,0.9065155
Shops,absolute,11,1-3-5-2-4,true,4,4096,8,8041101,0.0089732090142913,5.433050320853934e-6,0.010217113665389528,0.953074291
Shops,absolute,12,1-3-5-4-2,false,3,4096,8,8041201,0.008611393505340424,4.155672647585418e-7,0.009578544061302681,0.694370208
Shops,absolute,13,1-4-2-3-5,false,3,4096,8,8041301,0.00851295794819738,1.440239950460408e-7,0.007237122179650915,0.694532167
Shops,absolute,14,1-4-2-5-3,true,4,4096,8,8041401,0.008742204829655984,9.304831959682385e-7,0.008301404853128991,1.152190459
Shops,absolute,15,1-4-3-2-5,true,4,4096,8,8041501,0.008117645653387759,7.096122900993075e-7,0.007875691783737761,0.894467208
Shops,absolute,16,1-4-3-5-2,true,4,4096,8,8041601,0.008221299200066765,4.7164074612690514e-7,0.007875691783737761,0.886773084
Shops,absolute,17,1-4-5-2-3,true,4,4096,8,8041701,0.008144433123159489,1.3806342500478668e-6,0.009578544061302681,0.935107083
Shops,absolute,18,1-4-5-3-2,false,3,4096,8,8041801,0.008122903790577311,7.257761043367385e-8,0.005959982971477224,0.682491334
Shops,absolute,19,1-5-2-3-4,true,4,4096,8,8041901,0.00813679001086765,4.924636743210708e-6,0.010855683269476373,0.954265
Shops,absolute,20,1-5-2-4-3,true,4,4096,8,8042001,0.008135867706894177,9.241745793063678e-7,0.008939974457215836,0.934686708
Shops,absolute,21,1-5-3-2-4,false,3,4096,8,8042101,0.008782062845468938,2.526354182800574e-6,0.00659855257556407,0.754492958
Shops,absolute,22,1-5-3-4-2,false,3,4096,8,8042201,0.008450858857306334,4.306912195251151e-7,0.007237122179650915,0.865637459
Shops,absolute,23,1-5-4-2-3,false,3,4096,8,8042301,0.008169687323755167,2.7299817836484587e-7,0.006385696040868455,0.712756875
Shops,absolute,24,1-5-4-3-2,false,3,4096,8,8042401,0.007959874612214663,1.827766408120716e-7,0.009365687526607066,0.676572084
Shops,absolute,25,2-1-3-4-5,false,3,4096,8,8042501,0.008263470640664815,1.812031172615547e-7,0.010855683269476373,0.654236959
Shops,absolute,26,2-1-3-5-4,false,3,4096,8,8042601,0.008524757785851537,6.122754473127529e-7,0.007662835249042145,0.671119208
Shops,absolute,27,2-1-4-3-5,false,3,4096,8,8042701,0.008432347075189625,2.555029370684493e-7,0.006811409110259685,0.640652709
Shops,absolute,28,2-1-4-5-3,false,3,4096,8,8042801,0.008457024859566358,2.4905483453314947e-7,0.008301404853128991,0.655644125
Shops,absolute,29,2-1-5-3-4,false,3,4096,8,8042901,0.008307667695617568,6.123307860905916e-7,0.007662835249042145,0.673780375
Shops,absolute,30,2-1-5-4-3,false,3,4096,8,8043001,0.007995464696030703,2.452484663713825e-7,0.005959982971477224,0.656980875
Shops,absolute,31,2-3-1-4-5,false,3,4096,8,8043101,0.008382008945859588,4.720427854297585e-7,0.008727117922520221,0.847812292
Shops,absolute,32,2-3-1-5-4,false,3,4096,8,8043201,0.008371341019694029,4.62440397042304e-7,0.009152830991911451,0.655910916
Shops,absolute,33,2-3-4-1-5,false,3,4096,8,8043301,0.008098640193517182,1.4502901142219694e-7,0.005959982971477224,0.643313625
Shops,absolute,34,2-3-4-5-1,false,3,4096,8,8043401,0.00789584065171976,3.458508754431369e-7,0.007237122179650915,0.654600958
Shops,absolute,35,2-3-5-1-4,false,3,4096,8,8043501,0.008481374982443845,8.50922207334014e-7,0.008727117922520221,0.660421167
Shops,absolute,36,2-3-5-4-1,false,3,4096,8,8043601,0.008272054369354236,1.3424395962978967e-7,0.009578544061302681,0.660001834
Shops,absolute,37,2-4-1-3-5,false,3,4096,8,8043701,0.008438760418619552,8.556433030478444e-7,0.010004257130693913,0.633011291
Shops,absolute,38,2-4-1-5-3,false,3,4096,8,8043801,0.008387752697301009,5.062380067393096e-7,0.010004257130693913,0.65480725
Shops,absolute,39,2-4-3-1-5,false,3,4096,8,8043901,0.008128056903399721,1.306743087999128e-7,0.00744997871434653,0.645791209
Shops,absolute,40,2-4-3-5-1,false,3,4096,8,8044001,0.008159929896603,8.105891518469264e-7,0.008727117922520221,0.667506041
Shops,absolute,41,2-4-5-1-3,false,3,4096,8,8044101,0.00832052484050958,3.310674413665229e-7,0.007875691783737761,0.865292708
Shops,absolute,42,2-4-5-3-1,false,3,4096,8,8044201,0.008560534252439404,5.315920723652683e-7,0.009791400595998296,0.659987292
Shops,absolute,43,2-5-1-3-4,true,4,4096,8,8044301,0.008253155541983375,3.643125996959316e-7,0.006385696040868455,0.945072667
Shops,absolute,44,2-5-1-4-3,true,4,4096,8,8044401,0.008062296262412337,5.653054385633302e-7,0.0070242656449553,0.917386459
Shops,absolute,45,2-5-3-1-4,true,4,4096,8,8044501,0.00852219940049218,3.2816721988569737e-6,0.008088548318433376,0.922941792
Shops,absolute,46,2-5-3-4-1,true,4,4096,8,8044601,0.008287357852324631,6.482625163767077e-7,0.011707109408258833,0.918905959
Shops,absolute,47,2-5-4-1-3,true,4,4096,8,8044701,0.008350099544028827,4.104476531633146e-7,0.00659855257556407,0.916641583
Shops,absolute,48,2-5-4-3-1,true,4,4096,8,8044801,0.008333967553723124,7.632465298267825e-7,0.009365687526607066,0.92778125
Shops,absolute,49,3-1-2-4-5,false,3,4096,8,8044901,0.008606097628890292,2.036259733806159e-7,0.008088548318433376,0.90973575
Shops,absolute,50,3-1-2-5-4,true,4,4096,8,8045001,0.00821260918186253,7.991354784548763e-7,0.005959982971477224,0.941267125
Shops,absolute,51,3-1-4-2-5,true,4,4096,8,8045101,0.008605078842762636,1.9523430180924905e-7,0.006385696040868455,0.903057333
Shops,absolute,52,3-1-4-5-2,true,4,4096,8,8045201,0.008164780965649559,4.048729676346321e-7,0.012345679012345678,0.888414375
Shops,absolute,53,3-1-5-2-4,true,4,4096,8,8045301,0.008553331863016912,8.440839216510582e-7,0.007875691783737761,0.941418
Shops,absolute,54,3-1-5-4-2,false,3,4096,8,8045401,0.008417975064309476,1.4838760859813168e-7,0.010642826734780758,0.685293959
Shops,absolute,55,3-2-1-4-5,false,3,4096,8,8045501,0.008489413253503159,5.117480568307241e-7,0.008514261387824606,0.695527083
Shops,absolute,56,3-2-1-5-4,false,3,4096,8,8045601,0.008084501339494848,9.373708753041556e-7,0.006811409110259685,0.712375833
Shops,absolute,57,3-2-4-1-5,false,3,4096,8,8045701,0.008303828653094912,2.7899025437426914e-7,0.007875691783737761,0.894394458
Shops,absolute,58,3-2-4-5-1,false,3,4096,8,8045801,0.008057223801820796,6.008747879420613e-7,0.007875691783737761,0.698290625
Shops,absolute,59,3-2-5-1-4,true,4,4096,8,8045901,0.008211249608645294,5.032889975566605e-6,0.006811409110259685,0.9599405
Shops,absolute,60,3-2-5-4-1,true,4,4096,8,8046001,0.008379308579702795,1.7339895597214207e-6,0.008939974457215836,0.934828709
Shops,absolute,61,3-4-1-2-5,true,4,4096,8,8046101,0.008371790887314916,5.628822066008042e-7,0.008088548318433376,0.895164333
Shops,absolute,62,3-4-1-5-2,true,4,4096,8,8046201,0.008171954023567136,9.966191066582382e-7,0.00744997871434653,0.887925125
Shops,absolute,63,3-4-2-1-5,false,3,4096,8,8046301,0.008263633640158766,1.7531765004050333e-7,0.010004257130693913,0.680105625
Shops,absolute,64,3-4-2-5-1,true,4,4096,8,8046401,0.008179729452879272,6.795838768315065e-7,0.008727117922520221,0.947279792
Shops,absolute,65,3-4-5-1-2,false,3,4096,8,8046501,0.008171188734498675,1.057553926227597e-7,0.008727117922520221,0.893566459
Shops,absolute,66,3-4-5-2-1,true,4,4096,8,8046601,0.008279897788671001,8.223820653263102e-7,0.008727117922520221,0.934149833
Shops,absolute,67,3-5-1-2-4,false,3,4096,8,8046701,0.008373876920581537,6.858632209070241e-7,0.008088548318433376,0.704920041
Shops,absolute,68,3-5-1-4-2,false,3,4096,8,8046801,0.008442042179671434,5.276613739881209e-7,0.00744997871434653,0.693395291
Shops,absolute,69,3-5-2-1-4,true,4,4096,8,8046901,0.008244922301521847,2.4936497335245654e-6,0.007237122179650915,0.943589917
Shops,absolute,70,3-5-2-4-1,true,4,4096,8,8047001,0.008666982198953663,6.953861467075092e-7,0.010004257130693913,0.936706542
Shops,absolute,71,3-5-4-1-2,false,3,4096,8,8047101,0.008282266057552844,2.7706439092419607e-7,0.008939974457215836,0.687094333
Shops,absolute,72,3-5-4-2-1,false,3,4096,8,8047201,0.0084804535047934,4.798475530152275e-7,0.00744997871434653,0.737275666
Shops,absolute,73,4-1-2-3-5,false,3,4096,8,8047301,0.00831397872854383,1.4642441328102098e-6,0.008088548318433376,0.885401041
Shops,absolute,74,4-1-2-5-3,true,4,4096,8,8047401,0.00838345534602747,1.087509479805762e-5,0.011281396338867603,0.93484675
Shops,absolute,75,4-1-3-2-5,true,4,4096,8,8047501,0.008084232727204432,4.759729165041894e-6,0.008088548318433376,0.888491334
Shops,absolute,76,4-1-3-5-2,true,4,4096,8,8047601,0.008497449891367696,6.11138662579669e-6,0.010429970200085143,0.883108416
Shops,absolute,77,4-1-5-2-3,true,4,4096,8,8047701,0.007977744032777227,9.50736067612209e-6,0.009365687526607066,0.9333415
Shops,absolute,78,4-1-5-3-2,false,3,4096,8,8047801,0.008380546186003193,1.278966394003078e-6,0.009578544061302681,0.68113475
Shops,absolute,79,4-2-1-3-5,false,3,4096,8,8047901,0.008430869282444641,1.3764959297097889e-6,0.0070242656449553,0.681386541
Shops,absolute,80,4-2-1-5-3,false,3,4096,8,8048001,0.008401572044130492,6.893022103237401e-7,0.009152830991911451,0.7085455
Shops,absolute,81,4-2-3-1-5,false,3,4096,8,8048101,0.008214474879283784,7.200910859978367e-7,0.00744997871434653,0.91655375
Shops,absolute,82,4-2-3-5-1,false,3,4096,8,8048201,0.00847666826025773,1.0500016123211206e-6,0.008088548318433376,0.705779084
Shops,absolute,83,4-2-5-1-3,true,4,4096,8,8048301,0.008462705688516401,1.1298352795247891e-6,0.008088548318433376,0.943776542
Shops,absolute,84,4-2-5-3-1,true,4,4096,8,8048401,0.008940076373797592,7.4385816858527815e-6,0.010004257130693913,0.940871417
Shops,absolute,85,4-3-1-2-5,true,4,4096,8,8048501,0.008133821754461578,9.173279360418555e-7,0.007875691783737761,0.898464208
Shops,absolute,86,4-3-1-5-2,true,4,4096,8,8048601,0.008392110218506494,1.3493165966438736e-6,0.005959982971477224,0.901064584
Shops,absolute,87,4-3-2-1-5,false,3,4096,8,8048701,0.008069071297214389,5.219128167650394e-7,0.0070242656449553,0.697498
Shops,absolute,88,4-3-2-5-1,true,4,4096,8,8048801,0.00823494847302639,7.812328598402133e-6,0.005959982971477224,0.941952375
Shops,absolute,89,4-3-5-1-2,false,3,4096,8,8048901,0.008403490179997522,7.532203637194406e-7,0.008727117922520221,0.91200825
Shops,absolute,90,4-3-5-2-1,true,4,4096,8,8049001,0.00833340995446946,5.631614550405708e-6,0.010004257130693913,0.954279417
Shops,absolute,91,4-5-1-2-3,false,3,4096,8,8049101,0.008018655629138614,1.301571144760112e-6,0.008514261387824606,0.696804292
Shops,absolute,92,4-5-1-3-2,false,3,4096,8,8049201,0.008444162241499496,1.004597558540262e-6,0.008514261387824606,0.669967792
Shops,absolute,93,4-5-2-1-3,true,4,4096,8,8049301,0.008428857434449117,1.622091366458865e-6,0.008939974457215836,0.929127
Shops,absolute,94,4-5-2-3-1,true,4,4096,8,8049401,0.008738236459735227,7.350120489222103e-6,0.009152830991911451,0.940402584
Shops,absolute,95,4-5-3-1-2,false,3,4096,8,8049501,0.008496619973520102,8.232604629543858e-7,0.006385696040868455,0.686352291
Shops,absolute,96,4-5-3-2-1,false,3,4096,8,8049601,0.008342288542300206,2.2936384154163405e-6,0.009365687526607066,0.720214792
Shops,absolute,97,5-1-2-3-4,false,3,4096,8,8049701,0.007988072087717504,4.0150913990091287e-7,0.006811409110259685,0.898793416
Shops,absolute,98,5-1-2-4-3,false,3,4096,8,8049801,0.008199827801516592,2.1885237030073177e-7,0.008514261387824606,0.648999916
Shops,absolute,99,5-1-3-2-4,false,3,4096,8,8049901,0.00846550076631788,6.681300422682228e-7,0.008939974457215836,0.675240959
Shops,absolute,100,5-1-3-4-2,false,3,4096,8,8050001,0.008384295369108683,8.928691086956286e-8,0.009152830991911451,0.641496208
Shops,absolute,101,5-1-4-2-3,false,3,4096,8,8050101,0.008299500585282798,3.5455907350535213e-7,0.008727117922520221,0.654429708
Shops,absolute,102,5-1-4-3-2,false,3,4096,8,8050201,0.00808882574978083,1.0015175224926754e-7,0.007237122179650915,0.635051875
Shops,absolute,103,5-2-1-3-4,true,4,4096,8,8050301,0.008052257639873286,4.3836629159965085e-7,0.007237122179650915,0.9394285
Shops,absolute,104,5-2-1-4-3,true,4,4096,8,8050401,0.00823676690181678,7.150720479717641e-7,0.009791400595998296,0.920780208
Shops,absolute,105,5-2-3-1-4,true,4,4096,8,8050501,0.008210231245777883,3.2118533827930784e-6,0.007662835249042145,0.919136042
Shops,absolute,106,5-2-3-4-1,true,4,4096,8,8050601,0.00823048746959037,1.1367184012117508e-6,0.011068539804171988,1.115355458
Shops,absolute,107,5-2-4-1-3,true,4,4096,8,8050701,0.008670089863761025,6.31830055601929e-7,0.010004257130693913,0.916025
Shops,absolute,108,5-2-4-3-1,true,4,4096,8,8050801,0.008457831615155616,7.169948800233162e-7,0.008301404853128991,0.923974416
Shops,absolute,109,5-3-1-2-4,false,3,4096,8,8050901,0.00834952871104137,9.97688251872458e-7,0.008514261387824606,0.66028775
Shops,absolute,110,5-3-1-4-2,false,3,4096,8,8051001,0.008436742052035642,3.746322791639291e-7,0.010217113665389528,0.642379042
Shops,absolute,111,5-3-2-1-4,false,3,4096,8,8051101,0.008148277704010285,6.234085146934814e-7,0.00659855257556407,0.664250958
Shops,absolute,112,5-3-2-4-1,false,3,4096,8,8051201,0.00841187922756767,1.3547989254681048e-7,0.008301404853128991,0.658078583
Shops,absolute,113,5-3-4-1-2,false,3,4096,8,8051301,0.008220867133756714,1.9293269493155852e-7,0.011919965942954448,0.638397
Shops,absolute,114,5-3-4-2-1,false,3,4096,8,8051401,0.00825654279187798,3.544688923732592e-7,0.005321413367390379,0.706691209
Shops,absolute,115,5-4-1-2-3,false,3,4096,8,8051501,0.008293442393999755,4.380177819610637e-7,0.00659855257556407,0.825916667
Shops,absolute,116,5-4-1-3-2,false,3,4096,8,8051601,0.008331369329759312,6.002627116422092e-7,0.008939974457215836,0.640578459
Shops,absolute,117,5-4-2-1-3,false,3,4096,8,8051701,0.008687542817103966,2.6041786487698984e-7,0.006385696040868455,0.647647959
Shops,absolute,118,5-4-2-3-1,false,3,4096,8,8051801,0.008593147466672819,9.521984264946438e-7,0.007875691783737761,0.6585875
Shops,absolute,119,5-4-3-1-2,false,3,4096,8,8051901,0.008263886796732936,1.209345660231307e-7,0.006385696040868455,0.648160333
Shops,absolute,120,5-4-3-2-1,false,3,4096,8,8052001,0.008145948074028584,8.043570565885233e-7,0.009578544061302681,0.665987334
Hlth,returns,1,1-2-3-4-5,false,3,4096,8,8940101,0.010095206399086148,5.018836180400998e-7,0.005908720456397718,0.727504584
Hlth,returns,2,1-2-3-5-4,false,3,4096,8,8940201,0.008891518006460467,6.340631070239827e-7,0.007334963325183374,0.297153708
Hlth,returns,3,1-2-4-3-5,false,3,4096,8,8940301,0.010526368600117622,1.3448178871571587e-7,0.005908720456397718,0.288993875
Hlth,returns,4,1-2-4-5-3,false,3,4096,8,8940401,0.009190188383425611,2.825211472892987e-7,0.007946210268948655,0.311765
Hlth,returns,5,1-2-5-3-4,false,3,4096,8,8940501,0.008117202530045576,1.7119488323163825e-7,0.005908720456397718,0.509564791
Hlth,returns,6,1-2-5-4-3,false,3,4096,8,8940601,0.008037595527809499,4.079240117112005e-7,0.007946210268948655,0.310120167
Hlth,returns,7,1-3-2-4-5,false,3,4096,8,8940701,0.00952352813341189,3.485514949738589e-7,0.006316218418907905,0.281833
Hlth,returns,8,1-3-2-5-4,false,3,4096,8,8940801,0.008504203738973063,3.4755350783677027e-7,0.008353708231458843,0.301527292
Hlth,returns,9,1-3-4-2-5,false,3,4096,8,8940901,0.009814783014009542,2.3962453005582185e-7,0.01039119804400978,0.294052541
Hlth,returns,10,1-3-4-5-2,false,3,4096,8,8941001,0.008823271550734544,2.287274718431976e-6,0.008557457212713936,0.311915292
Hlth,returns,11,1-3-5-2-4,false,3,4096,8,8941101,0.008404718725670977,9.005116630569207e-8,0.007538712306438468,0.302349125
Hlth,returns,12,1-3-5-4-2,false,3,4096,8,8941201,0.008471233929379353,2.705752861507083e-6,0.007742461287693562,0.311570833
Hlth,returns,13,1-4-2-3-5,false,3,4096,8,8941301,0.010043736551170076,2.512764762963318e-7,0.008964955175224124,0.281020916
Hlth,returns,14,1-4-2-5-3,false,3,4096,8,8941401,0.008723377662782512,2.9461892172033204e-7,0.0057049714751426246,0.301407541
Hlth,returns,15,1-4-3-2-5,false,3,4096,8,8941501,0.009830876028073436,1.009121603155755e-6,0.0069274653626731865,0.5061605
Hlth,returns,16,1-4-3-5-2,false,3,4096,8,8941601,0.008647848007478101,2.055019743393759e-6,0.009372453137734311,0.295100625
Hlth,returns,17,1-4-5-2-3,false,3,4096,8,8941701,0.007546602774049911,2.953948311052571e-7,0.006723716381418093,0.305423917
Hlth,returns,18,1-4-5-3-2,false,3,4096,8,8941801,0.0076556315268683445,7.759842739753539e-7,0.008149959250203748,0.297464875
Hlth,returns,19,1-5-2-3-4,true,4,4096,8,8941901,0.007339947372315593,2.480633356398034e-7,0.007538712306438468,0.40106175
Hlth,returns,20,1-5-2-4-3,true,4,4096,8,8942001,0.0071646497864786655,4.5248992960659847e-7,0.008557457212713936,0.41746825
Hlth,returns,21,1-5-3-2-4,true,4,4096,8,8942101,0.007855621065334844,5.99846581015214e-7,0.00876120619396903,0.405015292
Hlth,returns,22,1-5-3-4-2,true,4,4096,8,8942201,0.007864596992312116,2.0883470372529573e-6,0.009168704156479218,0.418841375
Hlth,returns,23,1-5-4-2-3,true,4,4096,8,8942301,0.007119450583873026,4.6534933330213934e-7,0.0069274653626731865,0.402368167
Hlth,returns,24,1-5-4-3-2,true,4,4096,8,8942401,0.007296292270589707,6.813089806445871e-6,0.009576202118989406,0.631482958
Hlth,returns,25,2-1-3-4-5,false,3,4096,8,8942501,0.008740561379241375,1.4257045024184156e-6,0.008353708231458843,0.306959875
Hlth,returns,26,2-1-3-5-4,false,3,4096,8,8942601,0.008440567164046665,2.9280561617218915e-6,0.008353708231458843,0.344937667
Hlth,returns,27,2-1-4-3-5,false,3,4096,8,8942701,0.009083084789892603,7.356258613687509e-7,0.008964955175224124,0.33127225
Hlth,returns,28,2-1-4-5-3,false,3,4096,8,8942801,0.008807147757608446,2.454687462732517e-6,0.008964955175224124,0.351985334
Hlth,returns,29,2-1-5-3-4,true,4,4096,8,8942901,0.008003583014988361,1.2685694403280725e-6,0.009779951100244499,0.427530333
Hlth,returns,30,2-1-5-4-3,true,4,4096,8,8943001,0.007995772316607237,8.860115164207638e-6,0.008964955175224124,0.4365445
Hlth,returns,31,2-3-1-4-5,false,3,4096,8,8943101,0.00798853905690097,1.8827496285567253e-6,0.00713121434392828,0.315192917
Hlth,returns,32,2-3-1-5-4,true,4,4096,8,8943201,0.008081753424043145,8.6481141989253e-6,0.009372453137734311,0.428992917
Hlth,returns,33,2-3-4-1-5,true,4,4096,8,8943301,0.007440967658864009,6.368901909926207e-6,0.007742461287693562,0.374156167
Hlth,returns,34,2-3-4-5-1,true,4,4096,8,8943401,0.0076420128831097825,6.385809729213857e-6,0.006316218418907905,0.611849625
Hlth,returns,35,2-3-5-1-4,true,4,4096,8,8943501,0.008369746272557987,7.3733388580097065e-6,0.006723716381418093,0.429434166
Hlth,returns,36,2-3-5-4-1,false,3,4096,8,8943601,0.00844304287848126,2.5177368530465815e-6,0.005501222493887531,0.314463916
Hlth,returns,37,2-4-1-3-5,false,3,4096,8,8943701,0.00811444056056176,5.635275678471237e-7,0.008353708231458843,0.326862916
Hlth,returns,38,2-4-1-5-3,true,4,4096,8,8943801,0.008291632782771374,6.041852413193412e-6,0.010187449062754686,0.441129583
Hlth,returns,39,2-4-3-1-5,true,4,4096,8,8943901,0.007215475218327618,1.547467569512196e-6,0.00876120619396903,0.393906417
Hlth,returns,40,2-4-3-5-1,true,4,4096,8,8944001,0.007390218027421207,1.7348249612273548e-6,0.006316218418907905,0.389539416
Hlth,returns,41,2-4-5-1-3,true,4,4096,8,8944101,0.0083609372243552,6.7452975084946015e-6,0.007334963325183374,0.436149167
Hlth,returns,42,2-4-5-3-1,false,3,4096,8,8944201,0.008375347334759014,6.096598524995069e-7,0.008964955175224124,0.333694
Hlth,returns,43,2-5-1-3-4,true,4,4096,8,8944301,0.007652130903360008,1.1301092560112373e-6,0.005908720456397718,0.654047208
Hlth,returns,44,2-5-1-4-3,true,4,4096,8,8944401,0.007605669327384916,6.5863082612694684e-6,0.009983700081499592,0.440692417
Hlth,returns,45,2-5-3-1-4,false,3,4096,8,8944501,0.008317529401636877,9.607781831435392e-7,0.007946210268948655,0.33811475
Hlth,returns,46,2-5-3-4-1,false,3,4096,8,8944601,0.008692301532539946,1.7210189613282297e-6,0.007946210268948655,0.31813975
Hlth,returns,47,2-5-4-1-3,false,3,4096,8,8944701,0.008454254478679455,4.0572467254263175e-6,0.008353708231458843,0.351278083
Hlth,returns,48,2-5-4-3-1,false,3,4096,8,8944801,0.00886418884533234,8.965578175246479e-7,0.009372453137734311,0.330925209
Hlth,returns,49,3-1-2-4-5,false,3,4096,8,8944901,0.00818821672154529,2.317434516394956e-7,0.008964955175224124,0.317178125
Hlth,returns,50,3-1-2-5-4,false,3,4096,8,8945001,0.007990209961713495,1.9998351076721094e-7,0.005501222493887531,0.346813875
Hlth,returns,51,3-1-4-2-5,false,3,4096,8,8945101,0.00847928247725198,7.028103825543115e-7,0.008149959250203748,0.330740042
Hlth,returns,52,3-1-4-5-2,false,3,4096,8,8945201,0.008357005850383976,2.7808727184043145e-6,0.006519967400162999,0.356012416
Hlth,returns,53,3-1-5-2-4,true,4,4096,8,8945301,0.008250983244834144,8.604609789505871e-7,0.009983700081499592,0.429743541
Hlth,returns,54,3-1-5-4-2,true,4,4096,8,8945401,0.008327537490822368,8.356766327325936e-6,0.009372453137734311,0.658865333
Hlth,returns,55,3-2-1-4-5,false,3,4096,8,8945501,0.007927487310956407,1.535439185418042e-7,0.007946210268948655,0.321682041
Hlth,returns,56,3-2-1-5-4,true,4,4096,8,8945601,0.008018207645800676,1.5475949111756023e-6,0.009779951100244499,0.421553084
Hlth,returns,57,3-2-4-1-5,true,4,4096,8,8945701,0.0074355932636369524,4.645533067780169e-7,0.006316218418907905,0.376809041
Hlth,returns,58,3-2-4-5-1,true,4,4096,8,8945801,0.007622312980186441,6.502415551039484e-7,0.006519967400162999,0.376887667
Hlth,returns,59,3-2-5-1-4,true,4,4096,8,8945901,0.008337459503324403,7.570425506157738e-7,0.010594947025264874,0.424470375
Hlth,returns,60,3-2-5-4-1,false,3,4096,8,8946001,0.008407902403157629,1.6428810834844407e-7,0.009983700081499592,0.319126291
Hlth,returns,61,3-4-1-2-5,false,3,4096,8,8946101,0.008187694257152062,8.396643360878791e-7,0.007538712306438468,0.337867375
Hlth,returns,62,3-4-1-5-2,true,4,4096,8,8946201,0.008268394995285925,4.8581707689956535e-6,0.007538712306438468,0.655445375
Hlth,returns,63,3-4-2-1-5,true,4,4096,8,8946301,0.00745279350710936,2.9079419183581265e-7,0.006519967400162999,0.388320875
Hlth,returns,64,3-4-2-5-1,true,4,4096,8,8946401,0.007606287179798937,3.410027264136221e-7,0.008149959250203748,0.393923083
Hlth,returns,65,3-4-5-1-2,true,4,4096,8,8946501,0.008106398848922081,1.1991192487054818e-5,0.006316218418907905,0.435322375
Hlth,returns,66,3-4-5-2-1,false,3,4096,8,8946601,0.008147651335285533,9.447208760120761e-7,0.009983700081499592,0.324336042
Hlth,returns,67,3-5-1-2-4,true,4,4096,8,8946701,0.008380749287415416,6.463343880700151e-7,0.007538712306438468,0.425511417
Hlth,returns,68,3-5-1-4-2,true,4,4096,8,8946801,0.00832225205430027,6.888930441112045e-6,0.00713121434392828,0.435366917
Hlth,returns,69,3-5-2-1-4,false,3,4096,8,8946901,0.008437513099393777,3.606039491106637e-7,0.008557457212713936,0.342718542
Hlth,returns,70,3-5-2-4-1,false,3,4096,8,8947001,0.0086195650414455,1.606577444284995e-7,0.011206193969030154,0.321886916
Hlth,returns,71,3-5-4-1-2,false,3,4096,8,8947101,0.008070888152990313,2.0048512882604376e-6,0.007742461287693562,0.3529045
Hlth,returns,72,3-5-4-2-1,false,3,4096,8,8947201,0.008321087020968058,5.500427308181536e-7,0.009372453137734311,0.538769667
Hlth,returns,73,4-1-2-3-5,false,3,4096,8,8947301,0.008725019132866928,2.898554409979792e-7,0.007946210268948655,0.311359542
Hlth,returns,74,4-1-2-5-3,false,3,4096,8,8947401,0.008374724635612129,5.576882657764562e-7,0.006519967400162999,0.344882125
Hlth,returns,75,4-1-3-2-5,false,3,4096,8,8947501,0.008556198326530422,8.754221605860836e-7,0.007742461287693562,0.319239834
Hlth,returns,76,4-1-3-5-2,false,3,4096,8,8947601,0.008242632979848053,1.9398822471725083e-6,0.0069274653626731865,0.3397175
Hlth,returns,77,4-1-5-2-3,true,4,4096,8,8947701,0.007541465013359866,8.828748400714938e-7,0.007946210268948655,0.426582042
Hlth,returns,78,4-1-5-3-2,true,4,4096,8,8947801,0.007588453763516828,5.463308562844871e-6,0.009576202118989406,0.4249365
Hlth,returns,79,4-2-1-3-5,false,3,4096,8,8947901,0.00813408635106274,1.5074383168909366e-7,0.007334963325183374,0.315238291
Hlth,returns,80,4-2-1-5-3,true,4,4096,8,8948001,0.00829603982079302,1.6243044941641978e-6,0.008964955175224124,0.426701625
Hlth,returns,81,4-2-3-1-5,true,4,4096,8,8948101,0.007219647762187926,4.595174621504417e-7,0.007334963325183374,0.427201334
Hlth,returns,82,4-2-3-5-1,true,4,4096,8,8948201,0.007379296245035421,4.5034134799219577e-7,0.008353708231458843,0.555136875
Hlth,returns,83,4-2-5-1-3,true,4,4096,8,8948301,0.008349326116734168,7.659686050141074e-7,0.007742461287693562,0.42846025
Hlth,returns,84,4-2-5-3-1,false,3,4096,8,8948401,0.008353303831606951,1.2646857664209527e-7,0.011817440912795437,0.315565084
Hlth,returns,85,4-3-1-2-5,false,3,4096,8,8948501,0.00822161774594021,9.036259353419133e-8,0.010798696006519967,0.312185292
Hlth,returns,86,4-3-1-5-2,true,4,4096,8,8948601,0.008307761461314943,5.796997497173626e-7,0.009779951100244499,0.427023833
Hlth,returns,87,4-3-2-1-5,true,4,4096,8,8948701,0.007465590457173703,4.846385138955128e-7,0.009168704156479218,0.373910291
Hlth,returns,88,4-3-2-5-1,true,4,4096,8,8948801,0.007613223910408615,4.6173450273156014e-7,0.009576202118989406,0.376528667
Hlth,returns,89,4-3-5-1-2,true,4,4096,8,8948901,0.008140568409977431,1.2638045057124318e-6,0.009779951100244499,0.420585875
Hlth,returns,90,4-3-5-2-1,false,3,4096,8,8949001,0.008214299032760776,1.461154619854828e-7,0.00876120619396903,0.31567775
Hlth,returns,91,4-5-1-2-3,true,4,4096,8,8949101,0.00803702233640353,1.068692512316673e-6,0.008149959250203748,0.657284542
Hlth,returns,92,4-5-1-3-2,true,4,4096,8,8949201,0.008053054755105907,8.451486261139674e-6,0.009576202118989406,0.426561333
Hlth,returns,93,4-5-2-1-3,false,3,4096,8,8949301,0.008883196213237746,3.581845615344283e-7,0.007742461287693562,0.336765
Hlth,returns,94,4-5-2-3-1,false,3,4096,8,8949401,0.009251625728593487,5.281916561284927e-7,0.008964955175224124,0.312788125
Hlth,returns,95,4-5-3-1-2,false,3,4096,8,8949501,0.008518630678163252,1.1481667017023452e-6,0.006519967400162999,0.339633541
Hlth,returns,96,4-5-3-2-1,false,3,4096,8,8949601,0.008898149029901072,6.094478633579464e-7,0.009576202118989406,0.310904458
Hlth,returns,97,5-1-2-3-4,true,4,4096,8,8949701,0.007473342433210709,3.84562113310026e-7,0.008353708231458843,0.404437541
Hlth,returns,98,5-1-2-4-3,true,4,4096,8,8949801,0.007291795219319648,4.999771888034266e-7,0.006723716381418093,0.415714375
Hlth,returns,99,5-1-3-2-4,true,4,4096,8,8949901,0.008041649717233146,8.024473170540268e-7,0.007334963325183374,0.4019045
Hlth,returns,100,5-1-3-4-2,true,4,4096,8,8950001,0.008032341354553909,1.7943671490216403e-6,0.008149959250203748,0.646583875
Hlth,returns,101,5-1-4-2-3,true,4,4096,8,8950101,0.007330145942608846,1.2293706405404475e-6,0.008964955175224124,0.411489833
Hlth,returns,102,5-1-4-3-2,true,4,4096,8,8950201,0.0075043935474609,7.074270955636311e-6,0.010187449062754686,0.397189625
Hlth,returns,103,5-2-1-3-4,false,3,4096,8,8950301,0.007874580603377822,1.1349426433612295e-7,0.0034637326813365932,0.295192
Hlth,returns,104,5-2-1-4-3,false,3,4096,8,8950401,0.007772591561028268,6.576878472441791e-7,0.007946210268948655,0.307682125
Hlth,returns,105,5-2-3-1-4,false,3,4096,8,8950501,0.008799413332216129,4.827540881278618e-7,0.009576202118989406,0.300777334
Hlth,returns,106,5-2-3-4-1,false,3,4096,8,8950601,0.009461038980855674,6.238984910126953e-7,0.011409942950285249,0.275735625
Hlth,returns,107,5-2-4-1-3,false,3,4096,8,8950701,0.008885277575843191,6.834445033201739e-7,0.010187449062754686,0.314969917
Hlth,returns,108,5-2-4-3-1,false,3,4096,8,8950801,0.009658511644199752,2.493244212458659e-7,0.008557457212713936,0.291776667
Hlth,returns,109,5-3-1-2-4,false,3,4096,8,8950901,0.008695494127550864,1.178003204677651e-7,0.007742461287693562,0.300487333
Hlth,returns,110,5-3-1-4-2,false,3,4096,8,8951001,0.008626927815637621,1.1853752226733844e-6,0.009779951100244499,0.503562167
Hlth,returns,111,5-3-2-1-4,false,3,4096,8,8951101,0.008972109485389696,4.1741658066324657e-7,0.00713121434392828,0.292694458
Hlth,returns,112,5-3-2-4-1,false,3,4096,8,8951201,0.00944892269513671,1.905519534971716e-7,0.010798696006519967,0.285060792
Hlth,returns,113,5-3-4-1-2,false,3,4096,8,8951301,0.008627149580644356,9.266045683639541e-7,0.010187449062754686,0.302932
Hlth,returns,114,5-3-4-2-1,false,3,4096,8,8951401,0.00917180268749924,1.2983383258412088e-7,0.009372453137734311,0.296325292
Hlth,returns,115,5-4-1-2-3,false,3,4096,8,8951501,0.008269540476395831,1.5637574880209616e-7,0.009983700081499592,0.293040167
Hlth,returns,116,5-4-1-3-2,false,3,4096,8,8951601,0.008344147348935758,1.6101746744223926e-6,0.008557457212713936,0.317434042
Hlth,returns,117,5-4-2-1-3,false,3,4096,8,8951701,0.009361251180051204,1.4383199343429543e-7,0.009779951100244499,0.325905083
Hlth,returns,118,5-4-2-3-1,false,3,4096,8,8951801,0.010126380192490248,3.614974930010072e-7,0.009779951100244499,0.339735292
Hlth,returns,119,5-4-3-1-2,false,3,4096,8,8951901,0.00903457556354503,7.963246047471381e-7,0.008557457212713936,0.352164541
Hlth,returns,120,5-4-3-2-1,false,3,4096,8,8952001,0.009722823820047731,9.294350434007651e-7,0.011817440912795437,0.271619584
Hlth,absolute,1,1-2-3-4-5,false,3,4096,8,9040101,0.007534780254037054,5.824508769487885e-7,0.00546448087431694,1.913027333
Hlth,absolute,2,1-2-3-5-4,false,3,4096,8,9040201,0.0074448361468986216,5.24156908124914e-7,0.00819672131147541,0.891578292
Hlth,absolute,3,1-2-4-3-5,true,4,4096,8,9040301,0.008326192564104492,4.1669762048602074e-6,0.009247583018074821,1.008952709
Hlth,absolute,4,1-2-4-5-3,true,4,4096,8,9040401,0.008646299781162783,1.071535979390288e-6,0.007776376628835646,1.050651583
Hlth,absolute,5,1-2-5-3-4,false,3,4096,8,9040501,0.007511532411104241,2.6451296766381643e-7,0.006305170239596469,1.05206425
Hlth,absolute,6,1-2-5-4-3,false,3,4096,8,9040601,0.007883342683142495,4.1548915146843507e-7,0.006515342580916352,0.77304475
Hlth,absolute,7,1-3-2-4-5,true,4,4096,8,9040701,0.007839290191230787,1.0928245861570816e-6,0.008406893652795292,0.827069208
Hlth,absolute,8,1-3-2-5-4,false,3,4096,8,9040801,0.0077624310612548954,8.250920708938025e-8,0.007566204287515763,0.744970292
Hlth,absolute,9,1-3-4-2-5,true,4,4096,8,9040901,0.008548764412083236,1.7193866040847964e-6,0.006305170239596469,0.807684334
Hlth,absolute,10,1-3-4-5-2,false,3,4096,8,9041001,0.008812258302138163,1.3019803956638975e-7,0.009667927700714587,0.755404958
Hlth,absolute,11,1-3-5-2-4,true,4,4096,8,9041101,0.008596087028181971,2.88282929982681e-7,0.008827238335435058,0.824666583
Hlth,absolute,12,1-3-5-4-2,true,4,4096,8,9041201,0.008955969197223735,2.389207003317868e-7,0.009667927700714587,0.774841417
Hlth,absolute,13,1-4-2-3-5,true,4,4096,8,9041301,0.008914872205833054,5.305836417527437e-6,0.007986548970155528,1.055514458
Hlth,absolute,14,1-4-2-5-3,true,4,4096,8,9041401,0.009199552436939384,1.2660390985912286e-6,0.00819672131147541,0.82928175
Hlth,absolute,15,1-4-3-2-5,false,3,4096,8,9041501,0.008660164584002296,4.2731550099277473e-7,0.009457755359394703,0.766937
Hlth,absolute,16,1-4-3-5-2,false,3,4096,8,9041601,0.00878945673529292,4.302240753058452e-7,0.01008827238335435,0.866807667
Hlth,absolute,17,1-4-5-2-3,false,3,4096,8,9041701,0.008585954854288869,3.5378732026151334e-7,0.007986548970155528,0.770041834
Hlth,absolute,18,1-4-5-3-2,false,3,4096,8,9041801,0.008490826897693605,3.010151409361436e-7,0.006305170239596469,0.7413445
Hlth,absolute,19,1-5-2-3-4,false,3,4096,8,9041901,0.007787039586561701,1.4544480474200843e-7,0.01008827238335435,0.746418334
Hlth,absolute,20,1-5-2-4-3,true,4,4096,8,9042001,0.008031549143382355,8.938482098659373e-7,0.007986548970155528,0.887577375
Hlth,absolute,21,1-5-3-2-4,true,4,4096,8,9042101,0.008475165654700568,8.451394252644016e-7,0.009667927700714587,0.784738292
Hlth,absolute,22,1-5-3-4-2,true,4,4096,8,9042201,0.008659808643594292,4.658673012654179e-7,0.00819672131147541,1.002640208
Hlth,absolute,23,1-5-4-2-3,true,4,4096,8,9042301,0.008217931335060177,8.663602793492648e-7,0.007986548970155528,0.806073458
Hlth,absolute,24,1-5-4-3-2,false,3,4096,8,9042401,0.008145547252436732,1.2633389392152881e-7,0.00819672131147541,0.771568709
Hlth,absolute,25,2-1-3-4-5,false,3,4096,8,9042501,0.007516824123459887,7.427860045110973e-7,0.007145859604875998,0.857143625
Hlth,absolute,26,2-1-3-5-4,false,3,4096,8,9042601,0.007503913716246638,5.674763359310408e-7,0.007356031946195881,0.977191417
Hlth,absolute,27,2-1-4-3-5,false,3,4096,8,9042701,0.008196066212305128,7.890700629270142e-7,0.009247583018074821,0.8186945
Hlth,absolute,28,2-1-4-5-3,false,3,4096,8,9042801,0.008394263074253765,2.052659645511105e-7,0.007566204287515763,0.74017425
Hlth,absolute,29,2-1-5-3-4,false,3,4096,8,9042901,0.0075939738479948345,3.126254558585117e-7,0.006515342580916352,0.789738791
Hlth,absolute,30,2-1-5-4-3,false,3,4096,8,9043001,0.007808741558779631,2.99830429286039e-7,0.010298444724674232,0.80755725
Hlth,absolute,31,2-3-1-4-5,false,3,4096,8,9043101,0.007650385774377056,4.358675828612068e-7,0.008406893652795292,0.794552292
Hlth,absolute,32,2-3-1-5-4,false,3,4096,8,9043201,0.007697156806635835,4.200257681327066e-8,0.0058848255569567045,1.04814325
Hlth,absolute,33,2-3-4-1-5,false,3,4096,8,9043301,0.00794464507323944,7.343319767321981e-7,0.007566204287515763,0.828955542
Hlth,absolute,34,2-3-4-5-1,false,3,4096,8,9043401,0.008229924517826304,1.794560218179876e-7,0.009247583018074821,1.106143459
Hlth,absolute,35,2-3-5-1-4,false,3,4096,8,9043501,0.00836657922656722,2.2925542649151737e-7,0.0069356872635561164,0.77114375
Hlth,absolute,36,2-3-5-4-1,false,3,4096,8,9043601,0.008620609144904527,4.2036436337655764e-7,0.00903741067675494,0.653704292
Hlth,absolute,37,2-4-1-3-5,true,4,4096,8,9043701,0.00863054731393439,5.743734345105919e-6,0.009667927700714587,0.731149958
Hlth,absolute,38,2-4-1-5-3,true,4,4096,8,9043801,0.008718381190461467,5.317324628112597e-7,0.00903741067675494,0.73156175
Hlth,absolute,39,2-4-3-1-5,true,4,4096,8,9043901,0.00823880779199824,1.2778725478845634e-6,0.009247583018074821,0.747593625
Hlth,absolute,40,2-4-3-5-1,true,4,4096,8,9044001,0.008351287722853906,5.256727059076531e-7,0.007566204287515763,0.950455541
Hlth,absolute,41,2-4-5-1-3,true,4,4096,8,9044101,0.008805486672208162,7.044133789028145e-7,0.010718789407313998,0.744978792
Hlth,absolute,42,2-4-5-3-1,true,4,4096,8,9044201,0.008809738088498272,7.908276066394885e-7,0.008617065994115174,0.717709042
Hlth,absolute,43,2-5-1-3-4,false,3,4096,8,9044301,0.008144752093068577,1.7367999695457491e-7,0.00903741067675494,0.647553583
Hlth,absolute,44,2-5-1-4-3,false,3,4096,8,9044401,0.008228788420084284,7.247346190583391e-7,0.00819672131147541,0.663788
Hlth,absolute,45,2-5-3-1-4,false,3,4096,8,9044501,0.00859954633134703,1.927845115715268e-7,0.007986548970155528,0.642918292
Hlth,absolute,46,2-5-3-4-1,false,3,4096,8,9044601,0.008687760570584492,5.102803170544962e-7,0.01092896174863388,0.686462833
Hlth,absolute,47,2-5-4-1-3,false,3,4096,8,9044701,0.008924418794677194,6.527185468283744e-7,0.00903741067675494,0.666675875
Hlth,absolute,48,2-5-4-3-1,false,3,4096,8,9044801,0.008882872677208347,4.070171239397044e-7,0.00903741067675494,0.70235625
Hlth,absolute,49,3-1-2-4-5,true,4,4096,8,9044901,0.008150763504547527,3.186945300616262e-6,0.007145859604875998,1.003623541
Hlth,absolute,50,3-1-2-5-4,false,3,4096,8,9045001,0.008007968145362785,3.695813424234504e-7,0.007145859604875998,0.701930334
Hlth,absolute,51,3-1-4-2-5,true,4,4096,8,9045101,0.008854182781990785,4.92029132624332e-6,0.00903741067675494,0.786761167
Hlth,absolute,52,3-1-4-5-2,false,3,4096,8,9045201,0.008887143446120809,3.994256697650762e-7,0.011769651113913409,0.720149583
Hlth,absolute,53,3-1-5-2-4,true,4,4096,8,9045301,0.008820540012159364,3.6901235708856277e-7,0.009457755359394703,0.74531625
Hlth,absolute,54,3-1-5-4-2,true,4,4096,8,9045401,0.009005294031649768,1.6280448525012115e-7,0.008406893652795292,0.852381667
Hlth,absolute,55,3-2-1-4-5,false,3,4096,8,9045501,0.007939607758532464,1.1033137054569755e-6,0.006515342580916352,1.004693542
Hlth,absolute,56,3-2-1-5-4,false,3,4096,8,9045601,0.007884427553251373,4.2965807937956914e-7,0.011559478772593527,0.883994292
Hlth,absolute,57,3-2-4-1-5,true,4,4096,8,9045701,0.008198601982201289,4.3253866188910216e-6,0.01008827238335435,1.067850333
Hlth,absolute,58,3-2-4-5-1,true,4,4096,8,9045801,0.008387800501020523,7.487518628842598e-7,0.005674653215636823,1.282593708
Hlth,absolute,59,3-2-5-1-4,false,3,4096,8,9045901,0.008572882647487175,1.9006092259689743e-7,0.009667927700714587,0.895392458
Hlth,absolute,60,3-2-5-4-1,false,3,4096,8,9046001,0.008833749303254805,4.6384454812550316e-7,0.009878100042034469,0.952660959
Hlth,absolute,61,3-4-1-2-5,false,3,4096,8,9046101,0.008802529619500331,2.178481519141979e-6,0.007566204287515763,1.06531575
Hlth,absolute,62,3-4-1-5-2,false,3,4096,8,9046201,0.008496356540326322,4.6185453755066895e-7,0.007986548970155528,1.103949208
Hlth,absolute,63,3-4-2-1-5,true,4,4096,8,9046301,0.00838033154349338,2.5375719929272712e-6,0.00546448087431694,1.41253125
Hlth,absolute,64,3-4-2-5-1,true,4,4096,8,9046401,0.00819001536581755,1.070254663467556e-6,0.007356031946195881,0.957344167
Hlth,absolute,65,3-4-5-1-2,false,3,4096,8,9046501,0.007816315247809716,1.3811048367929995e-7,0.009667927700714587,0.950363084
Hlth,absolute,66,3-4-5-2-1,false,3,4096,8,9046601,0.007913304666323348,3.2149498641676073e-7,0.00546448087431694,1.216525209
Hlth,absolute,67,3-5-1-2-4,true,4,4096,8,9046701,0.009060100959800357,2.5202851396351085e-7,0.00903741067675494,1.083209875
Hlth,absolute,68,3-5-1-4-2,true,4,4096,8,9046801,0.008766743529101874,5.802891048784191e-7,0.007356031946195881,0.859470916
Hlth,absolute,69,3-5-2-1-4,false,3,4096,8,9046901,0.00895970683032837,1.516641349744604e-7,0.00903741067675494,0.775283541
Hlth,absolute,70,3-5-2-4-1,true,4,4096,8,9047001,0.00887711826167045,1.3903638799949819e-6,0.009667927700714587,0.862838292
Hlth,absolute,71,3-5-4-1-2,false,3,4096,8,9047101,0.007947323322536321,1.37090063532335e-7,0.00903741067675494,0.845782792
Hlth,absolute,72,3-5-4-2-1,true,4,4096,8,9047201,0.008132730171920042,2.0422971221314975e-6,0.01008827238335435,0.917162334
Hlth,absolute,73,4-1-2-3-5,false,3,4096,8,9047301,0.008919451093425821,1.0693981795128437e-6,0.007145859604875998,0.727904333
Hlth,absolute,74,4-1-2-5-3,false,3,4096,8,9047401,0.008984697624560832,2.3956990721508983e-7,0.009247583018074821,0.78904
Hlth,absolute,75,4-1-3-2-5,false,3,4096,8,9047501,0.008693266126606605,5.30963726984991e-7,0.008406893652795292,1.370406833
Hlth,absolute,76,4-1-3-5-2,false,3,4096,8,9047601,0.008583340938751944,3.2056183228169243e-7,0.008827238335435058,0.786465333
Hlth,absolute,77,4-1-5-2-3,false,3,4096,8,9047701,0.008315101616490381,3.6983504851947e-7,0.008406893652795292,0.759148416
Hlth,absolute,78,4-1-5-3-2,false,3,4096,8,9047801,0.008189759429336859,1.6797659033245788e-7,0.007356031946195881,0.743099958
Hlth,absolute,79,4-2-1-3-5,true,4,4096,8,9047901,0.008834765639000907,5.039703443913658e-6,0.008617065994115174,0.987476833
Hlth,absolute,80,4-2-1-5-3,true,4,4096,8,9048001,0.00883659748882895,7.433738320893716e-7,0.008827238335435058,0.911546
Hlth,absolute,81,4-2-3-1-5,true,4,4096,8,9048101,0.008359000323108526,1.5267868037438178e-6,0.009457755359394703,0.895218375
Hlth,absolute,82,4-2-3-5-1,true,4,4096,8,9048201,0.008235240216952357,8.945698325997172e-7,0.007356031946195881,0.8699995
Hlth,absolute,83,4-2-5-1-3,true,4,4096,8,9048301,0.008729505537855025,4.131484576797827e-7,0.008617065994115174,1.058470042
Hlth,absolute,84,4-2-5-3-1,true,4,4096,8,9048401,0.008622991202769194,6.708261649285405e-7,0.009247583018074821,1.25151575
Hlth,absolute,85,4-3-1-2-5,false,3,4096,8,9048501,0.008603194679219196,7.48751260348706e-7,0.009878100042034469,0.741420667
Hlth,absolute,86,4-3-1-5-2,false,3,4096,8,9048601,0.00831294482763167,8.178045794693336e-8,0.009878100042034469,0.727459958
Hlth,absolute,87,4-3-2-1-5,false,3,4096,8,9048701,0.008223487242826205,6.483482770986455e-7,0.009457755359394703,0.726836
Hlth,absolute,88,4-3-2-5-1,false,3,4096,8,9048801,0.007934759964817331,2.4976496753099876e-7,0.0069356872635561164,0.740484792
Hlth,absolute,89,4-3-5-1-2,false,3,4096,8,9048901,0.007651102247563777,1.5248566255101126e-7,0.008406893652795292,0.773861417
Hlth,absolute,90,4-3-5-2-1,false,3,4096,8,9049001,0.007631238946629547,3.8227505662223773e-7,0.008827238335435058,0.730981
Hlth,absolute,91,4-5-1-2-3,false,3,4096,8,9049101,0.007888450341905917,9.876818668594216e-7,0.008406893652795292,0.736269042
Hlth,absolute,92,4-5-1-3-2,false,3,4096,8,9049201,0.007635159362997473,6.317208211852102e-8,0.0058848255569567045,0.712059209
Hlth,absolute,93,4-5-2-1-3,false,3,4096,8,9049301,0.008436883039721257,6.048340321748346e-7,0.01008827238335435,0.743901208
Hlth,absolute,94,4-5-2-3-1,false,3,4096,8,9049401,0.008208037547226826,1.392781993171341e-7,0.007986548970155528,0.992026541
Hlth,absolute,95,4-5-3-1-2,false,3,4096,8,9049501,0.007494590699412244,4.7557871199826047e-7,0.006305170239596469,0.909752541
Hlth,absolute,96,4-5-3-2-1,false,3,4096,8,9049601,0.007517217076225945,1.0884150443267188e-6,0.00819672131147541,0.991617958
Hlth,absolute,97,5-1-2-3-4,false,3,4096,8,9049701,0.008125535421827063,8.455899745124978e-7,0.006725514922236234,0.83351125
Hlth,absolute,98,5-1-2-4-3,true,4,4096,8,9049801,0.00817115175024468,4.096067414534488e-6,0.006094997898276587,0.874735875
Hlth,absolute,99,5-1-3-2-4,true,4,4096,8,9049901,0.008682486753340157,1.1669280035903208e-6,0.010508617065994116,0.799195208
Hlth,absolute,100,5-1-3-4-2,true,4,4096,8,9050001,0.008460347925234714,6.08538605206463e-7,0.009247583018074821,0.800697875
Hlth,absolute,101,5-1-4-2-3,true,4,4096,8,9050101,0.008079689689879257,4.9660203137833774e-6,0.007986548970155528,0.981164875
Hlth,absolute,102,5-1-4-3-2,false,3,4096,8,9050201,0.007812251620346553,6.805534814962389e-7,0.009247583018074821,1.030159792
Hlth,absolute,103,5-2-1-3-4,false,3,4096,8,9050301,0.008456322984532229,1.0865616838847972e-6,0.007566204287515763,0.88929575
Hlth,absolute,104,5-2-1-4-3,false,3,4096,8,9050401,0.008522024897546472,1.3423937329649831e-6,0.009457755359394703,1.044470583
Hlth,absolute,105,5-2-3-1-4,false,3,4096,8,9050501,0.008814455303957117,8.737974680958074e-7,0.007356031946195881,0.764509083
Hlth,absolute,106,5-2-3-4-1,false,3,4096,8,9050601,0.008664067196461568,1.2778005395800497e-6,0.007776376628835646,0.900512375
Hlth,absolute,107,5-2-4-1-3,true,4,4096,8,9050701,0.009160469797067331,5.811003097877677e-6,0.006725514922236234,0.873333834
Hlth,absolute,108,5-2-4-3-1,true,4,4096,8,9050801,0.008890225660509642,1.0643469582938368e-6,0.009247583018074821,0.817310834
Hlth,absolute,109,5-3-1-2-4,true,4,4096,8,9050901,0.008998776270266186,4.777629915852556e-6,0.007356031946195881,0.771962042
Hlth,absolute,110,5-3-1-4-2,true,4,4096,8,9051001,0.00855758598284123,7.426555554774957e-6,0.00819672131147541,0.776544708
Hlth,absolute,111,5-3-2-1-4,false,3,4096,8,9051101,0.008868944374460902,1.373214849327334e-6,0.007566204287515763,0.75369825
Hlth,absolute,112,5-3-2-4-1,true,4,4096,8,9051201,0.008572373614358088,6.1879630379335e-6,0.009878100042034469,1.043792084
Hlth,absolute,113,5-3-4-1-2,false,3,4096,8,9051301,0.00772545568798392,1.92313940363116e-6,0.008617065994115174,1.006836084
Hlth,absolute,114,5-3-4-2-1,true,4,4096,8,9051401,0.007833540021730352,5.102353838803535e-6,0.006305170239596469,0.871894458
Hlth,absolute,115,5-4-1-2-3,false,3,4096,8,9051501,0.007951979568249683,1.0558368680833407e-6,0.007145859604875998,0.946744166
Hlth,absolute,116,5-4-1-3-2,false,3,4096,8,9051601,0.007548246658648669,5.520849330799142e-7,0.009878100042034469,0.805964375
Hlth,absolute,117,5-4-2-1-3,true,4,4096,8,9051701,0.008685558149946848,5.812446900320375e-6,0.008406893652795292,0.841342792
Hlth,absolute,118,5-4-2-3-1,true,4,4096,8,9051801,0.008346430992359589,1.5784716221582895e-6,0.007356031946195881,0.833835209
Hlth,absolute,119,5-4-3-1-2,false,3,4096,8,9051901,0.007437163735002745,8.877099687418879e-7,0.00546448087431694,0.760310167
Hlth,absolute,120,5-4-3-2-1,false,3,4096,8,9052001,0.007539165824888733,9.232104759099236e-7,0.009667927700714587,0.774656208
Utils,returns,1,1-2-3-4-5,true,4,4096,8,9940101,0.007159293207176114,6.418393445694713e-6,0.011095130470515718,1.025032
Utils,returns,2,1-2-3-5-4,true,4,4096,8,9940201,0.006543664312007031,2.652775369165937e-6,0.00513663447709061,0.733094458
Utils,returns,3,1-2-4-3-5,false,3,4096,8,9940301,0.007793876417880378,2.5525143390149257e-6,0.007396753647010479,0.418509875
Utils,returns,4,1-2-4-5-3,false,3,4096,8,9940401,0.008362442948398437,2.5360598612115767e-6,0.008835011300595849,0.378948792
Utils,returns,5,1-2-5-3-4,false,3,4096,8,9940501,0.006776860335559726,1.557808934892715e-6,0.007396753647010479,0.406123709
Utils,returns,6,1-2-5-4-3,false,3,4096,8,9940601,0.00803144708304645,1.049968062981789e-6,0.008013149784261353,0.406791084
Utils,returns,7,1-3-2-4-5,true,4,4096,8,9940701,0.007890453813349102,3.6781627661471025e-6,0.006369426751592357,0.51292075
Utils,returns,8,1-3-2-5-4,true,4,4096,8,9940801,0.006897168660592423,1.9979546961418477e-6,0.006780357509759606,0.490494625
Utils,returns,9,1-3-4-2-5,false,3,4096,8,9940901,0.009464124580167828,2.7862891353127915e-6,0.010067803575097596,0.422784083
Utils,returns,10,1-3-4-5-2,false,3,4096,8,9941001,0.009630738607126307,1.226486845049294e-6,0.007807684405177728,0.404845708
Utils,returns,11,1-3-5-2-4,false,3,4096,8,9941101,0.006948913778855396,2.366101910264081e-6,0.008013149784261353,0.736119084
Utils,returns,12,1-3-5-4-2,false,3,4096,8,9941201,0.008195970612493574,1.4197059352596975e-6,0.007602219026094103,0.459761
Utils,returns,13,1-4-2-3-5,true,4,4096,8,9941301,0.009394276078900385,3.92165078355644e-6,0.005958495993425108,0.581350958
Utils,returns,14,1-4-2-5-3,false,3,4096,8,9941401,0.009293082636637017,2.6590593861440764e-6,0.009656872816930347,0.411029459
Utils,returns,15,1-4-3-2-5,true,4,4096,8,9941501,0.01039670044283849,4.1372854972591535e-6,0.007602219026094103,0.539257917
Utils,returns,16,1-4-3-5-2,false,3,4096,8,9941601,0.010498965541343443,1.7695581871478572e-6,0.007602219026094103,0.383582792
Utils,returns,17,1-4-5-2-3,true,4,4096,8,9941701,0.009313312613888403,1.8940691614388296e-6,0.007807684405177728,0.543007917
Utils,returns,18,1-4-5-3-2,true,4,4096,8,9941801,0.009619245621058991,1.8857102290163996e-6,0.01027326895418122,0.525200042
Utils,returns,19,1-5-2-3-4,true,4,4096,8,9941901,0.00668559553751722,6.79085501731058e-6,0.007602219026094103,0.532852916
Utils,returns,20,1-5-2-4-3,false,3,4096,8,9942001,0.0078906522270263,3.769746280524508e-6,0.008629545921512225,0.571137917
Utils,returns,21,1-5-3-2-4,true,4,4096,8,9942101,0.006573801947314379,1.1498542770274711e-5,0.008629545921512225,0.503951458
Utils,returns,22,1-5-3-4-2,false,3,4096,8,9942201,0.007665505863306199,1.215747895114578e-6,0.006780357509759606,0.355742625
Utils,returns,23,1-5-4-2-3,true,4,4096,8,9942301,0.008366571451953006,7.469330086369805e-6,0.008629545921512225,0.439527292
Utils,returns,24,1-5-4-3-2,true,4,4096,8,9942401,0.00836404472019547,7.875276778266655e-6,0.0084240805424286,0.427525625
Utils,returns,25,2-1-3-4-5,false,3,4096,8,9942501,0.006446244871413159,5.78412778604425e-7,0.006163961372508732,0.366639875
Utils,returns,26,2-1-3-5-4,false,3,4096,8,9942601,0.007209532031626633,7.340591600663873e-7,0.007191288267926854,0.350904792
Utils,returns,27,2-1-4-3-5,false,3,4096,8,9942701,0.006747689870394198,4.0785448828916965e-7,0.0084240805424286,0.379620375
Utils,returns,28,2-1-4-5-3,false,3,4096,8,9942801,0.008180723873117829,1.4850695180302654e-7,0.007396753647010479,0.352504917
Utils,returns,29,2-1-5-3-4,false,3,4096,8,9942901,0.007869008110115977,2.5033032892142703e-6,0.009451407437846723,0.362553417
Utils,returns,30,2-1-5-4-3,false,3,4096,8,9943001,0.008572815758840452,4.881471173119539e-7,0.010067803575097596,0.582226209
Utils,returns,31,2-3-1-4-5,true,4,4096,8,9943101,0.006675194217983025,4.0151600026995867e-7,0.008013149784261353,0.515560375
Utils,returns,32,2-3-1-5-4,true,4,4096,8,9943201,0.007949645594741789,7.400292841399782e-7,0.009656872816930347,0.466157542
Utils,returns,33,2-3-4-1-5,true,4,4096,8,9943301,0.006548176915131055,1.2005222747879589e-6,0.007602219026094103,0.463023792
Utils,returns,34,2-3-4-5-1,true,4,4096,8,9943401,0.007287627385311585,8.261507163826405e-6,0.009451407437846723,0.463407875
Utils,returns,35,2-3-5-1-4,true,4,4096,8,9943501,0.009622102847735306,7.611675024493856e-7,0.009862338196013972,0.485226416
Utils,returns,36,2-3-5-4-1,true,4,4096,8,9943601,0.00894967492460224,1.8630104747747328e-6,0.008218615163344977,0.487200541
Utils,returns,37,2-4-1-3-5,false,3,4096,8,9943701,0.006840814628829505,4.0293727557807145e-7,0.007191288267926854,0.356914541
Utils,returns,38,2-4-1-5-3,false,3,4096,8,9943801,0.008229206959658347,3.191681906995248e-7,0.007191288267926854,0.327608625
Utils,returns,39,2-4-3-1-5,false,3,4096,8,9943901,0.0064795515180829715,3.111310319581908e-7,0.005753030614341483,0.655694125
Utils,returns,40,2-4-3-5-1,false,3,4096,8,9944001,0.007006702968273196,1.4879272594139353e-6,0.008218615163344977,0.397119375
Utils,returns,41,2-4-5-1-3,false,3,4096,8,9944101,0.008641744876042131,5.57396669905304e-7,0.008013149784261353,0.396962958
Utils,returns,42,2-4-5-3-1,false,3,4096,8,9944201,0.007826721990315845,6.548413291471303e-7,0.0084240805424286,0.3848945
Utils,returns,43,2-5-1-3-4,false,3,4096,8,9944301,0.009552098428164166,5.283490793160646e-7,0.007396753647010479,0.374523167
Utils,returns,44,2-5-1-4-3,false,3,4096,8,9944401,0.009970362990887612,3.984765226335352e-7,0.006369426751592357,0.320418292
Utils,returns,45,2-5-3-1-4,false,3,4096,8,9944501,0.010553241796017217,3.4473766611037957e-7,0.007396753647010479,0.352953042
Utils,returns,46,2-5-3-4-1,false,3,4096,8,9944601,0.010131126446853708,1.5112167756298459e-6,0.007396753647010479,0.371146041
Utils,returns,47,2-5-4-1-3,false,3,4096,8,9944701,0.009997175404054277,1.4807718271329262e-7,0.008013149784261353,0.341307541
Utils,returns,48,2-5-4-3-1,false,3,4096,8,9944801,0.009340509937455095,8.468180649119742e-7,0.009040476679679475,0.3769205
Utils,returns,49,3-1-2-4-5,false,3,4096,8,9944901,0.008406859113554882,3.0408358098002674e-6,0.008218615163344977,0.373377916
Utils,returns,50,3-1-2-5-4,false,3,4096,8,9945001,0.008326950221656405,5.242723982927046e-7,0.006780357509759606,0.580293083
Utils,returns,51,3-1-4-2-5,false,3,4096,8,9945101,0.00931759627452628,1.8204455879016717e-6,0.008835011300595849,0.370061833
Utils,returns,52,3-1-4-5-2,false,3,4096,8,9945201,0.008970279156142173,1.4502896443871716e-7,0.0084240805424286,0.3444135
Utils,returns,53,3-1-5-2-4,false,3,4096,8,9945301,0.008294655117280428,2.099002949127711e-6,0.008218615163344977,0.333180541
Utils,returns,54,3-1-5-4-2,false,3,4096,8,9945401,0.00820784322204132,2.805585424707768e-7,0.009451407437846723,0.324911917
Utils,returns,55,3-2-1-4-5,true,4,4096,8,9945501,0.007940816067057752,8.939141709623654e-7,0.010478734333264845,0.502060416
Utils,returns,56,3-2-1-5-4,true,4,4096,8,9945601,0.008781847978835447,8.719651382316316e-7,0.006780357509759606,0.492397667
Utils,returns,57,3-2-4-1-5,true,4,4096,8,9945701,0.00771837063325724,6.074829820421093e-7,0.007807684405177728,0.474750125
Utils,returns,58,3-2-4-5-1,true,4,4096,8,9945801,0.007908779311730823,1.1594308368277068e-5,0.007396753647010479,0.470895333
Utils,returns,59,3-2-5-1-4,true,4,4096,8,9945901,0.010284170410730353,1.1630713422635125e-6,0.007807684405177728,0.473176917
Utils,returns,60,3-2-5-4-1,true,4,4096,8,9946001,0.009451704285157967,2.1025470289654046e-6,0.011095130470515718,0.743472708
Utils,returns,61,3-4-1-2-5,false,3,4096,8,9946101,0.009096937445451155,8.933164962893839e-7,0.010684199712348469,0.338164958
Utils,returns,62,3-4-1-5-2,false,3,4096,8,9946201,0.008698851335108577,2.468637855692593e-7,0.007602219026094103,0.315076834
Utils,returns,63,3-4-2-1-5,false,3,4096,8,9946301,0.00814221305216301,7.36001163056905e-7,0.007396753647010479,0.3475355
Utils,returns,64,3-4-2-5-1,false,3,4096,8,9946401,0.007741753842153073,3.202394869666332e-6,0.008013149784261353,0.346044625
Utils,returns,65,3-4-5-1-2,false,3,4096,8,9946501,0.007876313240605604,3.4353106939115555e-7,0.006369426751592357,0.318370958
Utils,returns,66,3-4-5-2-1,false,3,4096,8,9946601,0.0077855793792734815,8.519672256048916e-7,0.009245942058763099,0.355721917
Utils,returns,67,3-5-1-2-4,false,3,4096,8,9946701,0.008693078208089509,3.763437968232821e-7,0.009656872816930347,0.358987417
Utils,returns,68,3-5-1-4-2,false,3,4096,8,9946801,0.007990213805318874,1.5750419820128347e-7,0.009451407437846723,0.332047834
Utils,returns,69,3-5-2-1-4,false,3,4096,8,9946901,0.010190798656117106,5.723894179058603e-7,0.006574892130675981,0.356051
Utils,returns,70,3-5-2-4-1,false,3,4096,8,9947001,0.009652067252456691,3.8791641272886045e-6,0.005753030614341483,0.363429042
Utils,returns,71,3-5-4-1-2,false,3,4096,8,9947101,0.007868397577260225,9.936300499849131e-8,0.009451407437846723,0.568676542
Utils,returns,72,3-5-4-2-1,false,3,4096,8,9947201,0.008232129512936563,1.305735422403331e-6,0.006780357509759606,0.372502333
Utils,returns,73,4-1-2-3-5,true,4,4096,8,9947301,0.009724985637640963,1.6520941308722395e-6,0.008835011300595849,0.494335084
Utils,returns,74,4-1-2-5-3,false,3,4096,8,9947401,0.009098460114286501,1.6683262577941892e-7,0.009451407437846723,0.3634675
Utils,returns,75,4-1-3-2-5,true,4,4096,8,9947501,0.010576889852762296,3.651454522129144e-6,0.008218615163344977,0.517331083
Utils,returns,76,4-1-3-5-2,false,3,4096,8,9947601,0.009843207891861425,2.1427403282327723e-7,0.00698582288884323,0.369933
Utils,returns,77,4-1-5-2-3,true,4,4096,8,9947701,0.008868384204903816,8.307124312989869e-7,0.011095130470515718,0.456931666
Utils,returns,78,4-1-5-3-2,true,4,4096,8,9947801,0.008976546410017236,6.537306625951882e-7,0.0084240805424286,0.4757425
Utils,returns,79,4-2-1-3-5,false,3,4096,8,9947901,0.008271005133456735,4.7510083879103786e-7,0.007807684405177728,0.404320167
Utils,returns,80,4-2-1-5-3,false,3,4096,8,9948001,0.008338914729733839,2.4908864250104737e-7,0.009245942058763099,0.410033083
Utils,returns,81,4-2-3-1-5,true,4,4096,8,9948101,0.007720329669951037,9.055993960108777e-7,0.010478734333264845,0.697334333
Utils,returns,82,4-2-3-5-1,true,4,4096,8,9948201,0.007322420214080288,1.1318505002921199e-5,0.008629545921512225,0.491223209
Utils,returns,83,4-2-5-1-3,false,3,4096,8,9948301,0.008136765382831847,4.2888605166797896e-7,0.009040476679679475,0.367590875
Utils,returns,84,4-2-5-3-1,false,3,4096,8,9948401,0.007670834331842746,1.3755692308504575e-6,0.007807684405177728,0.442672583
Utils,returns,85,4-3-1-2-5,false,3,4096,8,9948501,0.009543032630909748,5.438263677553688e-7,0.006574892130675981,0.44438925
Utils,returns,86,4-3-1-5-2,false,3,4096,8,9948601,0.008916738792871505,1.749911008719978e-7,0.011916991986850216,0.43867
Utils,returns,87,4-3-2-1-5,true,4,4096,8,9948701,0.008321972004658753,9.590529227630714e-7,0.009862338196013972,0.583510333
Utils,returns,88,4-3-2-5-1,true,4,4096,8,9948801,0.007557169008633355,1.0521965071015628e-5,0.008218615163344977,0.56053225
Utils,returns,89,4-3-5-1-2,false,3,4096,8,9948901,0.007817581245535917,1.0330830348397914e-6,0.006780357509759606,0.376838916
Utils,returns,90,4-3-5-2-1,false,3,4096,8,9949001,0.00752714150951993,6.064758356082027e-7,0.008835011300595849,0.691770708
Utils,returns,91,4-5-1-2-3,true,4,4096,8,9949101,0.007984907125901329,3.1424769658408793e-7,0.007807684405177728,0.449012958
Utils,returns,92,4-5-1-3-2,true,4,4096,8,9949201,0.007831490103137648,4.5582419120704256e-7,0.008835011300595849,0.441426792
Utils,returns,93,4-5-2-1-3,false,3,4096,8,9949301,0.007994861456106547,1.226688077591245e-7,0.008013149784261353,0.376171458
Utils,returns,94,4-5-2-3-1,true,4,4096,8,9949401,0.007739544276159199,9.198579602951842e-7,0.008013149784261353,0.493592042
Utils,returns,95,4-5-3-1-2,false,3,4096,8,9949501,0.0074933387354408345,6.351924305355463e-8,0.0084240805424286,0.370111333
Utils,returns,96,4-5-3-2-1,true,4,4096,8,9949601,0.007449999655185701,9.73096569002434e-7,0.007191288267926854,0.503777583
Utils,returns,97,5-1-2-3-4,true,4,4096,8,9949701,0.007312603277841462,6.159677468881005e-7,0.010478734333264845,0.512468042
Utils,returns,98,5-1-2-4-3,false,3,4096,8,9949801,0.00786407422685711,1.5124197101854076e-7,0.007191288267926854,0.376667583
Utils,returns,99,5-1-3-2-4,true,4,4096,8,9949901,0.007000245711835296,8.114362580045022e-7,0.007191288267926854,0.751857333
Utils,returns,100,5-1-3-4-2,false,3,4096,8,9950001,0.007181613406344497,1.4196716681656444e-7,0.007602219026094103,0.41199525
Utils,returns,101,5-1-4-2-3,true,4,4096,8,9950101,0.0077306240256977115,1.1055695476251406e-6,0.007191288267926854,0.462598875
Utils,returns,102,5-1-4-3-2,true,4,4096,8,9950201,0.007446636131196488,1.0415051223121965e-6,0.007602219026094103,0.444979416
Utils,returns,103,5-2-1-3-4,false,3,4096,8,9950301,0.008959097778773894,7.991745916832163e-7,0.010478734333264845,0.395473
Utils,returns,104,5-2-1-4-3,false,3,4096,8,9950401,0.009246629496100734,2.8618309754923003e-7,0.00698582288884323,0.371780584
Utils,returns,105,5-2-3-1-4,true,4,4096,8,9950501,0.010152981071730637,9.92892304591017e-7,0.010067803575097596,0.505051208
Utils,returns,106,5-2-3-4-1,true,4,4096,8,9950601,0.01055279932654502,8.197620465639126e-6,0.007602219026094103,0.521092209
Utils,returns,107,5-2-4-1-3,false,3,4096,8,9950701,0.009463537676828128,8.402898113005758e-7,0.007807684405177728,0.388454291
Utils,returns,108,5-2-4-3-1,false,3,4096,8,9950801,0.009667981137668586,1.7772867029054693e-6,0.011095130470515718,0.418671333
Utils,returns,109,5-3-1-2-4,false,3,4096,8,9950901,0.007796134310511553,4.2300454097367456e-7,0.008835011300595849,0.655016042
Utils,returns,110,5-3-1-4-2,false,3,4096,8,9951001,0.007492050996390202,4.6646852284023207e-7,0.0084240805424286,0.396646625
Utils,returns,111,5-3-2-1-4,true,4,4096,8,9951101,0.009321067453209542,1.4103590800820636e-6,0.009656872816930347,0.512924042
Utils,returns,112,5-3-2-4-1,true,4,4096,8,9951201,0.009634638670677197,1.1026866846566364e-5,0.01027326895418122,0.51192775
Utils,returns,113,5-3-4-1-2,false,3,4096,8,9951301,0.007569494577141265,5.220187557960208e-7,0.0084240805424286,0.378935083
Utils,returns,114,5-3-4-2-1,false,3,4096,8,9951401,0.008232946490156911,1.8867826801140989e-6,0.011300595849599342,0.420275584
Utils,returns,115,5-4-1-2-3,true,4,4096,8,9951501,0.007737817224965141,2.7357258075893847e-7,0.009245942058763099,0.458018709
Utils,returns,116,5-4-1-3-2,true,4,4096,8,9951601,0.007415575862038193,3.1454568402896337e-7,0.009656872816930347,0.458988417
Utils,returns,117,5-4-2-1-3,false,3,4096,8,9951701,0.008172949467874675,5.99179365288418e-7,0.009451407437846723,0.394504917
Utils,returns,118,5-4-2-3-1,true,4,4096,8,9951801,0.008269243266765345,5.23659642559003e-6,0.007602219026094103,0.770774
Utils,returns,119,5-4-3-1-2,false,3,4096,8,9951901,0.0073264940465151305,5.879193799720407e-7,0.008835011300595849,0.375889208
Utils,returns,120,5-4-3-2-1,true,4,4096,8,9952001,0.007789076113513857,6.593531802727746e-6,0.008218615163344977,0.514145625
Utils,absolute,1,1-2-3-4-5,false,3,4096,8,10040101,0.009381292633212877,4.775088340703217e-7,0.008936170212765958,0.760092792
Utils,absolute,2,1-2-3-5-4,false,3,4096,8,10040201,0.008942373502305947,9.300943051366443e-7,0.009574468085106383,0.747854333
Utils,absolute,3,1-2-4-3-5,false,3,4096,8,10040301,0.008812006509058746,8.32541952782705e-8,0.007659574468085106,0.744927458
Utils,absolute,4,1-2-4-5-3,false,3,4096,8,10040401,0.008141789161820033,7.259207476248089e-7,0.009148936170212766,0.761304916
Utils,absolute,5,1-2-5-3-4,false,3,4096,8,10040501,0.008498869345657075,2.980215244048708e-7,0.009574468085106383,0.770206166
Utils,absolute,6,1-2-5-4-3,false,3,4096,8,10040601,0.00835264764058542,5.314292941177418e-7,0.008297872340425531,0.76134725
Utils,absolute,7,1-3-2-4-5,false,3,4096,8,10040701,0.009085657815496577,3.580524374019178e-7,0.006382978723404255,0.758905042
Utils,absolute,8,1-3-2-5-4,false,3,4096,8,10040801,0.008951711352543468,2.756989081401057e-7,0.007659574468085106,0.963843541
Utils,absolute,9,1-3-4-2-5,false,3,4096,8,10040901,0.008190584249881961,1.913932892199135e-7,0.007659574468085106,0.76805375
Utils,absolute,10,1-3-4-5-2,false,3,4096,8,10041001,0.007994567703218138,8.606874989045062e-7,0.006170212765957447,0.795821209
Utils,absolute,11,1-3-5-2-4,false,3,4096,8,10041101,0.008260002899141741,3.089924150417731e-7,0.010851063829787235,0.7337895
Utils,absolute,12,1-3-5-4-2,false,3,4096,8,10041201,0.008264469828575975,7.490886006813284e-7,0.009574468085106383,0.750354667
Utils,absolute,13,1-4-2-3-5,false,3,4096,8,10041301,0.008465009658911565,2.222331934797131e-7,0.008723404255319148,0.71655725
Utils,absolute,14,1-4-2-5-3,false,3,4096,8,10041401,0.0078033425699014424,4.499552858897638e-7,0.005957446808510639,0.74349525
Utils,absolute,15,1-4-3-2-5,false,3,4096,8,10041501,0.00822042317337787,5.712666657270446e-7,0.007659574468085106,0.829983125
Utils,absolute,16,1-4-3-5-2,false,3,4096,8,10041601,0.007822022965873811,4.82990983657664e-7,0.006808510638297872,0.839609375
Utils,absolute,17,1-4-5-2-3,false,3,4096,8,10041701,0.008080440988076322,1.6335071438045246e-7,0.009361702127659575,0.7485085
Utils,absolute,18,1-4-5-3-2,false,3,4096,8,10041801,0.008328355413635398,6.900290230752399e-7,0.009148936170212766,0.976978708
Utils,absolute,19,1-5-2-3-4,true,4,4096,8,10041901,0.008475710678552024,5.209904896951569e-7,0.008085106382978723,1.033193458
Utils,absolute,20,1-5-2-4-3,true,4,4096,8,10042001,0.008101411252018189,6.78603712182564e-7,0.006808510638297872,1.074063584
Utils,absolute,21,1-5-3-2-4,true,4,4096,8,10042101,0.008329159771588835,5.530916757713572e-7,0.006170212765957447,1.137808417
Utils,absolute,22,1-5-3-4-2,true,4,4096,8,10042201,0.008409674295175673,1.298504542699338e-6,0.008723404255319148,1.101640083
Utils,absolute,23,1-5-4-2-3,true,4,4096,8,10042301,0.008138866137449569,1.3196960012851946e-6,0.008297872340425531,1.044606
Utils,absolute,24,1-5-4-3-2,true,4,4096,8,10042401,0.008614776586590782,1.833097834788215e-6,0.010638297872340425,1.175680625
Utils,absolute,25,2-1-3-4-5,false,3,4096,8,10042501,0.009253710693007776,1.2214190133167534e-6,0.008085106382978723,0.808162167
Utils,absolute,26,2-1-3-5-4,false,3,4096,8,10042601,0.008708444695018526,5.131908946401673e-7,0.00851063829787234,1.04753625
Utils,absolute,27,2-1-4-3-5,false,3,4096,8,10042701,0.00885839239878753,6.430166968562599e-7,0.010212765957446808,0.835296583
Utils,absolute,28,2-1-4-5-3,false,3,4096,8,10042801,0.008360315802208473,2.5467483072171527e-6,0.009361702127659575,0.826234917
Utils,absolute,29,2-1-5-3-4,true,4,4096,8,10042901,0.008398946152860944,1.1972719949243103e-6,0.009574468085106383,1.050822625
Utils,absolute,30,2-1-5-4-3,true,4,4096,8,10043001,0.00854411511674922,4.832476905442247e-6,0.006595744680851064,1.051406583
Utils,absolute,31,2-3-1-4-5,false,3,4096,8,10043101,0.00877540407511808,2.2553916748320393e-6,0.008085106382978723,0.801228208
Utils,absolute,32,2-3-1-5-4,true,4,4096,8,10043201,0.008364235742014716,6.591599916620563e-6,0.009361702127659575,1.122374875
Utils,absolute,33,2-3-4-1-5,true,4,4096,8,10043301,0.008206775881202498,2.6724052170609946e-6,0.007659574468085106,1.001443
Utils,absolute,34,2-3-4-5-1,true,4,4096,8,10043401,0.008297739874095121,6.682795100100103e-6,0.009574468085106383,0.999940875
Utils,absolute,35,2-3-5-1-4,true,4,4096,8,10043501,0.007501539226776862,5.702479010760444e-6,0.007021276595744681,1.384640834
Utils,absolute,36,2-3-5-4-1,false,3,4096,8,10043601,0.008014549603256205,1.5130860540948003e-6,0.006808510638297872,0.826916583
Utils,absolute,37,2-4-1-3-5,false,3,4096,8,10043701,0.00851992158117822,1.0796636031143016e-6,0.006808510638297872,0.785526042
Utils,absolute,38,2-4-1-5-3,true,4,4096,8,10043801,0.008073789519278294,5.872383286424885e-6,0.007659574468085106,1.064443125
Utils,absolute,39,2-4-3-1-5,true,4,4096,8,10043901,0.008366576886305814,5.972006501454725e-7,0.007872340425531916,1.090172125
Utils,absolute,40,2-4-3-5-1,true,4,4096,8,10044001,0.00846689742933869,1.6219087263151695e-6,0.006808510638297872,1.220834417
Utils,absolute,41,2-4-5-1-3,true,4,4096,8,10044101,0.008026109244794412,6.697952481955707e-6,0.006595744680851064,1.093920375
Utils,absolute,42,2-4-5-3-1,false,3,4096,8,10044201,0.008572157917704073,9.25981292883011e-7,0.009361702127659575,0.780923833
Utils,absolute,43,2-5-1-3-4,true,4,4096,8,10044301,0.008046060067157036,1.6993471568801618e-6,0.00851063829787234,1.291623666
Utils,absolute,44,2-5-1-4-3,true,4,4096,8,10044401,0.008171433800905868,6.137967332986194e-6,0.008723404255319148,1.076677042
Utils,absolute,45,2-5-3-1-4,false,3,4096,8,10044501,0.007506799757416892,8.354159647571621e-7,0.006170212765957447,0.800916334
Utils,absolute,46,2-5-3-4-1,false,3,4096,8,10044601,0.0081402971211491,1.261384978477378e-6,0.006170212765957447,0.77574225
Utils,absolute,47,2-5-4-1-3,false,3,4096,8,10044701,0.00790224477338411,2.071065432255613e-6,0.00978723404255319,0.806550667
Utils,absolute,48,2-5-4-3-1,false,3,4096,8,10044801,0.008507443718325014,6.314778008934345e-7,0.010638297872340425,0.791305292
Utils,absolute,49,3-1-2-4-5,false,3,4096,8,10044901,0.008857512216484956,1.4435657707368538e-7,0.008723404255319148,0.786693
Utils,absolute,50,3-1-2-5-4,false,3,4096,8,10045001,0.008918007263307793,3.5280940254543723e-7,0.008297872340425531,0.804580792
Utils,absolute,51,3-1-4-2-5,false,3,4096,8,10045101,0.007923661883505845,7.138025367749298e-7,0.005106382978723404,0.797140834
Utils,absolute,52,3-1-4-5-2,false,3,4096,8,10045201,0.00782780814256404,1.5940868731024823e-6,0.006808510638297872,0.836365292
Utils,absolute,53,3-1-5-2-4,true,4,4096,8,10045301,0.008199941758741693,1.0542621477269135e-6,0.008936170212765958,1.32750375
Utils,absolute,54,3-1-5-4-2,true,4,4096,8,10045401,0.008142571152671328,6.006291625330956e-6,0.008936170212765958,1.072044125
Utils,absolute,55,3-2-1-4-5,false,3,4096,8,10045501,0.00875269448567249,1.2642456530803688e-7,0.01148936170212766,0.757587875
Utils,absolute,56,3-2-1-5-4,true,4,4096,8,10045601,0.008641055019208168,8.90474131190651e-7,0.007872340425531916,1.044291375
Utils,absolute,57,3-2-4-1-5,true,4,4096,8,10045701,0.008023367005922474,8.89051163895576e-7,0.007872340425531916,1.026772792
Utils,absolute,58,3-2-4-5-1,true,4,4096,8,10045801,0.008015284304008542,6.015476188132268e-7,0.007021276595744681,1.013599583
Utils,absolute,59,3-2-5-1-4,true,4,4096,8,10045901,0.007665748412871845,1.106943722962546e-6,0.008936170212765958,1.051933167
Utils,absolute,60,3-2-5-4-1,false,3,4096,8,10046001,0.007832103881115006,1.3072086355185475e-7,0.010212765957446808,0.772209625
Utils,absolute,61,3-4-1-2-5,false,3,4096,8,10046101,0.007827359369170474,4.978385316460599e-7,0.008723404255319148,0.848039375
Utils,absolute,62,3-4-1-5-2,true,4,4096,8,10046201,0.007667215027830144,4.079224433614069e-6,0.00851063829787234,1.292017792
Utils,absolute,63,3-4-2-1-5,true,4,4096,8,10046301,0.008008300869818154,2.2311957980735116e-7,0.007872340425531916,1.033032708
Utils,absolute,64,3-4-2-5-1,true,4,4096,8,10046401,0.008029793465953712,2.4479892894561614e-7,0.00978723404255319,1.026843958
Utils,absolute,65,3-4-5-1-2,true,4,4096,8,10046501,0.008654043834066507,6.030918705386058e-6,0.008085106382978723,1.081098125
Utils,absolute,66,3-4-5-2-1,false,3,4096,8,10046601,0.008755168745317966,3.4990388787637565e-7,0.01,0.786337291
Utils,absolute,67,3-5-1-2-4,true,4,4096,8,10046701,0.008125254983347147,8.207164537219876e-7,0.006595744680851064,1.075916459
Utils,absolute,68,3-5-1-4-2,true,4,4096,8,10046801,0.008206709354259585,4.0738528972536565e-6,0.007872340425531916,1.07856725
Utils,absolute,69,3-5-2-1-4,false,3,4096,8,10046901,0.007814740922671598,2.735025073466017e-7,0.007446808510638298,1.115451875
Utils,absolute,70,3-5-2-4-1,false,3,4096,8,10047001,0.007925519269592805,9.139646446678581e-8,0.005319148936170213,0.782868334
Utils,absolute,71,3-5-4-1-2,false,3,4096,8,10047101,0.008916991161559884,3.927830373060766e-6,0.007659574468085106,0.831693375
Utils,absolute,72,3-5-4-2-1,false,3,4096,8,10047201,0.008857538311417763,3.450005400051655e-7,0.01,0.960125542
Utils,absolute,73,4-1-2-3-5,false,3,4096,8,10047301,0.008494785867733674,2.4719120979289587e-7,0.010212765957446808,0.785836667
Utils,absolute,74,4-1-2-5-3,false,3,4096,8,10047401,0.00789845499846837,2.3536595120424834e-7,0.006170212765957447,0.915531833
Utils,absolute,75,4-1-3-2-5,false,3,4096,8,10047501,0.008133063888073907,4.2871863763122846e-7,0.009148936170212766,0.882558334
Utils,absolute,76,4-1-3-5-2,false,3,4096,8,10047601,0.007510828399671254,1.0216362448359638e-6,0.00574468085106383,0.81209825
Utils,absolute,77,4-1-5-2-3,true,4,4096,8,10047701,0.008160606203245133,7.947025054770299e-7,0.007872340425531916,1.082222708
Utils,absolute,78,4-1-5-3-2,true,4,4096,8,10047801,0.00805077604610504,2.5089916155228665e-6,0.011914893617021277,1.393236333
Utils,absolute,79,4-2-1-3-5,false,3,4096,8,10047901,0.008560006590584915,2.653902732855383e-7,0.00723404255319149,0.752952
Utils,absolute,80,4-2-1-5-3,true,4,4096,8,10048001,0.008029195467595299,7.303465303237914e-7,0.008936170212765958,1.164340709
Utils,absolute,81,4-2-3-1-5,true,4,4096,8,10048101,0.008454911581040652,8.505803415754277e-7,0.008936170212765958,1.24536
Utils,absolute,82,4-2-3-5-1,true,4,4096,8,10048201,0.00837355702854084,6.039332060832613e-7,0.005957446808510639,1.108314958
Utils,absolute,83,4-2-5-1-3,true,4,4096,8,10048301,0.008076906955801426,2.826477971073561e-7,0.007446808510638298,1.074570291
Utils,absolute,84,4-2-5-3-1,false,3,4096,8,10048401,0.008528171057133146,1.2656612190300572e-7,0.00723404255319149,0.776757167
Utils,absolute,85,4-3-1-2-5,false,3,4096,8,10048501,0.00800629577407301,1.487397683490327e-7,0.010638297872340425,0.798237125
Utils,absolute,86,4-3-1-5-2,true,4,4096,8,10048601,0.007512248490554283,9.42570455160725e-7,0.00851063829787234,1.316196167
Utils,absolute,87,4-3-2-1-5,true,4,4096,8,10048701,0.008292872881731762,1.3787246669443324e-7,0.00851063829787234,1.02430825
Utils,absolute,88,4-3-2-5-1,true,4,4096,8,10048801,0.008208464930403454,3.0797228933640053e-7,0.00851063829787234,1.017618041
Utils,absolute,89,4-3-5-1-2,true,4,4096,8,10048901,0.008372265635049333,1.2560990590239808e-6,0.007446808510638298,1.07024575
Utils,absolute,90,4-3-5-2-1,false,3,4096,8,10049001,0.00877494300491086,1.6607053270526163e-7,0.009148936170212766,0.777470916
Utils,absolute,91,4-5-1-2-3,true,4,4096,8,10049101,0.00854322316378637,6.028840391046957e-7,0.007446808510638298,1.057378375
Utils,absolute,92,4-5-1-3-2,true,4,4096,8,10049201,0.008392918036899556,3.723781467647857e-6,0.008085106382978723,1.075918166
Utils,absolute,93,4-5-2-1-3,false,3,4096,8,10049301,0.008355300105304223,3.27374899690615e-7,0.005957446808510639,0.8184315
Utils,absolute,94,4-5-2-3-1,false,3,4096,8,10049401,0.008863851668134075,3.346051715798651e-7,0.010425531914893617,0.785132458
Utils,absolute,95,4-5-3-1-2,false,3,4096,8,10049501,0.008704382549015847,1.3337814300407205e-6,0.008297872340425531,1.052179125
Utils,absolute,96,4-5-3-2-1,false,3,4096,8,10049601,0.00925362434353098,4.2733494917326187e-7,0.010425531914893617,0.7615355
Utils,absolute,97,5-1-2-3-4,true,4,4096,8,10049701,0.008613783508803322,3.0145619256315404e-7,0.006595744680851064,1.054945042
Utils,absolute,98,5-1-2-4-3,true,4,4096,8,10049801,0.00813737312209744,3.529681702103569e-7,0.009148936170212766,1.067862208
Utils,absolute,99,5-1-3-2-4,true,4,4096,8,10049901,0.008399232548054343,8.460120791099321e-7,0.007872340425531916,1.028234625
Utils,absolute,100,5-1-3-4-2,true,4,4096,8,10050001,0.008331398000634482,1.0138384791937061e-6,0.00978723404255319,1.049988584
Utils,absolute,101,5-1-4-2-3,true,4,4096,8,10050101,0.008099116423980231,7.054372005866384e-7,0.00723404255319149,1.087813916
Utils,absolute,102,5-1-4-3-2,true,4,4096,8,10050201,0.008476482976919268,3.2074933233424764e-6,0.008723404255319148,1.103166375
Utils,absolute,103,5-2-1-3-4,false,3,4096,8,10050301,0.008322534008299,3.464487551651019e-7,0.007659574468085106,0.95431275
Utils,absolute,104,5-2-1-4-3,false,3,4096,8,10050401,0.008080375760261082,4.401527127758068e-7,0.008936170212765958,0.75577425
Utils,absolute,105,5-2-3-1-4,false,3,4096,8,10050501,0.007812306131016972,1.0075278777716145e-6,0.007659574468085106,0.736277625
Utils,absolute,106,5-2-3-4-1,false,3,4096,8,10050601,0.008224224588982806,5.201262916006273e-7,0.009148936170212766,0.728744083
Utils,absolute,107,5-2-4-1-3,false,3,4096,8,10050701,0.007804986251663559,5.656948919180328e-7,0.009148936170212766,0.821614417
Utils,absolute,108,5-2-4-3-1,false,3,4096,8,10050801,0.00847259011678279,1.6084296328513154e-7,0.009361702127659575,0.729255958
Utils,absolute,109,5-3-1-2-4,false,3,4096,8,10050901,0.008253596576855253,2.325056460596815e-7,0.00851063829787234,0.770025167
Utils,absolute,110,5-3-1-4-2,false,3,4096,8,10051001,0.008259610697620143,8.360660256948796e-7,0.007872340425531916,0.76273325
Utils,absolute,111,5-3-2-1-4,false,3,4096,8,10051101,0.007980964763890337,2.525026590684491e-7,0.008085106382978723,0.890510333
Utils,absolute,112,5-3-2-4-1,false,3,4096,8,10051201,0.008188986982412114,1.6414216585648822e-7,0.007872340425531916,1.192606709
Utils,absolute,113,5-3-4-1-2,false,3,4096,8,10051301,0.00894792035479063,1.3919420598537188e-6,0.007446808510638298,1.011511625
Utils,absolute,114,5-3-4-2-1,false,3,4096,8,10051401,0.009083393579551225,7.133844440624097e-8,0.009574468085106383,0.650440625
Utils,absolute,115,5-4-1-2-3,false,3,4096,8,10051501,0.008345812479624997,2.6450326586202385e-7,0.00851063829787234,0.667119792
Utils,absolute,116,5-4-1-3-2,false,3,4096,8,10051601,0.008496809615452851,1.1652040850326173e-6,0.00978723404255319,0.661807416
Utils,absolute,117,5-4-2-1-3,false,3,4096,8,10051701,0.00813947927093133,5.072838873288045e-7,0.009148936170212766,0.659030625
Utils,absolute,118,5-4-2-3-1,false,3,4096,8,10051801,0.008815670982367891,1.1230447185301682e-7,0.010425531914893617,0.638705875
Utils,absolute,119,5-4-3-1-2,false,3,4096,8,10051901,0.00893761593407134,9.5564008444374e-7,0.008936170212765958,0.670900583
Utils,absolute,120,5-4-3-2-1,false,3,4096,8,10052001,0.009378391383171066,3.523443570225222e-7,0.010425531914893617,0.644901833
Other,returns,1,1-2-3-4-5,true,4,4096,8,10940101,0.007812138258504103,8.791985022401876e-6,0.008257638315441783,0.802902417
Other,returns,2,1-2-3-5-4,true,4,4096,8,10940201,0.00677833951016787,8.727840556475166e-7,0.0059867877786952935,0.475482667
Other,returns,3,1-2-4-3-5,false,3,4096,8,10940301,0.00917828808096053,7.273687881496049e-6,0.007018992568125516,0.552081
Other,returns,4,1-2-4-5-3,false,3,4096,8,10940401,0.009160347205901292,1.3666509435214117e-6,0.0059867877786952935,0.348426375
Other,returns,5,1-2-5-3-4,false,3,4096,8,10940501,0.006789533254598431,8.682969553345271e-7,0.008257638315441783,0.351462833
Other,returns,6,1-2-5-4-3,false,3,4096,8,10940601,0.007811570539671848,4.5538372692263e-7,0.0053674649050371595,0.322376125
Other,returns,7,1-3-2-4-5,true,4,4096,8,10940701,0.007777893737152821,9.432332132973136e-6,0.007018992568125516,0.456609167
Other,returns,8,1-3-2-5-4,true,4,4096,8,10940801,0.006807941751454581,7.247195329588989e-7,0.008876961189099917,0.443381917
Other,returns,9,1-3-4-2-5,false,3,4096,8,10940901,0.008958677365536556,2.7973547522480823e-6,0.009702725020644096,0.369906792
Other,returns,10,1-3-4-5-2,false,3,4096,8,10941001,0.009154885352808218,1.1799109418708635e-6,0.008670520231213872,0.344816583
Other,returns,11,1-3-5-2-4,false,3,4096,8,10941101,0.006951082309140596,4.3327614395941237e-7,0.010734929810074319,0.586807292
Other,returns,12,1-3-5-4-2,false,3,4096,8,10941201,0.008166075087394415,4.385683733561639e-7,0.008464079273327828,0.323534667
Other,returns,13,1-4-2-3-5,true,4,4096,8,10941301,0.011128793205740619,6.777482113037076e-6,0.006606110652353427,0.46684475
Other,returns,14,1-4-2-5-3,false,3,4096,8,10941401,0.010548716524936556,1.9321395129210317e-6,0.008257638315441783,0.332153459
Other,returns,15,1-4-3-2-5,true,4,4096,8,10941501,0.010985702317662003,9.546936303811257e-6,0.007431874483897605,0.461395291
Other,returns,16,1-4-3-5-2,false,3,4096,8,10941601,0.010863999436035101,1.8918907632084759e-6,0.00805119735755574,0.338831916
Other,returns,17,1-4-5-2-3,true,4,4096,8,10941701,0.009613459044959288,1.3297216038117151e-6,0.00805119735755574,0.404168
Other,returns,18,1-4-5-3-2,true,4,4096,8,10941801,0.010142181537221953,2.6095831251978098e-6,0.008257638315441783,0.409180167
Other,returns,19,1-5-2-3-4,true,4,4096,8,10941901,0.006437240384076143,1.2879860927051303e-6,0.00805119735755574,0.439256084
Other,returns,20,1-5-2-4-3,false,3,4096,8,10942001,0.007098340092885082,2.364504615585974e-7,0.007018992568125516,0.554431291
Other,returns,21,1-5-3-2-4,true,4,4096,8,10942101,0.006589691694305601,1.165004271355855e-6,0.01032204789430223,0.446942292
Other,returns,22,1-5-3-4-2,false,3,4096,8,10942201,0.007631457561415429,1.741491810242285e-7,0.008464079273327828,0.323824666
Other,returns,23,1-5-4-2-3,true,4,4096,8,10942301,0.007600206121254547,8.595290474421099e-7,0.00763831544178365,0.392973291
Other,returns,24,1-5-4-3-2,true,4,4096,8,10942401,0.0080226639777646,8.843978199259562e-7,0.008257638315441783,0.389631375
Other,returns,25,2-1-3-4-5,false,3,4096,8,10942501,0.007135905724123998,3.06407198099475e-6,0.0072254335260115606,0.325039833
Other,returns,26,2-1-3-5-4,false,3,4096,8,10942601,0.0076243246816808646,3.0529676487985e-7,0.00763831544178365,0.311827917
Other,returns,27,2-1-4-3-5,false,3,4096,8,10942701,0.007900939686611772,1.714567803064527e-6,0.009496284062758051,0.32838225
Other,returns,28,2-1-4-5-3,false,3,4096,8,10942801,0.008904230802277929,1.783038678864257e-7,0.010528488852188274,0.305948833
Other,returns,29,2-1-5-3-4,false,3,4096,8,10942901,0.00802724606002186,4.31395805434377e-7,0.0072254335260115606,0.316404042
Other,returns,30,2-1-5-4-3,false,3,4096,8,10943001,0.008456412613395633,2.2338212012049914e-7,0.008257638315441783,0.51633775
Other,returns,31,2-3-1-4-5,true,4,4096,8,10943101,0.0068104999186729236,2.060268504515481e-6,0.006606110652353427,0.44102675
Other,returns,32,2-3-1-5-4,true,4,4096,8,10943201,0.008031005864928142,1.0907508228863792e-6,0.006812551610239472,0.412317
Other,returns,33,2-3-4-1-5,true,4,4096,8,10943301,0.006627964977076162,8.086930641272059e-6,0.008257638315441783,0.414931542
Other,returns,34,2-3-4-5-1,true,4,4096,8,10943401,0.007559349055807981,9.11479606627269e-7,0.008257638315441783,0.41622075
Other,returns,35,2-3-5-1-4,true,4,4096,8,10943501,0.00962702278299495,6.757748864952966e-7,0.006606110652353427,0.41738775
Other,returns,36,2-3-5-4-1,true,4,4096,8,10943601,0.00919246253256957,6.923549769698354e-7,0.006606110652353427,0.433440625
Other,returns,37,2-4-1-3-5,false,3,4096,8,10943701,0.007714259907613196,1.2668879403834342e-6,0.011560693641618497,0.3133335
Other,returns,38,2-4-1-5-3,false,3,4096,8,10943801,0.008837499405155278,6.516364410258473e-7,0.009496284062758051,0.288634416
Other,returns,39,2-4-3-1-5,false,3,4096,8,10943901,0.006876297194312434,1.850714405010453e-6,0.008257638315441783,0.315617667
Other,returns,40,2-4-3-5-1,false,3,4096,8,10944001,0.007495138216226292,1.3543665005519886e-7,0.007431874483897605,0.537857333
Other,returns,41,2-4-5-1-3,false,3,4096,8,10944101,0.008653400698164518,2.1758502139861743e-7,0.010734929810074319,0.283777584
Other,returns,42,2-4-5-3-1,false,3,4096,8,10944201,0.008271215163474122,3.245543582902661e-7,0.00763831544178365,0.319808333
Other,returns,43,2-5-1-3-4,false,3,4096,8,10944301,0.009260501582124445,1.3948429357974137e-6,0.008257638315441783,0.305666708
Other,returns,44,2-5-1-4-3,false,3,4096,8,10944401,0.009010936815801108,3.974481119613306e-7,0.007844756399669695,0.27879275
Other,returns,45,2-5-3-1-4,false,3,4096,8,10944501,0.010531014266261646,5.492674397479487e-7,0.009289843104872006,0.30221525
Other,returns,46,2-5-3-4-1,false,3,4096,8,10944601,0.01028660652220733,6.576304283044455e-7,0.006812551610239472,0.327262542
Other,returns,47,2-5-4-1-3,false,3,4096,8,10944701,0.00915735063190339,1.8168914354011384e-7,0.011767134599504542,0.300169167
Other,returns,48,2-5-4-3-1,false,3,4096,8,10944801,0.00931742056885831,8.463095217051894e-7,0.009496284062758051,0.330452709
Other,returns,49,3-1-2-4-5,false,3,4096,8,10944901,0.007106050307838119,2.1331656774637997e-6,0.00763831544178365,0.32860225
Other,returns,50,3-1-2-5-4,false,3,4096,8,10945001,0.007709662768505959,2.850839186491064e-7,0.008464079273327828,0.313773416
Other,returns,51,3-1-4-2-5,false,3,4096,8,10945101,0.007649269892472874,1.50675873009632e-6,0.006193228736581338,0.557249667
Other,returns,52,3-1-4-5-2,false,3,4096,8,10945201,0.008266365902591073,1.685611310236877e-7,0.004541701073492981,0.292606208
Other,returns,53,3-1-5-2-4,false,3,4096,8,10945301,0.00819370910629866,3.779877439162012e-7,0.009702725020644096,0.3163585
Other,returns,54,3-1-5-4-2,false,3,4096,8,10945401,0.008189709425745281,2.740545898726729e-7,0.00805119735755574,0.277878959
Other,returns,55,3-2-1-4-5,true,4,4096,8,10945501,0.006836169351393449,1.714852203517961e-6,0.00763831544178365,0.433630792
Other,returns,56,3-2-1-5-4,true,4,4096,8,10945601,0.008153279166105571,1.0100026565033758e-6,0.009289843104872006,0.421359541
Other,returns,57,3-2-4-1-5,true,4,4096,8,10945701,0.00662674040011054,6.3557994699624055e-6,0.006193228736581338,0.415796042
Other,returns,58,3-2-4-5-1,true,4,4096,8,10945801,0.007587171113075398,8.013858071000777e-7,0.008670520231213872,0.418963625
Other,returns,59,3-2-5-1-4,true,4,4096,8,10945901,0.009886291846123297,9.738627798610343e-7,0.008876961189099917,0.419659833
Other,returns,60,3-2-5-4-1,true,4,4096,8,10946001,0.00931166255393313,7.476572965279965e-7,0.00990916597853014,0.459290333
Other,returns,61,3-4-1-2-5,false,3,4096,8,10946101,0.007446108400886022,2.1302584678583272e-6,0.007018992568125516,0.499838833
Other,returns,62,3-4-1-5-2,false,3,4096,8,10946201,0.008132513383407943,4.554501096145664e-7,0.00805119735755574,0.290159708
Other,returns,63,3-4-2-1-5,false,3,4096,8,10946301,0.006795599896985213,1.4886921710884513e-6,0.008257638315441783,0.299369208
Other,returns,64,3-4-2-5-1,false,3,4096,8,10946401,0.007437510373524513,1.679804406853787e-7,0.0059867877786952935,0.308818875
Other,returns,65,3-4-5-1-2,false,3,4096,8,10946501,0.008092483279947204,2.509124608452604e-7,0.007844756399669695,0.284679125
Other,returns,66,3-4-5-2-1,false,3,4096,8,10946601,0.00812126741251913,2.999472277158553e-7,0.011354252683732453,0.306148125
Other,returns,67,3-5-1-2-4,false,3,4096,8,10946701,0.00974067358536655,1.892612614153714e-6,0.00805119735755574,0.306657292
Other,returns,68,3-5-1-4-2,false,3,4096,8,10946801,0.00895240499311323,4.444094118532556e-7,0.007431874483897605,0.290147791
Other,returns,69,3-5-2-1-4,false,3,4096,8,10946901,0.011118847566218148,5.616100756838819e-7,0.012799339388934764,0.312614
Other,returns,70,3-5-2-4-1,false,3,4096,8,10947001,0.010588335162717837,8.477450634482877e-7,0.011147811725846408,0.325181166
Other,returns,71,3-5-4-1-2,false,3,4096,8,10947101,0.008886505926059348,1.2753311966320823e-7,0.010115606936416185,0.530509667
Other,returns,72,3-5-4-2-1,false,3,4096,8,10947201,0.009393087324291288,5.551655843719708e-7,0.00805119735755574,0.325341042
Other,returns,73,4-1-2-3-5,true,4,4096,8,10947301,0.010283559307159103,4.475773378254426e-6,0.009083402146985962,0.443896583
Other,returns,74,4-1-2-5-3,false,3,4096,8,10947401,0.010134943554427133,2.0327259318686902e-7,0.006399669694467382,0.320946625
Other,returns,75,4-1-3-2-5,true,4,4096,8,10947501,0.010229423510354455,4.753969949948935e-6,0.010528488852188274,0.443152916
Other,returns,76,4-1-3-5-2,false,3,4096,8,10947601,0.01046673127768228,1.5489956598122883e-7,0.006812551610239472,0.321892
Other,returns,77,4-1-5-2-3,true,4,4096,8,10947701,0.009399609904723227,3.7079262086685535e-7,0.007431874483897605,0.389445083
Other,returns,78,4-1-5-3-2,true,4,4096,8,10947801,0.009817497769251159,2.8839012528890645e-7,0.007018992568125516,0.38954225
Other,returns,79,4-2-1-3-5,false,3,4096,8,10947901,0.008418231751745012,2.4518498131758213e-6,0.008257638315441783,0.360067417
Other,returns,80,4-2-1-5-3,false,3,4096,8,10948001,0.008869475357093131,8.099629592382281e-7,0.007844756399669695,0.331551958
Other,returns,81,4-2-3-1-5,true,4,4096,8,10948101,0.00738244943609703,9.259424273594002e-6,0.006812551610239472,0.480628167
Other,returns,82,4-2-3-5-1,true,4,4096,8,10948201,0.007613525786505792,4.879842038361851e-7,0.009496284062758051,0.633724625
Other,returns,83,4-2-5-1-3,false,3,4096,8,10948301,0.008227395980547239,2.3308218542447508e-7,0.006193228736581338,0.324588292
Other,returns,84,4-2-5-3-1,false,3,4096,8,10948401,0.00808714494585112,1.3898237530644837e-7,0.006399669694467382,0.337944792
Other,returns,85,4-3-1-2-5,false,3,4096,8,10948501,0.00825742857957132,1.6023727668171403e-6,0.010941370767960363,0.358513875
Other,returns,86,4-3-1-5-2,false,3,4096,8,10948601,0.008781051147161968,8.495439982612918e-7,0.010528488852188274,0.315549208
Other,returns,87,4-3-2-1-5,true,4,4096,8,10948701,0.007318497646891848,7.789551808314572e-6,0.008257638315441783,0.44270825
Other,returns,88,4-3-2-5-1,true,4,4096,8,10948801,0.007568537428157054,7.597246651834022e-7,0.009083402146985962,0.437653917
Other,returns,89,4-3-5-1-2,false,3,4096,8,10948901,0.008249133325727716,2.1046153072765356e-7,0.007844756399669695,0.327735708
Other,returns,90,4-3-5-2-1,false,3,4096,8,10949001,0.008044773370876697,3.7338271539262336e-7,0.011147811725846408,0.357793375
Other,returns,91,4-5-1-2-3,true,4,4096,8,10949101,0.007678864539269813,1.0748579600964091e-6,0.007844756399669695,0.396579708
Other,returns,92,4-5-1-3-2,true,4,4096,8,10949201,0.00793699398256292,1.2660131445787804e-6,0.00763831544178365,0.607345666
Other,returns,93,4-5-2-1-3,false,3,4096,8,10949301,0.007634609728911456,1.3096022840911263e-7,0.008876961189099917,0.318917291
Other,returns,94,4-5-2-3-1,true,4,4096,8,10949401,0.007886348511796818,3.6839903830719513e-7,0.009083402146985962,0.445496125
Other,returns,95,4-5-3-1-2,false,3,4096,8,10949501,0.007902810117104593,1.1621282800042249e-7,0.007431874483897605,0.321630666
Other,returns,96,4-5-3-2-1,true,4,4096,8,10949601,0.00794964852354633,6.174792974447687e-7,0.008876961189099917,0.439564709
Other,returns,97,5-1-2-3-4,true,4,4096,8,10949701,0.006981782511928078,6.020213901410491e-6,0.007844756399669695,0.433399084
Other,returns,98,5-1-2-4-3,false,3,4096,8,10949801,0.006550435329918938,2.8200923854816345e-6,0.00763831544178365,0.327701
Other,returns,99,5-1-3-2-4,true,4,4096,8,10949901,0.00716550525097803,7.524552923546811e-6,0.006606110652353427,0.438071458
Other,returns,100,5-1-3-4-2,false,3,4096,8,10950001,0.007030165487679419,1.9649818208270975e-6,0.008257638315441783,0.332389166
Other,returns,101,5-1-4-2-3,true,4,4096,8,10950101,0.0064640013632148476,1.2223667977307395e-5,0.008876961189099917,0.700241917
Other,returns,102,5-1-4-3-2,true,4,4096,8,10950201,0.006763623003015392,1.0398424900296868e-5,0.010734929810074319,0.704962666
Other,returns,103,5-2-1-3-4,false,3,4096,8,10950301,0.008454326041666117,1.52993604750793e-6,0.006606110652353427,0.615956125
Other,returns,104,5-2-1-4-3,false,3,4096,8,10950401,0.007579193298929281,1.0996114053204057e-6,0.009496284062758051,0.432185
Other,returns,105,5-2-3-1-4,true,4,4096,8,10950501,0.010176742221491071,4.101241065694038e-6,0.008257638315441783,0.567815
Other,returns,106,5-2-3-4-1,true,4,4096,8,10950601,0.010149738291840219,1.0417920919110115e-5,0.01032204789430223,0.585569125
Other,returns,107,5-2-4-1-3,false,3,4096,8,10950701,0.007779333674263152,8.093545391599872e-7,0.009496284062758051,0.444083334
Other,returns,108,5-2-4-3-1,false,3,4096,8,10950801,0.008778443132830367,2.3430913839649364e-6,0.009289843104872006,0.513789417
Other,returns,109,5-3-1-2-4,false,3,4096,8,10950901,0.008962853745160754,1.8520374106940653e-6,0.006812551610239472,0.481987708
Other,returns,110,5-3-1-4-2,false,3,4096,8,10951001,0.008211118623926551,1.0075341512060126e-6,0.008876961189099917,0.461217292
Other,returns,111,5-3-2-1-4,true,4,4096,8,10951101,0.01052144710340499,3.478576775874579e-6,0.007431874483897605,0.651626334
Other,returns,112,5-3-2-4-1,true,4,4096,8,10951201,0.010414774437138214,8.452293304772866e-6,0.008464079273327828,1.14262175
Other,returns,113,5-3-4-1-2,false,3,4096,8,10951301,0.00827784987722997,1.18307318347003e-6,0.008876961189099917,0.497324708
Other,returns,114,5-3-4-2-1,false,3,4096,8,10951401,0.009087972411722808,2.3709834240602493e-6,0.006606110652353427,0.70846075
Other,returns,115,5-4-1-2-3,true,4,4096,8,10951501,0.006576901754262501,1.348688969383914e-6,0.010115606936416185,0.684842
Other,returns,116,5-4-1-3-2,true,4,4096,8,10951601,0.0068309340952253765,8.176496771602316e-7,0.010941370767960363,0.554493167
Other,returns,117,5-4-2-1-3,false,3,4096,8,10951701,0.006897880614742466,7.509344567580624e-7,0.009083402146985962,0.457856375
Other,returns,118,5-4-2-3-1,true,4,4096,8,10951801,0.007654814158993205,6.97118263547962e-6,0.008670520231213872,0.589413792
Other,returns,119,5-4-3-1-2,false,3,4096,8,10951901,0.007236312794164316,8.83149761538548e-7,0.007018992568125516,0.43063775
Other,returns,120,5-4-3-2-1,true,4,4096,8,10952001,0.007771010326567179,7.67649714951219e-6,0.009702725020644096,0.57881125
Other,absolute,1,1-2-3-4-5,false,3,4096,8,11040101,0.008408945478497928,8.353613041649064e-7,0.007501071581654522,1.056431166
Other,absolute,2,1-2-3-5-4,false,3,4096,8,11040201,0.008514154798764776,1.5980985213240604e-6,0.007929704243463351,1.061154708
Other,absolute,3,1-2-4-3-5,false,3,4096,8,11040301,0.008780199620295455,1.744805964154993e-7,0.006215173596228032,0.767506584
Other,absolute,4,1-2-4-5-3,false,3,4096,8,11040401,0.008843417046828256,3.8971723850133944e-7,0.009429918559794257,0.776251459
Other,absolute,5,1-2-5-3-4,true,4,4096,8,11040501,0.00832925549090566,2.329193783778269e-6,0.008786969567081011,1.053925875
Other,absolute,6,1-2-5-4-3,true,4,4096,8,11040601,0.008187662473016579,6.434116806454684e-7,0.009215602228889841,1.047852208
Other,absolute,7,1-3-2-4-5,false,3,4096,8,11040701,0.008526012909126373,2.1391030024871412e-7,0.007501071581654522,0.777720792
Other,absolute,8,1-3-2-5-4,true,4,4096,8,11040801,0.008452492180776115,5.424844612565889e-6,0.007501071581654522,1.287674791
Other,absolute,9,1-3-4-2-5,true,4,4096,8,11040901,0.008341751454641822,2.8947412623102373e-7,0.008358336905272181,1.004918666
Other,absolute,10,1-3-4-5-2,true,4,4096,8,11041001,0.008025731032480497,2.8215368104933383e-7,0.009001285897985427,1.026158458
Other,absolute,11,1-3-5-2-4,true,4,4096,8,11041101,0.008948376659389173,3.686568438684928e-6,0.007715387912558937,1.040393
Other,absolute,12,1-3-5-4-2,false,3,4096,8,11041201,0.008575721090421805,4.999255722973308e-7,0.01264466352336048,0.802283167
Other,absolute,13,1-4-2-3-5,false,3,4096,8,11041301,0.00862815378948876,9.530958400215056e-8,0.008358336905272181,0.755316167
Other,absolute,14,1-4-2-5-3,true,4,4096,8,11041401,0.008709601466531753,8.411782973715223e-7,0.006858122588941277,1.167956292
Other,absolute,15,1-4-3-2-5,true,4,4096,8,11041501,0.00806707492406781,5.210537886294531e-7,0.00964423489069867,1.14925725
Other,absolute,16,1-4-3-5-2,true,4,4096,8,11041601,0.008010836282379589,5.569754421617392e-7,0.005572224603514788,1.529608041
Other,absolute,17,1-4-5-2-3,true,4,4096,8,11041701,0.0079333953269775,9.621343092146457e-7,0.009001285897985427,1.188723083
Other,absolute,18,1-4-5-3-2,false,3,4096,8,11041801,0.007899803149694094,1.8965306606618868e-7,0.008358336905272181,0.809310292
Other,absolute,19,1-5-2-3-4,true,4,4096,8,11041901,0.008158149467034002,3.0957818698213812e-6,0.007286755250750107,1.42461925
Other,absolute,20,1-5-2-4-3,true,4,4096,8,11042001,0.008128595288203613,7.859243335000582e-7,0.008572653236176597,1.464699292
Other,absolute,21,1-5-3-2-4,false,3,4096,8,11042101,0.008785079742456082,1.7021717750323348e-6,0.007929704243463351,0.806474917
Other,absolute,22,1-5-3-4-2,false,3,4096,8,11042201,0.008439892525365407,3.2215594287291273e-7,0.010715816545220747,0.716575625
Other,absolute,23,1-5-4-2-3,false,3,4096,8,11042301,0.008012061995965502,4.1896121066582214e-7,0.00964423489069867,0.7304575
Other,absolute,24,1-5-4-3-2,false,3,4096,8,11042401,0.007824579783781243,2.505728490982518e-7,0.007072438919845692,0.709398833
Other,absolute,25,2-1-3-4-5,false,3,4096,8,11042501,0.008504695709078578,1.017969277463103e-7,0.009429918559794257,0.874812875
Other,absolute,26,2-1-3-5-4,false,3,4096,8,11042601,0.008579568567602674,8.530101701912287e-7,0.007715387912558937,0.682415625
Other,absolute,27,2-1-4-3-5,false,3,4096,8,11042701,0.008737235325094536,1.968502680427013e-7,0.007286755250750107,0.66134675
Other,absolute,28,2-1-4-5-3,false,3,4096,8,11042801,0.008622398292126375,4.834798203651125e-7,0.011573081868838405,0.663895208
Other,absolute,29,2-1-5-3-4,false,3,4096,8,11042901,0.008372840335163322,5.664377587016762e-7,0.01050150021431633,0.695756916
Other,absolute,30,2-1-5-4-3,false,3,4096,8,11043001,0.008096343246135791,1.4477303732964952e-7,0.007072438919845692,1.051413708
Other,absolute,31,2-3-1-4-5,false,3,4096,8,11043101,0.008486652797298277,2.816001944332682e-7,0.006429489927132447,1.152806833
Other,absolute,32,2-3-1-5-4,false,3,4096,8,11043201,0.008288792337179622,5.182674608599684e-7,0.008358336905272181,1.000918167
Other,absolute,33,2-3-4-1-5,false,3,4096,8,11043301,0.008095185259159098,2.4233140009613604e-7,0.008786969567081011,0.821336042
Other,absolute,34,2-3-4-5-1,false,3,4096,8,11043401,0.007704581800068545,4.039031657549636e-7,0.007286755250750107,0.720227834
Other,absolute,35,2-3-5-1-4,false,3,4096,8,11043501,0.008315682581795221,7.964958274103796e-7,0.008358336905272181,0.892198959
Other,absolute,36,2-3-5-4-1,false,3,4096,8,11043601,0.008086319738532497,1.052119826490657e-7,0.008786969567081011,0.657831125
Other,absolute,37,2-4-1-3-5,false,3,4096,8,11043701,0.00864918286471753,4.120499722895121e-7,0.008358336905272181,0.639092459
Other,absolute,38,2-4-1-5-3,false,3,4096,8,11043801,0.008464419220677656,3.2706168338322755e-7,0.008358336905272181,0.647690458
Other,absolute,39,2-4-3-1-5,false,3,4096,8,11043901,0.008182687379023966,1.2823940643510418e-7,0.007286755250750107,0.646185792
Other,absolute,40,2-4-3-5-1,false,3,4096,8,11044001,0.00802106019828228,9.732689466055293e-7,0.007286755250750107,0.667703
Other,absolute,41,2-4-5-1-3,false,3,4096,8,11044101,0.008284268432174951,2.8010717448943126e-7,0.01050150021431633,0.660144458
Other,absolute,42,2-4-5-3-1,false,3,4096,8,11044201,0.008458882728260871,2.0984125320017207e-7,0.01093013287612516,0.6747855
Other,absolute,43,2-5-1-3-4,true,4,4096,8,11044301,0.008253345526769576,6.69092823843949e-7,0.007286755250750107,0.939276959
Other,absolute,44,2-5-1-4-3,true,4,4096,8,11044401,0.008097481893353813,7.35179006496393e-7,0.006858122588941277,0.9205055
Other,absolute,45,2-5-3-1-4,true,4,4096,8,11044501,0.008423386410355093,1.5314721143717515e-6,0.007501071581654522,1.144749375
Other,absolute,46,2-5-3-4-1,true,4,4096,8,11044601,0.00816623725181774,1.0334906152569962e-6,0.006858122588941277,0.951031
Other,absolute,47,2-5-4-1-3,true,4,4096,8,11044701,0.008306610626921215,5.692330477830026e-7,0.006643806258036862,0.914592
Other,absolute,48,2-5-4-3-1,true,4,4096,8,11044801,0.008235233164818433,5.429514508762333e-7,0.009215602228889841,0.937850083
Other,absolute,49,3-1-2-4-5,false,3,4096,8,11044901,0.008674108970915037,1.244240796301704e-7,0.01135876553793399,0.688996667
Other,absolute,50,3-1-2-5-4,true,4,4096,8,11045001,0.008114765677382962,6.615687245013981e-7,0.007715387912558937,1.045914125
Other,absolute,51,3-1-4-2-5,true,4,4096,8,11045101,0.008580164107398739,4.032972243710547e-7,0.007072438919845692,1.471963292
Other,absolute,52,3-1-4-5-2,true,4,4096,8,11045201,0.008066395128332125,2.7496050571067467e-7,0.006858122588941277,1.37355925
Other,absolute,53,3-1-5-2-4,true,4,4096,8,11045301,0.008455850679037761,1.386349579730993e-6,0.006643806258036862,1.161118
Other,absolute,54,3-1-5-4-2,false,3,4096,8,11045401,0.008401004310016098,1.7043770592601858e-7,0.010715816545220747,0.817001833
Other,absolute,55,3-2-1-4-5,false,3,4096,8,11045501,0.00852527628076718,4.075559194163511e-7,0.01050150021431633,0.783763792
Other,absolute,56,3-2-1-5-4,false,3,4096,8,11045601,0.007939514801060126,5.021966019069682e-7,0.006858122588941277,0.785559833
Other,absolute,57,3-2-4-1-5,false,3,4096,8,11045701,0.008258328987599515,2.7076099651860056e-7,0.006000857265323617,0.87868625
Other,absolute,58,3-2-4-5-1,false,3,4096,8,11045801,0.007872236960423128,3.2939935923153373e-7,0.007286755250750107,0.818693625
Other,absolute,59,3-2-5-1-4,true,4,4096,8,11045901,0.008013560152411732,4.077553143324164e-6,0.0100728675525075,1.069783166
Other,absolute,60,3-2-5-4-1,true,4,4096,8,11046001,0.008210185652780057,8.754233913453662e-7,0.007715387912558937,1.322859959
Other,absolute,61,3-4-1-2-5,true,4,4096,8,11046101,0.008330724032718437,5.011466117504334e-7,0.008358336905272181,1.323421084
Other,absolute,62,3-4-1-5-2,true,4,4096,8,11046201,0.008117328831982244,8.612745006010619e-7,0.008572653236176597,0.896515333
Other,absolute,63,3-4-2-1-5,false,3,4096,8,11046301,0.008227961364377853,9.838956646935719e-8,0.00964423489069867,0.681683292
Other,absolute,64,3-4-2-5-1,true,4,4096,8,11046401,0.008073912938465419,8.985643213449483e-7,0.007501071581654522,0.942458292
Other,absolute,65,3-4-5-1-2,false,3,4096,8,11046501,0.008331253894840084,1.506872051348324e-7,0.006858122588941277,0.682775333
Other,absolute,66,3-4-5-2-1,true,4,4096,8,11046601,0.008379944811708055,7.301111620271992e-7,0.010287183883411917,0.944246334
Other,absolute,67,3-5-1-2-4,false,3,4096,8,11046701,0.008324564806508365,1.2658396408040016e-6,0.0100728675525075,0.722990959
Other,absolute,68,3-5-1-4-2,false,3,4096,8,11046801,0.008560984289344086,2.876417097788331e-7,0.007929704243463351,0.694936333
Other,absolute,69,3-5-2-1-4,true,4,4096,8,11046901,0.008157404274853496,2.2370963348145947e-6,0.007929704243463351,0.952295125
Other,absolute,70,3-5-2-4-1,true,4,4096,8,11047001,0.008664512819883249,1.207247720106846e-6,0.008572653236176597,1.168743292
Other,absolute,71,3-5-4-1-2,false,3,4096,8,11047101,0.008544344552654272,2.0642689157090362e-7,0.007715387912558937,0.678289584
Other,absolute,72,3-5-4-2-1,false,3,4096,8,11047201,0.00867311318028853,4.714455549707124e-7,0.007929704243463351,0.715850458
Other,absolute,73,4-1-2-3-5,false,3,4096,8,11047301,0.00838037711948307,2.031288285068883e-6,0.009001285897985427,0.690596667
Other,absolute,74,4-1-2-5-3,true,4,4096,8,11047401,0.008319413983670127,3.3399644521430203e-6,0.009429918559794257,0.9330895
Other,absolute,75,4-1-3-2-5,true,4,4096,8,11047501,0.008021509895044925,7.689244108240742e-6,0.007501071581654522,0.888880917
Other,absolute,76,4-1-3-5-2,true,4,4096,8,11047601,0.008305288958986171,6.8686765985586445e-6,0.007715387912558937,0.892718417
Other,absolute,77,4-1-5-2-3,true,4,4096,8,11047701,0.007742928391187296,9.295479467402338e-6,0.007286755250750107,0.935914375
Other,absolute,78,4-1-5-3-2,false,3,4096,8,11047801,0.008193694542947662,1.9317235197585506e-6,0.008358336905272181,0.894611167
Other,absolute,79,4-2-1-3-5,false,3,4096,8,11047901,0.008581230636732856,6.090819590552021e-7,0.009001285897985427,0.689526542
Other,absolute,80,4-2-1-5-3,false,3,4096,8,11048001,0.008414766039263001,9.191768343310265e-7,0.009858551221603087,0.700853625
Other,absolute,81,4-2-3-1-5,false,3,4096,8,11048101,0.008261411398692256,4.3389972149398187e-7,0.008358336905272181,0.688380125
Other,absolute,82,4-2-3-5-1,false,3,4096,8,11048201,0.008393059747748557,1.5852979127079302e-6,0.008572653236176597,0.72123725
Other,absolute,83,4-2-5-1-3,true,4,4096,8,11048301,0.008412420195112054,7.235947202283625e-7,0.005786540934419202,0.935287667
Other,absolute,84,4-2-5-3-1,true,4,4096,8,11048401,0.008913248273609297,9.663748358341488e-6,0.006643806258036862,0.94581925
Other,absolute,85,4-3-1-2-5,true,4,4096,8,11048501,0.008091364773907636,8.865542567841773e-7,0.010287183883411917,0.905337917
Other,absolute,86,4-3-1-5-2,true,4,4096,8,11048601,0.008323002183415291,1.3208550231158444e-6,0.008358336905272181,0.941738125
Other,absolute,87,4-3-2-1-5,false,3,4096,8,11048701,0.00805538202638665,4.537893559940435e-7,0.008358336905272181,0.880350917
Other,absolute,88,4-3-2-5-1,true,4,4096,8,11048801,0.00816659244164377,6.541030377841674e-6,0.009001285897985427,0.9618985
Other,absolute,89,4-3-5-1-2,false,3,4096,8,11048901,0.008561298842709878,8.036836943444873e-7,0.008572653236176597,0.688085333
Other,absolute,90,4-3-5-2-1,true,4,4096,8,11049001,0.008433838448153604,7.162306881650573e-6,0.007929704243463351,0.952361084
Other,absolute,91,4-5-1-2-3,false,3,4096,8,11049101,0.007856938655165109,8.767732580276794e-7,0.006858122588941277,0.70678125
Other,absolute,92,4-5-1-3-2,false,3,4096,8,11049201,0.008405468388636044,8.104144845118556e-7,0.009858551221603087,0.695103167
Other,absolute,93,4-5-2-1-3,true,4,4096,8,11049301,0.008356985994610528,7.229253968245865e-7,0.008358336905272181,0.933285459
Other,absolute,94,4-5-2-3-1,true,4,4096,8,11049401,0.008792067263224167,6.421528155365851e-6,0.009858551221603087,0.950683333
Other,absolute,95,4-5-3-1-2,false,3,4096,8,11049501,0.008705389117043999,6.809878875092512e-7,0.007501071581654522,0.90904025
Other,absolute,96,4-5-3-2-1,false,3,4096,8,11049601,0.008516092049890917,2.9015518027917757e-6,0.008786969567081011,0.71342225
Other,absolute,97,5-1-2-3-4,false,3,4096,8,11049701,0.007995050456114127,5.695239058180533e-7,0.007286755250750107,0.679383417
Other,absolute,98,5-1-2-4-3,false,3,4096,8,11049801,0.008198668978276006,1.6288106850237984e-7,0.007715387912558937,0.645735375
Other,absolute,99,5-1-3-2-4,false,3,4096,8,11049901,0.008475129715584943,6.585497191584906e-7,0.005572224603514788,0.672828834
Other,absolute,100,5-1-3-4-2,false,3,4096,8,11050001,0.008458795671062906,8.340199245197493e-8,0.009429918559794257,0.652719333
Other,absolute,101,5-1-4-2-3,false,3,4096,8,11050101,0.008181577121242276,3.699060438493708e-7,0.006429489927132447,0.691978958
Other,absolute,102,5-1-4-3-2,false,3,4096,8,11050201,0.008050903639701453,2.0524139686585202e-7,0.0100728675525075,0.649765958
Other,absolute,103,5-2-1-3-4,true,4,4096,8,11050301,0.008048454261658067,9.171733078367087e-7,0.007072438919845692,0.972224166
Other,absolute,104,5-2-1-4-3,true,4,4096,8,11050401,0.008254206003559243,9.89120322031775e-7,0.008144020574367767,0.933477667
Other,absolute,105,5-2-3-1-4,true,4,4096,8,11050501,0.008143215820510393,3.1309404945619213e-6,0.009215602228889841,1.112461791
Other,absolute,106,5-2-3-4-1,true,4,4096,8,11050601,0.00818588248347692,1.4132658237450175e-6,0.009001285897985427,0.933366125
Other,absolute,107,5-2-4-1-3,true,4,4096,8,11050701,0.008639775272389202,7.319800897786922e-7,0.007929704243463351,0.932093333
Other,absolute,108,5-2-4-3-1,true,4,4096,8,11050801,0.008433468865321692,3.840149984074323e-7,0.01135876553793399,0.943506
Other,absolute,109,5-3-1-2-4,false,3,4096,8,11050901,0.00835893658924427,6.299305191141705e-7,0.008358336905272181,0.679100334
Other,absolute,110,5-3-1-4-2,false,3,4096,8,11051001,0.008611002358884906,3.588710526146755e-7,0.006429489927132447,0.65044675
Other,absolute,111,5-3-2-1-4,false,3,4096,8,11051101,0.008105378420838135,1.2372021128506526e-6,0.009215602228889841,0.671846167
Other,absolute,112,5-3-2-4-1,false,3,4096,8,11051201,0.008461005859091963,1.8310539679631214e-7,0.009429918559794257,0.702463958
Other,absolute,113,5-3-4-1-2,false,3,4096,8,11051301,0.008525399462947874,2.0926357532771766e-7,0.009001285897985427,0.831645084
Other,absolute,114,5-3-4-2-1,false,3,4096,8,11051401,0.008486606478674765,3.8445748043033875e-7,0.007929704243463351,0.670302459
Other,absolute,115,5-4-1-2-3,false,3,4096,8,11051501,0.008181978657134277,8.68505729742047e-7,0.007286755250750107,0.64474775
Other,absolute,116,5-4-1-3-2,false,3,4096,8,11051601,0.008356115883628348,5.657979080433589e-7,0.00964423489069867,0.620902667
Other,absolute,117,5-4-2-1-3,false,3,4096,8,11051701,0.00865351346058435,4.4603845892944397e-7,0.008144020574367767,0.655299833
Other,absolute,118,5-4-2-3-1,false,3,4096,8,11051801,0.00866275451713164,5.948497919690106e-7,0.01050150021431633,0.67025175
Other,absolute,119,5-4-3-1-2,false,3,4096,8,11051901,0.008522306246371555,1.35116205546808e-7,0.007501071581654522,0.644603459
Other,absolute,120,5-4-3-2-1,false,3,4096,8,11052001,0.008349887251936333,4.0746581869131733e-7,0.006429489927132447,0.672361458
