case_id,d,conditioning_dimension,rho,event,rule,N,rep,seed,method,estimate,reference,abs_error,generation_time_s,evaluation_time_s,total_runtime_s,generation_bytes,evaluation_bytes,generation_allocations,evaluation_allocations,hfunc_calls,hinv_calls,pair_cdf_calls
equicorr_cdf_rho0_3_d20,20,18,0.3,cdf,sobol_owen,256,1,20840752,current_indicator,0.5625,0.5547860119171046,0.007713988082895362,0.119208667,0.024986292,0.144194959,14828224,2591008,184458,2683,NaN,NaN,NaN
equicorr_cdf_rho0_3_d20,20,18,0.3,cdf,sobol_owen,256,1,20840752,reduced_conditional,0.5543004378272919,0.5547860119171046,0.00048557408981275696,0.005418375,0.2573355,0.26275387499999997,5657968,17899936,1620,362849,126720,39168,256
equicorr_interior_rho0_3_d20,20,18,0.3,interior,sobol_owen,256,1,20840752,current_indicator,0.46875,0.45975543587489426,0.008994564125105742,0.005432875,0.0246135,0.030046375,5657968,2591008,1620,2683,NaN,NaN,NaN
equicorr_interior_rho0_3_d20,20,18,0.3,interior,sobol_owen,256,1,20840752,reduced_conditional,0.4602014055027764,0.45975543587489426,0.0004459696278821257,0.167697459,0.03683825,0.204535709,5657968,112,1620,2,175104,39168,1024
equicorr_cdf_rho0_8_d20,20,18,0.8,cdf,sobol_owen,256,1,21340752,current_indicator,0.8125,0.809503011492795,0.0029969885072049784,0.004837167,0.025584584,0.030421751,5657968,2591008,1620,2683,NaN,NaN,NaN
equicorr_cdf_rho0_8_d20,20,18,0.8,cdf,sobol_owen,256,1,21340752,reduced_conditional,0.80830738975176,0.809503011492795,0.0011956217410350467,0.005002291,0.026253875,0.031256166,5657968,112,1620,2,126720,39168,256
equicorr_interior_rho0_8_d20,20,18,0.8,interior,sobol_owen,256,1,21340752,current_indicator,0.78515625,0.7759598758853421,0.009196374114657901,0.005138834,0.024718625,0.029857459000000003,5657968,2591008,1620,2683,NaN,NaN,NaN
equicorr_interior_rho0_8_d20,20,18,0.8,interior,sobol_owen,256,1,21340752,reduced_conditional,0.7744039506257875,0.7759598758853421,0.0015559252595546136,0.005276542,0.038019917,0.043296459,5657968,112,1620,2,175104,39168,1024
equicorr_cdf_rho0_3_d50,50,48,0.3,cdf,sobol_owen,256,1,50840752,current_indicator,0.62109375,0.6084183319983416,0.01267541800165839,0.080091334,0.440150375,0.520241709,19378352,214995728,109340,41671,NaN,NaN,NaN
equicorr_cdf_rho0_3_d50,50,48,0.3,cdf,sobol_owen,256,1,50840752,reduced_conditional,0.609019283513127,0.6084183319983416,0.0006009515147853417,0.01349075,0.222741916,0.236232666,14089744,112,3990,2,890880,288768,256
equicorr_interior_rho0_3_d50,50,48,0.3,interior,sobol_owen,256,1,50840752,current_indicator,0.5234375,0.5116750445854734,0.011762455414526585,0.013951458,0.431937625,0.44588908299999996,14089744,214995728,3990,41671,NaN,NaN,NaN
equicorr_interior_rho0_3_d50,50,48,0.3,interior,sobol_owen,256,1,50840752,reduced_conditional,0.5061350175656711,0.5116750445854734,0.005540027019802274,0.013636458,0.319194541,0.332830999,14089744,112,3990,2,1204224,288768,1024
equicorr_cdf_rho0_8_d50,50,48,0.8,cdf,sobol_owen,256,1,51340752,current_indicator,0.875,0.8730755954751246,0.0019244045248754116,0.013714209,0.445557708,0.459271917,14089744,214995728,3990,41671,NaN,NaN,NaN
equicorr_cdf_rho0_8_d50,50,48,0.8,cdf,sobol_owen,256,1,51340752,reduced_conditional,0.8774522830227747,0.8730755954751246,0.004376687547650082,0.012334625,0.225455125,0.23778975,14089744,112,3990,2,890880,288768,256
equicorr_interior_rho0_8_d50,50,48,0.8,interior,sobol_owen,256,1,51340752,current_indicator,0.828125,0.8492864833011963,0.02116148330119627,0.012273125,0.490584541,0.502857666,14089744,214995728,3990,41671,NaN,NaN,NaN
equicorr_interior_rho0_8_d50,50,48,0.8,interior,sobol_owen,256,1,51340752,reduced_conditional,0.8478858159340195,0.8492864833011963,0.001400667367176811,0.017035292,0.320679584,0.337714876,14089744,112,3990,2,1204224,288768,1024
equicorr_cdf_rho0_3_d100,100,98,0.3,cdf,sobol_owen,256,1,100840752,current_indicator,0.6171875,0.6427949737650774,0.025607473765077438,0.115679667,3.913417541,4.029097208,33398288,6718428272,113295,333321,NaN,NaN,NaN
equicorr_cdf_rho0_3_d100,100,98,0.3,cdf,sobol_owen,256,1,100840752,reduced_conditional,0.6434112169761986,0.6427949737650774,0.0006162432111211924,0.024316,1.214279083,1.238595083,28109520,112,7940,2,3700480,1216768,256
equicorr_interior_rho0_3_d100,100,98,0.3,interior,sobol_owen,256,1,100840752,current_indicator,0.5390625,0.5480453084287159,0.008982808428715905,0.024091833,3.906347208,3.930439041,28109520,6718428272,7940,333321,NaN,NaN,NaN
equicorr_interior_rho0_3_d100,100,98,0.3,interior,sobol_owen,256,1,100840752,reduced_conditional,0.550913115355055,0.5480453084287159,0.002867806926339145,0.029630375,1.748725417,1.778355792,28109520,112,7940,2,4967424,1216768,1024
equicorr_cdf_rho0_8_d100,100,98,0.8,cdf,sobol_owen,256,1,101340752,current_indicator,0.91015625,0.9059961864131446,0.004160063586855389,0.024231084,3.932797959,3.9570290430000004,28109520,6718428272,7940,333321,NaN,NaN,NaN
equicorr_cdf_rho0_8_d100,100,98,0.8,cdf,sobol_owen,256,1,101340752,reduced_conditional,0.9108796498274856,0.9059961864131446,0.004883463414340983,0.030764541,1.226637166,1.2574017069999999,28109520,112,7940,2,3700480,1216768,256
equicorr_interior_rho0_8_d100,100,98,0.8,interior,sobol_owen,256,1,101340752,current_indicator,0.8984375,0.8877957674278216,0.010641732572178375,0.024028667,3.9277015,3.951730167,28109520,6718428272,7940,333321,NaN,NaN,NaN
equicorr_interior_rho0_8_d100,100,98,0.8,interior,sobol_owen,256,1,101340752,reduced_conditional,0.8880523339210481,0.8877957674278216,0.0002565664932264733,0.029686083,1.766815958,1.796502041,28109520,112,7940,2,4967424,1216768,1024
equicorr_cdf_rho0_3_d20,20,18,0.3,cdf,sobol_owen,256,2,20840753,current_indicator,0.53515625,0.5547860119171046,0.019629761917104638,0.12935925,0.025068291,0.154427541,14829040,2591008,184459,2683,NaN,NaN,NaN
equicorr_cdf_rho0_3_d20,20,18,0.3,cdf,sobol_owen,256,3,20840754,current_indicator,0.546875,0.5547860119171046,0.007911011917104638,0.005515958,0.02541675,0.030932707999999996,5657968,2591008,1620,2683,NaN,NaN,NaN
equicorr_cdf_rho0_3_d20,20,18,0.3,cdf,sobol_owen,256,4,20840755,current_indicator,0.54296875,0.5547860119171046,0.011817261917104638,0.005491458,0.025450708,0.030942166,5657968,2591008,1620,2683,NaN,NaN,NaN
equicorr_cdf_rho0_3_d20,20,18,0.3,cdf,sobol_owen,256,5,20840756,current_indicator,0.51953125,0.5547860119171046,0.03525476191710464,0.005369542,0.025507,0.030876542,5657968,2591008,1620,2683,NaN,NaN,NaN
equicorr_cdf_rho0_3_d20,20,18,0.3,cdf,sobol_owen,256,6,20840757,current_indicator,0.55859375,0.5547860119171046,0.003807738082895362,0.005471083,0.025131917,0.030602999999999998,5657968,2591008,1620,2683,NaN,NaN,NaN
equicorr_cdf_rho0_3_d20,20,18,0.3,cdf,sobol_owen,256,7,20840758,current_indicator,0.54296875,0.5547860119171046,0.011817261917104638,0.00554825,0.026628667,0.032176917,5657968,2591008,1620,2683,NaN,NaN,NaN
equicorr_cdf_rho0_3_d20,20,18,0.3,cdf,sobol_owen,256,8,20840759,current_indicator,0.58984375,0.5547860119171046,0.03505773808289536,0.005938084,0.025479708,0.031417792,5657968,2591008,1620,2683,NaN,NaN,NaN
equicorr_cdf_rho0_3_d20,20,18,0.3,cdf,sobol_owen,256,9,20840760,current_indicator,0.54296875,0.5547860119171046,0.011817261917104638,0.022578,0.025565458,0.048143458,5657968,2591008,1620,2683,NaN,NaN,NaN
equicorr_cdf_rho0_3_d20,20,18,0.3,cdf,sobol_owen,256,10,20840761,current_indicator,0.57421875,0.5547860119171046,0.019432738082895362,0.005096208,0.025058417,0.030154624999999997,5657968,2591008,1620,2683,NaN,NaN,NaN
equicorr_cdf_rho0_3_d20,20,18,0.3,cdf,sobol_owen,256,11,20840762,current_indicator,0.53125,0.5547860119171046,0.023536011917104638,0.0049225,0.0250005,0.029922999999999998,5657968,2591008,1620,2683,NaN,NaN,NaN
equicorr_cdf_rho0_3_d20,20,18,0.3,cdf,sobol_owen,256,12,20840763,current_indicator,0.56640625,0.5547860119171046,0.011620238082895362,0.004850875,0.025492541,0.030343416,5657968,2591008,1620,2683,NaN,NaN,NaN
equicorr_cdf_rho0_3_d20,20,18,0.3,cdf,sobol_owen,256,13,20840764,current_indicator,0.546875,0.5547860119171046,0.007911011917104638,0.005033167,0.02527025,0.030303417,5657968,2591008,1620,2683,NaN,NaN,NaN
equicorr_cdf_rho0_3_d20,20,18,0.3,cdf,sobol_owen,256,14,20840765,current_indicator,0.53515625,0.5547860119171046,0.019629761917104638,0.005100916,0.024623875,0.029724791,5657968,2591008,1620,2683,NaN,NaN,NaN
equicorr_cdf_rho0_3_d20,20,18,0.3,cdf,sobol_owen,256,15,20840766,current_indicator,0.57421875,0.5547860119171046,0.019432738082895362,0.005029458,0.033215584,0.038245042,5657968,2591008,1620,2683,NaN,NaN,NaN
equicorr_cdf_rho0_3_d20,20,18,0.3,cdf,sobol_owen,256,16,20840767,current_indicator,0.57421875,0.5547860119171046,0.019432738082895362,0.005046917,0.024949916,0.029996833,5657968,2591008,1620,2683,NaN,NaN,NaN
equicorr_cdf_rho0_3_d20,20,18,0.3,cdf,sobol_owen,256,17,20840768,current_indicator,0.546875,0.5547860119171046,0.007911011917104638,0.005597042,0.02611875,0.031715792,5657968,2591008,1620,2683,NaN,NaN,NaN
equicorr_cdf_rho0_3_d20,20,18,0.3,cdf,sobol_owen,256,18,20840769,current_indicator,0.53515625,0.5547860119171046,0.019629761917104638,0.005384042,0.025167458,0.030551500000000002,5657968,2591008,1620,2683,NaN,NaN,NaN
equicorr_cdf_rho0_3_d20,20,18,0.3,cdf,sobol_owen,256,19,20840770,current_indicator,0.55078125,0.5547860119171046,0.004004761917104638,0.00495325,0.025506125,0.030459375,5657968,2591008,1620,2683,NaN,NaN,NaN
equicorr_cdf_rho0_3_d20,20,18,0.3,cdf,sobol_owen,256,20,20840771,current_indicator,0.56640625,0.5547860119171046,0.011620238082895362,0.004954,0.026188584,0.031142584,5657968,2591008,1620,2683,NaN,NaN,NaN
equicorr_cdf_rho0_3_d20,20,18,0.3,cdf,sobol_owen,256,21,20840772,current_indicator,0.546875,0.5547860119171046,0.007911011917104638,0.004939167,0.024853125,0.029792292,5657968,2591008,1620,2683,NaN,NaN,NaN
equicorr_cdf_rho0_3_d20,20,18,0.3,cdf,sobol_owen,256,22,20840773,current_indicator,0.5625,0.5547860119171046,0.007713988082895362,0.004905292,0.025479,0.030384292,5657968,2591008,1620,2683,NaN,NaN,NaN
equicorr_cdf_rho0_3_d20,20,18,0.3,cdf,sobol_owen,256,23,20840774,current_indicator,0.51171875,0.5547860119171046,0.04306726191710464,0.004887709,0.024850791,0.0297385,5657968,2591008,1620,2683,NaN,NaN,NaN
equicorr_cdf_rho0_3_d20,20,18,0.3,cdf,sobol_owen,256,24,20840775,current_indicator,0.53125,0.5547860119171046,0.023536011917104638,0.005773333,0.024734792,0.030508124999999997,5657968,2591008,1620,2683,NaN,NaN,NaN
equicorr_cdf_rho0_3_d20,20,18,0.3,cdf,sobol_owen,256,25,20840776,current_indicator,0.53515625,0.5547860119171046,0.019629761917104638,0.004834375,0.024695875,0.02953025,5657968,2591008,1620,2683,NaN,NaN,NaN
equicorr_cdf_rho0_3_d20,20,18,0.3,cdf,sobol_owen,256,26,20840777,current_indicator,0.546875,0.5547860119171046,0.007911011917104638,0.004847125,0.024486333,0.029333458,5657968,2591008,1620,2683,NaN,NaN,NaN
equicorr_cdf_rho0_3_d20,20,18,0.3,cdf,sobol_owen,256,27,20840778,current_indicator,0.55859375,0.5547860119171046,0.003807738082895362,0.00484475,0.025353042,0.030197792,5657968,2591008,1620,2683,NaN,NaN,NaN
equicorr_cdf_rho0_3_d20,20,18,0.3,cdf,sobol_owen,256,28,20840779,current_indicator,0.55078125,0.5547860119171046,0.004004761917104638,0.004843083,0.024542167,0.02938525,5657968,2591008,1620,2683,NaN,NaN,NaN
equicorr_cdf_rho0_3_d20,20,18,0.3,cdf,sobol_owen,256,29,20840780,current_indicator,0.54296875,0.5547860119171046,0.011817261917104638,0.004764583,0.024637625,0.029402208,5657968,2591008,1620,2683,NaN,NaN,NaN
equicorr_cdf_rho0_3_d20,20,18,0.3,cdf,sobol_owen,256,30,20840781,current_indicator,0.58203125,0.5547860119171046,0.027245238082895362,0.005464791,0.024597709,0.0300625,5657968,2591008,1620,2683,NaN,NaN,NaN
equicorr_cdf_rho0_3_d20,20,18,0.3,cdf,sobol_owen,256,2,20840753,reduced_conditional,0.5546670365901517,0.5547860119171046,0.00011897532695293034,0.004864209,0.264499208,0.269363417,5657968,17897248,1620,362847,126720,39168,256
equicorr_cdf_rho0_3_d20,20,18,0.3,cdf,sobol_owen,256,3,20840754,reduced_conditional,0.5544507235499785,0.5547860119171046,0.00033528836712615195,0.004915458,0.025159625,0.030075083000000002,5657968,112,1620,2,126720,39168,256
equicorr_cdf_rho0_3_d20,20,18,0.3,cdf,sobol_owen,256,4,20840755,reduced_conditional,0.5549294326197393,0.5547860119171046,0.00014342070263462237,0.004857,0.025067333,0.029924333,5657968,112,1620,2,126720,39168,256
equicorr_cdf_rho0_3_d20,20,18,0.3,cdf,sobol_owen,256,5,20840756,reduced_conditional,0.5539959180019819,0.5547860119171046,0.0007900939151227471,0.0048385,0.025095166,0.029933665999999998,5657968,112,1620,2,126720,39168,256
equicorr_cdf_rho0_3_d20,20,18,0.3,cdf,sobol_owen,256,6,20840757,reduced_conditional,0.5531930439989832,0.5547860119171046,0.0015929679181214684,0.004871333,0.025014958,0.029886291000000002,5657968,112,1620,2,126720,39168,256
equicorr_cdf_rho0_3_d20,20,18,0.3,cdf,sobol_owen,256,7,20840758,reduced_conditional,0.5556580653968815,0.5547860119171046,0.0008720534797768131,0.01033975,0.025090708,0.035430458,5657968,112,1620,2,126720,39168,256
equicorr_cdf_rho0_3_d20,20,18,0.3,cdf,sobol_owen,256,8,20840759,reduced_conditional,0.554867823109207,0.5547860119171046,8.181119210237675e-5,0.004868958,0.025060542,0.0299295,5657968,112,1620,2,126720,39168,256
equicorr_cdf_rho0_3_d20,20,18,0.3,cdf,sobol_owen,256,9,20840760,reduced_conditional,0.5529200102756489,0.5547860119171046,0.0018660016414557834,0.004979709,0.024984833,0.029964542,5657968,112,1620,2,126720,39168,256
equicorr_cdf_rho0_3_d20,20,18,0.3,cdf,sobol_owen,256,10,20840761,reduced_conditional,0.5545492062712664,0.5547860119171046,0.00023680564583827834,0.004860208,0.025009583,0.029869791,5657968,112,1620,2,126720,39168,256
equicorr_cdf_rho0_3_d20,20,18,0.3,cdf,sobol_owen,256,11,20840762,reduced_conditional,0.5548202656609237,0.5547860119171046,3.4253743819046e-5,0.009392875,0.025462584,0.034855459,5657968,112,1620,2,126720,39168,256
equicorr_cdf_rho0_3_d20,20,18,0.3,cdf,sobol_owen,256,12,20840763,reduced_conditional,0.5547012112792244,0.5547860119171046,8.48006378801891e-5,0.005012958,0.025517875,0.030530833,5657968,112,1620,2,126720,39168,256
equicorr_cdf_rho0_3_d20,20,18,0.3,cdf,sobol_owen,256,13,20840764,reduced_conditional,0.5557173362892769,0.5547860119171046,0.0009313243721722486,0.0051,0.025473334,0.030573334,5657968,112,1620,2,126720,39168,256
equicorr_cdf_rho0_3_d20,20,18,0.3,cdf,sobol_owen,256,14,20840765,reduced_conditional,0.5531409392102218,0.5547860119171046,0.0016450727068828552,0.005164625,0.025531291,0.030695916,5657968,112,1620,2,126720,39168,256
equicorr_cdf_rho0_3_d20,20,18,0.3,cdf,sobol_owen,256,15,20840766,reduced_conditional,0.555218287168912,0.5547860119171046,0.0004322752518073347,0.005779583,0.025534333,0.031313916,5657968,112,1620,2,126720,39168,256
equicorr_cdf_rho0_3_d20,20,18,0.3,cdf,sobol_owen,256,16,20840767,reduced_conditional,0.5550527720045438,0.5547860119171046,0.00026676008743919954,0.00493825,0.026058541,0.030996791000000003,5657968,112,1620,2,126720,39168,256
equicorr_cdf_rho0_3_d20,20,18,0.3,cdf,sobol_owen,256,17,20840768,reduced_conditional,0.5554035812378898,0.5547860119171046,0.0006175693207851607,0.004947291,0.025986208,0.030933499,5657968,112,1620,2,126720,39168,256
equicorr_cdf_rho0_3_d20,20,18,0.3,cdf,sobol_owen,256,18,20840769,reduced_conditional,0.5551128484739377,0.5547860119171046,0.00032683655683307666,0.005814916,0.02574975,0.031564666,5657968,112,1620,2,126720,39168,256
equicorr_cdf_rho0_3_d20,20,18,0.3,cdf,sobol_owen,256,19,20840770,reduced_conditional,0.5554780277141994,0.5547860119171046,0.0006920157970947693,0.004951,0.025933459,0.030884459,5657968,112,1620,2,126720,39168,256
equicorr_cdf_rho0_3_d20,20,18,0.3,cdf,sobol_owen,256,20,20840771,reduced_conditional,0.5544101082683845,0.5547860119171046,0.0003759036487200884,0.004967167,0.025438458,0.030405625,5657968,112,1620,2,126720,39168,256
equicorr_cdf_rho0_3_d20,20,18,0.3,cdf,sobol_owen,256,21,20840772,reduced_conditional,0.5541828453876352,0.5547860119171046,0.0006031665294694566,0.005956875,0.0253325,0.031289375,5657968,112,1620,2,126720,39168,256
equicorr_cdf_rho0_3_d20,20,18,0.3,cdf,sobol_owen,256,22,20840773,reduced_conditional,0.556555935369851,0.5547860119171046,0.0017699234527464025,0.004934208,0.025315791,0.030249999,5657968,112,1620,2,126720,39168,256
equicorr_cdf_rho0_3_d20,20,18,0.3,cdf,sobol_owen,256,23,20840774,reduced_conditional,0.5539858359679533,0.5547860119171046,0.0008001759491513827,0.005661,0.025110334,0.030771334,5657968,112,1620,2,126720,39168,256
equicorr_cdf_rho0_3_d20,20,18,0.3,cdf,sobol_owen,256,24,20840775,reduced_conditional,0.5548097051163364,0.5547860119171046,2.369319923178903e-5,0.004820333,0.025206416,0.030026749,5657968,112,1620,2,126720,39168,256
equicorr_cdf_rho0_3_d20,20,18,0.3,cdf,sobol_owen,256,25,20840776,reduced_conditional,0.5548631102647629,0.5547860119171046,7.70983476582332e-5,0.005513083,0.025227375,0.030740458,5657968,112,1620,2,126720,39168,256
equicorr_cdf_rho0_3_d20,20,18,0.3,cdf,sobol_owen,256,26,20840777,reduced_conditional,0.5549300588157,0.5547860119171046,0.00014404689859537356,0.005372,0.025122042,0.030494042,5657968,112,1620,2,126720,39168,256
equicorr_cdf_rho0_3_d20,20,18,0.3,cdf,sobol_owen,256,27,20840778,reduced_conditional,0.5551220183807889,0.5547860119171046,0.00033600646368425746,0.004808792,0.025030333,0.029839124999999998,5657968,112,1620,2,126720,39168,256
equicorr_cdf_rho0_3_d20,20,18,0.3,cdf,sobol_owen,256,28,20840779,reduced_conditional,0.5552100193472272,0.5547860119171046,0.0004240074301226082,0.005342292,0.025030792,0.030373084,5657968,112,1620,2,126720,39168,256
equicorr_cdf_rho0_3_d20,20,18,0.3,cdf,sobol_owen,256,29,20840780,reduced_conditional,0.5552820150636687,0.5547860119171046,0.0004960031465640613,0.005222458,0.0250505,0.030272958,5657968,112,1620,2,126720,39168,256
equicorr_cdf_rho0_3_d20,20,18,0.3,cdf,sobol_owen,256,30,20840781,reduced_conditional,0.5556117774403794,0.5547860119171046,0.0008257655232747352,0.004837125,0.025058458,0.029895583,5657968,112,1620,2,126720,39168,256
equicorr_cdf_rho0_3_d20,20,18,0.3,cdf,sobol_owen,1024,1,20917552,current_indicator,0.5439453125,0.5547860119171046,0.010840699417104638,0.020363834,0.106965709,0.12732954300000002,20791168,3176736,1741,2683,NaN,NaN,NaN
equicorr_cdf_rho0_3_d20,20,18,0.3,cdf,sobol_owen,1024,2,20917553,current_indicator,0.544921875,0.5547860119171046,0.009864136917104638,0.020698542,0.11363575,0.134334292,20791168,3176736,1741,2683,NaN,NaN,NaN
equicorr_cdf_rho0_3_d20,20,18,0.3,cdf,sobol_owen,1024,3,20917554,current_indicator,0.560546875,0.5547860119171046,0.005760863082895362,0.019824666,0.104365125,0.12418979100000001,20791168,3176736,1741,2683,NaN,NaN,NaN
equicorr_cdf_rho0_3_d20,20,18,0.3,cdf,sobol_owen,1024,4,20917555,current_indicator,0.55859375,0.5547860119171046,0.003807738082895362,0.02048075,0.103942708,0.12442345799999999,20791168,3176736,1741,2683,NaN,NaN,NaN
equicorr_cdf_rho0_3_d20,20,18,0.3,cdf,sobol_owen,1024,5,20917556,current_indicator,0.552734375,0.5547860119171046,0.002051636917104638,0.019955209,0.104378667,0.124333876,20791168,3176736,1741,2683,NaN,NaN,NaN
equicorr_cdf_rho0_3_d20,20,18,0.3,cdf,sobol_owen,1024,6,20917557,current_indicator,0.5478515625,0.5547860119171046,0.006934449417104638,0.019571209,0.103411958,0.122983167,20791168,3176736,1741,2683,NaN,NaN,NaN
equicorr_cdf_rho0_3_d20,20,18,0.3,cdf,sobol_owen,1024,7,20917558,current_indicator,0.5595703125,0.5547860119171046,0.004784300582895362,0.019767292,0.104250042,0.124017334,20791168,3176736,1741,2683,NaN,NaN,NaN
equicorr_cdf_rho0_3_d20,20,18,0.3,cdf,sobol_owen,1024,8,20917559,current_indicator,0.5390625,0.5547860119171046,0.015723511917104638,0.019990458,0.104746,0.12473645800000001,20791168,3176736,1741,2683,NaN,NaN,NaN
equicorr_cdf_rho0_3_d20,20,18,0.3,cdf,sobol_owen,1024,9,20917560,current_indicator,0.5546875,0.5547860119171046,9.85119171046378e-5,0.021257708,0.105635125,0.12689283299999998,20791168,3176736,1741,2683,NaN,NaN,NaN
equicorr_cdf_rho0_3_d20,20,18,0.3,cdf,sobol_owen,1024,10,20917561,current_indicator,0.5654296875,0.5547860119171046,0.010643675582895362,0.020492875,0.107789958,0.128282833,20791168,3176736,1741,2683,NaN,NaN,NaN
equicorr_cdf_rho0_3_d20,20,18,0.3,cdf,sobol_owen,1024,11,20917562,current_indicator,0.560546875,0.5547860119171046,0.005760863082895362,0.020701625,0.105753917,0.126455542,20791168,3176736,1741,2683,NaN,NaN,NaN
equicorr_cdf_rho0_3_d20,20,18,0.3,cdf,sobol_owen,1024,12,20917563,current_indicator,0.5439453125,0.5547860119171046,0.010840699417104638,0.020784208,0.106027541,0.126811749,20791168,3176736,1741,2683,NaN,NaN,NaN
equicorr_cdf_rho0_3_d20,20,18,0.3,cdf,sobol_owen,1024,13,20917564,current_indicator,0.5498046875,0.5547860119171046,0.004981324417104638,0.036449916,0.108707042,0.145156958,20791168,3176736,1741,2683,NaN,NaN,NaN
equicorr_cdf_rho0_3_d20,20,18,0.3,cdf,sobol_owen,1024,14,20917565,current_indicator,0.5595703125,0.5547860119171046,0.004784300582895362,0.02047175,0.120686667,0.141158417,20791168,3176736,1741,2683,NaN,NaN,NaN
equicorr_cdf_rho0_3_d20,20,18,0.3,cdf,sobol_owen,1024,15,20917566,current_indicator,0.560546875,0.5547860119171046,0.005760863082895362,0.034268708,0.108258833,0.142527541,20791168,3176736,1741,2683,NaN,NaN,NaN
equicorr_cdf_rho0_3_d20,20,18,0.3,cdf,sobol_owen,1024,16,20917567,current_indicator,0.544921875,0.5547860119171046,0.009864136917104638,0.150465792,0.106219542,0.256685334,20791168,3176736,1741,2683,NaN,NaN,NaN
equicorr_cdf_rho0_3_d20,20,18,0.3,cdf,sobol_owen,1024,17,20917568,current_indicator,0.5556640625,0.5547860119171046,0.0008780505828953622,0.020591167,0.10537075,0.125961917,20791168,3176736,1741,2683,NaN,NaN,NaN
equicorr_cdf_rho0_3_d20,20,18,0.3,cdf,sobol_owen,1024,18,20917569,current_indicator,0.54296875,0.5547860119171046,0.011817261917104638,0.021533291,0.103597625,0.125130916,20791168,3176736,1741,2683,NaN,NaN,NaN
equicorr_cdf_rho0_3_d20,20,18,0.3,cdf,sobol_owen,1024,19,20917570,current_indicator,0.5703125,0.5547860119171046,0.015526488082895362,0.020993292,0.105457584,0.126450876,20791168,3176736,1741,2683,NaN,NaN,NaN
equicorr_cdf_rho0_3_d20,20,18,0.3,cdf,sobol_owen,1024,20,20917571,current_indicator,0.5673828125,0.5547860119171046,0.012596800582895362,0.019757709,0.108767458,0.128525167,20791168,3176736,1741,2683,NaN,NaN,NaN
equicorr_cdf_rho0_3_d20,20,18,0.3,cdf,sobol_owen,1024,21,20917572,current_indicator,0.546875,0.5547860119171046,0.007911011917104638,0.019264625,0.103735459,0.12300008400000001,20791168,3176736,1741,2683,NaN,NaN,NaN
equicorr_cdf_rho0_3_d20,20,18,0.3,cdf,sobol_owen,1024,22,20917573,current_indicator,0.556640625,0.5547860119171046,0.0018546130828953622,0.020995334,0.106432333,0.127427667,20791168,3176736,1741,2683,NaN,NaN,NaN
equicorr_cdf_rho0_3_d20,20,18,0.3,cdf,sobol_owen,1024,23,20917574,current_indicator,0.5576171875,0.5547860119171046,0.002831175582895362,0.022829167,0.106008292,0.12883745900000002,20791168,3176736,1741,2683,NaN,NaN,NaN
equicorr_cdf_rho0_3_d20,20,18,0.3,cdf,sobol_owen,1024,24,20917575,current_indicator,0.5576171875,0.5547860119171046,0.002831175582895362,0.019421708,0.106121375,0.125543083,20791168,3176736,1741,2683,NaN,NaN,NaN
equicorr_cdf_rho0_3_d20,20,18,0.3,cdf,sobol_owen,1024,25,20917576,current_indicator,0.5556640625,0.5547860119171046,0.0008780505828953622,0.020036084,0.105877958,0.125914042,20791168,3176736,1741,2683,NaN,NaN,NaN
equicorr_cdf_rho0_3_d20,20,18,0.3,cdf,sobol_owen,1024,26,20917577,current_indicator,0.5498046875,0.5547860119171046,0.004981324417104638,0.020263541,0.104656375,0.12491991599999999,20791168,3176736,1741,2683,NaN,NaN,NaN
equicorr_cdf_rho0_3_d20,20,18,0.3,cdf,sobol_owen,1024,27,20917578,current_indicator,0.5498046875,0.5547860119171046,0.004981324417104638,0.018962625,0.104028875,0.1229915,20791168,3176736,1741,2683,NaN,NaN,NaN
equicorr_cdf_rho0_3_d20,20,18,0.3,cdf,sobol_owen,1024,28,20917579,current_indicator,0.5556640625,0.5547860119171046,0.0008780505828953622,0.019003833,0.104498417,0.12350225,20791168,3176736,1741,2683,NaN,NaN,NaN
equicorr_cdf_rho0_3_d20,20,18,0.3,cdf,sobol_owen,1024,29,20917580,current_indicator,0.564453125,0.5547860119171046,0.009667113082895362,0.019399625,0.103229958,0.122629583,20791168,3176736,1741,2683,NaN,NaN,NaN
equicorr_cdf_rho0_3_d20,20,18,0.3,cdf,sobol_owen,1024,30,20917581,current_indicator,0.548828125,0.5547860119171046,0.005957886917104638,0.020589916,0.114090584,0.13468049999999998,20791168,3176736,1741,2683,NaN,NaN,NaN
equicorr_cdf_rho0_3_d20,20,18,0.3,cdf,sobol_owen,1024,1,20917552,reduced_conditional,0.5549986235666997,0.5547860119171046,0.00021261164959507362,0.020768584,0.104425875,0.125194459,20791168,112,1741,2,506880,156672,1024
equicorr_cdf_rho0_3_d20,20,18,0.3,cdf,sobol_owen,1024,2,20917553,reduced_conditional,0.5545824655670618,0.5547860119171046,0.00020354635004282695,0.020269833,0.110574708,0.13084454099999998,20791168,112,1741,2,506880,156672,1024
equicorr_cdf_rho0_3_d20,20,18,0.3,cdf,sobol_owen,1024,3,20917554,reduced_conditional,0.5549637608976513,0.5547860119171046,0.00017774898054667698,0.020556375,0.101549208,0.122105583,20791168,112,1741,2,506880,156672,1024
equicorr_cdf_rho0_3_d20,20,18,0.3,cdf,sobol_owen,1024,4,20917555,reduced_conditional,0.5547716140643648,0.5547860119171046,1.4397852739822525e-5,0.020715417,0.100902708,0.121618125,20791168,112,1741,2,506880,156672,1024
equicorr_cdf_rho0_3_d20,20,18,0.3,cdf,sobol_owen,1024,5,20917556,reduced_conditional,0.5551349971529411,0.5547860119171046,0.00034898523583648533,0.020314,0.100602958,0.120916958,20791168,112,1741,2,506880,156672,1024
equicorr_cdf_rho0_3_d20,20,18,0.3,cdf,sobol_owen,1024,6,20917557,reduced_conditional,0.554894678756014,0.5547860119171046,0.00010866683890931039,0.019801666,0.100219416,0.120021082,20791168,112,1741,2,506880,156672,1024
equicorr_cdf_rho0_3_d20,20,18,0.3,cdf,sobol_owen,1024,7,20917558,reduced_conditional,0.5547189635074073,0.5547860119171046,6.704840969729009e-5,0.019504542,0.100505791,0.120010333,20791168,112,1741,2,506880,156672,1024
equicorr_cdf_rho0_3_d20,20,18,0.3,cdf,sobol_owen,1024,8,20917559,reduced_conditional,0.5547907776932133,0.5547860119171046,4.765776108639486e-6,0.020049084,0.101629,0.12167808399999999,20791168,112,1741,2,506880,156672,1024
equicorr_cdf_rho0_3_d20,20,18,0.3,cdf,sobol_owen,1024,9,20917560,reduced_conditional,0.55474519202265,0.5547860119171046,4.081989445459122e-5,0.0205735,0.103666041,0.12423954100000001,20791168,112,1741,2,506880,156672,1024
equicorr_cdf_rho0_3_d20,20,18,0.3,cdf,sobol_owen,1024,10,20917561,reduced_conditional,0.5546879898621551,0.5547860119171046,9.802205494957583e-5,0.020560084,0.101160459,0.12172054299999999,20791168,112,1741,2,506880,156672,1024
equicorr_cdf_rho0_3_d20,20,18,0.3,cdf,sobol_owen,1024,11,20917562,reduced_conditional,0.5548978283258952,0.5547860119171046,0.00011181640879054378,0.020880709,0.101823416,0.122704125,20791168,112,1741,2,506880,156672,1024
equicorr_cdf_rho0_3_d20,20,18,0.3,cdf,sobol_owen,1024,12,20917563,reduced_conditional,0.5547747922701881,0.5547860119171046,1.1219646916527104e-5,0.021164458,0.102647209,0.123811667,20791168,112,1741,2,506880,156672,1024
equicorr_cdf_rho0_3_d20,20,18,0.3,cdf,sobol_owen,1024,13,20917564,reduced_conditional,0.5544683702900987,0.5547860119171046,0.0003176416270059823,0.020820584,0.101413625,0.122234209,20791168,112,1741,2,506880,156672,1024
equicorr_cdf_rho0_3_d20,20,18,0.3,cdf,sobol_owen,1024,14,20917565,reduced_conditional,0.5546575584205928,0.5547860119171046,0.0001284534965118045,0.021306333,0.101320084,0.122626417,20791168,112,1741,2,506880,156672,1024
equicorr_cdf_rho0_3_d20,20,18,0.3,cdf,sobol_owen,1024,15,20917566,reduced_conditional,0.5548911897319334,0.5547860119171046,0.00010517781482877187,0.021189916,0.101228792,0.122418708,20791168,112,1741,2,506880,156672,1024
equicorr_cdf_rho0_3_d20,20,18,0.3,cdf,sobol_owen,1024,16,20917567,reduced_conditional,0.5549051261157868,0.5547860119171046,0.00011911419868215756,0.020703666,0.100607125,0.121310791,20791168,112,1741,2,506880,156672,1024
equicorr_cdf_rho0_3_d20,20,18,0.3,cdf,sobol_owen,1024,17,20917568,reduced_conditional,0.5544160481549955,0.5547860119171046,0.00036996376210918225,0.019992584,0.101541917,0.12153450099999999,20791168,112,1741,2,506880,156672,1024
equicorr_cdf_rho0_3_d20,20,18,0.3,cdf,sobol_owen,1024,18,20917569,reduced_conditional,0.5543773233863409,0.5547860119171046,0.00040868853076370115,0.032675667,0.111043417,0.143719084,20791168,112,1741,2,506880,156672,1024
equicorr_cdf_rho0_3_d20,20,18,0.3,cdf,sobol_owen,1024,19,20917570,reduced_conditional,0.55520552551169,0.5547860119171046,0.0004195135945853634,0.133357667,0.110807542,0.244165209,20791168,112,1741,2,506880,156672,1024
equicorr_cdf_rho0_3_d20,20,18,0.3,cdf,sobol_owen,1024,20,20917571,reduced_conditional,0.5548476093274952,0.5547860119171046,6.15974103905792e-5,0.022344334,0.106855125,0.129199459,20791168,112,1741,2,506880,156672,1024
equicorr_cdf_rho0_3_d20,20,18,0.3,cdf,sobol_owen,1024,21,20917572,reduced_conditional,0.554687612277463,0.5547860119171046,9.839963964164422e-5,0.01961525,0.105018167,0.124633417,20791168,112,1741,2,506880,156672,1024
equicorr_cdf_rho0_3_d20,20,18,0.3,cdf,sobol_owen,1024,22,20917573,reduced_conditional,0.5544270338554181,0.5547860119171046,0.00035897806168649904,0.027193167,0.109648084,0.136841251,20791168,112,1741,2,506880,156672,1024
equicorr_cdf_rho0_3_d20,20,18,0.3,cdf,sobol_owen,1024,23,20917574,reduced_conditional,0.5547332183580558,0.5547860119171046,5.2793559048858185e-5,0.022077916,0.102316584,0.1243945,20791168,112,1741,2,506880,156672,1024
equicorr_cdf_rho0_3_d20,20,18,0.3,cdf,sobol_owen,1024,24,20917575,reduced_conditional,0.554802865406635,0.5547860119171046,1.6853489530399557e-5,0.019614916,0.102669625,0.122284541,20791168,112,1741,2,506880,156672,1024
equicorr_cdf_rho0_3_d20,20,18,0.3,cdf,sobol_owen,1024,25,20917576,reduced_conditional,0.5545739382395789,0.5547860119171046,0.00021207367752573703,0.019464084,0.101599833,0.121063917,20791168,112,1741,2,506880,156672,1024
equicorr_cdf_rho0_3_d20,20,18,0.3,cdf,sobol_owen,1024,26,20917577,reduced_conditional,0.5547505248499028,0.5547860119171046,3.548706720180039e-5,0.019209625,0.100892542,0.12010216700000001,20791168,112,1741,2,506880,156672,1024
equicorr_cdf_rho0_3_d20,20,18,0.3,cdf,sobol_owen,1024,27,20917578,reduced_conditional,0.5545991492180838,0.5547860119171046,0.00018686269902079555,0.020104166,0.100495333,0.120599499,20791168,112,1741,2,506880,156672,1024
equicorr_cdf_rho0_3_d20,20,18,0.3,cdf,sobol_owen,1024,28,20917579,reduced_conditional,0.5554204958252539,0.5547860119171046,0.0006344839081492415,0.019077583,0.100358583,0.119436166,20791168,112,1741,2,506880,156672,1024
equicorr_cdf_rho0_3_d20,20,18,0.3,cdf,sobol_owen,1024,29,20917580,reduced_conditional,0.5547417373746699,0.5547860119171046,4.4274542434719066e-5,0.019001,0.100209875,0.11921087500000001,20791168,112,1741,2,506880,156672,1024
equicorr_cdf_rho0_3_d20,20,18,0.3,cdf,sobol_owen,1024,30,20917581,reduced_conditional,0.5541302837159306,0.5547860119171046,0.0006557282011739884,0.019783958,0.100009209,0.119793167,20791168,112,1741,2,506880,156672,1024
equicorr_cdf_rho0_3_d20,20,18,0.3,cdf,sobol_owen,4096,1,21224752,current_indicator,0.552490234375,0.5547860119171046,0.002295777542104638,0.082891,0.448092625,0.5309836250000001,82069888,5683488,1861,2683,NaN,NaN,NaN
equicorr_cdf_rho0_3_d20,20,18,0.3,cdf,sobol_owen,4096,2,21224753,current_indicator,0.55126953125,0.5547860119171046,0.003516480667104638,0.082720542,0.422759292,0.505479834,82069888,5683488,1861,2683,NaN,NaN,NaN
equicorr_cdf_rho0_3_d20,20,18,0.3,cdf,sobol_owen,4096,3,21224754,current_indicator,0.552490234375,0.5547860119171046,0.002295777542104638,0.242103209,0.420578417,0.662681626,82069888,5683488,1861,2683,NaN,NaN,NaN
equicorr_cdf_rho0_3_d20,20,18,0.3,cdf,sobol_owen,4096,4,21224755,current_indicator,0.557373046875,0.5547860119171046,0.002587034957895362,0.081209792,0.4283725,0.5095822919999999,82069888,5683488,1861,2683,NaN,NaN,NaN
equicorr_cdf_rho0_3_d20,20,18,0.3,cdf,sobol_owen,4096,5,21224756,current_indicator,0.55224609375,0.5547860119171046,0.002539918167104638,0.08194125,0.429181375,0.5111226249999999,82069888,5683488,1861,2683,NaN,NaN,NaN
equicorr_cdf_rho0_3_d20,20,18,0.3,cdf,sobol_owen,4096,6,21224757,current_indicator,0.556640625,0.5547860119171046,0.0018546130828953622,0.081210291,0.423570792,0.504781083,82069888,5683488,1861,2683,NaN,NaN,NaN
equicorr_cdf_rho0_3_d20,20,18,0.3,cdf,sobol_owen,4096,7,21224758,current_indicator,0.552490234375,0.5547860119171046,0.002295777542104638,0.080320583,0.42636075,0.506681333,82069888,5683488,1861,2683,NaN,NaN,NaN
equicorr_cdf_rho0_3_d20,20,18,0.3,cdf,sobol_owen,4096,8,21224759,current_indicator,0.550537109375,0.5547860119171046,0.004248902542104638,0.244082708,0.423243458,0.667326166,82069888,5683488,1861,2683,NaN,NaN,NaN
equicorr_cdf_rho0_3_d20,20,18,0.3,cdf,sobol_owen,4096,9,21224760,current_indicator,0.546630859375,0.5547860119171046,0.008155152542104638,0.08208925,0.423374042,0.505463292,82069888,5683488,1861,2683,NaN,NaN,NaN
equicorr_cdf_rho0_3_d20,20,18,0.3,cdf,sobol_owen,4096,10,21224761,current_indicator,0.5498046875,0.5547860119171046,0.004981324417104638,0.081087958,0.426981334,0.508069292,82069888,5683488,1861,2683,NaN,NaN,NaN
equicorr_cdf_rho0_3_d20,20,18,0.3,cdf,sobol_owen,4096,11,21224762,current_indicator,0.553466796875,0.5547860119171046,0.0013192150421046378,0.08270675,0.425866291,0.508573041,82069888,5683488,1861,2683,NaN,NaN,NaN
equicorr_cdf_rho0_3_d20,20,18,0.3,cdf,sobol_owen,4096,12,21224763,current_indicator,0.55517578125,0.5547860119171046,0.0003897693328953622,0.078515416,0.427485208,0.506000624,82069888,5683488,1861,2683,NaN,NaN,NaN
equicorr_cdf_rho0_3_d20,20,18,0.3,cdf,sobol_owen,4096,13,21224764,current_indicator,0.54931640625,0.5547860119171046,0.005469605667104638,0.226211083,0.423445292,0.649656375,82069888,5683488,1861,2683,NaN,NaN,NaN
equicorr_cdf_rho0_3_d20,20,18,0.3,cdf,sobol_owen,4096,14,21224765,current_indicator,0.54833984375,0.5547860119171046,0.006446168167104638,0.080011042,0.428174459,0.508185501,82069888,5683488,1861,2683,NaN,NaN,NaN
equicorr_cdf_rho0_3_d20,20,18,0.3,cdf,sobol_owen,4096,15,21224766,current_indicator,0.550537109375,0.5547860119171046,0.004248902542104638,0.079357209,0.433593417,0.512950626,82069888,5683488,1861,2683,NaN,NaN,NaN
equicorr_cdf_rho0_3_d20,20,18,0.3,cdf,sobol_owen,4096,16,21224767,current_indicator,0.552490234375,0.5547860119171046,0.002295777542104638,0.079809791,0.440869333,0.5206791239999999,82069888,5683488,1861,2683,NaN,NaN,NaN
equicorr_cdf_rho0_3_d20,20,18,0.3,cdf,sobol_owen,4096,17,21224768,current_indicator,0.561279296875,0.5547860119171046,0.006493284957895362,0.083413875,0.42595325,0.509367125,82069888,5683488,1861,2683,NaN,NaN,NaN
equicorr_cdf_rho0_3_d20,20,18,0.3,cdf,sobol_owen,4096,18,21224769,current_indicator,0.554931640625,0.5547860119171046,0.0001456287078953622,0.081989708,0.423404958,0.5053946659999999,82069888,5683488,1861,2683,NaN,NaN,NaN
equicorr_cdf_rho0_3_d20,20,18,0.3,cdf,sobol_owen,4096,19,21224770,current_indicator,0.556884765625,0.5547860119171046,0.002098753707895362,0.261784541,0.430356333,0.6921408739999999,82069888,5683488,1861,2683,NaN,NaN,NaN
equicorr_cdf_rho0_3_d20,20,18,0.3,cdf,sobol_owen,4096,20,21224771,current_indicator,0.556396484375,0.5547860119171046,0.0016104724578953622,0.082138542,0.429896625,0.512035167,82069888,5683488,1861,2683,NaN,NaN,NaN
equicorr_cdf_rho0_3_d20,20,18,0.3,cdf,sobol_owen,4096,21,21224772,current_indicator,0.543701171875,0.5547860119171046,0.011084840042104638,0.082717083,0.432290042,0.515007125,82069888,5683488,1861,2683,NaN,NaN,NaN
equicorr_cdf_rho0_3_d20,20,18,0.3,cdf,sobol_owen,4096,22,21224773,current_indicator,0.561279296875,0.5547860119171046,0.006493284957895362,0.082104167,0.42180075,0.5039049170000001,82069888,5683488,1861,2683,NaN,NaN,NaN
equicorr_cdf_rho0_3_d20,20,18,0.3,cdf,sobol_owen,4096,23,21224774,current_indicator,0.552734375,0.5547860119171046,0.002051636917104638,0.081755708,0.430016083,0.511771791,82069888,5683488,1861,2683,NaN,NaN,NaN
equicorr_cdf_rho0_3_d20,20,18,0.3,cdf,sobol_owen,4096,24,21224775,current_indicator,0.55224609375,0.5547860119171046,0.002539918167104638,0.265148542,0.432107833,0.697256375,82069888,5683488,1861,2683,NaN,NaN,NaN
equicorr_cdf_rho0_3_d20,20,18,0.3,cdf,sobol_owen,4096,25,21224776,current_indicator,0.554931640625,0.5547860119171046,0.0001456287078953622,0.0811005,0.427186375,0.508286875,82069888,5683488,1861,2683,NaN,NaN,NaN
equicorr_cdf_rho0_3_d20,20,18,0.3,cdf,sobol_owen,4096,26,21224777,current_indicator,0.55517578125,0.5547860119171046,0.0003897693328953622,0.081330458,0.425406083,0.506736541,82069888,5683488,1861,2683,NaN,NaN,NaN
equicorr_cdf_rho0_3_d20,20,18,0.3,cdf,sobol_owen,4096,27,21224778,current_indicator,0.551513671875,0.5547860119171046,0.003272340042104638,0.078247458,0.42041525,0.498662708,82069888,5683488,1861,2683,NaN,NaN,NaN
equicorr_cdf_rho0_3_d20,20,18,0.3,cdf,sobol_owen,4096,28,21224779,current_indicator,0.55224609375,0.5547860119171046,0.002539918167104638,0.080654958,0.419906625,0.500561583,82069888,5683488,1861,2683,NaN,NaN,NaN
equicorr_cdf_rho0_3_d20,20,18,0.3,cdf,sobol_owen,4096,29,21224780,current_indicator,0.558837890625,0.5547860119171046,0.004051878707895362,0.080335375,0.419246042,0.49958141699999997,82069888,5683488,1861,2683,NaN,NaN,NaN
equicorr_cdf_rho0_3_d20,20,18,0.3,cdf,sobol_owen,4096,30,21224781,current_indicator,0.5556640625,0.5547860119171046,0.0008780505828953622,0.254242916,0.424162292,0.678405208,82069888,5683488,1861,2683,NaN,NaN,NaN
equicorr_cdf_rho0_3_d20,20,18,0.3,cdf,sobol_owen,4096,1,21224752,reduced_conditional,0.554768134797523,0.5547860119171046,1.787711958167737e-5,0.082663709,0.403711917,0.48637562599999995,82069888,112,1861,2,2027520,626688,4096
equicorr_cdf_rho0_3_d20,20,18,0.3,cdf,sobol_owen,4096,2,21224753,reduced_conditional,0.5548847251497474,0.5547860119171046,9.871323264276644e-5,0.0807255,0.400789583,0.481515083,82069888,112,1861,2,2027520,626688,4096
equicorr_cdf_rho0_3_d20,20,18,0.3,cdf,sobol_owen,4096,3,21224754,reduced_conditional,0.5546420845112038,0.5547860119171046,0.00014392740590085662,0.080274875,0.400573125,0.48084799999999994,82069888,112,1861,2,2027520,626688,4096
equicorr_cdf_rho0_3_d20,20,18,0.3,cdf,sobol_owen,4096,4,21224755,reduced_conditional,0.5548104528505446,0.5547860119171046,2.4440933440006418e-5,0.080543,0.401185291,0.48172829100000003,82069888,112,1861,2,2027520,626688,4096
equicorr_cdf_rho0_3_d20,20,18,0.3,cdf,sobol_owen,4096,5,21224756,reduced_conditional,0.5547928142040394,0.5547860119171046,6.802286934726176e-6,0.240978834,0.402161834,0.643140668,82069888,112,1861,2,2027520,626688,4096
equicorr_cdf_rho0_3_d20,20,18,0.3,cdf,sobol_owen,4096,6,21224757,reduced_conditional,0.5549003746610097,0.5547860119171046,0.00011436274390508316,0.08080925,0.402905333,0.483714583,82069888,112,1861,2,2027520,626688,4096
equicorr_cdf_rho0_3_d20,20,18,0.3,cdf,sobol_owen,4096,7,21224758,reduced_conditional,0.5547648016728381,0.5547860119171046,2.1210244266489653e-5,0.080625667,0.406514625,0.48714029200000003,82069888,112,1861,2,2027520,626688,4096
equicorr_cdf_rho0_3_d20,20,18,0.3,cdf,sobol_owen,4096,8,21224759,reduced_conditional,0.5548578167147233,0.5547860119171046,7.180479761870195e-5,0.081616125,0.402401125,0.48401725,82069888,112,1861,2,2027520,626688,4096
equicorr_cdf_rho0_3_d20,20,18,0.3,cdf,sobol_owen,4096,9,21224760,reduced_conditional,0.5548214243608048,0.5547860119171046,3.5412443700200136e-5,0.082195791,0.408363833,0.490559624,82069888,112,1861,2,2027520,626688,4096
equicorr_cdf_rho0_3_d20,20,18,0.3,cdf,sobol_owen,4096,10,21224761,reduced_conditional,0.5548225100437703,0.5547860119171046,3.649812666561836e-5,0.080984917,0.402662958,0.483647875,82069888,112,1861,2,2027520,626688,4096
equicorr_cdf_rho0_3_d20,20,18,0.3,cdf,sobol_owen,4096,11,21224762,reduced_conditional,0.5546624892545067,0.5547860119171046,0.00012352266259796352,0.220108417,0.410585959,0.630694376,82069888,112,1861,2,2027520,626688,4096
equicorr_cdf_rho0_3_d20,20,18,0.3,cdf,sobol_owen,4096,12,21224763,reduced_conditional,0.5547688065694448,0.5547860119171046,1.7205347659809966e-5,0.08262225,0.403111958,0.485734208,82069888,112,1861,2,2027520,626688,4096
equicorr_cdf_rho0_3_d20,20,18,0.3,cdf,sobol_owen,4096,13,21224764,reduced_conditional,0.5547684942760217,0.5547860119171046,1.7517641082931412e-5,0.080986417,0.40661625,0.487602667,82069888,112,1861,2,2027520,626688,4096
equicorr_cdf_rho0_3_d20,20,18,0.3,cdf,sobol_owen,4096,14,21224765,reduced_conditional,0.5547672588211838,0.5547860119171046,1.8753095920809315e-5,0.080836167,0.401225083,0.48206125,82069888,112,1861,2,2027520,626688,4096
equicorr_cdf_rho0_3_d20,20,18,0.3,cdf,sobol_owen,4096,15,21224766,reduced_conditional,0.5548187296911467,0.5547860119171046,3.271777404201259e-5,0.0808215,0.401496292,0.48231779199999997,82069888,112,1861,2,2027520,626688,4096
equicorr_cdf_rho0_3_d20,20,18,0.3,cdf,sobol_owen,4096,16,21224767,reduced_conditional,0.554847826171195,0.5547860119171046,6.181425409035324e-5,0.245228667,0.401662917,0.646891584,82069888,112,1861,2,2027520,626688,4096
equicorr_cdf_rho0_3_d20,20,18,0.3,cdf,sobol_owen,4096,17,21224768,reduced_conditional,0.5547165674535119,0.5547860119171046,6.944446359269385e-5,0.080236833,0.401288875,0.481525708,82069888,112,1861,2,2027520,626688,4096
equicorr_cdf_rho0_3_d20,20,18,0.3,cdf,sobol_owen,4096,18,21224769,reduced_conditional,0.5546976143459331,0.5547860119171046,8.839757117151681e-5,0.079205708,0.401316583,0.480522291,82069888,112,1861,2,2027520,626688,4096
equicorr_cdf_rho0_3_d20,20,18,0.3,cdf,sobol_owen,4096,19,21224770,reduced_conditional,0.554820651049505,0.5547860119171046,3.463913240031591e-5,0.080559291,0.401171583,0.48173087400000003,82069888,112,1861,2,2027520,626688,4096
equicorr_cdf_rho0_3_d20,20,18,0.3,cdf,sobol_owen,4096,20,21224771,reduced_conditional,0.554706742743441,0.5547860119171046,7.926917366363195e-5,0.080127667,0.400651792,0.480779459,82069888,112,1861,2,2027520,626688,4096
equicorr_cdf_rho0_3_d20,20,18,0.3,cdf,sobol_owen,4096,21,21224772,reduced_conditional,0.5548894062692493,0.5547860119171046,0.00010339435214468118,0.080915542,0.40117275,0.48208829200000003,82069888,112,1861,2,2027520,626688,4096
equicorr_cdf_rho0_3_d20,20,18,0.3,cdf,sobol_owen,4096,22,21224773,reduced_conditional,0.5549235443846687,0.5547860119171046,0.00013753246756409432,0.249533917,0.401977542,0.651511459,82069888,112,1861,2,2027520,626688,4096
equicorr_cdf_rho0_3_d20,20,18,0.3,cdf,sobol_owen,4096,23,21224774,reduced_conditional,0.554887376678787,0.5547860119171046,0.000101364761682321,0.0806085,0.40814625,0.48875475,82069888,112,1861,2,2027520,626688,4096
equicorr_cdf_rho0_3_d20,20,18,0.3,cdf,sobol_owen,4096,24,21224775,reduced_conditional,0.5548380309144295,0.5547860119171046,5.201899732487636e-5,0.080227917,0.403342333,0.48357025,82069888,112,1861,2,2027520,626688,4096
equicorr_cdf_rho0_3_d20,20,18,0.3,cdf,sobol_owen,4096,25,21224776,reduced_conditional,0.5548416118788646,0.5547860119171046,5.559996175996673e-5,0.080222917,0.402881,0.483103917,82069888,112,1861,2,2027520,626688,4096
equicorr_cdf_rho0_3_d20,20,18,0.3,cdf,sobol_owen,4096,26,21224777,reduced_conditional,0.5547822408499591,0.5547860119171046,3.7710671455526423e-6,0.081116542,0.402063375,0.483179917,82069888,112,1861,2,2027520,626688,4096
equicorr_cdf_rho0_3_d20,20,18,0.3,cdf,sobol_owen,4096,27,21224778,reduced_conditional,0.5546929544641683,0.5547860119171046,9.305745293630707e-5,0.080717916,0.402605417,0.483323333,82069888,112,1861,2,2027520,626688,4096
equicorr_cdf_rho0_3_d20,20,18,0.3,cdf,sobol_owen,4096,28,21224779,reduced_conditional,0.5546924029370863,0.5547860119171046,9.360898001831153e-5,0.222228292,0.416076292,0.638304584,82069888,112,1861,2,2027520,626688,4096
equicorr_cdf_rho0_3_d20,20,18,0.3,cdf,sobol_owen,4096,29,21224780,reduced_conditional,0.5546170486752486,0.5547860119171046,0.00016896324185600164,0.080840417,0.401663208,0.482503625,82069888,112,1861,2,2027520,626688,4096
equicorr_cdf_rho0_3_d20,20,18,0.3,cdf,sobol_owen,4096,30,21224781,reduced_conditional,0.5547262832589318,0.5547860119171046,5.9728658172830684e-5,0.080873792,0.401630541,0.482504333,82069888,112,1861,2,2027520,626688,4096
equicorr_cdf_rho0_3_d20,20,18,0.3,cdf,sobol_owen,16384,1,22453552,current_indicator,0.55194091796875,0.5547860119171046,0.002845093948354638,0.520852292,1.69729975,2.218152042,333730688,22001952,1981,2683,NaN,NaN,NaN
equicorr_cdf_rho0_3_d20,20,18,0.3,cdf,sobol_owen,16384,2,22453553,current_indicator,0.5565185546875,0.5547860119171046,0.0017325427703953622,0.504551375,1.715819,2.220370375,335303552,20429088,1981,2683,NaN,NaN,NaN
equicorr_cdf_rho0_3_d20,20,18,0.3,cdf,sobol_owen,16384,3,22453554,current_indicator,0.55303955078125,0.5547860119171046,0.0017464611358546378,0.525157792,1.674881292,2.200039084,338449280,17283360,1981,2683,NaN,NaN,NaN
equicorr_cdf_rho0_3_d20,20,18,0.3,cdf,sobol_owen,16384,4,22453555,current_indicator,0.55548095703125,0.5547860119171046,0.0006949451141453622,0.511223958,1.6760695,2.187293458,338449280,17283360,1981,2683,NaN,NaN,NaN
equicorr_cdf_rho0_3_d20,20,18,0.3,cdf,sobol_owen,16384,5,22453556,current_indicator,0.5545654296875,0.5547860119171046,0.0002205822296046378,0.511664542,1.70453275,2.216197292,338449280,17283360,1981,2683,NaN,NaN,NaN
equicorr_cdf_rho0_3_d20,20,18,0.3,cdf,sobol_owen,16384,6,22453557,current_indicator,0.55389404296875,0.5547860119171046,0.0008919689483546378,0.48112425,1.722722166,2.203846416,338449280,17283360,1981,2683,NaN,NaN,NaN
equicorr_cdf_rho0_3_d20,20,18,0.3,cdf,sobol_owen,16384,7,22453558,current_indicator,0.55609130859375,0.5547860119171046,0.0013052966766453622,0.512575417,1.682182958,2.194758375,336876416,17283360,1981,2683,NaN,NaN,NaN
equicorr_cdf_rho0_3_d20,20,18,0.3,cdf,sobol_owen,16384,8,22453559,current_indicator,0.55828857421875,0.5547860119171046,0.003502562301645362,0.504265916,1.660658708,2.164924624,336876416,17283360,1981,2683,NaN,NaN,NaN
equicorr_cdf_rho0_3_d20,20,18,0.3,cdf,sobol_owen,16384,9,22453560,current_indicator,0.55450439453125,0.5547860119171046,0.0002816173858546378,0.504779042,1.645773292,2.1505523340000003,338449280,17283360,1981,2683,NaN,NaN,NaN
equicorr_cdf_rho0_3_d20,20,18,0.3,cdf,sobol_owen,16384,10,22453561,current_indicator,0.55364990234375,0.5547860119171046,0.0011361095733546378,0.508240208,1.642862041,2.151102249,336876416,17283360,1981,2683,NaN,NaN,NaN
equicorr_cdf_rho0_3_d20,20,18,0.3,cdf,sobol_owen,16384,11,22453562,current_indicator,0.55419921875,0.5547860119171046,0.0005867931671046378,0.502960791,1.651257958,2.154218749,335303552,20429088,1981,2683,NaN,NaN,NaN
equicorr_cdf_rho0_3_d20,20,18,0.3,cdf,sobol_owen,16384,12,22453563,current_indicator,0.5567626953125,0.5547860119171046,0.001976683395395362,0.504683417,1.647761208,2.152444625,336876416,18856224,1981,2683,NaN,NaN,NaN
equicorr_cdf_rho0_3_d20,20,18,0.3,cdf,sobol_owen,16384,13,22453564,current_indicator,0.553466796875,0.5547860119171046,0.0013192150421046378,0.508066,1.658708375,2.166774375,338449280,17283360,1981,2683,NaN,NaN,NaN
equicorr_cdf_rho0_3_d20,20,18,0.3,cdf,sobol_owen,16384,14,22453565,current_indicator,0.55535888671875,0.5547860119171046,0.0005728748016453622,0.465667292,1.649567292,2.115234584,338449280,17283360,1981,2683,NaN,NaN,NaN
equicorr_cdf_rho0_3_d20,20,18,0.3,cdf,sobol_owen,16384,15,22453566,current_indicator,0.55487060546875,0.5547860119171046,8.45935516453622e-5,0.503286083,1.650411375,2.153697458,338449280,17283360,1981,2683,NaN,NaN,NaN
equicorr_cdf_rho0_3_d20,20,18,0.3,cdf,sobol_owen,16384,16,22453567,current_indicator,0.55731201171875,0.5547860119171046,0.002525999801645362,0.499046833,1.660270292,2.1593171250000003,338449280,17283360,1981,2683,NaN,NaN,NaN
equicorr_cdf_rho0_3_d20,20,18,0.3,cdf,sobol_owen,16384,17,22453568,current_indicator,0.55572509765625,0.5547860119171046,0.0009390857391453622,0.5037845,1.654998542,2.158783042,338449280,17283360,1981,2683,NaN,NaN,NaN
equicorr_cdf_rho0_3_d20,20,18,0.3,cdf,sobol_owen,16384,18,22453569,current_indicator,0.55584716796875,0.5547860119171046,0.0010611560516453622,0.507705167,1.65516,2.162865167,338449280,17283360,1981,2683,NaN,NaN,NaN
equicorr_cdf_rho0_3_d20,20,18,0.3,cdf,sobol_owen,16384,19,22453570,current_indicator,0.55364990234375,0.5547860119171046,0.0011361095733546378,0.515542125,1.67098225,2.186524375,338449280,17283360,1981,2683,NaN,NaN,NaN
equicorr_cdf_rho0_3_d20,20,18,0.3,cdf,sobol_owen,16384,20,22453571,current_indicator,0.55206298828125,0.5547860119171046,0.002723023635854638,0.496773542,1.653902459,2.150676001,338449280,17283360,1981,2683,NaN,NaN,NaN
equicorr_cdf_rho0_3_d20,20,18,0.3,cdf,sobol_owen,16384,21,22453572,current_indicator,0.5557861328125,0.5547860119171046,0.0010001208953953622,0.504303416,1.655300958,2.1596043739999997,338449280,17283360,1981,2683,NaN,NaN,NaN
equicorr_cdf_rho0_3_d20,20,18,0.3,cdf,sobol_owen,16384,22,22453573,current_indicator,0.55474853515625,0.5547860119171046,3.74767608546378e-5,0.512726583,1.649579292,2.162305875,338449280,17283360,1981,2683,NaN,NaN,NaN
equicorr_cdf_rho0_3_d20,20,18,0.3,cdf,sobol_owen,16384,23,22453574,current_indicator,0.5540771484375,0.5547860119171046,0.0007088634796046378,0.471287167,1.6751695,2.146456667,338449280,15710496,1981,2683,NaN,NaN,NaN
equicorr_cdf_rho0_3_d20,20,18,0.3,cdf,sobol_owen,16384,24,22453575,current_indicator,0.55413818359375,0.5547860119171046,0.0006478283233546378,0.506998209,1.692758125,2.199756334,338449280,17283360,1981,2683,NaN,NaN,NaN
equicorr_cdf_rho0_3_d20,20,18,0.3,cdf,sobol_owen,16384,25,22453576,current_indicator,0.55572509765625,0.5547860119171046,0.0009390857391453622,0.5262485,1.681000541,2.207249041,338449280,17283360,1981,2683,NaN,NaN,NaN
equicorr_cdf_rho0_3_d20,20,18,0.3,cdf,sobol_owen,16384,26,22453577,current_indicator,0.55609130859375,0.5547860119171046,0.0013052966766453622,0.51964825,1.671680875,2.191329125,338449280,17283360,1981,2683,NaN,NaN,NaN
equicorr_cdf_rho0_3_d20,20,18,0.3,cdf,sobol_owen,16384,27,22453578,current_indicator,0.550048828125,0.5547860119171046,0.004737183792104638,0.515448834,1.669227375,2.184676209,338449280,17283360,1981,2683,NaN,NaN,NaN
equicorr_cdf_rho0_3_d20,20,18,0.3,cdf,sobol_owen,16384,28,22453579,current_indicator,0.55682373046875,0.5547860119171046,0.002037718551645362,0.515146209,1.675118875,2.190265084,338449280,17283360,1981,2683,NaN,NaN,NaN
equicorr_cdf_rho0_3_d20,20,18,0.3,cdf,sobol_owen,16384,29,22453580,current_indicator,0.553466796875,0.5547860119171046,0.0013192150421046378,0.480055625,1.651475666,2.131531291,335303552,20429088,1981,2683,NaN,NaN,NaN
equicorr_cdf_rho0_3_d20,20,18,0.3,cdf,sobol_owen,16384,30,22453581,current_indicator,0.55523681640625,0.5547860119171046,0.0004508044891453622,0.508081792,1.665395,2.1734767919999998,336876416,18856224,1981,2683,NaN,NaN,NaN
equicorr_cdf_rho0_3_d20,20,18,0.3,cdf,sobol_owen,16384,1,22453552,reduced_conditional,0.5547991233558798,0.5547860119171046,1.311143877513743e-5,0.510393041,1.607260291,2.117653332,338449280,112,1981,2,8110080,2506752,16384
equicorr_cdf_rho0_3_d20,20,18,0.3,cdf,sobol_owen,16384,2,22453553,reduced_conditional,0.5548354150323743,0.5547860119171046,4.9403115269686104e-5,0.509640916,1.615317708,2.124958624,333730688,112,1981,2,8110080,2506752,16384
equicorr_cdf_rho0_3_d20,20,18,0.3,cdf,sobol_owen,16384,3,22453554,reduced_conditional,0.554736838871652,0.5547860119171046,4.9173045452599595e-5,0.512458959,1.610561458,2.123020417,335303552,112,1981,2,8110080,2506752,16384
equicorr_cdf_rho0_3_d20,20,18,0.3,cdf,sobol_owen,16384,4,22453555,reduced_conditional,0.5547671581641477,0.5547860119171046,1.88537529569599e-5,0.486221375,1.610455541,2.0966769160000003,335303552,112,1981,2,8110080,2506752,16384
equicorr_cdf_rho0_3_d20,20,18,0.3,cdf,sobol_owen,16384,5,22453556,reduced_conditional,0.5547625495160121,0.5547860119171046,2.3462401092522178e-5,0.519300791,1.606745875,2.126046666,333730688,112,1981,2,8110080,2506752,16384
equicorr_cdf_rho0_3_d20,20,18,0.3,cdf,sobol_owen,16384,6,22453557,reduced_conditional,0.5547150054549634,0.5547860119171046,7.100646214119877e-5,0.522755917,1.611428083,2.1341840000000003,335303552,112,1981,2,8110080,2506752,16384
equicorr_cdf_rho0_3_d20,20,18,0.3,cdf,sobol_owen,16384,7,22453558,reduced_conditional,0.5548048622203628,0.5547860119171046,1.885030325821102e-5,0.513871209,1.615791375,2.129662584,335303552,112,1981,2,8110080,2506752,16384
equicorr_cdf_rho0_3_d20,20,18,0.3,cdf,sobol_owen,16384,8,22453559,reduced_conditional,0.5547948409045391,0.5547860119171046,8.828987434483793e-6,0.509439042,1.608137417,2.117576459,333730688,112,1981,2,8110080,2506752,16384
equicorr_cdf_rho0_3_d20,20,18,0.3,cdf,sobol_owen,16384,9,22453560,reduced_conditional,0.5547786758538813,0.5547860119171046,7.336063223339906e-6,0.511092083,1.612019209,2.123111292,335303552,112,1981,2,8110080,2506752,16384
equicorr_cdf_rho0_3_d20,20,18,0.3,cdf,sobol_owen,16384,10,22453561,reduced_conditional,0.5547993855369607,0.5547860119171046,1.3373619856094088e-5,0.525051292,1.613259917,2.138311209,335303552,112,1981,2,8110080,2506752,16384
equicorr_cdf_rho0_3_d20,20,18,0.3,cdf,sobol_owen,16384,11,22453562,reduced_conditional,0.5548163365541411,0.5547860119171046,3.032463703644961e-5,0.5086815,1.608676458,2.117357958,333730688,112,1981,2,8110080,2506752,16384
equicorr_cdf_rho0_3_d20,20,18,0.3,cdf,sobol_owen,16384,12,22453563,reduced_conditional,0.5547953165548108,0.5547860119171046,9.30463770620893e-6,0.472543625,1.614436084,2.086979709,335303552,112,1981,2,8110080,2506752,16384
equicorr_cdf_rho0_3_d20,20,18,0.3,cdf,sobol_owen,16384,13,22453564,reduced_conditional,0.5547924618349772,0.5547860119171046,6.449917872575206e-6,0.518973625,1.6349895,2.153963125,335303552,112,1981,2,8110080,2506752,16384
equicorr_cdf_rho0_3_d20,20,18,0.3,cdf,sobol_owen,16384,14,22453565,reduced_conditional,0.5547553895541301,0.5547860119171046,3.062236297457499e-5,0.5351815,1.667027666,2.2022091660000003,333730688,112,1981,2,8110080,2506752,16384
equicorr_cdf_rho0_3_d20,20,18,0.3,cdf,sobol_owen,16384,15,22453566,reduced_conditional,0.5547865523316197,0.5547860119171046,5.404145150267325e-7,0.506568416,1.628043834,2.13461225,335303552,112,1981,2,8110080,2506752,16384
equicorr_cdf_rho0_3_d20,20,18,0.3,cdf,sobol_owen,16384,16,22453567,reduced_conditional,0.5547784034817494,0.5547860119171046,7.608435355188625e-6,0.585719959,1.610887542,2.196607501,335303552,112,1981,2,8110080,2506752,16384
equicorr_cdf_rho0_3_d20,20,18,0.3,cdf,sobol_owen,16384,17,22453568,reduced_conditional,0.5547695364550469,0.5547860119171046,1.6475462057741197e-5,0.506185209,1.615434792,2.121620001,333730688,112,1981,2,8110080,2506752,16384
equicorr_cdf_rho0_3_d20,20,18,0.3,cdf,sobol_owen,16384,18,22453569,reduced_conditional,0.5547762150338954,0.5547860119171046,9.79688320923433e-6,0.4987,1.613280292,2.111980292,335303552,112,1981,2,8110080,2506752,16384
equicorr_cdf_rho0_3_d20,20,18,0.3,cdf,sobol_owen,16384,19,22453570,reduced_conditional,0.5548148814233911,0.5547860119171046,2.8869506286444135e-5,0.507628333,1.6111405,2.118768833,335303552,112,1981,2,8110080,2506752,16384
equicorr_cdf_rho0_3_d20,20,18,0.3,cdf,sobol_owen,16384,20,22453571,reduced_conditional,0.5547422331920876,0.5547860119171046,4.377872501704072e-5,0.522288875,1.611083,2.133371875,333730688,112,1981,2,8110080,2506752,16384
equicorr_cdf_rho0_3_d20,20,18,0.3,cdf,sobol_owen,16384,21,22453572,reduced_conditional,0.5547924589820823,0.5547860119171046,6.447064977654904e-6,0.518593,1.610922667,2.129515667,335303552,112,1981,2,8110080,2506752,16384
equicorr_cdf_rho0_3_d20,20,18,0.3,cdf,sobol_owen,16384,22,22453573,reduced_conditional,0.5548390454787427,0.5547860119171046,5.303356163810502e-5,0.518517667,1.612843958,2.1313616250000003,335303552,112,1981,2,8110080,2506752,16384
equicorr_cdf_rho0_3_d20,20,18,0.3,cdf,sobol_owen,16384,23,22453574,reduced_conditional,0.5547992894566514,0.5547860119171046,1.3277539546718842e-5,0.524599083,1.61219,2.136789083,333730688,112,1981,2,8110080,2506752,16384
equicorr_cdf_rho0_3_d20,20,18,0.3,cdf,sobol_owen,16384,24,22453575,reduced_conditional,0.5547492147772525,0.5547860119171046,3.679713985216271e-5,0.345803125,1.661658208,2.007461333,335303552,112,1981,2,8110080,2506752,16384
equicorr_cdf_rho0_3_d20,20,18,0.3,cdf,sobol_owen,16384,25,22453576,reduced_conditional,0.554817696105054,0.5547860119171046,3.168418794941008e-5,0.532386375,1.614702833,2.1470892079999997,336876416,112,1981,2,8110080,2506752,16384
equicorr_cdf_rho0_3_d20,20,18,0.3,cdf,sobol_owen,16384,26,22453577,reduced_conditional,0.5548172515316323,0.5547860119171046,3.1239614527667214e-5,0.498012166,1.616094166,2.114106332,333730688,112,1981,2,8110080,2506752,16384
equicorr_cdf_rho0_3_d20,20,18,0.3,cdf,sobol_owen,16384,27,22453578,reduced_conditional,0.5547894654494809,0.5547860119171046,3.453532376296309e-6,0.669997833,1.614687708,2.284685541,333730688,112,1981,2,8110080,2506752,16384
equicorr_cdf_rho0_3_d20,20,18,0.3,cdf,sobol_owen,16384,28,22453579,reduced_conditional,0.5547493008162332,0.5547860119171046,3.671110087144491e-5,0.525749292,1.61512225,2.140871542,336876416,112,1981,2,8110080,2506752,16384
equicorr_cdf_rho0_3_d20,20,18,0.3,cdf,sobol_owen,16384,29,22453580,reduced_conditional,0.5548055968163966,0.5547860119171046,1.9584899291991142e-5,0.365032208,1.62607625,1.9911084579999998,333730688,112,1981,2,8110080,2506752,16384
equicorr_cdf_rho0_3_d20,20,18,0.3,cdf,sobol_owen,16384,30,22453581,reduced_conditional,0.5548358770837819,0.5547860119171046,4.986516667726537e-5,0.488519917,1.613717333,2.10223725,336876416,112,1981,2,8110080,2506752,16384
equicorr_interior_rho0_3_d20,20,18,0.3,interior,sobol_owen,256,2,20840753,current_indicator,0.46484375,0.45975543587489426,0.005088314125105742,0.004915708,0.025709791,0.030625499,5657968,2591008,1620,2683,NaN,NaN,NaN
equicorr_interior_rho0_3_d20,20,18,0.3,interior,sobol_owen,256,3,20840754,current_indicator,0.48046875,0.45975543587489426,0.020713314125105742,0.004875125,0.025456833,0.030331958000000003,5657968,2591008,1620,2683,NaN,NaN,NaN
equicorr_interior_rho0_3_d20,20,18,0.3,interior,sobol_owen,256,4,20840755,current_indicator,0.453125,0.45975543587489426,0.006630435874894258,0.004907792,0.045034625,0.049942417,5657968,2591008,1620,2683,NaN,NaN,NaN
equicorr_interior_rho0_3_d20,20,18,0.3,interior,sobol_owen,256,5,20840756,current_indicator,0.453125,0.45975543587489426,0.006630435874894258,0.004932125,0.024639041,0.029571166,5657968,2591008,1620,2683,NaN,NaN,NaN
equicorr_interior_rho0_3_d20,20,18,0.3,interior,sobol_owen,256,6,20840757,current_indicator,0.4765625,0.45975543587489426,0.016807064125105742,0.004867958,0.024548459,0.029416417,5657968,2591008,1620,2683,NaN,NaN,NaN
equicorr_interior_rho0_3_d20,20,18,0.3,interior,sobol_owen,256,7,20840758,current_indicator,0.47265625,0.45975543587489426,0.012900814125105742,0.154068709,0.024855042,0.178923751,5657968,2591008,1620,2683,NaN,NaN,NaN
equicorr_interior_rho0_3_d20,20,18,0.3,interior,sobol_owen,256,8,20840759,current_indicator,0.46875,0.45975543587489426,0.008994564125105742,0.004847,0.024639125,0.029486125000000002,5657968,2591008,1620,2683,NaN,NaN,NaN
equicorr_interior_rho0_3_d20,20,18,0.3,interior,sobol_owen,256,9,20840760,current_indicator,0.4296875,0.45975543587489426,0.030067935874894258,0.004885417,0.024866125,0.029751542,5657968,2591008,1620,2683,NaN,NaN,NaN
equicorr_interior_rho0_3_d20,20,18,0.3,interior,sobol_owen,256,10,20840761,current_indicator,0.44140625,0.45975543587489426,0.018349185874894258,0.004996125,0.024765958,0.029762083,5657968,2591008,1620,2683,NaN,NaN,NaN
equicorr_interior_rho0_3_d20,20,18,0.3,interior,sobol_owen,256,11,20840762,current_indicator,0.4765625,0.45975543587489426,0.016807064125105742,0.00504825,0.024707875,0.029756125,5657968,2591008,1620,2683,NaN,NaN,NaN
equicorr_interior_rho0_3_d20,20,18,0.3,interior,sobol_owen,256,12,20840763,current_indicator,0.46484375,0.45975543587489426,0.005088314125105742,0.0050825,0.024794625,0.029877125,5657968,2591008,1620,2683,NaN,NaN,NaN
equicorr_interior_rho0_3_d20,20,18,0.3,interior,sobol_owen,256,13,20840764,current_indicator,0.44140625,0.45975543587489426,0.018349185874894258,0.005118541,0.025147125,0.030265666,5657968,2591008,1620,2683,NaN,NaN,NaN
equicorr_interior_rho0_3_d20,20,18,0.3,interior,sobol_owen,256,14,20840765,current_indicator,0.49609375,0.45975543587489426,0.03633831412510574,0.005287917,0.024552625,0.029840542,5657968,2591008,1620,2683,NaN,NaN,NaN
equicorr_interior_rho0_3_d20,20,18,0.3,interior,sobol_owen,256,15,20840766,current_indicator,0.4453125,0.45975543587489426,0.014442935874894258,0.005329542,0.02464,0.029969542,5657968,2591008,1620,2683,NaN,NaN,NaN
equicorr_interior_rho0_3_d20,20,18,0.3,interior,sobol_owen,256,16,20840767,current_indicator,0.4921875,0.45975543587489426,0.03243206412510574,0.005146708,0.0247045,0.029851208,5657968,2591008,1620,2683,NaN,NaN,NaN
equicorr_interior_rho0_3_d20,20,18,0.3,interior,sobol_owen,256,17,20840768,current_indicator,0.453125,0.45975543587489426,0.006630435874894258,0.004957708,0.024722291,0.029679999,5657968,2591008,1620,2683,NaN,NaN,NaN
equicorr_interior_rho0_3_d20,20,18,0.3,interior,sobol_owen,256,18,20840769,current_indicator,0.453125,0.45975543587489426,0.006630435874894258,0.005178292,0.024581709,0.029760001,5657968,2591008,1620,2683,NaN,NaN,NaN
equicorr_interior_rho0_3_d20,20,18,0.3,interior,sobol_owen,256,19,20840770,current_indicator,0.4453125,0.45975543587489426,0.014442935874894258,0.006912792,0.024663208,0.031576,5657968,2591008,1620,2683,NaN,NaN,NaN
equicorr_interior_rho0_3_d20,20,18,0.3,interior,sobol_owen,256,20,20840771,current_indicator,0.4296875,0.45975543587489426,0.030067935874894258,0.004823333,0.024529375,0.029352707999999998,5657968,2591008,1620,2683,NaN,NaN,NaN
equicorr_interior_rho0_3_d20,20,18,0.3,interior,sobol_owen,256,21,20840772,current_indicator,0.47265625,0.45975543587489426,0.012900814125105742,0.004841917,0.024630416,0.029472333,5657968,2591008,1620,2683,NaN,NaN,NaN
equicorr_interior_rho0_3_d20,20,18,0.3,interior,sobol_owen,256,22,20840773,current_indicator,0.45703125,0.45975543587489426,0.0027241858748942582,0.004822667,0.024818459,0.029641126,5657968,2591008,1620,2683,NaN,NaN,NaN
equicorr_interior_rho0_3_d20,20,18,0.3,interior,sobol_owen,256,23,20840774,current_indicator,0.4140625,0.45975543587489426,0.04569293587489426,0.004842333,0.024586417,0.02942875,5657968,2591008,1620,2683,NaN,NaN,NaN
equicorr_interior_rho0_3_d20,20,18,0.3,interior,sobol_owen,256,24,20840775,current_indicator,0.46484375,0.45975543587489426,0.005088314125105742,0.004840375,0.024729458,0.029569833,5657968,2591008,1620,2683,NaN,NaN,NaN
equicorr_interior_rho0_3_d20,20,18,0.3,interior,sobol_owen,256,25,20840776,current_indicator,0.453125,0.45975543587489426,0.006630435874894258,0.00487075,0.024775167,0.029645917,5657968,2591008,1620,2683,NaN,NaN,NaN
equicorr_interior_rho0_3_d20,20,18,0.3,interior,sobol_owen,256,26,20840777,current_indicator,0.4609375,0.45975543587489426,0.0011820641251057418,0.004805833,0.024731791,0.029537624,5657968,2591008,1620,2683,NaN,NaN,NaN
equicorr_interior_rho0_3_d20,20,18,0.3,interior,sobol_owen,256,27,20840778,current_indicator,0.453125,0.45975543587489426,0.006630435874894258,0.004805875,0.024515,0.029320875,5657968,2591008,1620,2683,NaN,NaN,NaN
equicorr_interior_rho0_3_d20,20,18,0.3,interior,sobol_owen,256,28,20840779,current_indicator,0.4375,0.45975543587489426,0.022255435874894258,0.004842167,0.024659792,0.029501959,5657968,2591008,1620,2683,NaN,NaN,NaN
equicorr_interior_rho0_3_d20,20,18,0.3,interior,sobol_owen,256,29,20840780,current_indicator,0.4453125,0.45975543587489426,0.014442935874894258,0.006507709,0.024559958,0.031067667,5657968,2591008,1620,2683,NaN,NaN,NaN
equicorr_interior_rho0_3_d20,20,18,0.3,interior,sobol_owen,256,30,20840781,current_indicator,0.4296875,0.45975543587489426,0.030067935874894258,0.00495725,0.024726333,0.029683583,5657968,2591008,1620,2683,NaN,NaN,NaN
equicorr_interior_rho0_3_d20,20,18,0.3,interior,sobol_owen,256,2,20840753,reduced_conditional,0.4615422315240349,0.45975543587489426,0.0017867956491406378,0.004867459,0.036859708,0.041727166999999996,5657968,112,1620,2,175104,39168,1024
equicorr_interior_rho0_3_d20,20,18,0.3,interior,sobol_owen,256,3,20840754,reduced_conditional,0.4615825113390849,0.45975543587489426,0.0018270754641906417,0.004818584,0.036779375,0.041597959000000004,5657968,112,1620,2,175104,39168,1024
equicorr_interior_rho0_3_d20,20,18,0.3,interior,sobol_owen,256,4,20840755,reduced_conditional,0.46109695041057047,0.45975543587489426,0.0013415145356762137,0.004859666,0.036822375,0.041682040999999996,5657968,112,1620,2,175104,39168,1024
equicorr_interior_rho0_3_d20,20,18,0.3,interior,sobol_owen,256,5,20840756,reduced_conditional,0.4582650615304474,0.45975543587489426,0.0014903743444468764,0.004826584,0.036733042,0.041559626,5657968,112,1620,2,175104,39168,1024
equicorr_interior_rho0_3_d20,20,18,0.3,interior,sobol_owen,256,6,20840757,reduced_conditional,0.4573666334193286,0.45975543587489426,0.002388802455565664,0.004820291,0.036842083,0.041662373999999995,5657968,112,1620,2,175104,39168,1024
equicorr_interior_rho0_3_d20,20,18,0.3,interior,sobol_owen,256,7,20840758,reduced_conditional,0.46088574523599707,0.45975543587489426,0.0011303093611028103,0.00482275,0.036885041,0.041707791,5657968,112,1620,2,175104,39168,1024
equicorr_interior_rho0_3_d20,20,18,0.3,interior,sobol_owen,256,8,20840759,reduced_conditional,0.4576065297873809,0.45975543587489426,0.002148906087513336,0.007296917,0.0367645,0.044061417,5657968,112,1620,2,175104,39168,1024
equicorr_interior_rho0_3_d20,20,18,0.3,interior,sobol_owen,256,9,20840760,reduced_conditional,0.45806577548648564,0.45975543587489426,0.0016896603884086203,0.004860291,0.036843917,0.041704208,5657968,112,1620,2,175104,39168,1024
equicorr_interior_rho0_3_d20,20,18,0.3,interior,sobol_owen,256,10,20840761,reduced_conditional,0.459730411355512,0.45975543587489426,2.5024519382244037e-5,0.0049255,0.036873833,0.041799333,5657968,112,1620,2,175104,39168,1024
equicorr_interior_rho0_3_d20,20,18,0.3,interior,sobol_owen,256,11,20840762,reduced_conditional,0.4563673927319002,0.45975543587489426,0.0033880431429940683,0.004854166,0.036767,0.041621166,5657968,112,1620,2,175104,39168,1024
equicorr_interior_rho0_3_d20,20,18,0.3,interior,sobol_owen,256,12,20840763,reduced_conditional,0.46060783330330257,0.45975543587489426,0.0008523974284083136,0.004865625,0.036803458,0.041669082999999996,5657968,112,1620,2,175104,39168,1024
equicorr_interior_rho0_3_d20,20,18,0.3,interior,sobol_owen,256,13,20840764,reduced_conditional,0.4623359524842098,0.45975543587489426,0.0025805166093155196,0.004827292,0.036879375,0.041706667,5657968,112,1620,2,175104,39168,1024
equicorr_interior_rho0_3_d20,20,18,0.3,interior,sobol_owen,256,14,20840765,reduced_conditional,0.4594133931713716,0.45975543587489426,0.0003420427035226714,0.004875583,0.036696708,0.041572291000000004,5657968,112,1620,2,175104,39168,1024
equicorr_interior_rho0_3_d20,20,18,0.3,interior,sobol_owen,256,15,20840766,reduced_conditional,0.4608843803301349,0.45975543587489426,0.0011289444552406436,0.004847333,0.036823334,0.041670667,5657968,112,1620,2,175104,39168,1024
equicorr_interior_rho0_3_d20,20,18,0.3,interior,sobol_owen,256,16,20840767,reduced_conditional,0.4607134457620257,0.45975543587489426,0.0009580098871314613,0.006266625,0.03677025,0.043036874999999995,5657968,112,1620,2,175104,39168,1024
equicorr_interior_rho0_3_d20,20,18,0.3,interior,sobol_owen,256,17,20840768,reduced_conditional,0.46303763927936503,0.45975543587489426,0.0032822034044707737,0.004793917,0.036815958,0.041609875000000004,5657968,112,1620,2,175104,39168,1024
equicorr_interior_rho0_3_d20,20,18,0.3,interior,sobol_owen,256,18,20840769,reduced_conditional,0.46039357827270055,0.45975543587489426,0.0006381423978062961,0.0048095,0.036789416,0.041598916,5657968,112,1620,2,175104,39168,1024
equicorr_interior_rho0_3_d20,20,18,0.3,interior,sobol_owen,256,19,20840770,reduced_conditional,0.4616971441268845,0.45975543587489426,0.0019417082519902484,0.004808417,0.036848166,0.041656583000000004,5657968,112,1620,2,175104,39168,1024
equicorr_interior_rho0_3_d20,20,18,0.3,interior,sobol_owen,256,20,20840771,reduced_conditional,0.4571868408717491,0.45975543587489426,0.0025685950031451577,0.004855666,0.036775708,0.041631374,5657968,112,1620,2,175104,39168,1024
equicorr_interior_rho0_3_d20,20,18,0.3,interior,sobol_owen,256,21,20840772,reduced_conditional,0.45923048267484884,0.45975543587489426,0.0005249532000454193,0.00481975,0.036812792,0.041632541999999995,5657968,112,1620,2,175104,39168,1024
equicorr_interior_rho0_3_d20,20,18,0.3,interior,sobol_owen,256,22,20840773,reduced_conditional,0.46275877476338273,0.45975543587489426,0.0030033388884884715,0.00566175,0.036848792,0.042510542,5657968,112,1620,2,175104,39168,1024
equicorr_interior_rho0_3_d20,20,18,0.3,interior,sobol_owen,256,23,20840774,reduced_conditional,0.4576787195902147,0.45975543587489426,0.002076716284679536,0.004786417,0.03675175,0.041538167,5657968,112,1620,2,175104,39168,1024
equicorr_interior_rho0_3_d20,20,18,0.3,interior,sobol_owen,256,24,20840775,reduced_conditional,0.4620054502123833,0.45975543587489426,0.002250014337489059,0.004812166,0.036785458,0.041597624,5657968,112,1620,2,175104,39168,1024
equicorr_interior_rho0_3_d20,20,18,0.3,interior,sobol_owen,256,25,20840776,reduced_conditional,0.4608671409311382,0.45975543587489426,0.0011117050562439168,0.004795416,0.036874416,0.041669832000000004,5657968,112,1620,2,175104,39168,1024
equicorr_interior_rho0_3_d20,20,18,0.3,interior,sobol_owen,256,26,20840777,reduced_conditional,0.4608538368034374,0.45975543587489426,0.0010984009285431307,0.00570425,0.036733125,0.042437375,5657968,112,1620,2,175104,39168,1024
equicorr_interior_rho0_3_d20,20,18,0.3,interior,sobol_owen,256,27,20840778,reduced_conditional,0.46066379231451776,0.45975543587489426,0.0009083564396235033,0.004779791,0.036724292,0.041504083,5657968,112,1620,2,175104,39168,1024
equicorr_interior_rho0_3_d20,20,18,0.3,interior,sobol_owen,256,28,20840779,reduced_conditional,0.45928592612917446,0.45975543587489426,0.0004695097457197983,0.004822042,0.03670675,0.041528792,5657968,112,1620,2,175104,39168,1024
equicorr_interior_rho0_3_d20,20,18,0.3,interior,sobol_owen,256,29,20840780,reduced_conditional,0.4575644721365773,0.45975543587489426,0.0021909637383169533,0.004795875,0.036735791,0.041531665999999995,5657968,112,1620,2,175104,39168,1024
equicorr_interior_rho0_3_d20,20,18,0.3,interior,sobol_owen,256,30,20840781,reduced_conditional,0.45972345577740426,0.45975543587489426,3.198009749000308e-5,0.005470792,0.036795792,0.042266584,5657968,112,1620,2,175104,39168,1024
equicorr_interior_rho0_3_d20,20,18,0.3,interior,sobol_owen,1024,1,20917552,current_indicator,0.462890625,0.45975543587489426,0.0031351891251057418,0.020835333,0.103196708,0.124032041,20791168,3176736,1741,2683,NaN,NaN,NaN
equicorr_interior_rho0_3_d20,20,18,0.3,interior,sobol_owen,1024,2,20917553,current_indicator,0.451171875,0.45975543587489426,0.008583560874894258,0.019854084,0.105157417,0.125011501,20791168,3176736,1741,2683,NaN,NaN,NaN
equicorr_interior_rho0_3_d20,20,18,0.3,interior,sobol_owen,1024,3,20917554,current_indicator,0.46875,0.45975543587489426,0.008994564125105742,0.019159459,0.103470792,0.12263025100000001,20791168,3176736,1741,2683,NaN,NaN,NaN
equicorr_interior_rho0_3_d20,20,18,0.3,interior,sobol_owen,1024,4,20917555,current_indicator,0.44921875,0.45975543587489426,0.010536685874894258,0.019388166,0.103550709,0.122938875,20791168,3176736,1741,2683,NaN,NaN,NaN
equicorr_interior_rho0_3_d20,20,18,0.3,interior,sobol_owen,1024,5,20917556,current_indicator,0.458984375,0.45975543587489426,0.0007710608748942582,0.019510333,0.104038291,0.12354862400000001,20791168,3176736,1741,2683,NaN,NaN,NaN
equicorr_interior_rho0_3_d20,20,18,0.3,interior,sobol_owen,1024,6,20917557,current_indicator,0.46484375,0.45975543587489426,0.005088314125105742,0.01946475,0.10476525,0.12423000000000001,20791168,3176736,1741,2683,NaN,NaN,NaN
equicorr_interior_rho0_3_d20,20,18,0.3,interior,sobol_owen,1024,7,20917558,current_indicator,0.466796875,0.45975543587489426,0.007041439125105742,0.020124042,0.104406958,0.124531,20791168,3176736,1741,2683,NaN,NaN,NaN
equicorr_interior_rho0_3_d20,20,18,0.3,interior,sobol_owen,1024,8,20917559,current_indicator,0.4580078125,0.45975543587489426,0.0017476233748942582,0.019977625,0.103861625,0.12383925,20791168,3176736,1741,2683,NaN,NaN,NaN
equicorr_interior_rho0_3_d20,20,18,0.3,interior,sobol_owen,1024,9,20917560,current_indicator,0.44921875,0.45975543587489426,0.010536685874894258,0.01980775,0.10349475,0.1233025,20791168,3176736,1741,2683,NaN,NaN,NaN
equicorr_interior_rho0_3_d20,20,18,0.3,interior,sobol_owen,1024,10,20917561,current_indicator,0.474609375,0.45975543587489426,0.014853939125105742,0.0198205,0.108599416,0.128419916,20791168,3176736,1741,2683,NaN,NaN,NaN
equicorr_interior_rho0_3_d20,20,18,0.3,interior,sobol_owen,1024,11,20917562,current_indicator,0.4697265625,0.45975543587489426,0.009971126625105742,0.019801541,0.103698167,0.12349970799999999,20791168,3176736,1741,2683,NaN,NaN,NaN
equicorr_interior_rho0_3_d20,20,18,0.3,interior,sobol_owen,1024,12,20917563,current_indicator,0.4560546875,0.45975543587489426,0.0037007483748942582,0.020199583,0.10367425,0.12387383299999999,20791168,3176736,1741,2683,NaN,NaN,NaN
equicorr_interior_rho0_3_d20,20,18,0.3,interior,sobol_owen,1024,13,20917564,current_indicator,0.453125,0.45975543587489426,0.006630435874894258,0.019663875,0.10350825,0.123172125,20791168,3176736,1741,2683,NaN,NaN,NaN
equicorr_interior_rho0_3_d20,20,18,0.3,interior,sobol_owen,1024,14,20917565,current_indicator,0.455078125,0.45975543587489426,0.004677310874894258,0.020059875,0.104004542,0.12406441700000001,20791168,3176736,1741,2683,NaN,NaN,NaN
equicorr_interior_rho0_3_d20,20,18,0.3,interior,sobol_owen,1024,15,20917566,current_indicator,0.4560546875,0.45975543587489426,0.0037007483748942582,0.020280167,0.105333417,0.125613584,20791168,3176736,1741,2683,NaN,NaN,NaN
equicorr_interior_rho0_3_d20,20,18,0.3,interior,sobol_owen,1024,16,20917567,current_indicator,0.474609375,0.45975543587489426,0.014853939125105742,0.019572541,0.10375175,0.123324291,20791168,3176736,1741,2683,NaN,NaN,NaN
equicorr_interior_rho0_3_d20,20,18,0.3,interior,sobol_owen,1024,17,20917568,current_indicator,0.4638671875,0.45975543587489426,0.004111751625105742,0.019493875,0.104486666,0.123980541,20791168,3176736,1741,2683,NaN,NaN,NaN
equicorr_interior_rho0_3_d20,20,18,0.3,interior,sobol_owen,1024,18,20917569,current_indicator,0.4443359375,0.45975543587489426,0.015419498374894258,0.019441041,0.104198375,0.123639416,20791168,3176736,1741,2683,NaN,NaN,NaN
equicorr_interior_rho0_3_d20,20,18,0.3,interior,sobol_owen,1024,19,20917570,current_indicator,0.4609375,0.45975543587489426,0.0011820641251057418,0.019619208,0.125653167,0.145272375,20791168,3176736,1741,2683,NaN,NaN,NaN
equicorr_interior_rho0_3_d20,20,18,0.3,interior,sobol_owen,1024,20,20917571,current_indicator,0.4462890625,0.45975543587489426,0.013466373374894258,0.169880917,0.1055215,0.275402417,20791168,3176736,1741,2683,NaN,NaN,NaN
equicorr_interior_rho0_3_d20,20,18,0.3,interior,sobol_owen,1024,21,20917572,current_indicator,0.470703125,0.45975543587489426,0.010947689125105742,0.019138667,0.103860166,0.122998833,20791168,3176736,1741,2683,NaN,NaN,NaN
equicorr_interior_rho0_3_d20,20,18,0.3,interior,sobol_owen,1024,22,20917573,current_indicator,0.451171875,0.45975543587489426,0.008583560874894258,0.018901334,0.1037855,0.122686834,20791168,3176736,1741,2683,NaN,NaN,NaN
equicorr_interior_rho0_3_d20,20,18,0.3,interior,sobol_owen,1024,23,20917574,current_indicator,0.4658203125,0.45975543587489426,0.006064876625105742,0.019879375,0.102921958,0.122801333,20791168,3176736,1741,2683,NaN,NaN,NaN
equicorr_interior_rho0_3_d20,20,18,0.3,interior,sobol_owen,1024,24,20917575,current_indicator,0.46875,0.45975543587489426,0.008994564125105742,0.020163583,0.103646542,0.123810125,20791168,3176736,1741,2683,NaN,NaN,NaN
equicorr_interior_rho0_3_d20,20,18,0.3,interior,sobol_owen,1024,25,20917576,current_indicator,0.4638671875,0.45975543587489426,0.004111751625105742,0.018966875,0.103678584,0.12264545900000001,20791168,3176736,1741,2683,NaN,NaN,NaN
equicorr_interior_rho0_3_d20,20,18,0.3,interior,sobol_owen,1024,26,20917577,current_indicator,0.466796875,0.45975543587489426,0.007041439125105742,0.018994083,0.105998584,0.124992667,20791168,3176736,1741,2683,NaN,NaN,NaN
equicorr_interior_rho0_3_d20,20,18,0.3,interior,sobol_owen,1024,27,20917578,current_indicator,0.44140625,0.45975543587489426,0.018349185874894258,0.019321542,0.104726625,0.124048167,20791168,3176736,1741,2683,NaN,NaN,NaN
equicorr_interior_rho0_3_d20,20,18,0.3,interior,sobol_owen,1024,28,20917579,current_indicator,0.462890625,0.45975543587489426,0.0031351891251057418,0.020022625,0.104572083,0.124594708,20791168,3176736,1741,2683,NaN,NaN,NaN
equicorr_interior_rho0_3_d20,20,18,0.3,interior,sobol_owen,1024,29,20917580,current_indicator,0.4716796875,0.45975543587489426,0.011924251625105742,0.01915075,0.103223667,0.12237441700000001,20791168,3176736,1741,2683,NaN,NaN,NaN
equicorr_interior_rho0_3_d20,20,18,0.3,interior,sobol_owen,1024,30,20917581,current_indicator,0.4775390625,0.45975543587489426,0.017783626625105742,0.019800708,0.104867833,0.124668541,20791168,3176736,1741,2683,NaN,NaN,NaN
equicorr_interior_rho0_3_d20,20,18,0.3,interior,sobol_owen,1024,1,20917552,reduced_conditional,0.4597646630531965,0.45975543587489426,9.227178302262384e-6,0.01901725,0.147578167,0.16659541700000002,20791168,112,1741,2,700416,156672,4096
equicorr_interior_rho0_3_d20,20,18,0.3,interior,sobol_owen,1024,2,20917553,reduced_conditional,0.4594526406876649,0.45975543587489426,0.0003027951872293655,0.021309333,0.147719459,0.16902879199999998,20791168,112,1741,2,700416,156672,4096
equicorr_interior_rho0_3_d20,20,18,0.3,interior,sobol_owen,1024,3,20917554,reduced_conditional,0.45991929029662615,0.45975543587489426,0.00016385442173189046,0.022809625,0.148471792,0.171281417,20791168,112,1741,2,700416,156672,4096
equicorr_interior_rho0_3_d20,20,18,0.3,interior,sobol_owen,1024,4,20917555,reduced_conditional,0.45996421288234113,0.45975543587489426,0.00020877700744686978,0.019734042,0.147426917,0.167160959,20791168,112,1741,2,700416,156672,4096
equicorr_interior_rho0_3_d20,20,18,0.3,interior,sobol_owen,1024,5,20917556,reduced_conditional,0.46025032150821854,0.45975543587489426,0.0004948856333242824,0.019379458,0.149503084,0.168882542,20791168,112,1741,2,700416,156672,4096
equicorr_interior_rho0_3_d20,20,18,0.3,interior,sobol_owen,1024,6,20917557,reduced_conditional,0.4597814553865786,0.45975543587489426,2.6019511684349794e-5,0.020220083,0.149395625,0.169615708,20791168,112,1741,2,700416,156672,4096
equicorr_interior_rho0_3_d20,20,18,0.3,interior,sobol_owen,1024,7,20917558,reduced_conditional,0.45982003995937537,0.45975543587489426,6.460408448111243e-5,0.019401417,0.147479416,0.166880833,20791168,112,1741,2,700416,156672,4096
equicorr_interior_rho0_3_d20,20,18,0.3,interior,sobol_owen,1024,8,20917559,reduced_conditional,0.4596357547960401,0.45975543587489426,0.00011968107885418355,0.019606958,0.147474708,0.16708166600000002,20791168,112,1741,2,700416,156672,4096
equicorr_interior_rho0_3_d20,20,18,0.3,interior,sobol_owen,1024,9,20917560,reduced_conditional,0.45974704421247065,0.45975543587489426,8.391662423612445e-6,0.019845458,0.147280666,0.16712612400000001,20791168,112,1741,2,700416,156672,4096
equicorr_interior_rho0_3_d20,20,18,0.3,interior,sobol_owen,1024,10,20917561,reduced_conditional,0.46000043090871184,0.45975543587489426,0.00024499503381758547,0.019510584,0.147522292,0.167032876,20791168,112,1741,2,700416,156672,4096
equicorr_interior_rho0_3_d20,20,18,0.3,interior,sobol_owen,1024,11,20917562,reduced_conditional,0.4607536147548274,0.45975543587489426,0.0009981788799331426,0.01952775,0.147421375,0.166949125,20791168,112,1741,2,700416,156672,4096
equicorr_interior_rho0_3_d20,20,18,0.3,interior,sobol_owen,1024,12,20917563,reduced_conditional,0.4594419841652359,0.45975543587489426,0.00031345170965835223,0.020405917,0.148428333,0.16883425,20791168,112,1741,2,700416,156672,4096
equicorr_interior_rho0_3_d20,20,18,0.3,interior,sobol_owen,1024,13,20917564,reduced_conditional,0.4596822985478362,0.45975543587489426,7.313732705804821e-5,0.02004175,0.148190958,0.168232708,20791168,112,1741,2,700416,156672,4096
equicorr_interior_rho0_3_d20,20,18,0.3,interior,sobol_owen,1024,14,20917565,reduced_conditional,0.4593215060130934,0.45975543587489426,0.00043392986180085247,0.020141541,0.147848792,0.167990333,20791168,112,1741,2,700416,156672,4096
equicorr_interior_rho0_3_d20,20,18,0.3,interior,sobol_owen,1024,15,20917566,reduced_conditional,0.4599070475339805,0.45975543587489426,0.00015161165908622598,0.0200605,0.147415834,0.167476334,20791168,112,1741,2,700416,156672,4096
equicorr_interior_rho0_3_d20,20,18,0.3,interior,sobol_owen,1024,16,20917567,reduced_conditional,0.4596412768102892,0.45975543587489426,0.0001141590646050461,0.019931791,0.147561459,0.16749325,20791168,112,1741,2,700416,156672,4096
equicorr_interior_rho0_3_d20,20,18,0.3,interior,sobol_owen,1024,17,20917568,reduced_conditional,0.4595241047096867,0.45975543587489426,0.00023133116520757113,0.019529209,0.147311125,0.16684033399999998,20791168,112,1741,2,700416,156672,4096
equicorr_interior_rho0_3_d20,20,18,0.3,interior,sobol_owen,1024,18,20917569,reduced_conditional,0.45927030415175607,0.45975543587489426,0.000485131723138188,0.019525667,0.149808667,0.169334334,20791168,112,1741,2,700416,156672,4096
equicorr_interior_rho0_3_d20,20,18,0.3,interior,sobol_owen,1024,19,20917570,reduced_conditional,0.459972936099035,0.45975543587489426,0.0002175002241407431,0.019863917,0.147843958,0.167707875,20791168,112,1741,2,700416,156672,4096
equicorr_interior_rho0_3_d20,20,18,0.3,interior,sobol_owen,1024,20,20917571,reduced_conditional,0.45936783590968894,0.45975543587489426,0.0003875999652053208,0.01996975,0.147053166,0.16702291600000002,20791168,112,1741,2,700416,156672,4096
equicorr_interior_rho0_3_d20,20,18,0.3,interior,sobol_owen,1024,21,20917572,reduced_conditional,0.4593652152548844,0.45975543587489426,0.00039022062000987345,0.019461583,0.147249916,0.166711499,20791168,112,1741,2,700416,156672,4096
equicorr_interior_rho0_3_d20,20,18,0.3,interior,sobol_owen,1024,22,20917573,reduced_conditional,0.459895756548053,0.45975543587489426,0.00014032067315872254,0.019795625,0.147354125,0.16714975,20791168,112,1741,2,700416,156672,4096
equicorr_interior_rho0_3_d20,20,18,0.3,interior,sobol_owen,1024,23,20917574,reduced_conditional,0.45933939490638315,0.45975543587489426,0.00041604096851111105,0.019461,0.147011667,0.16647266700000002,20791168,112,1741,2,700416,156672,4096
equicorr_interior_rho0_3_d20,20,18,0.3,interior,sobol_owen,1024,24,20917575,reduced_conditional,0.45996052567311213,0.45975543587489426,0.00020508979821787232,0.01946975,0.14708325,0.166553,20791168,112,1741,2,700416,156672,4096
equicorr_interior_rho0_3_d20,20,18,0.3,interior,sobol_owen,1024,25,20917576,reduced_conditional,0.4599813472348774,0.45975543587489426,0.00022591135998312195,0.019469667,0.147126958,0.166596625,20791168,112,1741,2,700416,156672,4096
equicorr_interior_rho0_3_d20,20,18,0.3,interior,sobol_owen,1024,26,20917577,reduced_conditional,0.4595842580157829,0.45975543587489426,0.00017117785911135996,0.019654,0.147303792,0.166957792,20791168,112,1741,2,700416,156672,4096
equicorr_interior_rho0_3_d20,20,18,0.3,interior,sobol_owen,1024,27,20917578,reduced_conditional,0.4597913771013671,0.45975543587489426,3.594122647282427e-5,0.038104208,0.147472709,0.185576917,20791168,112,1741,2,700416,156672,4096
equicorr_interior_rho0_3_d20,20,18,0.3,interior,sobol_owen,1024,28,20917579,reduced_conditional,0.46039554077129163,0.45975543587489426,0.0006401048963973754,0.170089291,0.148239792,0.318329083,20791168,112,1741,2,700416,156672,4096
equicorr_interior_rho0_3_d20,20,18,0.3,interior,sobol_owen,1024,29,20917580,reduced_conditional,0.459764247065397,0.45975543587489426,8.811190502722166e-6,0.019476292,0.147907417,0.16738370900000002,20791168,112,1741,2,700416,156672,4096
equicorr_interior_rho0_3_d20,20,18,0.3,interior,sobol_owen,1024,30,20917581,reduced_conditional,0.45882061779030303,0.45975543587489426,0.0009348180845912268,0.019307667,0.147197,0.166504667,20791168,112,1741,2,700416,156672,4096
equicorr_interior_rho0_3_d20,20,18,0.3,interior,sobol_owen,4096,1,21224752,current_indicator,0.462890625,0.45975543587489426,0.0031351891251057418,0.082588416,0.425780209,0.508368625,82069888,5683488,1861,2683,NaN,NaN,NaN
equicorr_interior_rho0_3_d20,20,18,0.3,interior,sobol_owen,4096,2,21224753,current_indicator,0.465087890625,0.45975543587489426,0.005332454750105742,0.081096166,0.429750541,0.510846707,82069888,5683488,1861,2683,NaN,NaN,NaN
equicorr_interior_rho0_3_d20,20,18,0.3,interior,sobol_owen,4096,3,21224754,current_indicator,0.466796875,0.45975543587489426,0.007041439125105742,0.081041,0.42113675,0.50217775,82069888,5683488,1861,2683,NaN,NaN,NaN
equicorr_interior_rho0_3_d20,20,18,0.3,interior,sobol_owen,4096,4,21224755,current_indicator,0.455322265625,0.45975543587489426,0.004433170249894258,0.08102825,0.422787459,0.503815709,82069888,5683488,1861,2683,NaN,NaN,NaN
equicorr_interior_rho0_3_d20,20,18,0.3,interior,sobol_owen,4096,5,21224756,current_indicator,0.4580078125,0.45975543587489426,0.0017476233748942582,0.25007725,0.425067125,0.6751443749999999,82069888,5683488,1861,2683,NaN,NaN,NaN
equicorr_interior_rho0_3_d20,20,18,0.3,interior,sobol_owen,4096,6,21224757,current_indicator,0.46728515625,0.45975543587489426,0.007529720375105742,0.080263042,0.425640625,0.505903667,82069888,5683488,1861,2683,NaN,NaN,NaN
equicorr_interior_rho0_3_d20,20,18,0.3,interior,sobol_owen,4096,7,21224758,current_indicator,0.457763671875,0.45975543587489426,0.0019917639998942582,0.080945791,0.4259345,0.506880291,82069888,5683488,1861,2683,NaN,NaN,NaN
equicorr_interior_rho0_3_d20,20,18,0.3,interior,sobol_owen,4096,8,21224759,current_indicator,0.45556640625,0.45975543587489426,0.004189029624894258,0.081719375,0.429112708,0.510832083,82069888,5683488,1861,2683,NaN,NaN,NaN
equicorr_interior_rho0_3_d20,20,18,0.3,interior,sobol_owen,4096,9,21224760,current_indicator,0.465576171875,0.45975543587489426,0.005820736000105742,0.081570334,0.423535167,0.505105501,82069888,5683488,1861,2683,NaN,NaN,NaN
equicorr_interior_rho0_3_d20,20,18,0.3,interior,sobol_owen,4096,10,21224761,current_indicator,0.47119140625,0.45975543587489426,0.011435970375105742,0.249918959,0.424855125,0.674774084,82069888,5683488,1861,2683,NaN,NaN,NaN
equicorr_interior_rho0_3_d20,20,18,0.3,interior,sobol_owen,4096,11,21224762,current_indicator,0.454345703125,0.45975543587489426,0.005409732749894258,0.080303208,0.424801084,0.505104292,82069888,5683488,1861,2683,NaN,NaN,NaN
equicorr_interior_rho0_3_d20,20,18,0.3,interior,sobol_owen,4096,12,21224763,current_indicator,0.465087890625,0.45975543587489426,0.005332454750105742,0.080522416,0.423568834,0.50409125,82069888,5683488,1861,2683,NaN,NaN,NaN
equicorr_interior_rho0_3_d20,20,18,0.3,interior,sobol_owen,4096,13,21224764,current_indicator,0.46142578125,0.45975543587489426,0.0016703453751057418,0.080490625,0.423324167,0.503814792,82069888,5683488,1861,2683,NaN,NaN,NaN
equicorr_interior_rho0_3_d20,20,18,0.3,interior,sobol_owen,4096,14,21224765,current_indicator,0.45947265625,0.45975543587489426,0.00028277962489425823,0.0816405,0.429613209,0.511253709,82069888,5683488,1861,2683,NaN,NaN,NaN
equicorr_interior_rho0_3_d20,20,18,0.3,interior,sobol_owen,4096,15,21224766,current_indicator,0.461669921875,0.45975543587489426,0.0019144860001057418,0.080504209,0.423907,0.5044112089999999,82069888,5683488,1861,2683,NaN,NaN,NaN
equicorr_interior_rho0_3_d20,20,18,0.3,interior,sobol_owen,4096,16,21224767,current_indicator,0.461181640625,0.45975543587489426,0.0014262047501057418,0.250603292,0.420934334,0.671537626,82069888,5683488,1861,2683,NaN,NaN,NaN
equicorr_interior_rho0_3_d20,20,18,0.3,interior,sobol_owen,4096,17,21224768,current_indicator,0.4619140625,0.45975543587489426,0.0021586266251057418,0.080295625,0.423266042,0.503561667,82069888,5683488,1861,2683,NaN,NaN,NaN
equicorr_interior_rho0_3_d20,20,18,0.3,interior,sobol_owen,4096,18,21224769,current_indicator,0.4580078125,0.45975543587489426,0.0017476233748942582,0.080224125,0.422223709,0.502447834,82069888,5683488,1861,2683,NaN,NaN,NaN
equicorr_interior_rho0_3_d20,20,18,0.3,interior,sobol_owen,4096,19,21224770,current_indicator,0.46533203125,0.45975543587489426,0.005576595375105742,0.080305042,0.424716125,0.505021167,82069888,5683488,1861,2683,NaN,NaN,NaN
equicorr_interior_rho0_3_d20,20,18,0.3,interior,sobol_owen,4096,20,21224771,current_indicator,0.447509765625,0.45975543587489426,0.012245670249894258,0.081321375,0.428562708,0.509884083,82069888,5683488,1861,2683,NaN,NaN,NaN
equicorr_interior_rho0_3_d20,20,18,0.3,interior,sobol_owen,4096,21,21224772,current_indicator,0.460205078125,0.45975543587489426,0.00044964225010574177,0.101577959,0.426178792,0.527756751,82069888,5683488,1861,2683,NaN,NaN,NaN
equicorr_interior_rho0_3_d20,20,18,0.3,interior,sobol_owen,4096,22,21224773,current_indicator,0.458251953125,0.45975543587489426,0.0015034827498942582,0.225309666,0.421412167,0.646721833,82069888,5683488,1861,2683,NaN,NaN,NaN
equicorr_interior_rho0_3_d20,20,18,0.3,interior,sobol_owen,4096,23,21224774,current_indicator,0.459716796875,0.45975543587489426,3.863899989425823e-5,0.080108334,0.422240916,0.50234925,82069888,5683488,1861,2683,NaN,NaN,NaN
equicorr_interior_rho0_3_d20,20,18,0.3,interior,sobol_owen,4096,24,21224775,current_indicator,0.4501953125,0.45975543587489426,0.009560123374894258,0.081205375,0.425002916,0.506208291,82069888,5683488,1861,2683,NaN,NaN,NaN
equicorr_interior_rho0_3_d20,20,18,0.3,interior,sobol_owen,4096,25,21224776,current_indicator,0.464111328125,0.45975543587489426,0.004355892250105742,0.081750334,0.427841042,0.509591376,82069888,5683488,1861,2683,NaN,NaN,NaN
equicorr_interior_rho0_3_d20,20,18,0.3,interior,sobol_owen,4096,26,21224777,current_indicator,0.455078125,0.45975543587489426,0.004677310874894258,0.080623583,0.424161125,0.5047847080000001,82069888,5683488,1861,2683,NaN,NaN,NaN
equicorr_interior_rho0_3_d20,20,18,0.3,interior,sobol_owen,4096,27,21224778,current_indicator,0.453125,0.45975543587489426,0.006630435874894258,0.251823417,0.425685458,0.677508875,82069888,5683488,1861,2683,NaN,NaN,NaN
equicorr_interior_rho0_3_d20,20,18,0.3,interior,sobol_owen,4096,28,21224779,current_indicator,0.45556640625,0.45975543587489426,0.004189029624894258,0.081195334,0.422168792,0.503364126,82069888,5683488,1861,2683,NaN,NaN,NaN
equicorr_interior_rho0_3_d20,20,18,0.3,interior,sobol_owen,4096,29,21224780,current_indicator,0.454833984375,0.45975543587489426,0.004921451499894258,0.081277708,0.421994792,0.5032725,82069888,5683488,1861,2683,NaN,NaN,NaN
equicorr_interior_rho0_3_d20,20,18,0.3,interior,sobol_owen,4096,30,21224781,current_indicator,0.45751953125,0.45975543587489426,0.0022359046248942582,0.081079,0.425325708,0.506404708,82069888,5683488,1861,2683,NaN,NaN,NaN
equicorr_interior_rho0_3_d20,20,18,0.3,interior,sobol_owen,4096,1,21224752,reduced_conditional,0.4597770721128703,0.45975543587489426,2.1636237976019324e-5,0.08467475,0.595050958,0.679725708,82069888,112,1861,2,2801664,626688,16384
equicorr_interior_rho0_3_d20,20,18,0.3,interior,sobol_owen,4096,2,21224753,reduced_conditional,0.4600563381537342,0.45975543587489426,0.0003009022788399429,0.240891834,0.589575875,0.830467709,82069888,112,1861,2,2801664,626688,16384
equicorr_interior_rho0_3_d20,20,18,0.3,interior,sobol_owen,4096,3,21224754,reduced_conditional,0.4596923863601662,0.45975543587489426,6.304951472807518e-5,0.080510958,0.588414542,0.6689255,82069888,112,1861,2,2801664,626688,16384
equicorr_interior_rho0_3_d20,20,18,0.3,interior,sobol_owen,4096,4,21224755,reduced_conditional,0.45961529021674147,0.45975543587489426,0.00014014565815279045,0.080317416,0.590126084,0.6704435,82069888,112,1861,2,2801664,626688,16384
equicorr_interior_rho0_3_d20,20,18,0.3,interior,sobol_owen,4096,5,21224756,reduced_conditional,0.4597673288420958,0.45975543587489426,1.1892967201554416e-5,0.08108225,0.587628584,0.668710834,82069888,112,1861,2,2801664,626688,16384
equicorr_interior_rho0_3_d20,20,18,0.3,interior,sobol_owen,4096,6,21224757,reduced_conditional,0.459989817362787,0.45975543587489426,0.00023438148789273194,0.083094708,0.595264041,0.6783587489999999,82069888,112,1861,2,2801664,626688,16384
equicorr_interior_rho0_3_d20,20,18,0.3,interior,sobol_owen,4096,7,21224758,reduced_conditional,0.459782735590119,0.45975543587489426,2.7299715224748944e-5,0.251099417,0.5900135,0.841112917,82069888,112,1861,2,2801664,626688,16384
equicorr_interior_rho0_3_d20,20,18,0.3,interior,sobol_owen,4096,8,21224759,reduced_conditional,0.45979306605804154,0.45975543587489426,3.7630183147285834e-5,0.081132042,0.589329459,0.670461501,82069888,112,1861,2,2801664,626688,16384
equicorr_interior_rho0_3_d20,20,18,0.3,interior,sobol_owen,4096,9,21224760,reduced_conditional,0.4598363273167245,0.45975543587489426,8.089144183026642e-5,0.080063542,0.591760709,0.671824251,82069888,112,1861,2,2801664,626688,16384
equicorr_interior_rho0_3_d20,20,18,0.3,interior,sobol_owen,4096,10,21224761,reduced_conditional,0.4600863748166429,0.45975543587489426,0.00033093894174862637,0.08149825,0.588454833,0.669953083,82069888,112,1861,2,2801664,626688,16384
equicorr_interior_rho0_3_d20,20,18,0.3,interior,sobol_owen,4096,11,21224762,reduced_conditional,0.45962836872896656,0.45975543587489426,0.00012706714592769508,0.081020375,0.590492542,0.671512917,82069888,112,1861,2,2801664,626688,16384
equicorr_interior_rho0_3_d20,20,18,0.3,interior,sobol_owen,4096,12,21224763,reduced_conditional,0.4598489609503764,0.45975543587489426,9.352507548215927e-5,0.083216542,0.588871833,0.672088375,82069888,112,1861,2,2801664,626688,16384
equicorr_interior_rho0_3_d20,20,18,0.3,interior,sobol_owen,4096,13,21224764,reduced_conditional,0.45986290971895677,0.45975543587489426,0.00010747384406251115,0.255928292,0.593845166,0.849773458,82069888,112,1861,2,2801664,626688,16384
equicorr_interior_rho0_3_d20,20,18,0.3,interior,sobol_owen,4096,14,21224765,reduced_conditional,0.4597470361295421,0.45975543587489426,8.399745352161148e-6,0.080957833,0.590175125,0.6711329580000001,82069888,112,1861,2,2801664,626688,16384
equicorr_interior_rho0_3_d20,20,18,0.3,interior,sobol_owen,4096,15,21224766,reduced_conditional,0.4598390037212361,0.45975543587489426,8.356784634183656e-5,0.080753375,0.589370584,0.670123959,82069888,112,1861,2,2801664,626688,16384
equicorr_interior_rho0_3_d20,20,18,0.3,interior,sobol_owen,4096,16,21224767,reduced_conditional,0.4597474404657249,0.45975543587489426,7.995409169347933e-6,0.081126083,0.587720333,0.668846416,82069888,112,1861,2,2801664,626688,16384
equicorr_interior_rho0_3_d20,20,18,0.3,interior,sobol_owen,4096,17,21224768,reduced_conditional,0.4597834155106846,0.45975543587489426,2.797963579032059e-5,0.081684333,0.593042084,0.674726417,82069888,112,1861,2,2801664,626688,16384
equicorr_interior_rho0_3_d20,20,18,0.3,interior,sobol_owen,4096,18,21224769,reduced_conditional,0.4597163695485448,0.45975543587489426,3.9066326349479485e-5,0.19581125,0.592400916,0.788212166,82069888,112,1861,2,2801664,626688,16384
equicorr_interior_rho0_3_d20,20,18,0.3,interior,sobol_owen,4096,19,21224770,reduced_conditional,0.4598190265236502,0.45975543587489426,6.359064875594012e-5,0.080812,0.589597,0.670409,82069888,112,1861,2,2801664,626688,16384
equicorr_interior_rho0_3_d20,20,18,0.3,interior,sobol_owen,4096,20,21224771,reduced_conditional,0.45961294063013136,0.45975543587489426,0.00014249524476289688,0.080566,0.588577583,0.669143583,82069888,112,1861,2,2801664,626688,16384
equicorr_interior_rho0_3_d20,20,18,0.3,interior,sobol_owen,4096,21,21224772,reduced_conditional,0.4598465297218892,0.45975543587489426,9.10938469949607e-5,0.080225667,0.589007791,0.669233458,82069888,112,1861,2,2801664,626688,16384
equicorr_interior_rho0_3_d20,20,18,0.3,interior,sobol_owen,4096,22,21224773,reduced_conditional,0.45982131218475814,0.45975543587489426,6.587630986387705e-5,0.081208125,0.59067725,0.671885375,82069888,112,1861,2,2801664,626688,16384
equicorr_interior_rho0_3_d20,20,18,0.3,interior,sobol_owen,4096,23,21224774,reduced_conditional,0.45975992178278247,0.45975543587489426,4.485907888207574e-6,0.209124916,0.596189292,0.805314208,82069888,112,1861,2,2801664,626688,16384
equicorr_interior_rho0_3_d20,20,18,0.3,interior,sobol_owen,4096,24,21224775,reduced_conditional,0.45980390731397286,0.45975543587489426,4.8471439078601186e-5,0.080707334,0.590262917,0.670970251,82069888,112,1861,2,2801664,626688,16384
equicorr_interior_rho0_3_d20,20,18,0.3,interior,sobol_owen,4096,25,21224776,reduced_conditional,0.4595296315583309,0.45975543587489426,0.00022580431656338273,0.080795708,0.588685792,0.6694815000000001,82069888,112,1861,2,2801664,626688,16384
equicorr_interior_rho0_3_d20,20,18,0.3,interior,sobol_owen,4096,26,21224777,reduced_conditional,0.4597606814916326,0.45975543587489426,5.2456167383141405e-6,0.081733,0.587819542,0.6695525419999999,82069888,112,1861,2,2801664,626688,16384
equicorr_interior_rho0_3_d20,20,18,0.3,interior,sobol_owen,4096,27,21224778,reduced_conditional,0.4594966428653043,0.45975543587489426,0.00025879300958997487,0.251281958,0.587766959,0.839048917,82069888,112,1861,2,2801664,626688,16384
equicorr_interior_rho0_3_d20,20,18,0.3,interior,sobol_owen,4096,28,21224779,reduced_conditional,0.4595718440739244,0.45975543587489426,0.00018359180096988448,0.079850041,0.596306333,0.6761563740000001,82069888,112,1861,2,2801664,626688,16384
equicorr_interior_rho0_3_d20,20,18,0.3,interior,sobol_owen,4096,29,21224780,reduced_conditional,0.45939135107738077,0.45975543587489426,0.00036408479751348644,0.08094525,0.590044042,0.670989292,82069888,112,1861,2,2801664,626688,16384
equicorr_interior_rho0_3_d20,20,18,0.3,interior,sobol_owen,4096,30,21224781,reduced_conditional,0.45959372746278904,0.45975543587489426,0.00016170841210522147,0.079479292,0.591271,0.670750292,82069888,112,1861,2,2801664,626688,16384
equicorr_interior_rho0_3_d20,20,18,0.3,interior,sobol_owen,16384,1,22453552,current_indicator,0.45928955078125,0.45975543587489426,0.00046588509364425823,0.517399709,1.653110875,2.170510584,333730688,18856224,1981,2683,NaN,NaN,NaN
equicorr_interior_rho0_3_d20,20,18,0.3,interior,sobol_owen,16384,2,22453553,current_indicator,0.4598388671875,0.45975543587489426,8.343131260574177e-5,0.522243708,1.656657042,2.17890075,338449280,17283360,1981,2683,NaN,NaN,NaN
equicorr_interior_rho0_3_d20,20,18,0.3,interior,sobol_owen,16384,3,22453554,current_indicator,0.456298828125,0.45975543587489426,0.0034566077498942582,0.514112625,1.668600625,2.18271325,338449280,17283360,1981,2683,NaN,NaN,NaN
equicorr_interior_rho0_3_d20,20,18,0.3,interior,sobol_owen,16384,4,22453555,current_indicator,0.4613037109375,0.45975543587489426,0.0015482750626057418,0.492200375,1.678271583,2.170471958,336876416,17283360,1981,2683,NaN,NaN,NaN
equicorr_interior_rho0_3_d20,20,18,0.3,interior,sobol_owen,16384,5,22453556,current_indicator,0.46075439453125,0.45975543587489426,0.0009989586563557418,0.662799083,1.66776675,2.330565833,338449280,17283360,1981,2683,NaN,NaN,NaN
equicorr_interior_rho0_3_d20,20,18,0.3,interior,sobol_owen,16384,6,22453557,current_indicator,0.4591064453125,0.45975543587489426,0.0006489905623942582,0.513146458,1.661958625,2.175105083,338449280,17283360,1981,2683,NaN,NaN,NaN
equicorr_interior_rho0_3_d20,20,18,0.3,interior,sobol_owen,16384,7,22453558,current_indicator,0.4605712890625,0.45975543587489426,0.0008158531876057418,0.518106125,1.686512334,2.2046184589999998,338449280,17283360,1981,2683,NaN,NaN,NaN
equicorr_interior_rho0_3_d20,20,18,0.3,interior,sobol_owen,16384,8,22453559,current_indicator,0.45977783203125,0.45975543587489426,2.239615635574177e-5,0.511890417,1.651767875,2.163658292,338449280,17283360,1981,2683,NaN,NaN,NaN
equicorr_interior_rho0_3_d20,20,18,0.3,interior,sobol_owen,16384,9,22453560,current_indicator,0.45758056640625,0.45975543587489426,0.0021748694686442582,0.506899958,1.656649459,2.163549417,338449280,17283360,1981,2683,NaN,NaN,NaN
equicorr_interior_rho0_3_d20,20,18,0.3,interior,sobol_owen,16384,10,22453561,current_indicator,0.4593505859375,0.45975543587489426,0.00040484993739425823,0.519800667,1.666502791,2.1863034580000003,336876416,17283360,1981,2683,NaN,NaN,NaN
equicorr_interior_rho0_3_d20,20,18,0.3,interior,sobol_owen,16384,11,22453562,current_indicator,0.46014404296875,0.45975543587489426,0.00038860709385574177,0.518775792,1.676805625,2.195581417,338449280,17283360,1981,2683,NaN,NaN,NaN
equicorr_interior_rho0_3_d20,20,18,0.3,interior,sobol_owen,16384,12,22453563,current_indicator,0.4598388671875,0.45975543587489426,8.343131260574177e-5,0.519614958,1.649909292,2.1695242500000003,338449280,17283360,1981,2683,NaN,NaN,NaN
equicorr_interior_rho0_3_d20,20,18,0.3,interior,sobol_owen,16384,13,22453564,current_indicator,0.45721435546875,0.45975543587489426,0.0025410804061442582,0.527117917,1.648000584,2.175118501,338449280,17283360,1981,2683,NaN,NaN,NaN
equicorr_interior_rho0_3_d20,20,18,0.3,interior,sobol_owen,16384,14,22453565,current_indicator,0.45697021484375,0.45975543587489426,0.0027852210311442582,0.516083959,1.668325333,2.1844092920000002,336876416,17283360,1981,2683,NaN,NaN,NaN
equicorr_interior_rho0_3_d20,20,18,0.3,interior,sobol_owen,16384,15,22453566,current_indicator,0.457275390625,0.45975543587489426,0.0024800452498942582,0.521428917,1.660345792,2.181774709,335303552,20429088,1981,2683,NaN,NaN,NaN
equicorr_interior_rho0_3_d20,20,18,0.3,interior,sobol_owen,16384,16,22453567,current_indicator,0.4599609375,0.45975543587489426,0.00020550162510574177,0.51217775,1.651889291,2.164067041,338449280,18856224,1981,2683,NaN,NaN,NaN
equicorr_interior_rho0_3_d20,20,18,0.3,interior,sobol_owen,16384,17,22453568,current_indicator,0.45989990234375,0.45975543587489426,0.00014446646885574177,0.51726575,1.665443833,2.1827095830000003,338449280,15710496,1981,2683,NaN,NaN,NaN
equicorr_interior_rho0_3_d20,20,18,0.3,interior,sobol_owen,16384,18,22453569,current_indicator,0.46258544921875,0.45975543587489426,0.0028300133438557418,0.514109834,1.658453541,2.172563375,338449280,15710496,1981,2683,NaN,NaN,NaN
equicorr_interior_rho0_3_d20,20,18,0.3,interior,sobol_owen,16384,19,22453570,current_indicator,0.4617919921875,0.45975543587489426,0.0020365563126057418,0.508053125,1.670287375,2.1783405,338449280,17283360,1981,2683,NaN,NaN,NaN
equicorr_interior_rho0_3_d20,20,18,0.3,interior,sobol_owen,16384,20,22453571,current_indicator,0.45684814453125,0.45975543587489426,0.0029072913436442582,0.523483458,1.696365292,2.21984875,338449280,17283360,1981,2683,NaN,NaN,NaN
equicorr_interior_rho0_3_d20,20,18,0.3,interior,sobol_owen,16384,21,22453572,current_indicator,0.4576416015625,0.45975543587489426,0.0021138343123942582,0.522298167,1.669628792,2.191926959,336876416,17283360,1981,2683,NaN,NaN,NaN
equicorr_interior_rho0_3_d20,20,18,0.3,interior,sobol_owen,16384,22,22453573,current_indicator,0.45941162109375,0.45975543587489426,0.00034381478114425823,0.511000375,1.680160167,2.191160542,336876416,18856224,1981,2683,NaN,NaN,NaN
equicorr_interior_rho0_3_d20,20,18,0.3,interior,sobol_owen,16384,23,22453574,current_indicator,0.4608154296875,0.45975543587489426,0.0010599938126057418,0.516427333,1.685508875,2.2019362080000002,338449280,18856224,1981,2683,NaN,NaN,NaN
equicorr_interior_rho0_3_d20,20,18,0.3,interior,sobol_owen,16384,24,22453575,current_indicator,0.459716796875,0.45975543587489426,3.863899989425823e-5,0.522675625,1.654883333,2.1775589579999997,338449280,17283360,1981,2683,NaN,NaN,NaN
equicorr_interior_rho0_3_d20,20,18,0.3,interior,sobol_owen,16384,25,22453576,current_indicator,0.4598388671875,0.45975543587489426,8.343131260574177e-5,0.520733792,1.658266416,2.179000208,335303552,20429088,1981,2683,NaN,NaN,NaN
equicorr_interior_rho0_3_d20,20,18,0.3,interior,sobol_owen,16384,26,22453577,current_indicator,0.46124267578125,0.45975543587489426,0.0014872399063557418,0.524467709,1.664045625,2.188513334,338449280,18856224,1981,2683,NaN,NaN,NaN
equicorr_interior_rho0_3_d20,20,18,0.3,interior,sobol_owen,16384,27,22453578,current_indicator,0.45526123046875,0.45975543587489426,0.004494205406144258,0.487481042,1.677658125,2.165139167,338449280,17283360,1981,2683,NaN,NaN,NaN
equicorr_interior_rho0_3_d20,20,18,0.3,interior,sobol_owen,16384,28,22453579,current_indicator,0.45654296875,0.45975543587489426,0.0032124671248942582,0.514388417,1.694768125,2.209156542,338449280,17283360,1981,2683,NaN,NaN,NaN
equicorr_interior_rho0_3_d20,20,18,0.3,interior,sobol_owen,16384,29,22453580,current_indicator,0.46014404296875,0.45975543587489426,0.00038860709385574177,0.5186525,1.681707875,2.200360375,338449280,17283360,1981,2683,NaN,NaN,NaN
equicorr_interior_rho0_3_d20,20,18,0.3,interior,sobol_owen,16384,30,22453581,current_indicator,0.45611572265625,0.45975543587489426,0.0036397132186442582,0.468722625,1.673755708,2.142478333,335303552,20429088,1981,2683,NaN,NaN,NaN
equicorr_interior_rho0_3_d20,20,18,0.3,interior,sobol_owen,16384,1,22453552,reduced_conditional,0.45973098364041454,0.45975543587489426,2.4452234479721557e-5,0.524196959,2.371235666,2.8954326249999998,335303552,112,1981,2,11206656,2506752,65536
equicorr_interior_rho0_3_d20,20,18,0.3,interior,sobol_owen,16384,2,22453553,reduced_conditional,0.45983005999826815,0.45975543587489426,7.46241233738898e-5,0.520097542,2.370733417,2.8908309589999996,333730688,112,1981,2,11206656,2506752,65536
equicorr_interior_rho0_3_d20,20,18,0.3,interior,sobol_owen,16384,3,22453554,reduced_conditional,0.4597317111090259,0.45975543587489426,2.3724765868371467e-5,0.512288916,2.365149083,2.877437999,333730688,112,1981,2,11206656,2506752,65536
equicorr_interior_rho0_3_d20,20,18,0.3,interior,sobol_owen,16384,4,22453555,reduced_conditional,0.45973959836431433,0.45975543587489426,1.5837510579930214e-5,0.517159125,2.367167208,2.884326333,336876416,112,1981,2,11206656,2506752,65536
equicorr_interior_rho0_3_d20,20,18,0.3,interior,sobol_owen,16384,5,22453556,reduced_conditional,0.4597630183863727,0.45975543587489426,7.58251147842115e-6,0.513954834,2.368581375,2.8825362090000004,333730688,112,1981,2,11206656,2506752,65536
equicorr_interior_rho0_3_d20,20,18,0.3,interior,sobol_owen,16384,6,22453557,reduced_conditional,0.45971458425301015,0.45975543587489426,4.085162188410818e-5,0.515529917,2.379306958,2.8948368749999998,335303552,112,1981,2,11206656,2506752,65536
equicorr_interior_rho0_3_d20,20,18,0.3,interior,sobol_owen,16384,7,22453558,reduced_conditional,0.45979276180585665,0.45975543587489426,3.7325930962395226e-5,0.66494825,2.372579667,3.0375279170000002,333730688,112,1981,2,11206656,2506752,65536
equicorr_interior_rho0_3_d20,20,18,0.3,interior,sobol_owen,16384,8,22453559,reduced_conditional,0.4597448314647693,0.45975543587489426,1.0604410124959163e-5,0.516147458,2.370978584,2.887126042,335303552,112,1981,2,11206656,2506752,65536
equicorr_interior_rho0_3_d20,20,18,0.3,interior,sobol_owen,16384,9,22453560,reduced_conditional,0.45976734025969235,0.45975543587489426,1.1904384798089307e-5,0.517605292,2.371900417,2.889505709,335303552,112,1981,2,11206656,2506752,65536
equicorr_interior_rho0_3_d20,20,18,0.3,interior,sobol_owen,16384,10,22453561,reduced_conditional,0.45976240128877466,0.45975543587489426,6.96541388039984e-6,0.522986834,2.369382875,2.892369709,333730688,112,1981,2,11206656,2506752,65536
equicorr_interior_rho0_3_d20,20,18,0.3,interior,sobol_owen,16384,11,22453562,reduced_conditional,0.4598453868077578,0.45975543587489426,8.995093286356948e-5,0.515501417,2.37028225,2.8857836669999997,335303552,112,1981,2,11206656,2506752,65536
equicorr_interior_rho0_3_d20,20,18,0.3,interior,sobol_owen,16384,12,22453563,reduced_conditional,0.45975855702257823,0.45975543587489426,3.1211476839709817e-6,0.512935917,2.377343,2.8902789170000003,335303552,112,1981,2,11206656,2506752,65536
equicorr_interior_rho0_3_d20,20,18,0.3,interior,sobol_owen,16384,13,22453564,reduced_conditional,0.45977450027346367,0.45975543587489426,1.9064398569412777e-5,0.515712583,2.371011666,2.886724249,333730688,112,1981,2,11206656,2506752,65536
equicorr_interior_rho0_3_d20,20,18,0.3,interior,sobol_owen,16384,14,22453565,reduced_conditional,0.4597367689907872,0.45975543587489426,1.866688410706585e-5,0.518778667,2.362574334,2.881353001,335303552,112,1981,2,11206656,2506752,65536
equicorr_interior_rho0_3_d20,20,18,0.3,interior,sobol_owen,16384,15,22453566,reduced_conditional,0.4597839245945564,0.45975543587489426,2.848871966215638e-5,0.525924,2.364787333,2.890711333,335303552,112,1981,2,11206656,2506752,65536
equicorr_interior_rho0_3_d20,20,18,0.3,interior,sobol_owen,16384,16,22453567,reduced_conditional,0.45970861907618904,0.45975543587489426,4.6816798705218154e-5,0.509958875,2.361776292,2.871735167,333730688,112,1981,2,11206656,2506752,65536
equicorr_interior_rho0_3_d20,20,18,0.3,interior,sobol_owen,16384,17,22453568,reduced_conditional,0.4597405427931026,0.45975543587489426,1.4893081791644835e-5,0.517192042,2.366947709,2.884139751,335303552,112,1981,2,11206656,2506752,65536
equicorr_interior_rho0_3_d20,20,18,0.3,interior,sobol_owen,16384,18,22453569,reduced_conditional,0.45976467243177266,0.45975543587489426,9.236556878400304e-6,0.519235084,2.363426792,2.882661876,335303552,112,1981,2,11206656,2506752,65536
equicorr_interior_rho0_3_d20,20,18,0.3,interior,sobol_owen,16384,19,22453570,reduced_conditional,0.45977330901574587,0.45975543587489426,1.7873140851609737e-5,0.522335292,2.368747041,2.891082333,333730688,112,1981,2,11206656,2506752,65536
equicorr_interior_rho0_3_d20,20,18,0.3,interior,sobol_owen,16384,20,22453571,reduced_conditional,0.45972855245728256,0.45975543587489426,2.6883417611700544e-5,0.522348375,2.378647458,2.900995833,335303552,112,1981,2,11206656,2506752,65536
equicorr_interior_rho0_3_d20,20,18,0.3,interior,sobol_owen,16384,21,22453572,reduced_conditional,0.4597836929523981,0.45975543587489426,2.825707750386819e-5,0.4940745,2.378944709,2.873019209,335303552,112,1981,2,11206656,2506752,65536
equicorr_interior_rho0_3_d20,20,18,0.3,interior,sobol_owen,16384,22,22453573,reduced_conditional,0.4597951768215394,0.45975543587489426,3.974094664516148e-5,0.521390375,2.380415708,2.9018060830000003,333730688,112,1981,2,11206656,2506752,65536
equicorr_interior_rho0_3_d20,20,18,0.3,interior,sobol_owen,16384,23,22453574,reduced_conditional,0.4597818150375273,0.45975543587489426,2.6379162633038966e-5,0.518422917,2.367871875,2.886294792,335303552,112,1981,2,11206656,2506752,65536
equicorr_interior_rho0_3_d20,20,18,0.3,interior,sobol_owen,16384,24,22453575,reduced_conditional,0.4596657375642661,0.45975543587489426,8.969831062816125e-5,0.52746525,2.373085708,2.900550958,336876416,112,1981,2,11206656,2506752,65536
equicorr_interior_rho0_3_d20,20,18,0.3,interior,sobol_owen,16384,25,22453576,reduced_conditional,0.45975613506627866,0.45975543587489426,6.99191384401221e-7,0.519635083,2.362754375,2.8823894580000005,333730688,112,1981,2,11206656,2506752,65536
equicorr_interior_rho0_3_d20,20,18,0.3,interior,sobol_owen,16384,26,22453577,reduced_conditional,0.45981767206481305,0.45975543587489426,6.22361899187962e-5,0.523068334,2.362883208,2.885951542,336876416,112,1981,2,11206656,2506752,65536
equicorr_interior_rho0_3_d20,20,18,0.3,interior,sobol_owen,16384,27,22453578,reduced_conditional,0.45977934193921216,0.45975543587489426,2.390606431790232e-5,0.512491625,2.365064041,2.877555666,335303552,112,1981,2,11206656,2506752,65536
equicorr_interior_rho0_3_d20,20,18,0.3,interior,sobol_owen,16384,28,22453579,reduced_conditional,0.45972631780991435,0.45975543587489426,2.911806497990499e-5,0.508727042,2.358636666,2.867363708,335303552,112,1981,2,11206656,2506752,65536
equicorr_interior_rho0_3_d20,20,18,0.3,interior,sobol_owen,16384,29,22453580,reduced_conditional,0.4597863863559729,0.45975543587489426,3.095048107865095e-5,0.51318275,2.364896833,2.878079583,335303552,112,1981,2,11206656,2506752,65536
equicorr_interior_rho0_3_d20,20,18,0.3,interior,sobol_owen,16384,30,22453581,reduced_conditional,0.4597334777616825,0.45975543587489426,2.1958113211761887e-5,0.509793458,2.364301208,2.874094666,335303552,112,1981,2,11206656,2506752,65536
equicorr_cdf_rho0_8_d20,20,18,0.8,cdf,sobol_owen,256,2,21340753,current_indicator,0.8125,0.809503011492795,0.0029969885072049784,0.004909458,0.025402125,0.030311583000000003,5657968,2591008,1620,2683,NaN,NaN,NaN
equicorr_cdf_rho0_8_d20,20,18,0.8,cdf,sobol_owen,256,3,21340754,current_indicator,0.796875,0.809503011492795,0.012628011492795022,0.004897959,0.025277958,0.030175917,5657968,2591008,1620,2683,NaN,NaN,NaN
equicorr_cdf_rho0_8_d20,20,18,0.8,cdf,sobol_owen,256,4,21340755,current_indicator,0.80078125,0.809503011492795,0.008721761492795022,0.004968416,0.025079917,0.030048333,5657968,2591008,1620,2683,NaN,NaN,NaN
equicorr_cdf_rho0_8_d20,20,18,0.8,cdf,sobol_owen,256,5,21340756,current_indicator,0.80859375,0.809503011492795,0.0009092614927950216,0.005108584,0.0253115,0.030420084,5657968,2591008,1620,2683,NaN,NaN,NaN
equicorr_cdf_rho0_8_d20,20,18,0.8,cdf,sobol_owen,256,6,21340757,current_indicator,0.80078125,0.809503011492795,0.008721761492795022,0.005301708,0.025196625,0.030498333,5657968,2591008,1620,2683,NaN,NaN,NaN
equicorr_cdf_rho0_8_d20,20,18,0.8,cdf,sobol_owen,256,7,21340758,current_indicator,0.82421875,0.809503011492795,0.014715738507204978,0.008875542,0.025187167,0.034062709,5657968,2591008,1620,2683,NaN,NaN,NaN
equicorr_cdf_rho0_8_d20,20,18,0.8,cdf,sobol_owen,256,8,21340759,current_indicator,0.8359375,0.809503011492795,0.02643448850720498,0.004876458,0.025152583,0.030029041,5657968,2591008,1620,2683,NaN,NaN,NaN
equicorr_cdf_rho0_8_d20,20,18,0.8,cdf,sobol_owen,256,9,21340760,current_indicator,0.80859375,0.809503011492795,0.0009092614927950216,0.004844459,0.025118542,0.029963001,5657968,2591008,1620,2683,NaN,NaN,NaN
equicorr_cdf_rho0_8_d20,20,18,0.8,cdf,sobol_owen,256,10,21340761,current_indicator,0.828125,0.809503011492795,0.01862198850720498,0.005012459,0.025300833,0.030313292,5657968,2591008,1620,2683,NaN,NaN,NaN
equicorr_cdf_rho0_8_d20,20,18,0.8,cdf,sobol_owen,256,11,21340762,current_indicator,0.80859375,0.809503011492795,0.0009092614927950216,0.004933208,0.024960916,0.029894124,5657968,2591008,1620,2683,NaN,NaN,NaN
equicorr_cdf_rho0_8_d20,20,18,0.8,cdf,sobol_owen,256,12,21340763,current_indicator,0.80078125,0.809503011492795,0.008721761492795022,0.00484925,0.025366209,0.030215459,5657968,2591008,1620,2683,NaN,NaN,NaN
equicorr_cdf_rho0_8_d20,20,18,0.8,cdf,sobol_owen,256,13,21340764,current_indicator,0.8046875,0.809503011492795,0.0048155114927950216,0.00648,0.025229541,0.031709541,5657968,2591008,1620,2683,NaN,NaN,NaN
equicorr_cdf_rho0_8_d20,20,18,0.8,cdf,sobol_owen,256,14,21340765,current_indicator,0.8046875,0.809503011492795,0.0048155114927950216,0.004804708,0.025173542,0.02997825,5657968,2591008,1620,2683,NaN,NaN,NaN
equicorr_cdf_rho0_8_d20,20,18,0.8,cdf,sobol_owen,256,15,21340766,current_indicator,0.80859375,0.809503011492795,0.0009092614927950216,0.004814916,0.025159292,0.029974208,5657968,2591008,1620,2683,NaN,NaN,NaN
equicorr_cdf_rho0_8_d20,20,18,0.8,cdf,sobol_owen,256,16,21340767,current_indicator,0.82421875,0.809503011492795,0.014715738507204978,0.004818375,0.025069375,0.02988775,5657968,2591008,1620,2683,NaN,NaN,NaN
equicorr_cdf_rho0_8_d20,20,18,0.8,cdf,sobol_owen,256,17,21340768,current_indicator,0.8046875,0.809503011492795,0.0048155114927950216,0.004844875,0.025176333,0.030021208,5657968,2591008,1620,2683,NaN,NaN,NaN
equicorr_cdf_rho0_8_d20,20,18,0.8,cdf,sobol_owen,256,18,21340769,current_indicator,0.8046875,0.809503011492795,0.0048155114927950216,0.00575475,0.025037166,0.030791916,5657968,2591008,1620,2683,NaN,NaN,NaN
equicorr_cdf_rho0_8_d20,20,18,0.8,cdf,sobol_owen,256,19,21340770,current_indicator,0.80078125,0.809503011492795,0.008721761492795022,0.004802417,0.024980667,0.029783084,5657968,2591008,1620,2683,NaN,NaN,NaN
equicorr_cdf_rho0_8_d20,20,18,0.8,cdf,sobol_owen,256,20,21340771,current_indicator,0.796875,0.809503011492795,0.012628011492795022,0.004795167,0.025122,0.029917166999999998,5657968,2591008,1620,2683,NaN,NaN,NaN
equicorr_cdf_rho0_8_d20,20,18,0.8,cdf,sobol_owen,256,21,21340772,current_indicator,0.81640625,0.809503011492795,0.0069032385072049784,0.004814375,0.025925375,0.03073975,5657968,2591008,1620,2683,NaN,NaN,NaN
equicorr_cdf_rho0_8_d20,20,18,0.8,cdf,sobol_owen,256,22,21340773,current_indicator,0.79296875,0.809503011492795,0.01653426149279502,0.004848875,0.025213333,0.030062208,5657968,2591008,1620,2683,NaN,NaN,NaN
equicorr_cdf_rho0_8_d20,20,18,0.8,cdf,sobol_owen,256,23,21340774,current_indicator,0.80078125,0.809503011492795,0.008721761492795022,0.004822833,0.025178083,0.030000916000000002,5657968,2591008,1620,2683,NaN,NaN,NaN
equicorr_cdf_rho0_8_d20,20,18,0.8,cdf,sobol_owen,256,24,21340775,current_indicator,0.78125,0.809503011492795,0.02825301149279502,0.004812834,0.025942667,0.030755500999999998,5657968,2591008,1620,2683,NaN,NaN,NaN
equicorr_cdf_rho0_8_d20,20,18,0.8,cdf,sobol_owen,256,25,21340776,current_indicator,0.80859375,0.809503011492795,0.0009092614927950216,0.004771042,0.025022417,0.029793459,5657968,2591008,1620,2683,NaN,NaN,NaN
equicorr_cdf_rho0_8_d20,20,18,0.8,cdf,sobol_owen,256,26,21340777,current_indicator,0.82421875,0.809503011492795,0.014715738507204978,0.004772625,0.025030959,0.029803583999999998,5657968,2591008,1620,2683,NaN,NaN,NaN
equicorr_cdf_rho0_8_d20,20,18,0.8,cdf,sobol_owen,256,27,21340778,current_indicator,0.77734375,0.809503011492795,0.03215926149279502,0.0054105,0.028190042,0.033600542,5657968,2591008,1620,2683,NaN,NaN,NaN
equicorr_cdf_rho0_8_d20,20,18,0.8,cdf,sobol_owen,256,28,21340779,current_indicator,0.8125,0.809503011492795,0.0029969885072049784,0.004816542,0.025057792,0.029874334,5657968,2591008,1620,2683,NaN,NaN,NaN
equicorr_cdf_rho0_8_d20,20,18,0.8,cdf,sobol_owen,256,29,21340780,current_indicator,0.8125,0.809503011492795,0.0029969885072049784,0.005288375,0.025167917,0.030456292000000003,5657968,2591008,1620,2683,NaN,NaN,NaN
equicorr_cdf_rho0_8_d20,20,18,0.8,cdf,sobol_owen,256,30,21340781,current_indicator,0.8046875,0.809503011492795,0.0048155114927950216,0.004777042,0.025491333,0.030268375,5657968,2591008,1620,2683,NaN,NaN,NaN
equicorr_cdf_rho0_8_d20,20,18,0.8,cdf,sobol_owen,256,2,21340753,reduced_conditional,0.8112661821997053,0.809503011492795,0.0017631707069102331,0.004839083,0.026283958,0.031123041,5657968,112,1620,2,126720,39168,256
equicorr_cdf_rho0_8_d20,20,18,0.8,cdf,sobol_owen,256,3,21340754,reduced_conditional,0.8065481329010163,0.809503011492795,0.0029548785917786757,0.0069685,0.026266334,0.033234834,5657968,112,1620,2,126720,39168,256
equicorr_cdf_rho0_8_d20,20,18,0.8,cdf,sobol_owen,256,4,21340755,reduced_conditional,0.8078856600369495,0.809503011492795,0.001617351455845517,0.004787958,0.026226042,0.031014,5657968,112,1620,2,126720,39168,256
equicorr_cdf_rho0_8_d20,20,18,0.8,cdf,sobol_owen,256,5,21340756,reduced_conditional,0.8123674951820897,0.809503011492795,0.0028644836892947056,0.004828542,0.026246417,0.031074959,5657968,112,1620,2,126720,39168,256
equicorr_cdf_rho0_8_d20,20,18,0.8,cdf,sobol_owen,256,6,21340757,reduced_conditional,0.8111788236559022,0.809503011492795,0.0016758121631071932,0.006005166,0.026257875,0.032263041,5657968,112,1620,2,126720,39168,256
equicorr_cdf_rho0_8_d20,20,18,0.8,cdf,sobol_owen,256,7,21340758,reduced_conditional,0.811465399635177,0.809503011492795,0.001962388142382032,0.004788792,0.026249167,0.031037959,5657968,112,1620,2,126720,39168,256
equicorr_cdf_rho0_8_d20,20,18,0.8,cdf,sobol_owen,256,8,21340759,reduced_conditional,0.8144784949733305,0.809503011492795,0.0049754834805354475,0.004782042,0.026255459,0.031037501,5657968,112,1620,2,126720,39168,256
equicorr_cdf_rho0_8_d20,20,18,0.8,cdf,sobol_owen,256,9,21340760,reduced_conditional,0.8090152071395772,0.809503011492795,0.00048780435321782445,0.005352083,0.026229708,0.031581791,5657968,112,1620,2,126720,39168,256
equicorr_cdf_rho0_8_d20,20,18,0.8,cdf,sobol_owen,256,10,21340761,reduced_conditional,0.8120583597774678,0.809503011492795,0.0025553482846727427,0.0048435,0.026215166,0.031058666000000002,5657968,112,1620,2,126720,39168,256
equicorr_cdf_rho0_8_d20,20,18,0.8,cdf,sobol_owen,256,11,21340762,reduced_conditional,0.8132132733283627,0.809503011492795,0.003710261835567663,0.005268958,0.026189709,0.031458666999999996,5657968,112,1620,2,126720,39168,256
equicorr_cdf_rho0_8_d20,20,18,0.8,cdf,sobol_owen,256,12,21340763,reduced_conditional,0.8116020005754546,0.809503011492795,0.002098989082659597,0.004777917,0.026250541,0.031028458,5657968,112,1620,2,126720,39168,256
equicorr_cdf_rho0_8_d20,20,18,0.8,cdf,sobol_owen,256,13,21340764,reduced_conditional,0.8074961982411891,0.809503011492795,0.002006813251605899,0.005164417,0.026242917,0.031407334,5657968,112,1620,2,126720,39168,256
equicorr_cdf_rho0_8_d20,20,18,0.8,cdf,sobol_owen,256,14,21340765,reduced_conditional,0.8105782193688145,0.809503011492795,0.0010752078760194461,0.004778208,0.02616875,0.030946958,5657968,112,1620,2,126720,39168,256
equicorr_cdf_rho0_8_d20,20,18,0.8,cdf,sobol_owen,256,15,21340766,reduced_conditional,0.8109874730282466,0.809503011492795,0.0014844615354515645,0.005157042,0.026251542,0.031408583999999996,5657968,112,1620,2,126720,39168,256
equicorr_cdf_rho0_8_d20,20,18,0.8,cdf,sobol_owen,256,16,21340767,reduced_conditional,0.8062267875287091,0.809503011492795,0.0032762239640858892,0.005088333,0.02618425,0.031272583,5657968,112,1620,2,126720,39168,256
equicorr_cdf_rho0_8_d20,20,18,0.8,cdf,sobol_owen,256,17,21340768,reduced_conditional,0.8068919845176599,0.809503011492795,0.0026110269751351556,0.0047895,0.026184375,0.030973874999999998,5657968,112,1620,2,126720,39168,256
equicorr_cdf_rho0_8_d20,20,18,0.8,cdf,sobol_owen,256,18,21340769,reduced_conditional,0.8082117025911154,0.809503011492795,0.0012913089016796109,0.005193875,0.026172416,0.031366291,5657968,112,1620,2,126720,39168,256
equicorr_cdf_rho0_8_d20,20,18,0.8,cdf,sobol_owen,256,19,21340770,reduced_conditional,0.8120498184426933,0.809503011492795,0.0025468069498982837,0.004773291,0.026206583,0.030979873999999998,5657968,112,1620,2,126720,39168,256
equicorr_cdf_rho0_8_d20,20,18,0.8,cdf,sobol_owen,256,20,21340771,reduced_conditional,0.8088283916642648,0.809503011492795,0.0006746198285302318,0.005185958,0.026182125,0.031368083,5657968,112,1620,2,126720,39168,256
equicorr_cdf_rho0_8_d20,20,18,0.8,cdf,sobol_owen,256,21,21340772,reduced_conditional,0.8101818529389856,0.809503011492795,0.0006788414461905701,0.005164625,0.026279625,0.03144425,5657968,112,1620,2,126720,39168,256
equicorr_cdf_rho0_8_d20,20,18,0.8,cdf,sobol_owen,256,22,21340773,reduced_conditional,0.8117950963211042,0.809503011492795,0.0022920848283092266,0.004765459,0.026256125,0.031021584,5657968,112,1620,2,126720,39168,256
equicorr_cdf_rho0_8_d20,20,18,0.8,cdf,sobol_owen,256,23,21340774,reduced_conditional,0.8091735035399092,0.809503011492795,0.00032950795288577694,0.005063958,0.02620325,0.031267208000000005,5657968,112,1620,2,126720,39168,256
equicorr_cdf_rho0_8_d20,20,18,0.8,cdf,sobol_owen,256,24,21340775,reduced_conditional,0.8110033370329687,0.809503011492795,0.0015003255401736526,0.00474225,0.026253667,0.030995917,5657968,112,1620,2,126720,39168,256
equicorr_cdf_rho0_8_d20,20,18,0.8,cdf,sobol_owen,256,25,21340776,reduced_conditional,0.8089111531479671,0.809503011492795,0.0005918583448278891,0.00508675,0.026213875,0.031300625,5657968,112,1620,2,126720,39168,256
equicorr_cdf_rho0_8_d20,20,18,0.8,cdf,sobol_owen,256,26,21340777,reduced_conditional,0.8116056524451991,0.809503011492795,0.002102640952404089,0.005203041,0.026215042,0.031418083,5657968,112,1620,2,126720,39168,256
equicorr_cdf_rho0_8_d20,20,18,0.8,cdf,sobol_owen,256,27,21340778,reduced_conditional,0.8082690272488697,0.809503011492795,0.0012339842439252902,0.004722042,0.026191625,0.030913667,5657968,112,1620,2,126720,39168,256
equicorr_cdf_rho0_8_d20,20,18,0.8,cdf,sobol_owen,256,28,21340779,reduced_conditional,0.8090322556118638,0.809503011492795,0.00047075588093126175,0.0051975,0.026206,0.0314035,5657968,112,1620,2,126720,39168,256
equicorr_cdf_rho0_8_d20,20,18,0.8,cdf,sobol_owen,256,29,21340780,reduced_conditional,0.8103587244783262,0.809503011492795,0.0008557129855312207,0.004725417,0.026235291,0.030960708,5657968,112,1620,2,126720,39168,256
equicorr_cdf_rho0_8_d20,20,18,0.8,cdf,sobol_owen,256,30,21340781,reduced_conditional,0.8112262543322344,0.809503011492795,0.001723242839439365,0.005141,0.02618275,0.03132375,5657968,112,1620,2,126720,39168,256
equicorr_cdf_rho0_8_d20,20,18,0.8,cdf,sobol_owen,1024,1,21417552,current_indicator,0.810546875,0.809503011492795,0.0010438635072049784,0.021097167,0.10729075,0.12838791700000002,20791168,3176736,1741,2683,NaN,NaN,NaN
equicorr_cdf_rho0_8_d20,20,18,0.8,cdf,sobol_owen,1024,2,21417553,current_indicator,0.8115234375,0.809503011492795,0.0020204260072049784,0.019572708,0.106795667,0.126368375,20791168,3176736,1741,2683,NaN,NaN,NaN
equicorr_cdf_rho0_8_d20,20,18,0.8,cdf,sobol_owen,1024,3,21417554,current_indicator,0.8095703125,0.809503011492795,6.730100720497845e-5,0.019651542,0.106280375,0.125931917,20791168,3176736,1741,2683,NaN,NaN,NaN
equicorr_cdf_rho0_8_d20,20,18,0.8,cdf,sobol_owen,1024,4,21417555,current_indicator,0.80859375,0.809503011492795,0.0009092614927950216,0.019621917,0.107413625,0.127035542,20791168,3176736,1741,2683,NaN,NaN,NaN
equicorr_cdf_rho0_8_d20,20,18,0.8,cdf,sobol_owen,1024,5,21417556,current_indicator,0.8056640625,0.809503011492795,0.0038389489927950216,0.01963825,0.106016708,0.125654958,20791168,3176736,1741,2683,NaN,NaN,NaN
equicorr_cdf_rho0_8_d20,20,18,0.8,cdf,sobol_owen,1024,6,21417557,current_indicator,0.8037109375,0.809503011492795,0.0057920739927950216,0.019571875,0.107732542,0.127304417,20791168,3176736,1741,2683,NaN,NaN,NaN
equicorr_cdf_rho0_8_d20,20,18,0.8,cdf,sobol_owen,1024,7,21417558,current_indicator,0.8115234375,0.809503011492795,0.0020204260072049784,0.01977025,0.114113208,0.13388345799999998,20791168,3176736,1741,2683,NaN,NaN,NaN
equicorr_cdf_rho0_8_d20,20,18,0.8,cdf,sobol_owen,1024,8,21417559,current_indicator,0.8076171875,0.809503011492795,0.0018858239927950216,0.019807125,0.10576175,0.125568875,20791168,3176736,1741,2683,NaN,NaN,NaN
equicorr_cdf_rho0_8_d20,20,18,0.8,cdf,sobol_owen,1024,9,21417560,current_indicator,0.8095703125,0.809503011492795,6.730100720497845e-5,0.020156834,0.106818916,0.12697575,20791168,3176736,1741,2683,NaN,NaN,NaN
equicorr_cdf_rho0_8_d20,20,18,0.8,cdf,sobol_owen,1024,10,21417561,current_indicator,0.8037109375,0.809503011492795,0.0057920739927950216,0.019595084,0.105666,0.125261084,20791168,3176736,1741,2683,NaN,NaN,NaN
equicorr_cdf_rho0_8_d20,20,18,0.8,cdf,sobol_owen,1024,11,21417562,current_indicator,0.814453125,0.809503011492795,0.0049501135072049784,0.01974525,0.107616166,0.127361416,20791168,3176736,1741,2683,NaN,NaN,NaN
equicorr_cdf_rho0_8_d20,20,18,0.8,cdf,sobol_owen,1024,12,21417563,current_indicator,0.7998046875,0.809503011492795,0.009698323992795022,0.0195925,0.106441041,0.126033541,20791168,3176736,1741,2683,NaN,NaN,NaN
equicorr_cdf_rho0_8_d20,20,18,0.8,cdf,sobol_owen,1024,13,21417564,current_indicator,0.81640625,0.809503011492795,0.0069032385072049784,0.019954125,0.106366708,0.126320833,20791168,3176736,1741,2683,NaN,NaN,NaN
equicorr_cdf_rho0_8_d20,20,18,0.8,cdf,sobol_owen,1024,14,21417565,current_indicator,0.814453125,0.809503011492795,0.0049501135072049784,0.020292292,0.106667125,0.126959417,20791168,3176736,1741,2683,NaN,NaN,NaN
equicorr_cdf_rho0_8_d20,20,18,0.8,cdf,sobol_owen,1024,15,21417566,current_indicator,0.806640625,0.809503011492795,0.0028623864927950216,0.019591708,0.105927959,0.125519667,20791168,3176736,1741,2683,NaN,NaN,NaN
equicorr_cdf_rho0_8_d20,20,18,0.8,cdf,sobol_owen,1024,16,21417567,current_indicator,0.8046875,0.809503011492795,0.0048155114927950216,0.019520125,0.107101084,0.126621209,20791168,3176736,1741,2683,NaN,NaN,NaN
equicorr_cdf_rho0_8_d20,20,18,0.8,cdf,sobol_owen,1024,17,21417568,current_indicator,0.810546875,0.809503011492795,0.0010438635072049784,0.190200416,0.107122458,0.297322874,20791168,3176736,1741,2683,NaN,NaN,NaN
equicorr_cdf_rho0_8_d20,20,18,0.8,cdf,sobol_owen,1024,18,21417569,current_indicator,0.810546875,0.809503011492795,0.0010438635072049784,0.019254,0.107061417,0.126315417,20791168,3176736,1741,2683,NaN,NaN,NaN
equicorr_cdf_rho0_8_d20,20,18,0.8,cdf,sobol_owen,1024,19,21417570,current_indicator,0.8173828125,0.809503011492795,0.007879801007204978,0.019761458,0.106157667,0.125919125,20791168,3176736,1741,2683,NaN,NaN,NaN
equicorr_cdf_rho0_8_d20,20,18,0.8,cdf,sobol_owen,1024,20,21417571,current_indicator,0.810546875,0.809503011492795,0.0010438635072049784,0.020455208,0.106283416,0.126738624,20791168,3176736,1741,2683,NaN,NaN,NaN
equicorr_cdf_rho0_8_d20,20,18,0.8,cdf,sobol_owen,1024,21,21417572,current_indicator,0.8046875,0.809503011492795,0.0048155114927950216,0.021758625,0.1063125,0.128071125,20791168,3176736,1741,2683,NaN,NaN,NaN
equicorr_cdf_rho0_8_d20,20,18,0.8,cdf,sobol_owen,1024,22,21417573,current_indicator,0.8134765625,0.809503011492795,0.0039735510072049784,0.019340625,0.106314334,0.125654959,20791168,3176736,1741,2683,NaN,NaN,NaN
equicorr_cdf_rho0_8_d20,20,18,0.8,cdf,sobol_owen,1024,23,21417574,current_indicator,0.8046875,0.809503011492795,0.0048155114927950216,0.019020875,0.10595275,0.124973625,20791168,3176736,1741,2683,NaN,NaN,NaN
equicorr_cdf_rho0_8_d20,20,18,0.8,cdf,sobol_owen,1024,24,21417575,current_indicator,0.8095703125,0.809503011492795,6.730100720497845e-5,0.0190355,0.106487125,0.125522625,20791168,3176736,1741,2683,NaN,NaN,NaN
equicorr_cdf_rho0_8_d20,20,18,0.8,cdf,sobol_owen,1024,25,21417576,current_indicator,0.8046875,0.809503011492795,0.0048155114927950216,0.02004175,0.106341083,0.126382833,20791168,3176736,1741,2683,NaN,NaN,NaN
equicorr_cdf_rho0_8_d20,20,18,0.8,cdf,sobol_owen,1024,26,21417577,current_indicator,0.8125,0.809503011492795,0.0029969885072049784,0.018903208,0.107631208,0.126534416,20791168,3176736,1741,2683,NaN,NaN,NaN
equicorr_cdf_rho0_8_d20,20,18,0.8,cdf,sobol_owen,1024,27,21417578,current_indicator,0.8134765625,0.809503011492795,0.0039735510072049784,0.019078833,0.106554625,0.125633458,20791168,3176736,1741,2683,NaN,NaN,NaN
equicorr_cdf_rho0_8_d20,20,18,0.8,cdf,sobol_owen,1024,28,21417579,current_indicator,0.802734375,0.809503011492795,0.0067686364927950216,0.019184167,0.106101792,0.125285959,20791168,3176736,1741,2683,NaN,NaN,NaN
equicorr_cdf_rho0_8_d20,20,18,0.8,cdf,sobol_owen,1024,29,21417580,current_indicator,0.8115234375,0.809503011492795,0.0020204260072049784,0.019720583,0.106133375,0.125853958,20791168,3176736,1741,2683,NaN,NaN,NaN
equicorr_cdf_rho0_8_d20,20,18,0.8,cdf,sobol_owen,1024,30,21417581,current_indicator,0.8095703125,0.809503011492795,6.730100720497845e-5,0.018991,0.106387709,0.125378709,20791168,3176736,1741,2683,NaN,NaN,NaN
equicorr_cdf_rho0_8_d20,20,18,0.8,cdf,sobol_owen,1024,1,21417552,reduced_conditional,0.8104767898188266,0.809503011492795,0.0009737783260316268,0.021416833,0.105095959,0.126512792,20791168,112,1741,2,506880,156672,1024
equicorr_cdf_rho0_8_d20,20,18,0.8,cdf,sobol_owen,1024,2,21417553,reduced_conditional,0.810470006217235,0.809503011492795,0.0009669947244399513,0.023137375,0.105579792,0.12871716700000002,20791168,112,1741,2,506880,156672,1024
equicorr_cdf_rho0_8_d20,20,18,0.8,cdf,sobol_owen,1024,3,21417554,reduced_conditional,0.8088215179462477,0.809503011492795,0.0006814935465473404,0.0194115,0.104839875,0.124251375,20791168,112,1741,2,506880,156672,1024
equicorr_cdf_rho0_8_d20,20,18,0.8,cdf,sobol_owen,1024,4,21417555,reduced_conditional,0.8088385762225476,0.809503011492795,0.0006644352702473988,0.01941425,0.104931459,0.124345709,20791168,112,1741,2,506880,156672,1024
equicorr_cdf_rho0_8_d20,20,18,0.8,cdf,sobol_owen,1024,5,21417556,reduced_conditional,0.8102950943495631,0.809503011492795,0.0007920828567681282,0.019666833,0.105014125,0.12468095800000001,20791168,112,1741,2,506880,156672,1024
equicorr_cdf_rho0_8_d20,20,18,0.8,cdf,sobol_owen,1024,6,21417557,reduced_conditional,0.8096592903575494,0.809503011492795,0.0001562788647543334,0.019810917,0.105084667,0.124895584,20791168,112,1741,2,506880,156672,1024
equicorr_cdf_rho0_8_d20,20,18,0.8,cdf,sobol_owen,1024,7,21417558,reduced_conditional,0.8095052023749612,0.809503011492795,2.1908821661309474e-6,0.019623709,0.104961375,0.124585084,20791168,112,1741,2,506880,156672,1024
equicorr_cdf_rho0_8_d20,20,18,0.8,cdf,sobol_owen,1024,8,21417559,reduced_conditional,0.8091594619243069,0.809503011492795,0.000343549568488144,0.019564875,0.105036667,0.124601542,20791168,112,1741,2,506880,156672,1024
equicorr_cdf_rho0_8_d20,20,18,0.8,cdf,sobol_owen,1024,9,21417560,reduced_conditional,0.8086728266445088,0.809503011492795,0.0008301848482862306,0.019907,0.105022417,0.12492941700000001,20791168,112,1741,2,506880,156672,1024
equicorr_cdf_rho0_8_d20,20,18,0.8,cdf,sobol_owen,1024,10,21417561,reduced_conditional,0.8093352634813895,0.809503011492795,0.00016774801140551077,0.019442584,0.105028917,0.124471501,20791168,112,1741,2,506880,156672,1024
equicorr_cdf_rho0_8_d20,20,18,0.8,cdf,sobol_owen,1024,11,21417562,reduced_conditional,0.8100448961950596,0.809503011492795,0.0005418847022645723,0.019610916,0.104963958,0.124574874,20791168,112,1741,2,506880,156672,1024
equicorr_cdf_rho0_8_d20,20,18,0.8,cdf,sobol_owen,1024,12,21417563,reduced_conditional,0.8090876867266642,0.809503011492795,0.00041532476613082014,0.019833334,0.105022167,0.12485550100000001,20791168,112,1741,2,506880,156672,1024
equicorr_cdf_rho0_8_d20,20,18,0.8,cdf,sobol_owen,1024,13,21417564,reduced_conditional,0.81051637341461,0.809503011492795,0.0010133619218150036,0.019607042,0.105287417,0.124894459,20791168,112,1741,2,506880,156672,1024
equicorr_cdf_rho0_8_d20,20,18,0.8,cdf,sobol_owen,1024,14,21417565,reduced_conditional,0.8092569769052216,0.809503011492795,0.00024603458757344043,0.019824291,0.104805459,0.12462975000000001,20791168,112,1741,2,506880,156672,1024
equicorr_cdf_rho0_8_d20,20,18,0.8,cdf,sobol_owen,1024,15,21417566,reduced_conditional,0.8093701386817869,0.809503011492795,0.00013287281100815562,0.019539833,0.105058875,0.124598708,20791168,112,1741,2,506880,156672,1024
equicorr_cdf_rho0_8_d20,20,18,0.8,cdf,sobol_owen,1024,16,21417567,reduced_conditional,0.8102920788102639,0.809503011492795,0.0007890673174688612,0.019859833,0.104951083,0.124810916,20791168,112,1741,2,506880,156672,1024
equicorr_cdf_rho0_8_d20,20,18,0.8,cdf,sobol_owen,1024,17,21417568,reduced_conditional,0.8086589902496877,0.809503011492795,0.0008440212431073402,0.019518709,0.105006,0.124524709,20791168,112,1741,2,506880,156672,1024
equicorr_cdf_rho0_8_d20,20,18,0.8,cdf,sobol_owen,1024,18,21417569,reduced_conditional,0.8097522035299319,0.809503011492795,0.00024919203713691385,0.019323625,0.105027375,0.124351,20791168,112,1741,2,506880,156672,1024
equicorr_cdf_rho0_8_d20,20,18,0.8,cdf,sobol_owen,1024,19,21417570,reduced_conditional,0.8097700474933173,0.809503011492795,0.0002670360005222472,0.019936,0.104992459,0.12492845899999999,20791168,112,1741,2,506880,156672,1024
equicorr_cdf_rho0_8_d20,20,18,0.8,cdf,sobol_owen,1024,20,21417571,reduced_conditional,0.8101040830203883,0.809503011492795,0.0006010715275932554,0.019419209,0.105136166,0.124555375,20791168,112,1741,2,506880,156672,1024
equicorr_cdf_rho0_8_d20,20,18,0.8,cdf,sobol_owen,1024,21,21417572,reduced_conditional,0.8097283824593574,0.809503011492795,0.0002253709665623882,0.019477875,0.104973042,0.124450917,20791168,112,1741,2,506880,156672,1024
equicorr_cdf_rho0_8_d20,20,18,0.8,cdf,sobol_owen,1024,22,21417573,reduced_conditional,0.80927375247147,0.809503011492795,0.000229259021324979,0.039301833,0.105093417,0.14439525,20791168,112,1741,2,506880,156672,1024
equicorr_cdf_rho0_8_d20,20,18,0.8,cdf,sobol_owen,1024,23,21417574,reduced_conditional,0.8096683966194006,0.809503011492795,0.00016538512660557725,0.171954125,0.10513975,0.27709387500000005,20791168,112,1741,2,506880,156672,1024
equicorr_cdf_rho0_8_d20,20,18,0.8,cdf,sobol_owen,1024,24,21417575,reduced_conditional,0.8088540233392401,0.809503011492795,0.0006489881535549635,0.01896075,0.104984958,0.123945708,20791168,112,1741,2,506880,156672,1024
equicorr_cdf_rho0_8_d20,20,18,0.8,cdf,sobol_owen,1024,25,21417576,reduced_conditional,0.8088131238637126,0.809503011492795,0.0006898876290823974,0.01900625,0.104863459,0.12386970900000001,20791168,112,1741,2,506880,156672,1024
equicorr_cdf_rho0_8_d20,20,18,0.8,cdf,sobol_owen,1024,26,21417577,reduced_conditional,0.8090790369441316,0.809503011492795,0.00042397454866338613,0.01902775,0.104833709,0.123861459,20791168,112,1741,2,506880,156672,1024
equicorr_cdf_rho0_8_d20,20,18,0.8,cdf,sobol_owen,1024,27,21417578,reduced_conditional,0.809823326519557,0.809503011492795,0.00032031502676199697,0.020624584,0.104942958,0.125567542,20791168,112,1741,2,506880,156672,1024
equicorr_cdf_rho0_8_d20,20,18,0.8,cdf,sobol_owen,1024,28,21417579,reduced_conditional,0.8092382864725667,0.809503011492795,0.0002647250202283402,0.023520708,0.1054225,0.128943208,20791168,112,1741,2,506880,156672,1024
equicorr_cdf_rho0_8_d20,20,18,0.8,cdf,sobol_owen,1024,29,21417580,reduced_conditional,0.8102357618998267,0.809503011492795,0.0007327504070316904,0.018858583,0.104948916,0.123807499,20791168,112,1741,2,506880,156672,1024
equicorr_cdf_rho0_8_d20,20,18,0.8,cdf,sobol_owen,1024,30,21417581,reduced_conditional,0.809556373417919,0.809503011492795,5.336192512395144e-5,0.018864958,0.104945583,0.123810541,20791168,112,1741,2,506880,156672,1024
equicorr_cdf_rho0_8_d20,20,18,0.8,cdf,sobol_owen,4096,1,21724752,current_indicator,0.810546875,0.809503011492795,0.0010438635072049784,0.084708292,0.43191425,0.516622542,82069888,5683488,1861,2683,NaN,NaN,NaN
equicorr_cdf_rho0_8_d20,20,18,0.8,cdf,sobol_owen,4096,2,21724753,current_indicator,0.807373046875,0.809503011492795,0.0021299646177950216,0.080505209,0.43573,0.516235209,82069888,5683488,1861,2683,NaN,NaN,NaN
equicorr_cdf_rho0_8_d20,20,18,0.8,cdf,sobol_owen,4096,3,21724754,current_indicator,0.807373046875,0.809503011492795,0.0021299646177950216,0.081187625,0.432243667,0.513431292,82069888,5683488,1861,2683,NaN,NaN,NaN
equicorr_cdf_rho0_8_d20,20,18,0.8,cdf,sobol_owen,4096,4,21724755,current_indicator,0.808349609375,0.809503011492795,0.0011534021177950216,0.251986875,0.437038875,0.68902575,82069888,5683488,1861,2683,NaN,NaN,NaN
equicorr_cdf_rho0_8_d20,20,18,0.8,cdf,sobol_owen,4096,5,21724756,current_indicator,0.810302734375,0.809503011492795,0.0007997228822049784,0.081405833,0.4370915,0.518497333,82069888,5683488,1861,2683,NaN,NaN,NaN
equicorr_cdf_rho0_8_d20,20,18,0.8,cdf,sobol_owen,4096,6,21724757,current_indicator,0.811279296875,0.809503011492795,0.0017762853822049784,0.081228084,0.434650625,0.515878709,82069888,5683488,1861,2683,NaN,NaN,NaN
equicorr_cdf_rho0_8_d20,20,18,0.8,cdf,sobol_owen,4096,7,21724758,current_indicator,0.810546875,0.809503011492795,0.0010438635072049784,0.081344792,0.441788333,0.523133125,82069888,5683488,1861,2683,NaN,NaN,NaN
equicorr_cdf_rho0_8_d20,20,18,0.8,cdf,sobol_owen,4096,8,21724759,current_indicator,0.80615234375,0.809503011492795,0.0033506677427950216,0.081295083,0.441025833,0.522320916,82069888,5683488,1861,2683,NaN,NaN,NaN
equicorr_cdf_rho0_8_d20,20,18,0.8,cdf,sobol_owen,4096,9,21724760,current_indicator,0.80810546875,0.809503011492795,0.0013975427427950216,0.248339417,0.436029375,0.684368792,82069888,5683488,1861,2683,NaN,NaN,NaN
equicorr_cdf_rho0_8_d20,20,18,0.8,cdf,sobol_owen,4096,10,21724761,current_indicator,0.810302734375,0.809503011492795,0.0007997228822049784,0.080566042,0.439334958,0.519901,82069888,5683488,1861,2683,NaN,NaN,NaN
equicorr_cdf_rho0_8_d20,20,18,0.8,cdf,sobol_owen,4096,11,21724762,current_indicator,0.8125,0.809503011492795,0.0029969885072049784,0.080683667,0.435886833,0.5165704999999999,82069888,5683488,1861,2683,NaN,NaN,NaN
equicorr_cdf_rho0_8_d20,20,18,0.8,cdf,sobol_owen,4096,12,21724763,current_indicator,0.80859375,0.809503011492795,0.0009092614927950216,0.080871833,0.434892458,0.515764291,82069888,5683488,1861,2683,NaN,NaN,NaN
equicorr_cdf_rho0_8_d20,20,18,0.8,cdf,sobol_owen,4096,13,21724764,current_indicator,0.8095703125,0.809503011492795,6.730100720497845e-5,0.081607125,0.439081,0.520688125,82069888,5683488,1861,2683,NaN,NaN,NaN
equicorr_cdf_rho0_8_d20,20,18,0.8,cdf,sobol_owen,4096,14,21724765,current_indicator,0.809326171875,0.809503011492795,0.00017683961779502155,0.0805725,0.433978875,0.514551375,82069888,5683488,1861,2683,NaN,NaN,NaN
equicorr_cdf_rho0_8_d20,20,18,0.8,cdf,sobol_owen,4096,15,21724766,current_indicator,0.80615234375,0.809503011492795,0.0033506677427950216,0.249949584,0.436350334,0.686299918,82069888,5683488,1861,2683,NaN,NaN,NaN
equicorr_cdf_rho0_8_d20,20,18,0.8,cdf,sobol_owen,4096,16,21724767,current_indicator,0.810546875,0.809503011492795,0.0010438635072049784,0.080443958,0.434033958,0.514477916,82069888,5683488,1861,2683,NaN,NaN,NaN
equicorr_cdf_rho0_8_d20,20,18,0.8,cdf,sobol_owen,4096,17,21724768,current_indicator,0.81201171875,0.809503011492795,0.0025087072572049784,0.080984083,0.435807084,0.516791167,82069888,5683488,1861,2683,NaN,NaN,NaN
equicorr_cdf_rho0_8_d20,20,18,0.8,cdf,sobol_owen,4096,18,21724769,current_indicator,0.813720703125,0.809503011492795,0.0042176916322049784,0.08051975,0.431886583,0.5124063329999999,82069888,5683488,1861,2683,NaN,NaN,NaN
equicorr_cdf_rho0_8_d20,20,18,0.8,cdf,sobol_owen,4096,19,21724770,current_indicator,0.808837890625,0.809503011492795,0.0006651208677950216,0.081380375,0.435127583,0.516507958,82069888,5683488,1861,2683,NaN,NaN,NaN
equicorr_cdf_rho0_8_d20,20,18,0.8,cdf,sobol_owen,4096,20,21724771,current_indicator,0.8056640625,0.809503011492795,0.0038389489927950216,0.246808583,0.446302291,0.693110874,82069888,5683488,1861,2683,NaN,NaN,NaN
equicorr_cdf_rho0_8_d20,20,18,0.8,cdf,sobol_owen,4096,21,21724772,current_indicator,0.808837890625,0.809503011492795,0.0006651208677950216,0.080064583,0.439125791,0.519190374,82069888,5683488,1861,2683,NaN,NaN,NaN
equicorr_cdf_rho0_8_d20,20,18,0.8,cdf,sobol_owen,4096,22,21724773,current_indicator,0.813232421875,0.809503011492795,0.0037294103822049784,0.080333083,0.434103,0.514436083,82069888,5683488,1861,2683,NaN,NaN,NaN
equicorr_cdf_rho0_8_d20,20,18,0.8,cdf,sobol_owen,4096,23,21724774,current_indicator,0.810546875,0.809503011492795,0.0010438635072049784,0.086523875,0.433962416,0.520486291,82069888,5683488,1861,2683,NaN,NaN,NaN
equicorr_cdf_rho0_8_d20,20,18,0.8,cdf,sobol_owen,4096,24,21724775,current_indicator,0.8095703125,0.809503011492795,6.730100720497845e-5,0.080709166,0.434275083,0.5149842490000001,82069888,5683488,1861,2683,NaN,NaN,NaN
equicorr_cdf_rho0_8_d20,20,18,0.8,cdf,sobol_owen,4096,25,21724776,current_indicator,0.808837890625,0.809503011492795,0.0006651208677950216,0.101512667,0.43678575,0.538298417,82069888,5683488,1861,2683,NaN,NaN,NaN
equicorr_cdf_rho0_8_d20,20,18,0.8,cdf,sobol_owen,4096,26,21724777,current_indicator,0.80712890625,0.809503011492795,0.0023741052427950216,0.227698167,0.437809083,0.66550725,82069888,5683488,1861,2683,NaN,NaN,NaN
equicorr_cdf_rho0_8_d20,20,18,0.8,cdf,sobol_owen,4096,27,21724778,current_indicator,0.811767578125,0.809503011492795,0.0022645666322049784,0.085570042,0.437102208,0.52267225,82069888,5683488,1861,2683,NaN,NaN,NaN
equicorr_cdf_rho0_8_d20,20,18,0.8,cdf,sobol_owen,4096,28,21724779,current_indicator,0.81103515625,0.809503011492795,0.0015321447572049784,0.080326458,0.434403,0.514729458,82069888,5683488,1861,2683,NaN,NaN,NaN
equicorr_cdf_rho0_8_d20,20,18,0.8,cdf,sobol_owen,4096,29,21724780,current_indicator,0.811767578125,0.809503011492795,0.0022645666322049784,0.081276542,0.433284125,0.514560667,82069888,5683488,1861,2683,NaN,NaN,NaN
equicorr_cdf_rho0_8_d20,20,18,0.8,cdf,sobol_owen,4096,30,21724781,current_indicator,0.809326171875,0.809503011492795,0.00017683961779502155,0.080934208,0.43781575,0.518749958,82069888,5683488,1861,2683,NaN,NaN,NaN
equicorr_cdf_rho0_8_d20,20,18,0.8,cdf,sobol_owen,4096,1,21724752,reduced_conditional,0.8095947730529055,0.809503011492795,9.176156011048153e-5,0.251455791,0.420464583,0.6719203739999999,82069888,112,1861,2,2027520,626688,4096
equicorr_cdf_rho0_8_d20,20,18,0.8,cdf,sobol_owen,4096,2,21724753,reduced_conditional,0.8092173957188509,0.809503011492795,0.00028561577394414783,0.080429125,0.420278209,0.500707334,82069888,112,1861,2,2027520,626688,4096
equicorr_cdf_rho0_8_d20,20,18,0.8,cdf,sobol_owen,4096,3,21724754,reduced_conditional,0.8096443258049019,0.809503011492795,0.00014131431210684386,0.080442959,0.422087916,0.502530875,82069888,112,1861,2,2027520,626688,4096
equicorr_cdf_rho0_8_d20,20,18,0.8,cdf,sobol_owen,4096,4,21724755,reduced_conditional,0.8095552696258619,0.809503011492795,5.2258133066862555e-5,0.080637084,0.419682708,0.500319792,82069888,112,1861,2,2027520,626688,4096
equicorr_cdf_rho0_8_d20,20,18,0.8,cdf,sobol_owen,4096,5,21724756,reduced_conditional,0.8096057831540863,0.809503011492795,0.00010277166129124549,0.081333833,0.419808125,0.5011419579999999,82069888,112,1861,2,2027520,626688,4096
equicorr_cdf_rho0_8_d20,20,18,0.8,cdf,sobol_owen,4096,6,21724757,reduced_conditional,0.8094864866275049,0.809503011492795,1.6524865290135082e-5,0.101303792,0.42007975,0.5213835419999999,82069888,112,1861,2,2027520,626688,4096
equicorr_cdf_rho0_8_d20,20,18,0.8,cdf,sobol_owen,4096,7,21724758,reduced_conditional,0.8095776426045033,0.809503011492795,7.463111170824543e-5,0.230719708,0.420402625,0.651122333,82069888,112,1861,2,2027520,626688,4096
equicorr_cdf_rho0_8_d20,20,18,0.8,cdf,sobol_owen,4096,8,21724759,reduced_conditional,0.8095880604119049,0.809503011492795,8.504891910987578e-5,0.079734583,0.41968625,0.49942083299999995,82069888,112,1861,2,2027520,626688,4096
equicorr_cdf_rho0_8_d20,20,18,0.8,cdf,sobol_owen,4096,9,21724760,reduced_conditional,0.8094296840691769,0.809503011492795,7.332742361809697e-5,0.079873959,0.419326209,0.499200168,82069888,112,1861,2,2027520,626688,4096
equicorr_cdf_rho0_8_d20,20,18,0.8,cdf,sobol_owen,4096,10,21724761,reduced_conditional,0.8092877955181735,0.809503011492795,0.00021521597462148545,0.081000833,0.424850916,0.5058517490000001,82069888,112,1861,2,2027520,626688,4096
equicorr_cdf_rho0_8_d20,20,18,0.8,cdf,sobol_owen,4096,11,21724762,reduced_conditional,0.8097199537460877,0.809503011492795,0.00021694225329271788,0.080477417,0.4197325,0.5002099170000001,82069888,112,1861,2,2027520,626688,4096
equicorr_cdf_rho0_8_d20,20,18,0.8,cdf,sobol_owen,4096,12,21724763,reduced_conditional,0.8092613765003834,0.809503011492795,0.00024163499241158792,0.252305833,0.419863708,0.6721695409999999,82069888,112,1861,2,2027520,626688,4096
equicorr_cdf_rho0_8_d20,20,18,0.8,cdf,sobol_owen,4096,13,21724764,reduced_conditional,0.8097475474124899,0.809503011492795,0.000244535919694866,0.081591916,0.419970541,0.501562457,82069888,112,1861,2,2027520,626688,4096
equicorr_cdf_rho0_8_d20,20,18,0.8,cdf,sobol_owen,4096,14,21724765,reduced_conditional,0.8095342142140479,0.809503011492795,3.120272125289869e-5,0.079696584,0.422502792,0.502199376,82069888,112,1861,2,2027520,626688,4096
equicorr_cdf_rho0_8_d20,20,18,0.8,cdf,sobol_owen,4096,15,21724766,reduced_conditional,0.8094631901279483,0.809503011492795,3.9821364846703844e-5,0.082913542,0.419154833,0.502068375,82069888,112,1861,2,2027520,626688,4096
equicorr_cdf_rho0_8_d20,20,18,0.8,cdf,sobol_owen,4096,16,21724767,reduced_conditional,0.8093613088795248,0.809503011492795,0.0001417026132701782,0.080839583,0.419238541,0.5000781240000001,82069888,112,1861,2,2027520,626688,4096
equicorr_cdf_rho0_8_d20,20,18,0.8,cdf,sobol_owen,4096,17,21724768,reduced_conditional,0.8096605744395541,0.809503011492795,0.00015756294675906002,0.087585,0.420668583,0.508253583,82069888,112,1861,2,2027520,626688,4096
equicorr_cdf_rho0_8_d20,20,18,0.8,cdf,sobol_owen,4096,18,21724769,reduced_conditional,0.80948718771409,0.809503011492795,1.582377870501528e-5,0.252581959,0.419848667,0.672430626,82069888,112,1861,2,2027520,626688,4096
equicorr_cdf_rho0_8_d20,20,18,0.8,cdf,sobol_owen,4096,19,21724770,reduced_conditional,0.8093807480307695,0.809503011492795,0.00012226346202548477,0.080439958,0.419966083,0.500406041,82069888,112,1861,2,2027520,626688,4096
equicorr_cdf_rho0_8_d20,20,18,0.8,cdf,sobol_owen,4096,20,21724771,reduced_conditional,0.8098937926711458,0.809503011492795,0.0003907811783507853,0.080874667,0.419664,0.5005386669999999,82069888,112,1861,2,2027520,626688,4096
equicorr_cdf_rho0_8_d20,20,18,0.8,cdf,sobol_owen,4096,21,21724772,reduced_conditional,0.8094207322130934,0.809503011492795,8.227927970161364e-5,0.081495875,0.419489875,0.50098575,82069888,112,1861,2,2027520,626688,4096
equicorr_cdf_rho0_8_d20,20,18,0.8,cdf,sobol_owen,4096,22,21724773,reduced_conditional,0.8095248912824157,0.809503011492795,2.187978962064907e-5,0.08137775,0.419445791,0.500823541,82069888,112,1861,2,2027520,626688,4096
equicorr_cdf_rho0_8_d20,20,18,0.8,cdf,sobol_owen,4096,23,21724774,reduced_conditional,0.8096328925540751,0.809503011492795,0.00012988106128009047,0.081222792,0.422563875,0.503786667,82069888,112,1861,2,2027520,626688,4096
equicorr_cdf_rho0_8_d20,20,18,0.8,cdf,sobol_owen,4096,24,21724775,reduced_conditional,0.8097792134955178,0.809503011492795,0.00027620200272282514,0.246406875,0.419260958,0.665667833,82069888,112,1861,2,2027520,626688,4096
equicorr_cdf_rho0_8_d20,20,18,0.8,cdf,sobol_owen,4096,25,21724776,reduced_conditional,0.8094166187323323,0.809503011492795,8.639276046273903e-5,0.080228375,0.419602375,0.49983075000000005,82069888,112,1861,2,2027520,626688,4096
equicorr_cdf_rho0_8_d20,20,18,0.8,cdf,sobol_owen,4096,26,21724777,reduced_conditional,0.8096631703776999,0.809503011492795,0.00016015888490483743,0.080221458,0.420026167,0.500247625,82069888,112,1861,2,2027520,626688,4096
equicorr_cdf_rho0_8_d20,20,18,0.8,cdf,sobol_owen,4096,27,21724778,reduced_conditional,0.8096788682938053,0.809503011492795,0.0001758568010102879,0.080765167,0.4203495,0.501114667,82069888,112,1861,2,2027520,626688,4096
equicorr_cdf_rho0_8_d20,20,18,0.8,cdf,sobol_owen,4096,28,21724779,reduced_conditional,0.8093833742111107,0.809503011492795,0.00011963728168429277,0.08128375,0.419982291,0.501266041,82069888,112,1861,2,2027520,626688,4096
equicorr_cdf_rho0_8_d20,20,18,0.8,cdf,sobol_owen,4096,29,21724780,reduced_conditional,0.809145589271786,0.809503011492795,0.000357422221008985,0.252389541,0.419701458,0.672090999,82069888,112,1861,2,2027520,626688,4096
equicorr_cdf_rho0_8_d20,20,18,0.8,cdf,sobol_owen,4096,30,21724781,reduced_conditional,0.8093120641118793,0.809503011492795,0.00019094738091574026,0.085090334,0.421394541,0.5064848750000001,82069888,112,1861,2,2027520,626688,4096
equicorr_cdf_rho0_8_d20,20,18,0.8,cdf,sobol_owen,16384,1,22953552,current_indicator,0.80877685546875,0.809503011492795,0.0007261560240450216,0.518952959,1.706241708,2.2251946670000002,335303552,18856224,1981,2683,NaN,NaN,NaN
equicorr_cdf_rho0_8_d20,20,18,0.8,cdf,sobol_owen,16384,2,22953553,current_indicator,0.80908203125,0.809503011492795,0.00042098024279502155,0.513436792,1.724052792,2.237489584,338449280,18856224,1981,2683,NaN,NaN,NaN
equicorr_cdf_rho0_8_d20,20,18,0.8,cdf,sobol_owen,16384,3,22953554,current_indicator,0.80865478515625,0.809503011492795,0.0008482263365450216,0.518602375,1.707704625,2.2263070000000003,338449280,17283360,1981,2683,NaN,NaN,NaN
equicorr_cdf_rho0_8_d20,20,18,0.8,cdf,sobol_owen,16384,4,22953555,current_indicator,0.80810546875,0.809503011492795,0.0013975427427950216,0.499523333,1.717113542,2.2166368750000003,338449280,17283360,1981,2683,NaN,NaN,NaN
equicorr_cdf_rho0_8_d20,20,18,0.8,cdf,sobol_owen,16384,5,22953556,current_indicator,0.80877685546875,0.809503011492795,0.0007261560240450216,0.51036525,1.716073792,2.226439042,338449280,17283360,1981,2683,NaN,NaN,NaN
equicorr_cdf_rho0_8_d20,20,18,0.8,cdf,sobol_owen,16384,6,22953557,current_indicator,0.80889892578125,0.809503011492795,0.0006040857115450216,0.512091083,1.714530125,2.226621208,336876416,17283360,1981,2683,NaN,NaN,NaN
equicorr_cdf_rho0_8_d20,20,18,0.8,cdf,sobol_owen,16384,7,22953558,current_indicator,0.8084716796875,0.809503011492795,0.0010313318052950216,0.518498792,1.715578,2.234076792,336876416,18856224,1981,2683,NaN,NaN,NaN
equicorr_cdf_rho0_8_d20,20,18,0.8,cdf,sobol_owen,16384,8,22953559,current_indicator,0.809814453125,0.809503011492795,0.00031144163220497845,0.517448292,1.732241458,2.24968975,336876416,20429088,1981,2683,NaN,NaN,NaN
equicorr_cdf_rho0_8_d20,20,18,0.8,cdf,sobol_owen,16384,9,22953560,current_indicator,0.81072998046875,0.809503011492795,0.0012269689759549784,0.511677791,1.715831375,2.227509166,338449280,18856224,1981,2683,NaN,NaN,NaN
equicorr_cdf_rho0_8_d20,20,18,0.8,cdf,sobol_owen,16384,10,22953561,current_indicator,0.81085205078125,0.809503011492795,0.0013490392884549784,0.515341083,1.726391375,2.241732458,338449280,17283360,1981,2683,NaN,NaN,NaN
equicorr_cdf_rho0_8_d20,20,18,0.8,cdf,sobol_owen,16384,11,22953562,current_indicator,0.8109130859375,0.809503011492795,0.0014100744447049784,0.488288333,1.714174916,2.202463249,338449280,17283360,1981,2683,NaN,NaN,NaN
equicorr_cdf_rho0_8_d20,20,18,0.8,cdf,sobol_owen,16384,12,22953563,current_indicator,0.80975341796875,0.809503011492795,0.00025040647595497845,0.500374375,1.72152625,2.221900625,335303552,20429088,1981,2683,NaN,NaN,NaN
equicorr_cdf_rho0_8_d20,20,18,0.8,cdf,sobol_owen,16384,13,22953564,current_indicator,0.81158447265625,0.809503011492795,0.0020814611634549784,0.519066916,1.72526425,2.244331166,338449280,18856224,1981,2683,NaN,NaN,NaN
equicorr_cdf_rho0_8_d20,20,18,0.8,cdf,sobol_owen,16384,14,22953565,current_indicator,0.80841064453125,0.809503011492795,0.0010923669615450216,0.516105417,1.720011792,2.236117209,336876416,17283360,1981,2683,NaN,NaN,NaN
equicorr_cdf_rho0_8_d20,20,18,0.8,cdf,sobol_owen,16384,15,22953566,current_indicator,0.810546875,0.809503011492795,0.0010438635072049784,0.513898125,1.722994625,2.23689275,338449280,17283360,1981,2683,NaN,NaN,NaN
equicorr_cdf_rho0_8_d20,20,18,0.8,cdf,sobol_owen,16384,16,22953567,current_indicator,0.80755615234375,0.809503011492795,0.0019468591490450216,0.51302975,1.702190458,2.215220208,338449280,17283360,1981,2683,NaN,NaN,NaN
equicorr_cdf_rho0_8_d20,20,18,0.8,cdf,sobol_owen,16384,17,22953568,current_indicator,0.81158447265625,0.809503011492795,0.0020814611634549784,0.509528125,1.724800292,2.234328417,338449280,17283360,1981,2683,NaN,NaN,NaN
equicorr_cdf_rho0_8_d20,20,18,0.8,cdf,sobol_owen,16384,18,22953569,current_indicator,0.80963134765625,0.809503011492795,0.00012833616345497845,0.520636375,1.703316333,2.223952708,338449280,17283360,1981,2683,NaN,NaN,NaN
equicorr_cdf_rho0_8_d20,20,18,0.8,cdf,sobol_owen,16384,19,22953570,current_indicator,0.80975341796875,0.809503011492795,0.00025040647595497845,0.515396,1.724875666,2.240271666,338449280,17283360,1981,2683,NaN,NaN,NaN
equicorr_cdf_rho0_8_d20,20,18,0.8,cdf,sobol_owen,16384,20,22953571,current_indicator,0.8095703125,0.809503011492795,6.730100720497845e-5,0.510206042,1.722100084,2.232306126,338449280,17283360,1981,2683,NaN,NaN,NaN
equicorr_cdf_rho0_8_d20,20,18,0.8,cdf,sobol_owen,16384,21,22953572,current_indicator,0.80828857421875,0.809503011492795,0.0012144372740450216,0.517461333,1.717626208,2.235087541,338449280,17283360,1981,2683,NaN,NaN,NaN
equicorr_cdf_rho0_8_d20,20,18,0.8,cdf,sobol_owen,16384,22,22953573,current_indicator,0.8082275390625,0.809503011492795,0.0012754724302950216,0.512636666,1.7181355,2.230772166,338449280,17283360,1981,2683,NaN,NaN,NaN
equicorr_cdf_rho0_8_d20,20,18,0.8,cdf,sobol_owen,16384,23,22953574,current_indicator,0.8116455078125,0.809503011492795,0.0021424963197049784,0.514542041,1.701318709,2.21586075,338449280,17283360,1981,2683,NaN,NaN,NaN
equicorr_cdf_rho0_8_d20,20,18,0.8,cdf,sobol_owen,16384,24,22953575,current_indicator,0.810302734375,0.809503011492795,0.0007997228822049784,0.510542208,1.725002375,2.2355445830000003,336876416,17283360,1981,2683,NaN,NaN,NaN
equicorr_cdf_rho0_8_d20,20,18,0.8,cdf,sobol_owen,16384,25,22953576,current_indicator,0.81109619140625,0.809503011492795,0.0015931799134549784,0.515224417,1.712360291,2.227584708,338449280,17283360,1981,2683,NaN,NaN,NaN
equicorr_cdf_rho0_8_d20,20,18,0.8,cdf,sobol_owen,16384,26,22953577,current_indicator,0.8092041015625,0.809503011492795,0.00029890993029502155,0.532899917,1.708611375,2.241511292,336876416,18856224,1981,2683,NaN,NaN,NaN
equicorr_cdf_rho0_8_d20,20,18,0.8,cdf,sobol_owen,16384,27,22953578,current_indicator,0.80926513671875,0.809503011492795,0.00023787477404502155,0.494492709,1.72401275,2.218505459,338449280,18856224,1981,2683,NaN,NaN,NaN
equicorr_cdf_rho0_8_d20,20,18,0.8,cdf,sobol_owen,16384,28,22953579,current_indicator,0.811279296875,0.809503011492795,0.0017762853822049784,0.51097625,1.721223208,2.232199458,338449280,17283360,1981,2683,NaN,NaN,NaN
equicorr_cdf_rho0_8_d20,20,18,0.8,cdf,sobol_owen,16384,29,22953580,current_indicator,0.80804443359375,0.809503011492795,0.0014585778990450216,0.504056042,1.702949916,2.207005958,336876416,17283360,1981,2683,NaN,NaN,NaN
equicorr_cdf_rho0_8_d20,20,18,0.8,cdf,sobol_owen,16384,30,22953581,current_indicator,0.808349609375,0.809503011492795,0.0011534021177950216,0.50948,1.727831417,2.237311417,338449280,17283360,1981,2683,NaN,NaN,NaN
equicorr_cdf_rho0_8_d20,20,18,0.8,cdf,sobol_owen,16384,1,22953552,reduced_conditional,0.809588236101777,0.809503011492795,8.522460898197082e-5,0.518981083,1.681806125,2.200787208,338449280,112,1981,2,8110080,2506752,16384
equicorr_cdf_rho0_8_d20,20,18,0.8,cdf,sobol_owen,16384,2,22953553,reduced_conditional,0.8094572086003728,0.809503011492795,4.580289242217539e-5,0.515892042,1.680684625,2.196576667,333730688,112,1981,2,8110080,2506752,16384
equicorr_cdf_rho0_8_d20,20,18,0.8,cdf,sobol_owen,16384,3,22953554,reduced_conditional,0.8094939825744073,0.809503011492795,9.028918387721241e-6,0.512065375,1.685034125,2.1970995,335303552,112,1981,2,8110080,2506752,16384
equicorr_cdf_rho0_8_d20,20,18,0.8,cdf,sobol_owen,16384,4,22953555,reduced_conditional,0.8095174825368312,0.809503011492795,1.4471044036179492e-5,0.514209667,1.681889959,2.196099626,335303552,112,1981,2,8110080,2506752,16384
equicorr_cdf_rho0_8_d20,20,18,0.8,cdf,sobol_owen,16384,5,22953556,reduced_conditional,0.8094958165695393,0.809503011492795,7.194923255737784e-6,0.512873666,1.684360959,2.197234625,333730688,112,1981,2,8110080,2506752,16384
equicorr_cdf_rho0_8_d20,20,18,0.8,cdf,sobol_owen,16384,6,22953557,reduced_conditional,0.8094272236680689,0.809503011492795,7.578782472617007e-5,0.518861625,1.679146,2.198007625,335303552,112,1981,2,8110080,2506752,16384
equicorr_cdf_rho0_8_d20,20,18,0.8,cdf,sobol_owen,16384,7,22953558,reduced_conditional,0.809449353396434,0.809503011492795,5.365809636104224e-5,0.508877792,1.679662,2.1885397920000003,335303552,112,1981,2,8110080,2506752,16384
equicorr_cdf_rho0_8_d20,20,18,0.8,cdf,sobol_owen,16384,8,22953559,reduced_conditional,0.8095497364821973,0.809503011492795,4.6724989402280315e-5,0.513022041,1.681050209,2.19407225,333730688,112,1981,2,8110080,2506752,16384
equicorr_cdf_rho0_8_d20,20,18,0.8,cdf,sobol_owen,16384,9,22953560,reduced_conditional,0.8095384047809232,0.809503011492795,3.5393288128182654e-5,0.516392916,1.680905667,2.1972985830000002,335303552,112,1981,2,8110080,2506752,16384
equicorr_cdf_rho0_8_d20,20,18,0.8,cdf,sobol_owen,16384,10,22953561,reduced_conditional,0.8095321191104233,0.809503011492795,2.9107617628310045e-5,0.514093875,1.6814725,2.195566375,335303552,112,1981,2,8110080,2506752,16384
equicorr_cdf_rho0_8_d20,20,18,0.8,cdf,sobol_owen,16384,11,22953562,reduced_conditional,0.8095402102488154,0.809503011492795,3.719875602037348e-5,0.507163,1.678077375,2.1852403750000002,333730688,112,1981,2,8110080,2506752,16384
equicorr_cdf_rho0_8_d20,20,18,0.8,cdf,sobol_owen,16384,12,22953563,reduced_conditional,0.8095728961691991,0.809503011492795,6.988467640411944e-5,0.343574125,1.682958875,2.026533,335303552,112,1981,2,8110080,2506752,16384
equicorr_cdf_rho0_8_d20,20,18,0.8,cdf,sobol_owen,16384,13,22953564,reduced_conditional,0.8095182564108893,0.809503011492795,1.5244918094237114e-5,0.521654209,1.680826333,2.202480542,336876416,112,1981,2,8110080,2506752,16384
equicorr_cdf_rho0_8_d20,20,18,0.8,cdf,sobol_owen,16384,14,22953565,reduced_conditional,0.8094743179022788,0.809503011492795,2.8693590516271072e-5,0.515017708,1.678367166,2.193384874,333730688,112,1981,2,8110080,2506752,16384
equicorr_cdf_rho0_8_d20,20,18,0.8,cdf,sobol_owen,16384,15,22953566,reduced_conditional,0.8095999227129727,0.809503011492795,9.691122017763121e-5,0.507419375,1.681661958,2.189081333,335303552,112,1981,2,8110080,2506752,16384
equicorr_cdf_rho0_8_d20,20,18,0.8,cdf,sobol_owen,16384,16,22953567,reduced_conditional,0.8094077431685383,0.809503011492795,9.526832425676979e-5,0.516478,1.679904583,2.196382583,335303552,112,1981,2,8110080,2506752,16384
equicorr_cdf_rho0_8_d20,20,18,0.8,cdf,sobol_owen,16384,17,22953568,reduced_conditional,0.8096117266339545,0.809503011492795,0.00010871514115950998,0.484153834,1.677298542,2.1614523759999997,333730688,112,1981,2,8110080,2506752,16384
equicorr_cdf_rho0_8_d20,20,18,0.8,cdf,sobol_owen,16384,18,22953569,reduced_conditional,0.8094711704090407,0.809503011492795,3.1841083754313715e-5,0.513741083,1.683538167,2.1972792500000002,335303552,112,1981,2,8110080,2506752,16384
equicorr_cdf_rho0_8_d20,20,18,0.8,cdf,sobol_owen,16384,19,22953570,reduced_conditional,0.8095754399485567,0.809503011492795,7.242845576171941e-5,0.515009584,1.679064875,2.194074459,335303552,112,1981,2,8110080,2506752,16384
equicorr_cdf_rho0_8_d20,20,18,0.8,cdf,sobol_owen,16384,20,22953571,reduced_conditional,0.8095167245498328,0.809503011492795,1.3713057037789689e-5,0.512697584,1.683054625,2.195752209,333730688,112,1981,2,8110080,2506752,16384
equicorr_cdf_rho0_8_d20,20,18,0.8,cdf,sobol_owen,16384,21,22953572,reduced_conditional,0.8095410165720152,0.809503011492795,3.800507922013807e-5,0.512031584,1.679548708,2.1915802920000003,335303552,112,1981,2,8110080,2506752,16384
equicorr_cdf_rho0_8_d20,20,18,0.8,cdf,sobol_owen,16384,22,22953573,reduced_conditional,0.8094906904688476,0.809503011492795,1.2321023947436949e-5,0.507689292,1.678219916,2.185909208,335303552,112,1981,2,8110080,2506752,16384
equicorr_cdf_rho0_8_d20,20,18,0.8,cdf,sobol_owen,16384,23,22953574,reduced_conditional,0.8094562436559202,0.809503011492795,4.676783687485031e-5,0.513330084,1.681666291,2.194996375,333730688,112,1981,2,8110080,2506752,16384
equicorr_cdf_rho0_8_d20,20,18,0.8,cdf,sobol_owen,16384,24,22953575,reduced_conditional,0.8094469432795157,0.809503011492795,5.6068213279303336e-5,0.362190791,1.678697208,2.040887999,335303552,112,1981,2,8110080,2506752,16384
equicorr_cdf_rho0_8_d20,20,18,0.8,cdf,sobol_owen,16384,25,22953576,reduced_conditional,0.8094492577341191,0.809503011492795,5.375375867588961e-5,0.48967175,1.681427875,2.171099625,336876416,112,1981,2,8110080,2506752,16384
equicorr_cdf_rho0_8_d20,20,18,0.8,cdf,sobol_owen,16384,26,22953577,reduced_conditional,0.8095376099798292,0.809503011492795,3.459848703413204e-5,0.516265834,1.681702916,2.1979687500000002,333730688,112,1981,2,8110080,2506752,16384
equicorr_cdf_rho0_8_d20,20,18,0.8,cdf,sobol_owen,16384,27,22953578,reduced_conditional,0.8094843574428655,0.809503011492795,1.8654049929511807e-5,0.502374375,1.678420083,2.1807944580000003,335303552,112,1981,2,8110080,2506752,16384
equicorr_cdf_rho0_8_d20,20,18,0.8,cdf,sobol_owen,16384,28,22953579,reduced_conditional,0.8095322669130792,0.809503011492795,2.9255420284202138e-5,0.5101505,1.68253175,2.19268225,335303552,112,1981,2,8110080,2506752,16384
equicorr_cdf_rho0_8_d20,20,18,0.8,cdf,sobol_owen,16384,29,22953580,reduced_conditional,0.8094204965129819,0.809503011492795,8.251497981315303e-5,0.513629875,1.681891167,2.195521042,333730688,112,1981,2,8110080,2506752,16384
equicorr_cdf_rho0_8_d20,20,18,0.8,cdf,sobol_owen,16384,30,22953581,reduced_conditional,0.8095867933564732,0.809503011492795,8.378186367818952e-5,0.512568208,1.678576542,2.1911447500000003,335303552,112,1981,2,8110080,2506752,16384
equicorr_interior_rho0_8_d20,20,18,0.8,interior,sobol_owen,256,2,21340753,current_indicator,0.76171875,0.7759598758853421,0.014241125885342099,0.004944458,0.025330417,0.030274875,5657968,2591008,1620,2683,NaN,NaN,NaN
equicorr_interior_rho0_8_d20,20,18,0.8,interior,sobol_owen,256,3,21340754,current_indicator,0.76171875,0.7759598758853421,0.014241125885342099,0.004906667,0.025069084,0.029975751,5657968,2591008,1620,2683,NaN,NaN,NaN
equicorr_interior_rho0_8_d20,20,18,0.8,interior,sobol_owen,256,4,21340755,current_indicator,0.78125,0.7759598758853421,0.0052901241146579014,0.005002791,0.025243583,0.030246374,5657968,2591008,1620,2683,NaN,NaN,NaN
equicorr_interior_rho0_8_d20,20,18,0.8,interior,sobol_owen,256,5,21340756,current_indicator,0.78515625,0.7759598758853421,0.009196374114657901,0.005025542,0.02985125,0.034876792,5657968,2591008,1620,2683,NaN,NaN,NaN
equicorr_interior_rho0_8_d20,20,18,0.8,interior,sobol_owen,256,6,21340757,current_indicator,0.765625,0.7759598758853421,0.010334875885342099,0.004904333,0.025245208,0.030149541000000002,5657968,2591008,1620,2683,NaN,NaN,NaN
equicorr_interior_rho0_8_d20,20,18,0.8,interior,sobol_owen,256,7,21340758,current_indicator,0.78515625,0.7759598758853421,0.009196374114657901,0.004830833,0.025063125,0.029893957999999998,5657968,2591008,1620,2683,NaN,NaN,NaN
equicorr_interior_rho0_8_d20,20,18,0.8,interior,sobol_owen,256,8,21340759,current_indicator,0.8046875,0.7759598758853421,0.0287276241146579,0.004802916,0.026879542,0.031682458,5657968,2591008,1620,2683,NaN,NaN,NaN
equicorr_interior_rho0_8_d20,20,18,0.8,interior,sobol_owen,256,9,21340760,current_indicator,0.79296875,0.7759598758853421,0.0170088741146579,0.004832292,0.025018959,0.029851251000000002,5657968,2591008,1620,2683,NaN,NaN,NaN
equicorr_interior_rho0_8_d20,20,18,0.8,interior,sobol_owen,256,10,21340761,current_indicator,0.765625,0.7759598758853421,0.010334875885342099,0.004817708,0.025209708,0.030027416,5657968,2591008,1620,2683,NaN,NaN,NaN
equicorr_interior_rho0_8_d20,20,18,0.8,interior,sobol_owen,256,11,21340762,current_indicator,0.7734375,0.7759598758853421,0.0025223758853420986,0.004818,0.025749416,0.030567416,5657968,2591008,1620,2683,NaN,NaN,NaN
equicorr_interior_rho0_8_d20,20,18,0.8,interior,sobol_owen,256,12,21340763,current_indicator,0.7578125,0.7759598758853421,0.0181473758853421,0.004785667,0.025316,0.030101667000000002,5657968,2591008,1620,2683,NaN,NaN,NaN
equicorr_interior_rho0_8_d20,20,18,0.8,interior,sobol_owen,256,13,21340764,current_indicator,0.7734375,0.7759598758853421,0.0025223758853420986,0.004775833,0.025105125,0.029880958,5657968,2591008,1620,2683,NaN,NaN,NaN
equicorr_interior_rho0_8_d20,20,18,0.8,interior,sobol_owen,256,14,21340765,current_indicator,0.77734375,0.7759598758853421,0.0013838741146579014,0.005376875,0.02515,0.030526875,5657968,2591008,1620,2683,NaN,NaN,NaN
equicorr_interior_rho0_8_d20,20,18,0.8,interior,sobol_owen,256,15,21340766,current_indicator,0.76171875,0.7759598758853421,0.014241125885342099,0.00479425,0.025081958,0.029876208,5657968,2591008,1620,2683,NaN,NaN,NaN
equicorr_interior_rho0_8_d20,20,18,0.8,interior,sobol_owen,256,16,21340767,current_indicator,0.7734375,0.7759598758853421,0.0025223758853420986,0.005277167,0.025085792,0.030362959,5657968,2591008,1620,2683,NaN,NaN,NaN
equicorr_interior_rho0_8_d20,20,18,0.8,interior,sobol_owen,256,17,21340768,current_indicator,0.7578125,0.7759598758853421,0.0181473758853421,0.004768167,0.026779334,0.031547501,5657968,2591008,1620,2683,NaN,NaN,NaN
equicorr_interior_rho0_8_d20,20,18,0.8,interior,sobol_owen,256,18,21340769,current_indicator,0.75,0.7759598758853421,0.0259598758853421,0.005929291,0.025971666,0.031900957,5657968,2591008,1620,2683,NaN,NaN,NaN
equicorr_interior_rho0_8_d20,20,18,0.8,interior,sobol_owen,256,19,21340770,current_indicator,0.78125,0.7759598758853421,0.0052901241146579014,0.005320709,0.025755833,0.031076542,5657968,2591008,1620,2683,NaN,NaN,NaN
equicorr_interior_rho0_8_d20,20,18,0.8,interior,sobol_owen,256,20,21340771,current_indicator,0.7890625,0.7759598758853421,0.013102624114657901,0.005359834,0.025002208,0.030362042000000002,5657968,2591008,1620,2683,NaN,NaN,NaN
equicorr_interior_rho0_8_d20,20,18,0.8,interior,sobol_owen,256,21,21340772,current_indicator,0.7734375,0.7759598758853421,0.0025223758853420986,0.005190083,0.024995625,0.030185708,5657968,2591008,1620,2683,NaN,NaN,NaN
equicorr_interior_rho0_8_d20,20,18,0.8,interior,sobol_owen,256,22,21340773,current_indicator,0.77734375,0.7759598758853421,0.0013838741146579014,0.00478625,0.025416333,0.030202582999999998,5657968,2591008,1620,2683,NaN,NaN,NaN
equicorr_interior_rho0_8_d20,20,18,0.8,interior,sobol_owen,256,23,21340774,current_indicator,0.78125,0.7759598758853421,0.0052901241146579014,0.004785458,0.0255785,0.030363958,5657968,2591008,1620,2683,NaN,NaN,NaN
equicorr_interior_rho0_8_d20,20,18,0.8,interior,sobol_owen,256,24,21340775,current_indicator,0.765625,0.7759598758853421,0.010334875885342099,0.004732583,0.025241167,0.02997375,5657968,2591008,1620,2683,NaN,NaN,NaN
equicorr_interior_rho0_8_d20,20,18,0.8,interior,sobol_owen,256,25,21340776,current_indicator,0.7734375,0.7759598758853421,0.0025223758853420986,0.0051635,0.024953416,0.030116916,5657968,2591008,1620,2683,NaN,NaN,NaN
equicorr_interior_rho0_8_d20,20,18,0.8,interior,sobol_owen,256,26,21340777,current_indicator,0.78515625,0.7759598758853421,0.009196374114657901,0.005177792,0.025076834,0.030254626,5657968,2591008,1620,2683,NaN,NaN,NaN
equicorr_interior_rho0_8_d20,20,18,0.8,interior,sobol_owen,256,27,21340778,current_indicator,0.765625,0.7759598758853421,0.010334875885342099,0.005228083,0.025068458,0.030296540999999996,5657968,2591008,1620,2683,NaN,NaN,NaN
equicorr_interior_rho0_8_d20,20,18,0.8,interior,sobol_owen,256,28,21340779,current_indicator,0.7734375,0.7759598758853421,0.0025223758853420986,0.00481725,0.025523708,0.030340958,5657968,2591008,1620,2683,NaN,NaN,NaN
equicorr_interior_rho0_8_d20,20,18,0.8,interior,sobol_owen,256,29,21340780,current_indicator,0.76953125,0.7759598758853421,0.0064286258853420986,0.00476875,0.025016083,0.029784833000000004,5657968,2591008,1620,2683,NaN,NaN,NaN
equicorr_interior_rho0_8_d20,20,18,0.8,interior,sobol_owen,256,30,21340781,current_indicator,0.80859375,0.7759598758853421,0.0326338741146579,0.024788083,0.025140458,0.049928541,5657968,2591008,1620,2683,NaN,NaN,NaN
equicorr_interior_rho0_8_d20,20,18,0.8,interior,sobol_owen,256,2,21340753,reduced_conditional,0.7776246036982961,0.7759598758853421,0.0016647278129540144,0.0049325,0.037956291,0.042888791,5657968,112,1620,2,175104,39168,1024
equicorr_interior_rho0_8_d20,20,18,0.8,interior,sobol_owen,256,3,21340754,reduced_conditional,0.7717265345301133,0.7759598758853421,0.004233341355228792,0.004899458,0.0378275,0.042726958,5657968,112,1620,2,175104,39168,1024
equicorr_interior_rho0_8_d20,20,18,0.8,interior,sobol_owen,256,4,21340755,reduced_conditional,0.7757443121907293,0.7759598758853421,0.00021556369461284142,0.004813167,0.0377865,0.042599667,5657968,112,1620,2,175104,39168,1024
equicorr_interior_rho0_8_d20,20,18,0.8,interior,sobol_owen,256,5,21340756,reduced_conditional,0.7792936629189247,0.7759598758853421,0.003333787033582558,0.004819958,0.037878958,0.042698915999999996,5657968,112,1620,2,175104,39168,1024
equicorr_interior_rho0_8_d20,20,18,0.8,interior,sobol_owen,256,6,21340757,reduced_conditional,0.7766745157332785,0.7759598758853421,0.0007146398479364047,0.005005709,0.037803125,0.042808834,5657968,112,1620,2,175104,39168,1024
equicorr_interior_rho0_8_d20,20,18,0.8,interior,sobol_owen,256,7,21340758,reduced_conditional,0.7737242425489239,0.7759598758853421,0.0022356333364181857,0.005046125,0.037741125,0.04278725,5657968,112,1620,2,175104,39168,1024
equicorr_interior_rho0_8_d20,20,18,0.8,interior,sobol_owen,256,8,21340759,reduced_conditional,0.7821681225461437,0.7759598758853421,0.006208246660801553,0.0052365,0.0378135,0.04305,5657968,112,1620,2,175104,39168,1024
equicorr_interior_rho0_8_d20,20,18,0.8,interior,sobol_owen,256,9,21340760,reduced_conditional,0.7721055881294032,0.7759598758853421,0.003854287755938879,0.005471875,0.037791292,0.043263167,5657968,112,1620,2,175104,39168,1024
equicorr_interior_rho0_8_d20,20,18,0.8,interior,sobol_owen,256,10,21340761,reduced_conditional,0.779220345890117,0.7759598758853421,0.003260470004774918,0.005448292,0.037837625,0.043285917,5657968,112,1620,2,175104,39168,1024
equicorr_interior_rho0_8_d20,20,18,0.8,interior,sobol_owen,256,11,21340762,reduced_conditional,0.7748244584419866,0.7759598758853421,0.0011354174433555464,0.005260375,0.038023417,0.043283791999999995,5657968,112,1620,2,175104,39168,1024
equicorr_interior_rho0_8_d20,20,18,0.8,interior,sobol_owen,256,12,21340763,reduced_conditional,0.7800541296240473,0.7759598758853421,0.0040942537387052,0.004998667,0.037778833,0.042777499999999996,5657968,112,1620,2,175104,39168,1024
equicorr_interior_rho0_8_d20,20,18,0.8,interior,sobol_owen,256,13,21340764,reduced_conditional,0.7765404406586972,0.7759598758853421,0.0005805647733551078,0.005222834,0.037834209,0.043057043,5657968,112,1620,2,175104,39168,1024
equicorr_interior_rho0_8_d20,20,18,0.8,interior,sobol_owen,256,14,21340765,reduced_conditional,0.7787856401964619,0.7759598758853421,0.002825764311119805,0.005468958,0.037829959,0.043298917000000006,5657968,112,1620,2,175104,39168,1024
equicorr_interior_rho0_8_d20,20,18,0.8,interior,sobol_owen,256,15,21340766,reduced_conditional,0.7799403414778225,0.7759598758853421,0.003980465592480442,0.005208708,0.037940541,0.043149249,5657968,112,1620,2,175104,39168,1024
equicorr_interior_rho0_8_d20,20,18,0.8,interior,sobol_owen,256,16,21340767,reduced_conditional,0.7756102367278203,0.7759598758853421,0.0003496391575218416,0.005084959,0.037824875,0.042909834,5657968,112,1620,2,175104,39168,1024
equicorr_interior_rho0_8_d20,20,18,0.8,interior,sobol_owen,256,17,21340768,reduced_conditional,0.7752643655989566,0.7759598758853421,0.0006955102863854812,0.005449417,0.037854458,0.043303875,5657968,112,1620,2,175104,39168,1024
equicorr_interior_rho0_8_d20,20,18,0.8,interior,sobol_owen,256,18,21340769,reduced_conditional,0.7734199679940125,0.7759598758853421,0.002539907891329629,0.007950167,0.037746041,0.045696208,5657968,112,1620,2,175104,39168,1024
equicorr_interior_rho0_8_d20,20,18,0.8,interior,sobol_owen,256,19,21340770,reduced_conditional,0.7776643151699594,0.7759598758853421,0.0017044392846172762,0.004860791,0.03783325,0.042694041,5657968,112,1620,2,175104,39168,1024
equicorr_interior_rho0_8_d20,20,18,0.8,interior,sobol_owen,256,20,21340771,reduced_conditional,0.7763140239038615,0.7759598758853421,0.0003541480185194068,0.004854583,0.037772042,0.042626625,5657968,112,1620,2,175104,39168,1024
equicorr_interior_rho0_8_d20,20,18,0.8,interior,sobol_owen,256,21,21340772,reduced_conditional,0.7749078399908014,0.7759598758853421,0.001052035894540726,0.004793792,0.037770875,0.042564667,5657968,112,1620,2,175104,39168,1024
equicorr_interior_rho0_8_d20,20,18,0.8,interior,sobol_owen,256,22,21340773,reduced_conditional,0.7773473860060327,0.7759598758853421,0.0013875101206906049,0.004823625,0.037733,0.042556625,5657968,112,1620,2,175104,39168,1024
equicorr_interior_rho0_8_d20,20,18,0.8,interior,sobol_owen,256,23,21340774,reduced_conditional,0.7727081193232793,0.7759598758853421,0.0032517565620627797,0.004784541,0.03778475,0.042569290999999995,5657968,112,1620,2,175104,39168,1024
equicorr_interior_rho0_8_d20,20,18,0.8,interior,sobol_owen,256,24,21340775,reduced_conditional,0.7772444944944593,0.7759598758853421,0.0012846186091172163,0.004879583,0.037886875,0.042766458,5657968,112,1620,2,175104,39168,1024
equicorr_interior_rho0_8_d20,20,18,0.8,interior,sobol_owen,256,25,21340776,reduced_conditional,0.7794462854001971,0.7759598758853421,0.0034864095148550156,0.004813875,0.037784583,0.042598458,5657968,112,1620,2,175104,39168,1024
equicorr_interior_rho0_8_d20,20,18,0.8,interior,sobol_owen,256,26,21340777,reduced_conditional,0.7768150286315284,0.7759598758853421,0.0008551527461863051,0.004825208,0.0378135,0.042638708,5657968,112,1620,2,175104,39168,1024
equicorr_interior_rho0_8_d20,20,18,0.8,interior,sobol_owen,256,27,21340778,reduced_conditional,0.7774669638106396,0.7759598758853421,0.0015070879252975233,0.004834709,0.03782375,0.042658459,5657968,112,1620,2,175104,39168,1024
equicorr_interior_rho0_8_d20,20,18,0.8,interior,sobol_owen,256,28,21340779,reduced_conditional,0.773263366277473,0.7759598758853421,0.0026965096078690465,0.004808167,0.037798167,0.042606334,5657968,112,1620,2,175104,39168,1024
equicorr_interior_rho0_8_d20,20,18,0.8,interior,sobol_owen,256,29,21340780,reduced_conditional,0.7741884671434744,0.7759598758853421,0.0017714087418676527,0.004862125,0.03775475,0.042616875,5657968,112,1620,2,175104,39168,1024
equicorr_interior_rho0_8_d20,20,18,0.8,interior,sobol_owen,256,30,21340781,reduced_conditional,0.7757335539216845,0.7759598758853421,0.00022632196365757196,0.004858333,0.037769333,0.042627666,5657968,112,1620,2,175104,39168,1024
equicorr_interior_rho0_8_d20,20,18,0.8,interior,sobol_owen,1024,1,21417552,current_indicator,0.76953125,0.7759598758853421,0.0064286258853420986,0.023984333,0.106198125,0.130182458,20791168,3176736,1741,2683,NaN,NaN,NaN
equicorr_interior_rho0_8_d20,20,18,0.8,interior,sobol_owen,1024,2,21417553,current_indicator,0.765625,0.7759598758853421,0.010334875885342099,0.019101709,0.106851334,0.12595304300000001,20791168,3176736,1741,2683,NaN,NaN,NaN
equicorr_interior_rho0_8_d20,20,18,0.8,interior,sobol_owen,1024,3,21417554,current_indicator,0.7607421875,0.7759598758853421,0.015217688385342099,0.019130875,0.106376625,0.1255075,20791168,3176736,1741,2683,NaN,NaN,NaN
equicorr_interior_rho0_8_d20,20,18,0.8,interior,sobol_owen,1024,4,21417555,current_indicator,0.7822265625,0.7759598758853421,0.0062666866146579014,0.021173666,0.106920875,0.128094541,20791168,3176736,1741,2683,NaN,NaN,NaN
equicorr_interior_rho0_8_d20,20,18,0.8,interior,sobol_owen,1024,5,21417556,current_indicator,0.779296875,0.7759598758853421,0.0033369991146579014,0.019907917,0.106101708,0.12600962500000001,20791168,3176736,1741,2683,NaN,NaN,NaN
equicorr_interior_rho0_8_d20,20,18,0.8,interior,sobol_owen,1024,6,21417557,current_indicator,0.7685546875,0.7759598758853421,0.0074051883853420986,0.019177208,0.107273583,0.126450791,20791168,3176736,1741,2683,NaN,NaN,NaN
equicorr_interior_rho0_8_d20,20,18,0.8,interior,sobol_owen,1024,7,21417558,current_indicator,0.7763671875,0.7759598758853421,0.00040731161465790144,0.019825833,0.106260625,0.126086458,20791168,3176736,1741,2683,NaN,NaN,NaN
equicorr_interior_rho0_8_d20,20,18,0.8,interior,sobol_owen,1024,8,21417559,current_indicator,0.779296875,0.7759598758853421,0.0033369991146579014,0.01981125,0.106415708,0.126226958,20791168,3176736,1741,2683,NaN,NaN,NaN
equicorr_interior_rho0_8_d20,20,18,0.8,interior,sobol_owen,1024,9,21417560,current_indicator,0.7734375,0.7759598758853421,0.0025223758853420986,0.019559959,0.106202042,0.12576200099999998,20791168,3176736,1741,2683,NaN,NaN,NaN
equicorr_interior_rho0_8_d20,20,18,0.8,interior,sobol_owen,1024,10,21417561,current_indicator,0.7861328125,0.7759598758853421,0.010172936614657901,0.019965041,0.106226083,0.126191124,20791168,3176736,1741,2683,NaN,NaN,NaN
equicorr_interior_rho0_8_d20,20,18,0.8,interior,sobol_owen,1024,11,21417562,current_indicator,0.78125,0.7759598758853421,0.0052901241146579014,0.020417708,0.105926,0.126343708,20791168,3176736,1741,2683,NaN,NaN,NaN
equicorr_interior_rho0_8_d20,20,18,0.8,interior,sobol_owen,1024,12,21417563,current_indicator,0.77734375,0.7759598758853421,0.0013838741146579014,0.01953025,0.106675916,0.126206166,20791168,3176736,1741,2683,NaN,NaN,NaN
equicorr_interior_rho0_8_d20,20,18,0.8,interior,sobol_owen,1024,13,21417564,current_indicator,0.7763671875,0.7759598758853421,0.00040731161465790144,0.019932666,0.106305333,0.126237999,20791168,3176736,1741,2683,NaN,NaN,NaN
equicorr_interior_rho0_8_d20,20,18,0.8,interior,sobol_owen,1024,14,21417565,current_indicator,0.7666015625,0.7759598758853421,0.009358313385342099,0.019595583,0.107327458,0.12692304100000001,20791168,3176736,1741,2683,NaN,NaN,NaN
equicorr_interior_rho0_8_d20,20,18,0.8,interior,sobol_owen,1024,15,21417566,current_indicator,0.767578125,0.7759598758853421,0.008381750885342099,0.019653,0.105812917,0.125465917,20791168,3176736,1741,2683,NaN,NaN,NaN
equicorr_interior_rho0_8_d20,20,18,0.8,interior,sobol_owen,1024,16,21417567,current_indicator,0.7802734375,0.7759598758853421,0.0043135616146579014,0.024782333,0.10837425,0.133156583,20791168,3176736,1741,2683,NaN,NaN,NaN
equicorr_interior_rho0_8_d20,20,18,0.8,interior,sobol_owen,1024,17,21417568,current_indicator,0.7763671875,0.7759598758853421,0.00040731161465790144,0.019699792,0.107059,0.126758792,20791168,3176736,1741,2683,NaN,NaN,NaN
equicorr_interior_rho0_8_d20,20,18,0.8,interior,sobol_owen,1024,18,21417569,current_indicator,0.7763671875,0.7759598758853421,0.00040731161465790144,0.019961584,0.1064525,0.126414084,20791168,3176736,1741,2683,NaN,NaN,NaN
equicorr_interior_rho0_8_d20,20,18,0.8,interior,sobol_owen,1024,19,21417570,current_indicator,0.7724609375,0.7759598758853421,0.0034989383853420986,0.019565041,0.105864417,0.125429458,20791168,3176736,1741,2683,NaN,NaN,NaN
equicorr_interior_rho0_8_d20,20,18,0.8,interior,sobol_owen,1024,20,21417571,current_indicator,0.76953125,0.7759598758853421,0.0064286258853420986,0.019869916,0.106285708,0.12615562400000002,20791168,3176736,1741,2683,NaN,NaN,NaN
equicorr_interior_rho0_8_d20,20,18,0.8,interior,sobol_owen,1024,21,21417572,current_indicator,0.7705078125,0.7759598758853421,0.0054520633853420986,0.019445708,0.107169166,0.126614874,20791168,3176736,1741,2683,NaN,NaN,NaN
equicorr_interior_rho0_8_d20,20,18,0.8,interior,sobol_owen,1024,22,21417573,current_indicator,0.779296875,0.7759598758853421,0.0033369991146579014,0.019524,0.106038792,0.125562792,20791168,3176736,1741,2683,NaN,NaN,NaN
equicorr_interior_rho0_8_d20,20,18,0.8,interior,sobol_owen,1024,23,21417574,current_indicator,0.7783203125,0.7759598758853421,0.0023604366146579014,0.194805292,0.106559709,0.30136500099999997,20791168,3176736,1741,2683,NaN,NaN,NaN
equicorr_interior_rho0_8_d20,20,18,0.8,interior,sobol_owen,1024,24,21417575,current_indicator,0.7802734375,0.7759598758853421,0.0043135616146579014,0.019018625,0.105959958,0.124978583,20791168,3176736,1741,2683,NaN,NaN,NaN
equicorr_interior_rho0_8_d20,20,18,0.8,interior,sobol_owen,1024,25,21417576,current_indicator,0.775390625,0.7759598758853421,0.0005692508853420986,0.019034916,0.106784917,0.125819833,20791168,3176736,1741,2683,NaN,NaN,NaN
equicorr_interior_rho0_8_d20,20,18,0.8,interior,sobol_owen,1024,26,21417577,current_indicator,0.767578125,0.7759598758853421,0.008381750885342099,0.018988333,0.106478375,0.125466708,20791168,3176736,1741,2683,NaN,NaN,NaN
equicorr_interior_rho0_8_d20,20,18,0.8,interior,sobol_owen,1024,27,21417578,current_indicator,0.7783203125,0.7759598758853421,0.0023604366146579014,0.020532416,0.106167958,0.126700374,20791168,3176736,1741,2683,NaN,NaN,NaN
equicorr_interior_rho0_8_d20,20,18,0.8,interior,sobol_owen,1024,28,21417579,current_indicator,0.7666015625,0.7759598758853421,0.009358313385342099,0.019103375,0.106157375,0.12526075,20791168,3176736,1741,2683,NaN,NaN,NaN
equicorr_interior_rho0_8_d20,20,18,0.8,interior,sobol_owen,1024,29,21417580,current_indicator,0.775390625,0.7759598758853421,0.0005692508853420986,0.019009625,0.106384042,0.125393667,20791168,3176736,1741,2683,NaN,NaN,NaN
equicorr_interior_rho0_8_d20,20,18,0.8,interior,sobol_owen,1024,30,21417581,current_indicator,0.77734375,0.7759598758853421,0.0013838741146579014,0.019013166,0.1065555,0.125568666,20791168,3176736,1741,2683,NaN,NaN,NaN
equicorr_interior_rho0_8_d20,20,18,0.8,interior,sobol_owen,1024,1,21417552,reduced_conditional,0.7760867256236695,0.7759598758853421,0.00012684973832743918,0.02331975,0.151089125,0.174408875,20791168,112,1741,2,700416,156672,4096
equicorr_interior_rho0_8_d20,20,18,0.8,interior,sobol_owen,1024,2,21417553,reduced_conditional,0.775595513958145,0.7759598758853421,0.0003643619271971321,0.018963333,0.150975208,0.169938541,20791168,112,1741,2,700416,156672,4096
equicorr_interior_rho0_8_d20,20,18,0.8,interior,sobol_owen,1024,3,21417554,reduced_conditional,0.7750795289600934,0.7759598758853421,0.0008803469252487428,0.018997792,0.150878667,0.16987645899999998,20791168,112,1741,2,700416,156672,4096
equicorr_interior_rho0_8_d20,20,18,0.8,interior,sobol_owen,1024,4,21417555,reduced_conditional,0.7764988822805262,0.7759598758853421,0.0005390063951841162,0.020799583,0.151173833,0.17197341600000002,20791168,112,1741,2,700416,156672,4096
equicorr_interior_rho0_8_d20,20,18,0.8,interior,sobol_owen,1024,5,21417556,reduced_conditional,0.7756011883786655,0.7759598758853421,0.00035868750667655824,0.019058959,0.150986167,0.170045126,20791168,112,1741,2,700416,156672,4096
equicorr_interior_rho0_8_d20,20,18,0.8,interior,sobol_owen,1024,6,21417557,reduced_conditional,0.7757748671861913,0.7759598758853421,0.00018500869915083484,0.019844167,0.150756833,0.170601,20791168,112,1741,2,700416,156672,4096
equicorr_interior_rho0_8_d20,20,18,0.8,interior,sobol_owen,1024,7,21417558,reduced_conditional,0.7767250071774636,0.7759598758853421,0.0007651312921215236,0.01968025,0.150973583,0.170653833,20791168,112,1741,2,700416,156672,4096
equicorr_interior_rho0_8_d20,20,18,0.8,interior,sobol_owen,1024,8,21417559,reduced_conditional,0.7752882132204455,0.7759598758853421,0.0006716626648965995,0.018859334,0.155322542,0.174181876,20791168,112,1741,2,700416,156672,4096
equicorr_interior_rho0_8_d20,20,18,0.8,interior,sobol_owen,1024,9,21417560,reduced_conditional,0.7751320939896441,0.7759598758853421,0.0008277818956979877,0.01932425,0.151442083,0.170766333,20791168,112,1741,2,700416,156672,4096
equicorr_interior_rho0_8_d20,20,18,0.8,interior,sobol_owen,1024,10,21417561,reduced_conditional,0.7756092576993731,0.7759598758853421,0.0003506181859690427,0.020237125,0.1509895,0.171226625,20791168,112,1741,2,700416,156672,4096
equicorr_interior_rho0_8_d20,20,18,0.8,interior,sobol_owen,1024,11,21417562,reduced_conditional,0.7759634586777379,0.7759598758853421,3.582792395762091e-6,0.019331084,0.15114825,0.170479334,20791168,112,1741,2,700416,156672,4096
equicorr_interior_rho0_8_d20,20,18,0.8,interior,sobol_owen,1024,12,21417563,reduced_conditional,0.7760516840754724,0.7759598758853421,9.180819013032693e-5,0.01967175,0.151110542,0.170782292,20791168,112,1741,2,700416,156672,4096
equicorr_interior_rho0_8_d20,20,18,0.8,interior,sobol_owen,1024,13,21417564,reduced_conditional,0.7770415976021723,0.7759598758853421,0.0010817217168301863,0.01987225,0.151039833,0.17091208300000002,20791168,112,1741,2,700416,156672,4096
equicorr_interior_rho0_8_d20,20,18,0.8,interior,sobol_owen,1024,14,21417565,reduced_conditional,0.7750063163671901,0.7759598758853421,0.000953559518152014,0.019346417,0.150779041,0.170125458,20791168,112,1741,2,700416,156672,4096
equicorr_interior_rho0_8_d20,20,18,0.8,interior,sobol_owen,1024,15,21417566,reduced_conditional,0.776371960862516,0.7759598758853421,0.0004120849771739321,0.019414083,0.150971,0.170385083,20791168,112,1741,2,700416,156672,4096
equicorr_interior_rho0_8_d20,20,18,0.8,interior,sobol_owen,1024,16,21417567,reduced_conditional,0.7768496712924166,0.7759598758853421,0.0008897954070744563,0.019875125,0.151217375,0.17109249999999998,20791168,112,1741,2,700416,156672,4096
equicorr_interior_rho0_8_d20,20,18,0.8,interior,sobol_owen,1024,17,21417568,reduced_conditional,0.7750141455418225,0.7759598758853421,0.0009457303435196351,0.019396791,0.151124833,0.17052162399999998,20791168,112,1741,2,700416,156672,4096
equicorr_interior_rho0_8_d20,20,18,0.8,interior,sobol_owen,1024,18,21417569,reduced_conditional,0.7760322670146239,0.7759598758853421,7.239112928181246e-5,0.019449875,0.151192959,0.170642834,20791168,112,1741,2,700416,156672,4096
equicorr_interior_rho0_8_d20,20,18,0.8,interior,sobol_owen,1024,19,21417570,reduced_conditional,0.7750167815808405,0.7759598758853421,0.0009430943045015683,0.019465667,0.150847292,0.17031295899999999,20791168,112,1741,2,700416,156672,4096
equicorr_interior_rho0_8_d20,20,18,0.8,interior,sobol_owen,1024,20,21417571,reduced_conditional,0.7766879931565414,0.7759598758853421,0.0007281172711992578,0.019809667,0.151267542,0.171077209,20791168,112,1741,2,700416,156672,4096
equicorr_interior_rho0_8_d20,20,18,0.8,interior,sobol_owen,1024,21,21417572,reduced_conditional,0.7758453154845092,0.7759598758853421,0.0001145604008329082,0.019402125,0.151219167,0.17062129199999998,20791168,112,1741,2,700416,156672,4096
equicorr_interior_rho0_8_d20,20,18,0.8,interior,sobol_owen,1024,22,21417573,reduced_conditional,0.7754342539859972,0.7759598758853421,0.000525621899344908,0.019503833,0.150980583,0.170484416,20791168,112,1741,2,700416,156672,4096
equicorr_interior_rho0_8_d20,20,18,0.8,interior,sobol_owen,1024,23,21417574,reduced_conditional,0.776296870773507,0.7759598758853421,0.00033699488816485434,0.019889542,0.151136708,0.17102625000000002,20791168,112,1741,2,700416,156672,4096
equicorr_interior_rho0_8_d20,20,18,0.8,interior,sobol_owen,1024,24,21417575,reduced_conditional,0.775247798675881,0.7759598758853421,0.0007120772094610928,0.019411041,0.151093834,0.170504875,20791168,112,1741,2,700416,156672,4096
equicorr_interior_rho0_8_d20,20,18,0.8,interior,sobol_owen,1024,25,21417576,reduced_conditional,0.7743340929270899,0.7759598758853421,0.0016257829582522199,0.019550125,0.150962708,0.170512833,20791168,112,1741,2,700416,156672,4096
equicorr_interior_rho0_8_d20,20,18,0.8,interior,sobol_owen,1024,26,21417577,reduced_conditional,0.7762476802245857,0.7759598758853421,0.0002878043392435803,0.0193535,0.15101425,0.17036774999999998,20791168,112,1741,2,700416,156672,4096
equicorr_interior_rho0_8_d20,20,18,0.8,interior,sobol_owen,1024,27,21417578,reduced_conditional,0.776230634118868,0.7759598758853421,0.0002707582335258474,0.019805375,0.150905208,0.17071058300000003,20791168,112,1741,2,700416,156672,4096
equicorr_interior_rho0_8_d20,20,18,0.8,interior,sobol_owen,1024,28,21417579,reduced_conditional,0.7749051003200457,0.7759598758853421,0.0010547755652964286,0.019403583,0.15111025,0.170513833,20791168,112,1741,2,700416,156672,4096
equicorr_interior_rho0_8_d20,20,18,0.8,interior,sobol_owen,1024,29,21417580,reduced_conditional,0.7767142304121918,0.7759598758853421,0.0007543545268496876,0.019348542,0.151086208,0.17043475,20791168,112,1741,2,700416,156672,4096
equicorr_interior_rho0_8_d20,20,18,0.8,interior,sobol_owen,1024,30,21417581,reduced_conditional,0.7762078501020792,0.7759598758853421,0.0002479742167370569,0.019401333,0.150879917,0.17028125,20791168,112,1741,2,700416,156672,4096
equicorr_interior_rho0_8_d20,20,18,0.8,interior,sobol_owen,4096,1,21724752,current_indicator,0.779296875,0.7759598758853421,0.0033369991146579014,0.247036375,0.432792792,0.679829167,82069888,5683488,1861,2683,NaN,NaN,NaN
equicorr_interior_rho0_8_d20,20,18,0.8,interior,sobol_owen,4096,2,21724753,current_indicator,0.77197265625,0.7759598758853421,0.0039872196353420986,0.080244208,0.436089833,0.516334041,82069888,5683488,1861,2683,NaN,NaN,NaN
equicorr_interior_rho0_8_d20,20,18,0.8,interior,sobol_owen,4096,3,21724754,current_indicator,0.776611328125,0.7759598758853421,0.0006514522396579014,0.080286417,0.43226275,0.512549167,82069888,5683488,1861,2683,NaN,NaN,NaN
equicorr_interior_rho0_8_d20,20,18,0.8,interior,sobol_owen,4096,4,21724755,current_indicator,0.77685546875,0.7759598758853421,0.0008955928646579014,0.080740791,0.43611725,0.516858041,82069888,5683488,1861,2683,NaN,NaN,NaN
equicorr_interior_rho0_8_d20,20,18,0.8,interior,sobol_owen,4096,5,21724756,current_indicator,0.774658203125,0.7759598758853421,0.0013016727603420986,0.084038666,0.432216666,0.5162553320000001,82069888,5683488,1861,2683,NaN,NaN,NaN
equicorr_interior_rho0_8_d20,20,18,0.8,interior,sobol_owen,4096,6,21724757,current_indicator,0.773681640625,0.7759598758853421,0.0022782352603420986,0.247969625,0.439724708,0.687694333,82069888,5683488,1861,2683,NaN,NaN,NaN
equicorr_interior_rho0_8_d20,20,18,0.8,interior,sobol_owen,4096,7,21724758,current_indicator,0.77734375,0.7759598758853421,0.0013838741146579014,0.080467167,0.438896291,0.519363458,82069888,5683488,1861,2683,NaN,NaN,NaN
equicorr_interior_rho0_8_d20,20,18,0.8,interior,sobol_owen,4096,8,21724759,current_indicator,0.77685546875,0.7759598758853421,0.0008955928646579014,0.079524458,0.433443667,0.512968125,82069888,5683488,1861,2683,NaN,NaN,NaN
equicorr_interior_rho0_8_d20,20,18,0.8,interior,sobol_owen,4096,9,21724760,current_indicator,0.77099609375,0.7759598758853421,0.0049637821353420986,0.0806575,0.436076041,0.516733541,82069888,5683488,1861,2683,NaN,NaN,NaN
equicorr_interior_rho0_8_d20,20,18,0.8,interior,sobol_owen,4096,10,21724761,current_indicator,0.776611328125,0.7759598758853421,0.0006514522396579014,0.080791917,0.434294833,0.51508675,82069888,5683488,1861,2683,NaN,NaN,NaN
equicorr_interior_rho0_8_d20,20,18,0.8,interior,sobol_owen,4096,11,21724762,current_indicator,0.773681640625,0.7759598758853421,0.0022782352603420986,0.081500459,0.433991834,0.515492293,82069888,5683488,1861,2683,NaN,NaN,NaN
equicorr_interior_rho0_8_d20,20,18,0.8,interior,sobol_owen,4096,12,21724763,current_indicator,0.77880859375,0.7759598758853421,0.0028487178646579014,0.249706625,0.438444667,0.688151292,82069888,5683488,1861,2683,NaN,NaN,NaN
equicorr_interior_rho0_8_d20,20,18,0.8,interior,sobol_owen,4096,13,21724764,current_indicator,0.776123046875,0.7759598758853421,0.00016317098965790144,0.078793208,0.435165083,0.513958291,82069888,5683488,1861,2683,NaN,NaN,NaN
equicorr_interior_rho0_8_d20,20,18,0.8,interior,sobol_owen,4096,14,21724765,current_indicator,0.7763671875,0.7759598758853421,0.00040731161465790144,0.080541583,0.438184167,0.51872575,82069888,5683488,1861,2683,NaN,NaN,NaN
equicorr_interior_rho0_8_d20,20,18,0.8,interior,sobol_owen,4096,15,21724766,current_indicator,0.776611328125,0.7759598758853421,0.0006514522396579014,0.080704542,0.436857334,0.517561876,82069888,5683488,1861,2683,NaN,NaN,NaN
equicorr_interior_rho0_8_d20,20,18,0.8,interior,sobol_owen,4096,16,21724767,current_indicator,0.771484375,0.7759598758853421,0.0044755008853420986,0.081158333,0.437557333,0.518715666,82069888,5683488,1861,2683,NaN,NaN,NaN
equicorr_interior_rho0_8_d20,20,18,0.8,interior,sobol_owen,4096,17,21724768,current_indicator,0.773193359375,0.7759598758853421,0.0027665165103420986,0.249049416,0.43795,0.686999416,82069888,5683488,1861,2683,NaN,NaN,NaN
equicorr_interior_rho0_8_d20,20,18,0.8,interior,sobol_owen,4096,18,21724769,current_indicator,0.775390625,0.7759598758853421,0.0005692508853420986,0.080249917,0.437211583,0.5174615,82069888,5683488,1861,2683,NaN,NaN,NaN
equicorr_interior_rho0_8_d20,20,18,0.8,interior,sobol_owen,4096,19,21724770,current_indicator,0.774658203125,0.7759598758853421,0.0013016727603420986,0.080310958,0.435589417,0.515900375,82069888,5683488,1861,2683,NaN,NaN,NaN
equicorr_interior_rho0_8_d20,20,18,0.8,interior,sobol_owen,4096,20,21724771,current_indicator,0.776123046875,0.7759598758853421,0.00016317098965790144,0.081015167,0.433887125,0.5149022919999999,82069888,5683488,1861,2683,NaN,NaN,NaN
equicorr_interior_rho0_8_d20,20,18,0.8,interior,sobol_owen,4096,21,21724772,current_indicator,0.7783203125,0.7759598758853421,0.0023604366146579014,0.080877083,0.43978825,0.520665333,82069888,5683488,1861,2683,NaN,NaN,NaN
equicorr_interior_rho0_8_d20,20,18,0.8,interior,sobol_owen,4096,22,21724773,current_indicator,0.778564453125,0.7759598758853421,0.0026045772396579014,0.251974916,0.434225708,0.686200624,82069888,5683488,1861,2683,NaN,NaN,NaN
equicorr_interior_rho0_8_d20,20,18,0.8,interior,sobol_owen,4096,23,21724774,current_indicator,0.779052734375,0.7759598758853421,0.0030928584896579014,0.083101292,0.434937542,0.518038834,82069888,5683488,1861,2683,NaN,NaN,NaN
equicorr_interior_rho0_8_d20,20,18,0.8,interior,sobol_owen,4096,24,21724775,current_indicator,0.781005859375,0.7759598758853421,0.0050459834896579014,0.079390417,0.434981417,0.514371834,82069888,5683488,1861,2683,NaN,NaN,NaN
equicorr_interior_rho0_8_d20,20,18,0.8,interior,sobol_owen,4096,25,21724776,current_indicator,0.774658203125,0.7759598758853421,0.0013016727603420986,0.082528209,0.437391833,0.519920042,82069888,5683488,1861,2683,NaN,NaN,NaN
equicorr_interior_rho0_8_d20,20,18,0.8,interior,sobol_owen,4096,26,21724777,current_indicator,0.778564453125,0.7759598758853421,0.0026045772396579014,0.0814345,0.44167075,0.52310525,82069888,5683488,1861,2683,NaN,NaN,NaN
equicorr_interior_rho0_8_d20,20,18,0.8,interior,sobol_owen,4096,27,21724778,current_indicator,0.771240234375,0.7759598758853421,0.0047196415103420986,0.081350833,0.43743775,0.518788583,82069888,5683488,1861,2683,NaN,NaN,NaN
equicorr_interior_rho0_8_d20,20,18,0.8,interior,sobol_owen,4096,28,21724779,current_indicator,0.774658203125,0.7759598758853421,0.0013016727603420986,0.249941458,0.437629583,0.687571041,82069888,5683488,1861,2683,NaN,NaN,NaN
equicorr_interior_rho0_8_d20,20,18,0.8,interior,sobol_owen,4096,29,21724780,current_indicator,0.771728515625,0.7759598758853421,0.0042313602603420986,0.080580125,0.4349385,0.515518625,82069888,5683488,1861,2683,NaN,NaN,NaN
equicorr_interior_rho0_8_d20,20,18,0.8,interior,sobol_owen,4096,30,21724781,current_indicator,0.77294921875,0.7759598758853421,0.0030106571353420986,0.080333083,0.438041875,0.518374958,82069888,5683488,1861,2683,NaN,NaN,NaN
equicorr_interior_rho0_8_d20,20,18,0.8,interior,sobol_owen,4096,1,21724752,reduced_conditional,0.7759632126866562,0.7759598758853421,3.336801314146598e-6,0.085888,0.605809583,0.691697583,82069888,112,1861,2,2801664,626688,16384
equicorr_interior_rho0_8_d20,20,18,0.8,interior,sobol_owen,4096,2,21724753,reduced_conditional,0.7757569286321949,0.7759598758853421,0.00020294725314717876,0.081309667,0.608151709,0.689461376,82069888,112,1861,2,2801664,626688,16384
equicorr_interior_rho0_8_d20,20,18,0.8,interior,sobol_owen,4096,3,21724754,reduced_conditional,0.7759402942954889,0.7759598758853421,1.9581589853157055e-5,0.252143458,0.605522958,0.857666416,82069888,112,1861,2,2801664,626688,16384
equicorr_interior_rho0_8_d20,20,18,0.8,interior,sobol_owen,4096,4,21724755,reduced_conditional,0.7755161182483288,0.7759598758853421,0.00044375763701332005,0.081444708,0.605448208,0.686892916,82069888,112,1861,2,2801664,626688,16384
equicorr_interior_rho0_8_d20,20,18,0.8,interior,sobol_owen,4096,5,21724756,reduced_conditional,0.7759236756430553,0.7759598758853421,3.6200242286787976e-5,0.080369167,0.604236583,0.68460575,82069888,112,1861,2,2801664,626688,16384
equicorr_interior_rho0_8_d20,20,18,0.8,interior,sobol_owen,4096,6,21724757,reduced_conditional,0.7763873915084882,0.7759598758853421,0.0004275156231461352,0.080490458,0.60334575,0.683836208,82069888,112,1861,2,2801664,626688,16384
equicorr_interior_rho0_8_d20,20,18,0.8,interior,sobol_owen,4096,7,21724758,reduced_conditional,0.7760820981276941,0.7759598758853421,0.0001222222423520325,0.080954083,0.60735825,0.6883123329999999,82069888,112,1861,2,2801664,626688,16384
equicorr_interior_rho0_8_d20,20,18,0.8,interior,sobol_owen,4096,8,21724759,reduced_conditional,0.776333648775729,0.7759598758853421,0.0003737728903868698,0.081666083,0.604330834,0.685996917,82069888,112,1861,2,2801664,626688,16384
equicorr_interior_rho0_8_d20,20,18,0.8,interior,sobol_owen,4096,9,21724760,reduced_conditional,0.775572291645689,0.7759598758853421,0.00038758423965312705,0.247480459,0.603524167,0.851004626,82069888,112,1861,2,2801664,626688,16384
equicorr_interior_rho0_8_d20,20,18,0.8,interior,sobol_owen,4096,10,21724761,reduced_conditional,0.7757670400955039,0.7759598758853421,0.00019283578983819716,0.081174083,0.604379625,0.6855537079999999,82069888,112,1861,2,2801664,626688,16384
equicorr_interior_rho0_8_d20,20,18,0.8,interior,sobol_owen,4096,11,21724762,reduced_conditional,0.7755516479633683,0.7759598758853421,0.00040822792197381386,0.081431875,0.603894916,0.685326791,82069888,112,1861,2,2801664,626688,16384
equicorr_interior_rho0_8_d20,20,18,0.8,interior,sobol_owen,4096,12,21724763,reduced_conditional,0.7759969246133386,0.7759598758853421,3.70487279964804e-5,0.080742,0.606755,0.687497,82069888,112,1861,2,2801664,626688,16384
equicorr_interior_rho0_8_d20,20,18,0.8,interior,sobol_owen,4096,13,21724764,reduced_conditional,0.7762578604521467,0.7759598758853421,0.00029798456680463214,0.081208625,0.604556958,0.685765583,82069888,112,1861,2,2801664,626688,16384
equicorr_interior_rho0_8_d20,20,18,0.8,interior,sobol_owen,4096,14,21724765,reduced_conditional,0.7761102411144032,0.7759598758853421,0.00015036522906108907,0.25210025,0.604532875,0.856633125,82069888,112,1861,2,2801664,626688,16384
equicorr_interior_rho0_8_d20,20,18,0.8,interior,sobol_owen,4096,15,21724766,reduced_conditional,0.7759050460563247,0.7759598758853421,5.4829829017388754e-5,0.081,0.603486666,0.684486666,82069888,112,1861,2,2801664,626688,16384
equicorr_interior_rho0_8_d20,20,18,0.8,interior,sobol_owen,4096,16,21724767,reduced_conditional,0.7750305103846682,0.7759598758853421,0.0009293655006739066,0.0797225,0.604313792,0.684036292,82069888,112,1861,2,2801664,626688,16384
equicorr_interior_rho0_8_d20,20,18,0.8,interior,sobol_owen,4096,17,21724768,reduced_conditional,0.7762776027282361,0.7759598758853421,0.000317726842893995,0.081337208,0.608502708,0.6898399159999999,82069888,112,1861,2,2801664,626688,16384
equicorr_interior_rho0_8_d20,20,18,0.8,interior,sobol_owen,4096,18,21724769,reduced_conditional,0.77561682950937,0.7759598758853421,0.0003430463759720448,0.081107542,0.603975333,0.685082875,82069888,112,1861,2,2801664,626688,16384
equicorr_interior_rho0_8_d20,20,18,0.8,interior,sobol_owen,4096,19,21724770,reduced_conditional,0.7755952920311353,0.7759598758853421,0.0003645838542067903,0.255897416,0.60409475,0.8599921660000001,82069888,112,1861,2,2801664,626688,16384
equicorr_interior_rho0_8_d20,20,18,0.8,interior,sobol_owen,4096,20,21724771,reduced_conditional,0.7763066271955498,0.7759598758853421,0.00034675131020767136,0.079831625,0.604014084,0.683845709,82069888,112,1861,2,2801664,626688,16384
equicorr_interior_rho0_8_d20,20,18,0.8,interior,sobol_owen,4096,21,21724772,reduced_conditional,0.7756431109563157,0.7759598758853421,0.00031676492902643627,0.079698,0.604234541,0.683932541,82069888,112,1861,2,2801664,626688,16384
equicorr_interior_rho0_8_d20,20,18,0.8,interior,sobol_owen,4096,22,21724773,reduced_conditional,0.7763297549669204,0.7759598758853421,0.00036987908157826155,0.080531417,0.607650042,0.6881814589999999,82069888,112,1861,2,2801664,626688,16384
equicorr_interior_rho0_8_d20,20,18,0.8,interior,sobol_owen,4096,23,21724774,reduced_conditional,0.7761073721192726,0.7759598758853421,0.0001474962339305108,0.080711458,0.604009958,0.684721416,82069888,112,1861,2,2801664,626688,16384
equicorr_interior_rho0_8_d20,20,18,0.8,interior,sobol_owen,4096,24,21724775,reduced_conditional,0.7760722457435661,0.7759598758853421,0.00011236985822404844,0.249775833,0.604400833,0.8541766660000001,82069888,112,1861,2,2801664,626688,16384
equicorr_interior_rho0_8_d20,20,18,0.8,interior,sobol_owen,4096,25,21724776,reduced_conditional,0.77590703772064,0.7759598758853421,5.283816470214031e-5,0.079557708,0.603377,0.6829347080000001,82069888,112,1861,2,2801664,626688,16384
equicorr_interior_rho0_8_d20,20,18,0.8,interior,sobol_owen,4096,26,21724777,reduced_conditional,0.7760171236646031,0.7759598758853421,5.7247779260971576e-5,0.080124875,0.6039685,0.684093375,82069888,112,1861,2,2801664,626688,16384
equicorr_interior_rho0_8_d20,20,18,0.8,interior,sobol_owen,4096,27,21724778,reduced_conditional,0.775879419083768,0.7759598758853421,8.045680157409141e-5,0.081182333,0.606166709,0.687349042,82069888,112,1861,2,2801664,626688,16384
equicorr_interior_rho0_8_d20,20,18,0.8,interior,sobol_owen,4096,28,21724779,reduced_conditional,0.775930925605297,0.7759598758853421,2.8950280045125787e-5,0.080220542,0.604193375,0.6844139170000001,82069888,112,1861,2,2801664,626688,16384
equicorr_interior_rho0_8_d20,20,18,0.8,interior,sobol_owen,4096,29,21724780,reduced_conditional,0.7757967415119161,0.7759598758853421,0.00016313437342596604,0.080764584,0.603981917,0.684746501,82069888,112,1861,2,2801664,626688,16384
equicorr_interior_rho0_8_d20,20,18,0.8,interior,sobol_owen,4096,30,21724781,reduced_conditional,0.775845619515617,0.7759598758853421,0.00011425636972506314,0.249752875,0.606010833,0.855763708,82069888,112,1861,2,2801664,626688,16384
equicorr_interior_rho0_8_d20,20,18,0.8,interior,sobol_owen,16384,1,22953552,current_indicator,0.7781982421875,0.7759598758853421,0.0022383663021579014,0.37793825,1.867210375,2.245148625,333730688,18856224,1981,2683,NaN,NaN,NaN
equicorr_interior_rho0_8_d20,20,18,0.8,interior,sobol_owen,16384,2,22953553,current_indicator,0.7747802734375,0.7759598758853421,0.0011796024478420986,0.345664209,1.728632167,2.074296376,338449280,18856224,1981,2683,NaN,NaN,NaN
equicorr_interior_rho0_8_d20,20,18,0.8,interior,sobol_owen,16384,3,22953554,current_indicator,0.77532958984375,0.7759598758853421,0.0006302860415920986,0.659333417,1.704263417,2.363596834,336876416,20429088,1981,2683,NaN,NaN,NaN
equicorr_interior_rho0_8_d20,20,18,0.8,interior,sobol_owen,16384,4,22953555,current_indicator,0.7760009765625,0.7759598758853421,4.1100677157901444e-5,0.519492125,1.724116541,2.243608666,338449280,20429088,1981,2683,NaN,NaN,NaN
equicorr_interior_rho0_8_d20,20,18,0.8,interior,sobol_owen,16384,5,22953556,current_indicator,0.77642822265625,0.7759598758853421,0.00046834677090790144,0.515703583,1.732268458,2.247972041,338449280,18856224,1981,2683,NaN,NaN,NaN
equicorr_interior_rho0_8_d20,20,18,0.8,interior,sobol_owen,16384,6,22953557,current_indicator,0.77679443359375,0.7759598758853421,0.0008345577084079014,0.521751167,1.703988042,2.225739209,338449280,17283360,1981,2683,NaN,NaN,NaN
equicorr_interior_rho0_8_d20,20,18,0.8,interior,sobol_owen,16384,7,22953558,current_indicator,0.77740478515625,0.7759598758853421,0.0014449092709079014,0.514476334,1.714653542,2.229129876,338449280,18856224,1981,2683,NaN,NaN,NaN
equicorr_interior_rho0_8_d20,20,18,0.8,interior,sobol_owen,16384,8,22953559,current_indicator,0.77874755859375,0.7759598758853421,0.0027876827084079014,0.514653875,1.730279584,2.2449334590000003,336876416,18856224,1981,2683,NaN,NaN,NaN
equicorr_interior_rho0_8_d20,20,18,0.8,interior,sobol_owen,16384,9,22953560,current_indicator,0.77728271484375,0.7759598758853421,0.0013228389584079014,0.523576709,1.707383167,2.230959876,338449280,18856224,1981,2683,NaN,NaN,NaN
equicorr_interior_rho0_8_d20,20,18,0.8,interior,sobol_owen,16384,10,22953561,current_indicator,0.77392578125,0.7759598758853421,0.0020340946353420986,0.513385833,1.721041458,2.234427291,338449280,18856224,1981,2683,NaN,NaN,NaN
equicorr_interior_rho0_8_d20,20,18,0.8,interior,sobol_owen,16384,11,22953562,current_indicator,0.77825927734375,0.7759598758853421,0.0022994014584079014,0.512469875,1.706284625,2.2187545,338449280,18856224,1981,2683,NaN,NaN,NaN
equicorr_interior_rho0_8_d20,20,18,0.8,interior,sobol_owen,16384,12,22953563,current_indicator,0.775634765625,0.7759598758853421,0.00032511026034209856,0.516128916,1.714600417,2.230729333,338449280,18856224,1981,2683,NaN,NaN,NaN
equicorr_interior_rho0_8_d20,20,18,0.8,interior,sobol_owen,16384,13,22953564,current_indicator,0.77703857421875,0.7759598758853421,0.0010786983334079014,0.516127167,1.731181417,2.2473085839999998,338449280,17283360,1981,2683,NaN,NaN,NaN
equicorr_interior_rho0_8_d20,20,18,0.8,interior,sobol_owen,16384,14,22953565,current_indicator,0.77471923828125,0.7759598758853421,0.0012406376040920986,0.518334666,1.715583125,2.233917791,338449280,17283360,1981,2683,NaN,NaN,NaN
equicorr_interior_rho0_8_d20,20,18,0.8,interior,sobol_owen,16384,15,22953566,current_indicator,0.77520751953125,0.7759598758853421,0.0007523563540920986,0.512824292,1.717783084,2.230607376,338449280,18856224,1981,2683,NaN,NaN,NaN
equicorr_interior_rho0_8_d20,20,18,0.8,interior,sobol_owen,16384,16,22953567,current_indicator,0.778076171875,0.7759598758853421,0.0021162959896579014,0.511220166,1.705931,2.217151166,338449280,18856224,1981,2683,NaN,NaN,NaN
equicorr_interior_rho0_8_d20,20,18,0.8,interior,sobol_owen,16384,17,22953568,current_indicator,0.77777099609375,0.7759598758853421,0.0018111202084079014,0.507948917,1.725449875,2.233398792,338449280,18856224,1981,2683,NaN,NaN,NaN
equicorr_interior_rho0_8_d20,20,18,0.8,interior,sobol_owen,16384,18,22953569,current_indicator,0.77874755859375,0.7759598758853421,0.0027876827084079014,0.525932916,1.719362792,2.245295708,335303552,22001952,1981,2683,NaN,NaN,NaN
equicorr_interior_rho0_8_d20,20,18,0.8,interior,sobol_owen,16384,19,22953570,current_indicator,0.775146484375,0.7759598758853421,0.0008133915103420986,0.513091042,1.70625675,2.219347792,338449280,20429088,1981,2683,NaN,NaN,NaN
equicorr_interior_rho0_8_d20,20,18,0.8,interior,sobol_owen,16384,20,22953571,current_indicator,0.7764892578125,0.7759598758853421,0.0005293819271579014,0.496520709,1.708714416,2.205235125,338449280,18856224,1981,2683,NaN,NaN,NaN
equicorr_interior_rho0_8_d20,20,18,0.8,interior,sobol_owen,16384,21,22953572,current_indicator,0.77801513671875,0.7759598758853421,0.0020552608334079014,0.522043875,1.713337542,2.235381417,338449280,17283360,1981,2683,NaN,NaN,NaN
equicorr_interior_rho0_8_d20,20,18,0.8,interior,sobol_owen,16384,22,22953573,current_indicator,0.777099609375,0.7759598758853421,0.0011397334896579014,0.515115292,1.699853584,2.214968876,338449280,18856224,1981,2683,NaN,NaN,NaN
equicorr_interior_rho0_8_d20,20,18,0.8,interior,sobol_owen,16384,23,22953574,current_indicator,0.7777099609375,0.7759598758853421,0.0017500850521579014,0.519023125,1.7185305,2.237553625,336876416,20429088,1981,2683,NaN,NaN,NaN
equicorr_interior_rho0_8_d20,20,18,0.8,interior,sobol_owen,16384,24,22953575,current_indicator,0.7760009765625,0.7759598758853421,4.1100677157901444e-5,0.515135459,1.716804625,2.231940084,338449280,20429088,1981,2683,NaN,NaN,NaN
equicorr_interior_rho0_8_d20,20,18,0.8,interior,sobol_owen,16384,25,22953576,current_indicator,0.77886962890625,0.7759598758853421,0.0029097530209079014,0.515385459,1.729505792,2.2448912510000003,336876416,20429088,1981,2683,NaN,NaN,NaN
equicorr_interior_rho0_8_d20,20,18,0.8,interior,sobol_owen,16384,26,22953577,current_indicator,0.77520751953125,0.7759598758853421,0.0007523563540920986,0.516492084,1.723549291,2.240041375,338449280,20429088,1981,2683,NaN,NaN,NaN
equicorr_interior_rho0_8_d20,20,18,0.8,interior,sobol_owen,16384,27,22953578,current_indicator,0.77581787109375,0.7759598758853421,0.00014200479159209856,0.517103167,1.71968825,2.236791417,336876416,20429088,1981,2683,NaN,NaN,NaN
equicorr_interior_rho0_8_d20,20,18,0.8,interior,sobol_owen,16384,28,22953579,current_indicator,0.7777099609375,0.7759598758853421,0.0017500850521579014,0.518668542,1.722576917,2.241245459,338449280,20429088,1981,2683,NaN,NaN,NaN
equicorr_interior_rho0_8_d20,20,18,0.8,interior,sobol_owen,16384,29,22953580,current_indicator,0.77471923828125,0.7759598758853421,0.0012406376040920986,0.503582292,1.698968542,2.202550834,338449280,18856224,1981,2683,NaN,NaN,NaN
equicorr_interior_rho0_8_d20,20,18,0.8,interior,sobol_owen,16384,30,22953581,current_indicator,0.77386474609375,0.7759598758853421,0.0020951297915920986,0.512567792,1.72939675,2.241964542,336876416,20429088,1981,2683,NaN,NaN,NaN
equicorr_interior_rho0_8_d20,20,18,0.8,interior,sobol_owen,16384,1,22953552,reduced_conditional,0.7760535970565074,0.7759598758853421,9.372117116535073e-5,0.523635042,2.422482417,2.946117459,338449280,112,1981,2,11206656,2506752,65536
equicorr_interior_rho0_8_d20,20,18,0.8,interior,sobol_owen,16384,2,22953553,reduced_conditional,0.7758896517056592,0.7759598758853421,7.022417968294281e-5,0.505999709,2.420666666,2.926666375,333730688,112,1981,2,11206656,2506752,65536
equicorr_interior_rho0_8_d20,20,18,0.8,interior,sobol_owen,16384,3,22953554,reduced_conditional,0.7758407007818466,0.7759598758853421,0.00011917510349546134,0.515514792,2.420409542,2.935924334,336876416,112,1981,2,11206656,2506752,65536
equicorr_interior_rho0_8_d20,20,18,0.8,interior,sobol_owen,16384,4,22953555,reduced_conditional,0.7759207581225405,0.7759598758853421,3.9117762801632594e-5,0.512919333,2.4253655,2.938284833,335303552,112,1981,2,11206656,2506752,65536
equicorr_interior_rho0_8_d20,20,18,0.8,interior,sobol_owen,16384,5,22953556,reduced_conditional,0.7758410338191789,0.7759598758853421,0.00011884206616319393,0.513233916,2.418391708,2.931625624,335303552,112,1981,2,11206656,2506752,65536
equicorr_interior_rho0_8_d20,20,18,0.8,interior,sobol_owen,16384,6,22953557,reduced_conditional,0.7758696612046669,0.7759598758853421,9.021468067516025e-5,0.515677125,2.421282708,2.936959833,335303552,112,1981,2,11206656,2506752,65536
equicorr_interior_rho0_8_d20,20,18,0.8,interior,sobol_owen,16384,7,22953558,reduced_conditional,0.7758490835428083,0.7759598758853421,0.00011079234253374981,0.5179275,2.422092,2.9400195,335303552,112,1981,2,11206656,2506752,65536
equicorr_interior_rho0_8_d20,20,18,0.8,interior,sobol_owen,16384,8,22953559,reduced_conditional,0.7760331268523809,0.7759598758853421,7.325096703880707e-5,0.515253167,2.42207325,2.937326417,335303552,112,1981,2,11206656,2506752,65536
equicorr_interior_rho0_8_d20,20,18,0.8,interior,sobol_owen,16384,9,22953560,reduced_conditional,0.7759269460958433,0.7759598758853421,3.292978949875902e-5,0.504968167,2.416522875,2.921491042,335303552,112,1981,2,11206656,2506752,65536
equicorr_interior_rho0_8_d20,20,18,0.8,interior,sobol_owen,16384,10,22953561,reduced_conditional,0.7759492630609902,0.7759598758853421,1.0612824351885486e-5,0.511419666,2.426127042,2.937546708,335303552,112,1981,2,11206656,2506752,65536
equicorr_interior_rho0_8_d20,20,18,0.8,interior,sobol_owen,16384,11,22953562,reduced_conditional,0.7759774131809222,0.7759598758853421,1.7537295580072332e-5,0.529217542,2.427624667,2.956842209,335303552,112,1981,2,11206656,2506752,65536
equicorr_interior_rho0_8_d20,20,18,0.8,interior,sobol_owen,16384,12,22953563,reduced_conditional,0.7760609411772125,0.7759598758853421,0.0001010652918703725,0.522287875,2.432156125,2.954444,335303552,112,1981,2,11206656,2506752,65536
equicorr_interior_rho0_8_d20,20,18,0.8,interior,sobol_owen,16384,13,22953564,reduced_conditional,0.7761686106845384,0.7759598758853421,0.00020873479919625293,0.525207209,2.431570583,2.956777792,335303552,112,1981,2,11206656,2506752,65536
equicorr_interior_rho0_8_d20,20,18,0.8,interior,sobol_owen,16384,14,22953565,reduced_conditional,0.7760060764218292,0.7759598758853421,4.620053648707323e-5,0.489716458,2.444606792,2.9343232500000003,335303552,112,1981,2,11206656,2506752,65536
equicorr_interior_rho0_8_d20,20,18,0.8,interior,sobol_owen,16384,15,22953566,reduced_conditional,0.7758835326732054,0.7759598758853421,7.634321213667583e-5,0.522486042,2.439224917,2.9617109590000004,335303552,112,1981,2,11206656,2506752,65536
equicorr_interior_rho0_8_d20,20,18,0.8,interior,sobol_owen,16384,16,22953567,reduced_conditional,0.7759839975373363,0.7759598758853421,2.4121651994168936e-5,0.526497375,2.422522167,2.949019542,335303552,112,1981,2,11206656,2506752,65536
equicorr_interior_rho0_8_d20,20,18,0.8,interior,sobol_owen,16384,17,22953568,reduced_conditional,0.7759470926932391,0.7759598758853421,1.278319210296086e-5,0.520401042,2.419852792,2.940253834,335303552,112,1981,2,11206656,2506752,65536
equicorr_interior_rho0_8_d20,20,18,0.8,interior,sobol_owen,16384,18,22953569,reduced_conditional,0.7760188068109539,0.7759598758853421,5.8930925611822005e-5,0.510021916,2.42312825,2.933150166,335303552,112,1981,2,11206656,2506752,65536
equicorr_interior_rho0_8_d20,20,18,0.8,interior,sobol_owen,16384,19,22953570,reduced_conditional,0.7760116893396433,0.7759598758853421,5.181345430116391e-5,0.523941125,2.422256375,2.9461975,335303552,112,1981,2,11206656,2506752,65536
equicorr_interior_rho0_8_d20,20,18,0.8,interior,sobol_owen,16384,20,22953571,reduced_conditional,0.7761052268024423,0.7759598758853421,0.00014535091710021764,0.520673791,2.429021833,2.9496956240000003,335303552,112,1981,2,11206656,2506752,65536
equicorr_interior_rho0_8_d20,20,18,0.8,interior,sobol_owen,16384,21,22953572,reduced_conditional,0.7759633613073815,0.7759598758853421,3.4854220394286983e-6,0.519290333,2.425278833,2.944569166,335303552,112,1981,2,11206656,2506752,65536
equicorr_interior_rho0_8_d20,20,18,0.8,interior,sobol_owen,16384,22,22953573,reduced_conditional,0.776013077871442,0.7759598758853421,5.320198609992666e-5,0.515157375,2.425363167,2.940520542,335303552,112,1981,2,11206656,2506752,65536
equicorr_interior_rho0_8_d20,20,18,0.8,interior,sobol_owen,16384,23,22953574,reduced_conditional,0.7758576575427232,0.7759598758853421,0.00010221834261892049,0.517199083,2.419307625,2.936506708,335303552,112,1981,2,11206656,2506752,65536
equicorr_interior_rho0_8_d20,20,18,0.8,interior,sobol_owen,16384,24,22953575,reduced_conditional,0.7759407101586822,0.7759598758853421,1.9165726659942095e-5,0.518962375,2.425288459,2.944250834,335303552,112,1981,2,11206656,2506752,65536
equicorr_interior_rho0_8_d20,20,18,0.8,interior,sobol_owen,16384,25,22953576,reduced_conditional,0.7757770067931234,0.7759598758853421,0.00018286909221865155,0.523348542,2.4404475,2.963796042,335303552,112,1981,2,11206656,2506752,65536
equicorr_interior_rho0_8_d20,20,18,0.8,interior,sobol_owen,16384,26,22953577,reduced_conditional,0.776083338606879,0.7759598758853421,0.0001234627215368489,0.525120333,2.443077875,2.9681982080000004,335303552,112,1981,2,11206656,2506752,65536
equicorr_interior_rho0_8_d20,20,18,0.8,interior,sobol_owen,16384,27,22953578,reduced_conditional,0.7759120679711488,0.7759598758853421,4.780791419334296e-5,0.520162209,2.432753792,2.952916001,335303552,112,1981,2,11206656,2506752,65536
equicorr_interior_rho0_8_d20,20,18,0.8,interior,sobol_owen,16384,28,22953579,reduced_conditional,0.7759175127542489,0.7759598758853421,4.236313109318157e-5,0.496354416,2.428625292,2.924979708,335303552,112,1981,2,11206656,2506752,65536
equicorr_interior_rho0_8_d20,20,18,0.8,interior,sobol_owen,16384,29,22953580,reduced_conditional,0.7759803055625312,0.7759598758853421,2.042967718907107e-5,0.498824291,2.432912292,2.931736583,335303552,112,1981,2,11206656,2506752,65536
equicorr_interior_rho0_8_d20,20,18,0.8,interior,sobol_owen,16384,30,22953581,reduced_conditional,0.7760883689032382,0.7759598758853421,0.0001284930178960808,0.502971583,2.4299205,2.932892083,335303552,112,1981,2,11206656,2506752,65536
equicorr_cdf_rho0_3_d50,50,48,0.3,cdf,sobol_owen,256,2,50840753,current_indicator,0.6328125,0.6084183319983416,0.02439416800165839,0.067992542,0.466550084,0.534542626,19377456,214995728,109339,41671,NaN,NaN,NaN
equicorr_cdf_rho0_3_d50,50,48,0.3,cdf,sobol_owen,256,3,50840754,current_indicator,0.625,0.6084183319983416,0.01658166800165839,0.0128375,0.442614,0.4554515,14089744,214995728,3990,41671,NaN,NaN,NaN
equicorr_cdf_rho0_3_d50,50,48,0.3,cdf,sobol_owen,256,4,50840755,current_indicator,0.56640625,0.6084183319983416,0.04201208199834161,0.014295375,0.445876958,0.460172333,14089744,214995728,3990,41671,NaN,NaN,NaN
equicorr_cdf_rho0_3_d50,50,48,0.3,cdf,sobol_owen,256,5,50840756,current_indicator,0.625,0.6084183319983416,0.01658166800165839,0.013133709,0.442829541,0.45596325,14089744,214995728,3990,41671,NaN,NaN,NaN
equicorr_cdf_rho0_3_d50,50,48,0.3,cdf,sobol_owen,256,6,50840757,current_indicator,0.609375,0.6084183319983416,0.0009566680016583895,0.01330275,0.443270417,0.456573167,14089744,214995728,3990,41671,NaN,NaN,NaN
equicorr_cdf_rho0_3_d50,50,48,0.3,cdf,sobol_owen,256,7,50840758,current_indicator,0.640625,0.6084183319983416,0.03220666800165839,0.013949625,0.446250167,0.460199792,14089744,214995728,3990,41671,NaN,NaN,NaN
equicorr_cdf_rho0_3_d50,50,48,0.3,cdf,sobol_owen,256,8,50840759,current_indicator,0.57421875,0.6084183319983416,0.03419958199834161,0.012624167,0.442075459,0.454699626,14089744,214995728,3990,41671,NaN,NaN,NaN
equicorr_cdf_rho0_3_d50,50,48,0.3,cdf,sobol_owen,256,9,50840760,current_indicator,0.59765625,0.6084183319983416,0.01076208199834161,0.012854916,0.440897375,0.453752291,14089744,214995728,3990,41671,NaN,NaN,NaN
equicorr_cdf_rho0_3_d50,50,48,0.3,cdf,sobol_owen,256,10,50840761,current_indicator,0.609375,0.6084183319983416,0.0009566680016583895,0.014096959,0.445244334,0.45934129300000004,14089744,214995728,3990,41671,NaN,NaN,NaN
equicorr_cdf_rho0_3_d50,50,48,0.3,cdf,sobol_owen,256,11,50840762,current_indicator,0.59765625,0.6084183319983416,0.01076208199834161,0.012347625,0.438979084,0.451326709,14089744,214995728,3990,41671,NaN,NaN,NaN
equicorr_cdf_rho0_3_d50,50,48,0.3,cdf,sobol_owen,256,12,50840763,current_indicator,0.609375,0.6084183319983416,0.0009566680016583895,0.012548042,0.44077375,0.453321792,14089744,214995728,3990,41671,NaN,NaN,NaN
equicorr_cdf_rho0_3_d50,50,48,0.3,cdf,sobol_owen,256,13,50840764,current_indicator,0.6171875,0.6084183319983416,0.00876916800165839,0.01315525,0.444352416,0.457507666,14089744,214995728,3990,41671,NaN,NaN,NaN
equicorr_cdf_rho0_3_d50,50,48,0.3,cdf,sobol_owen,256,14,50840765,current_indicator,0.6015625,0.6084183319983416,0.0068558319983416105,0.01272475,0.442491875,0.455216625,14089744,214995728,3990,41671,NaN,NaN,NaN
equicorr_cdf_rho0_3_d50,50,48,0.3,cdf,sobol_owen,256,15,50840766,current_indicator,0.59375,0.6084183319983416,0.01466833199834161,0.013058208,0.449744125,0.462802333,14089744,214995728,3990,41671,NaN,NaN,NaN
equicorr_cdf_rho0_3_d50,50,48,0.3,cdf,sobol_owen,256,16,50840767,current_indicator,0.5859375,0.6084183319983416,0.02248083199834161,0.013258666,0.441174125,0.45443279099999995,14089744,214995728,3990,41671,NaN,NaN,NaN
equicorr_cdf_rho0_3_d50,50,48,0.3,cdf,sobol_owen,256,17,50840768,current_indicator,0.5625,0.6084183319983416,0.04591833199834161,0.013507417,0.447961208,0.461468625,14089744,214995728,3990,41671,NaN,NaN,NaN
equicorr_cdf_rho0_3_d50,50,48,0.3,cdf,sobol_owen,256,18,50840769,current_indicator,0.6015625,0.6084183319983416,0.0068558319983416105,0.012613625,0.434219416,0.44683304100000004,14089744,214995728,3990,41671,NaN,NaN,NaN
equicorr_cdf_rho0_3_d50,50,48,0.3,cdf,sobol_owen,256,19,50840770,current_indicator,0.60546875,0.6084183319983416,0.0029495819983416105,0.012568792,0.436528375,0.449097167,14089744,214995728,3990,41671,NaN,NaN,NaN
equicorr_cdf_rho0_3_d50,50,48,0.3,cdf,sobol_owen,256,20,50840771,current_indicator,0.62890625,0.6084183319983416,0.02048791800165839,0.01267525,0.4401085,0.45278375000000004,14089744,214995728,3990,41671,NaN,NaN,NaN
equicorr_cdf_rho0_3_d50,50,48,0.3,cdf,sobol_owen,256,21,50840772,current_indicator,0.57421875,0.6084183319983416,0.03419958199834161,0.013234833,0.437000709,0.450235542,14089744,214995728,3990,41671,NaN,NaN,NaN
equicorr_cdf_rho0_3_d50,50,48,0.3,cdf,sobol_owen,256,22,50840773,current_indicator,0.59375,0.6084183319983416,0.01466833199834161,0.012645708,0.440421916,0.453067624,14089744,214995728,3990,41671,NaN,NaN,NaN
equicorr_cdf_rho0_3_d50,50,48,0.3,cdf,sobol_owen,256,23,50840774,current_indicator,0.62890625,0.6084183319983416,0.02048791800165839,0.012877333,0.442670875,0.455548208,14089744,214995728,3990,41671,NaN,NaN,NaN
equicorr_cdf_rho0_3_d50,50,48,0.3,cdf,sobol_owen,256,24,50840775,current_indicator,0.60546875,0.6084183319983416,0.0029495819983416105,0.012686375,0.454183041,0.466869416,14089744,214995728,3990,41671,NaN,NaN,NaN
equicorr_cdf_rho0_3_d50,50,48,0.3,cdf,sobol_owen,256,25,50840776,current_indicator,0.58984375,0.6084183319983416,0.01857458199834161,0.013393083,0.446764041,0.460157124,14089744,214995728,3990,41671,NaN,NaN,NaN
equicorr_cdf_rho0_3_d50,50,48,0.3,cdf,sobol_owen,256,26,50840777,current_indicator,0.5859375,0.6084183319983416,0.02248083199834161,0.012851542,0.445890625,0.458742167,14089744,214995728,3990,41671,NaN,NaN,NaN
equicorr_cdf_rho0_3_d50,50,48,0.3,cdf,sobol_owen,256,27,50840778,current_indicator,0.625,0.6084183319983416,0.01658166800165839,0.013063208,0.44335225,0.456415458,14089744,214995728,3990,41671,NaN,NaN,NaN
equicorr_cdf_rho0_3_d50,50,48,0.3,cdf,sobol_owen,256,28,50840779,current_indicator,0.6171875,0.6084183319983416,0.00876916800165839,0.0129165,0.438728583,0.451645083,14089744,214995728,3990,41671,NaN,NaN,NaN
equicorr_cdf_rho0_3_d50,50,48,0.3,cdf,sobol_owen,256,29,50840780,current_indicator,0.60546875,0.6084183319983416,0.0029495819983416105,0.012615708,0.439746916,0.452362624,14089744,214995728,3990,41671,NaN,NaN,NaN
equicorr_cdf_rho0_3_d50,50,48,0.3,cdf,sobol_owen,256,30,50840781,current_indicator,0.625,0.6084183319983416,0.01658166800165839,0.013033709,0.64103275,0.654066459,14089744,214995728,3990,41671,NaN,NaN,NaN
equicorr_cdf_rho0_3_d50,50,48,0.3,cdf,sobol_owen,256,2,50840753,reduced_conditional,0.6080964597562111,0.6084183319983416,0.00032187224213053867,0.012499584,0.22437625,0.236875834,14089744,112,3990,2,890880,288768,256
equicorr_cdf_rho0_3_d50,50,48,0.3,cdf,sobol_owen,256,3,50840754,reduced_conditional,0.6108522836917478,0.6084183319983416,0.002433951693406211,0.023462542,0.22366725,0.24712979200000001,14089744,112,3990,2,890880,288768,256
equicorr_cdf_rho0_3_d50,50,48,0.3,cdf,sobol_owen,256,4,50840755,reduced_conditional,0.6017241343381866,0.6084183319983416,0.006694197660154999,0.012410792,0.225584,0.237994792,14089744,112,3990,2,890880,288768,256
equicorr_cdf_rho0_3_d50,50,48,0.3,cdf,sobol_owen,256,5,50840756,reduced_conditional,0.6074559525250979,0.6084183319983416,0.0009623794732437352,0.012307667,0.225638083,0.23794574999999998,14089744,112,3990,2,890880,288768,256
equicorr_cdf_rho0_3_d50,50,48,0.3,cdf,sobol_owen,256,6,50840757,reduced_conditional,0.60912941581065,0.6084183319983416,0.000711083812308444,0.013501167,0.223521708,0.23702287500000002,14089744,112,3990,2,890880,288768,256
equicorr_cdf_rho0_3_d50,50,48,0.3,cdf,sobol_owen,256,7,50840758,reduced_conditional,0.6097890872176849,0.6084183319983416,0.001370755219343267,0.013611292,0.223262834,0.236874126,14089744,112,3990,2,890880,288768,256
equicorr_cdf_rho0_3_d50,50,48,0.3,cdf,sobol_owen,256,8,50840759,reduced_conditional,0.6032654220207632,0.6084183319983416,0.005152909977578446,0.029514834,0.224508417,0.254023251,14089744,112,3990,2,890880,288768,256
equicorr_cdf_rho0_3_d50,50,48,0.3,cdf,sobol_owen,256,9,50840760,reduced_conditional,0.6052760155931428,0.6084183319983416,0.0031423164051987973,0.012485458,0.223493209,0.235978667,14089744,112,3990,2,890880,288768,256
equicorr_cdf_rho0_3_d50,50,48,0.3,cdf,sobol_owen,256,10,50840761,reduced_conditional,0.6057938084093567,0.6084183319983416,0.002624523588984906,0.012935125,0.223482292,0.236417417,14089744,112,3990,2,890880,288768,256
equicorr_cdf_rho0_3_d50,50,48,0.3,cdf,sobol_owen,256,11,50840762,reduced_conditional,0.6003432965101582,0.6084183319983416,0.008075035488183446,0.012454167,0.222904708,0.235358875,14089744,112,3990,2,890880,288768,256
equicorr_cdf_rho0_3_d50,50,48,0.3,cdf,sobol_owen,256,12,50840763,reduced_conditional,0.6094024012953061,0.6084183319983416,0.0009840692969644849,0.013280917,0.223507375,0.236788292,14089744,112,3990,2,890880,288768,256
equicorr_cdf_rho0_3_d50,50,48,0.3,cdf,sobol_owen,256,13,50840764,reduced_conditional,0.608770178992765,0.6084183319983416,0.000351846994423366,0.0122125,0.225416792,0.237629292,14089744,112,3990,2,890880,288768,256
equicorr_cdf_rho0_3_d50,50,48,0.3,cdf,sobol_owen,256,14,50840765,reduced_conditional,0.6079457123067825,0.6084183319983416,0.0004726196915590952,0.013215209,0.224300083,0.23751529200000002,14089744,112,3990,2,890880,288768,256
equicorr_cdf_rho0_3_d50,50,48,0.3,cdf,sobol_owen,256,15,50840766,reduced_conditional,0.6089227063538939,0.6084183319983416,0.0005043743555522839,0.012255333,0.229407208,0.241662541,14089744,112,3990,2,890880,288768,256
equicorr_cdf_rho0_3_d50,50,48,0.3,cdf,sobol_owen,256,16,50840767,reduced_conditional,0.6059621372106347,0.6084183319983416,0.002456194787706867,0.013326458,0.224202167,0.237528625,14089744,112,3990,2,890880,288768,256
equicorr_cdf_rho0_3_d50,50,48,0.3,cdf,sobol_owen,256,17,50840768,reduced_conditional,0.6100814950942253,0.6084183319983416,0.0016631630958836574,0.01213525,0.223234042,0.235369292,14089744,112,3990,2,890880,288768,256
equicorr_cdf_rho0_3_d50,50,48,0.3,cdf,sobol_owen,256,18,50840769,reduced_conditional,0.6072277430086822,0.6084183319983416,0.0011905889896594024,0.0133365,0.223419625,0.236756125,14089744,112,3990,2,890880,288768,256
equicorr_cdf_rho0_3_d50,50,48,0.3,cdf,sobol_owen,256,19,50840770,reduced_conditional,0.6087499166982515,0.6084183319983416,0.0003315846999099037,0.013185834,0.223646083,0.236831917,14089744,112,3990,2,890880,288768,256
equicorr_cdf_rho0_3_d50,50,48,0.3,cdf,sobol_owen,256,20,50840771,reduced_conditional,0.6077778643411539,0.6084183319983416,0.0006404676571877266,0.012955583,0.222521083,0.235476666,14089744,112,3990,2,890880,288768,256
equicorr_cdf_rho0_3_d50,50,48,0.3,cdf,sobol_owen,256,21,50840772,reduced_conditional,0.6066791477876038,0.6084183319983416,0.0017391842107378208,0.013321416,0.224035041,0.237356457,14089744,112,3990,2,890880,288768,256
equicorr_cdf_rho0_3_d50,50,48,0.3,cdf,sobol_owen,256,22,50840773,reduced_conditional,0.607812820832318,0.6084183319983416,0.0006055111660235868,0.013004,0.225266875,0.238270875,14089744,112,3990,2,890880,288768,256
equicorr_cdf_rho0_3_d50,50,48,0.3,cdf,sobol_owen,256,23,50840774,reduced_conditional,0.6077430677427192,0.6084183319983416,0.0006752642556223654,0.013277208,0.224426334,0.23770354200000002,14089744,112,3990,2,890880,288768,256
equicorr_cdf_rho0_3_d50,50,48,0.3,cdf,sobol_owen,256,24,50840775,reduced_conditional,0.6097588649127249,0.6084183319983416,0.0013405329143832967,0.012897833,0.224052209,0.236950042,14089744,112,3990,2,890880,288768,256
equicorr_cdf_rho0_3_d50,50,48,0.3,cdf,sobol_owen,256,25,50840776,reduced_conditional,0.609473877686738,0.6084183319983416,0.0010555456883963865,0.013397458,0.224308625,0.237706083,14089744,112,3990,2,890880,288768,256
equicorr_cdf_rho0_3_d50,50,48,0.3,cdf,sobol_owen,256,26,50840777,reduced_conditional,0.6077788295613209,0.6084183319983416,0.0006395024370207114,0.01299375,0.223818125,0.236811875,14089744,112,3990,2,890880,288768,256
equicorr_cdf_rho0_3_d50,50,48,0.3,cdf,sobol_owen,256,27,50840778,reduced_conditional,0.6090983050057032,0.6084183319983416,0.0006799730073615562,0.01356275,0.223805334,0.237368084,14089744,112,3990,2,890880,288768,256
equicorr_cdf_rho0_3_d50,50,48,0.3,cdf,sobol_owen,256,28,50840779,reduced_conditional,0.6106945688924771,0.6084183319983416,0.002276236894135475,0.012908542,0.225276833,0.238185375,14089744,112,3990,2,890880,288768,256
equicorr_cdf_rho0_3_d50,50,48,0.3,cdf,sobol_owen,256,29,50840780,reduced_conditional,0.6012821120809595,0.6084183319983416,0.007136219917382114,0.012761625,0.224349709,0.237111334,14089744,112,3990,2,890880,288768,256
equicorr_cdf_rho0_3_d50,50,48,0.3,cdf,sobol_owen,256,30,50840781,reduced_conditional,0.6056424493384183,0.6084183319983416,0.0027758826599233455,0.012909333,0.223324959,0.23623429199999998,14089744,112,3990,2,890880,288768,256
equicorr_cdf_rho0_3_d50,50,48,0.3,cdf,sobol_owen,1024,1,50917552,current_indicator,0.591796875,0.6084183319983416,0.01662145699834161,0.051564084,1.726004834,1.777568918,51947296,216482576,4291,41671,NaN,NaN,NaN
equicorr_cdf_rho0_3_d50,50,48,0.3,cdf,sobol_owen,1024,2,50917553,current_indicator,0.61328125,0.6084183319983416,0.0048629180016583895,0.049182917,1.733411542,1.782594459,51947296,216482576,4291,41671,NaN,NaN,NaN
equicorr_cdf_rho0_3_d50,50,48,0.3,cdf,sobol_owen,1024,3,50917554,current_indicator,0.623046875,0.6084183319983416,0.01462854300165839,0.049061291,1.712588792,1.761650083,51947296,216482576,4291,41671,NaN,NaN,NaN
equicorr_cdf_rho0_3_d50,50,48,0.3,cdf,sobol_owen,1024,4,50917555,current_indicator,0.609375,0.6084183319983416,0.0009566680016583895,0.237355125,1.730789583,1.968144708,51947296,216482576,4291,41671,NaN,NaN,NaN
equicorr_cdf_rho0_3_d50,50,48,0.3,cdf,sobol_owen,1024,5,50917556,current_indicator,0.6064453125,0.6084183319983416,0.0019730194983416105,0.050154166,1.724021458,1.774175624,51947296,216482576,4291,41671,NaN,NaN,NaN
equicorr_cdf_rho0_3_d50,50,48,0.3,cdf,sobol_owen,1024,6,50917557,current_indicator,0.6162109375,0.6084183319983416,0.0077926055016583895,0.049697916,1.737164584,1.7868625,51947296,216482576,4291,41671,NaN,NaN,NaN
equicorr_cdf_rho0_3_d50,50,48,0.3,cdf,sobol_owen,1024,7,50917558,current_indicator,0.62109375,0.6084183319983416,0.01267541800165839,0.050017875,1.722228958,1.772246833,51947296,216482576,4291,41671,NaN,NaN,NaN
equicorr_cdf_rho0_3_d50,50,48,0.3,cdf,sobol_owen,1024,8,50917559,current_indicator,0.60546875,0.6084183319983416,0.0029495819983416105,0.048680583,1.721038292,1.7697188750000001,51947296,216482576,4291,41671,NaN,NaN,NaN
equicorr_cdf_rho0_3_d50,50,48,0.3,cdf,sobol_owen,1024,9,50917560,current_indicator,0.6123046875,0.6084183319983416,0.0038863555016583895,0.049744834,1.723005875,1.7727507089999999,51947296,216482576,4291,41671,NaN,NaN,NaN
equicorr_cdf_rho0_3_d50,50,48,0.3,cdf,sobol_owen,1024,10,50917561,current_indicator,0.611328125,0.6084183319983416,0.0029097930016583895,0.0501475,1.7210315,1.771179,51947296,216482576,4291,41671,NaN,NaN,NaN
equicorr_cdf_rho0_3_d50,50,48,0.3,cdf,sobol_owen,1024,11,50917562,current_indicator,0.6142578125,0.6084183319983416,0.0058394805016583895,0.239730583,1.713019042,1.952749625,51947296,216482576,4291,41671,NaN,NaN,NaN
equicorr_cdf_rho0_3_d50,50,48,0.3,cdf,sobol_owen,1024,12,50917563,current_indicator,0.6181640625,0.6084183319983416,0.00974573050165839,0.04919675,1.713943875,1.763140625,51947296,216482576,4291,41671,NaN,NaN,NaN
equicorr_cdf_rho0_3_d50,50,48,0.3,cdf,sobol_owen,1024,13,50917564,current_indicator,0.595703125,0.6084183319983416,0.01271520699834161,0.050878375,1.731119542,1.781997917,51947296,216482576,4291,41671,NaN,NaN,NaN
equicorr_cdf_rho0_3_d50,50,48,0.3,cdf,sobol_owen,1024,14,50917565,current_indicator,0.6142578125,0.6084183319983416,0.0058394805016583895,0.049095167,1.7131795,1.762274667,51947296,216482576,4291,41671,NaN,NaN,NaN
equicorr_cdf_rho0_3_d50,50,48,0.3,cdf,sobol_owen,1024,15,50917566,current_indicator,0.615234375,0.6084183319983416,0.0068160430016583895,0.049048791,1.726686542,1.7757353329999999,51947296,216482576,4291,41671,NaN,NaN,NaN
equicorr_cdf_rho0_3_d50,50,48,0.3,cdf,sobol_owen,1024,16,50917567,current_indicator,0.6181640625,0.6084183319983416,0.00974573050165839,0.049466792,1.70488325,1.754350042,51947296,216482576,4291,41671,NaN,NaN,NaN
equicorr_cdf_rho0_3_d50,50,48,0.3,cdf,sobol_owen,1024,17,50917568,current_indicator,0.6083984375,0.6084183319983416,1.98944983416105e-5,0.050330375,1.740927459,1.7912578339999998,51947296,216482576,4291,41671,NaN,NaN,NaN
equicorr_cdf_rho0_3_d50,50,48,0.3,cdf,sobol_owen,1024,18,50917569,current_indicator,0.6083984375,0.6084183319983416,1.98944983416105e-5,0.071392041,1.880788083,1.952180124,51947296,216482576,4291,41671,NaN,NaN,NaN
equicorr_cdf_rho0_3_d50,50,48,0.3,cdf,sobol_owen,1024,19,50917570,current_indicator,0.6162109375,0.6084183319983416,0.0077926055016583895,0.05003025,1.730462041,1.780492291,51947296,216482576,4291,41671,NaN,NaN,NaN
equicorr_cdf_rho0_3_d50,50,48,0.3,cdf,sobol_owen,1024,20,50917571,current_indicator,0.6162109375,0.6084183319983416,0.0077926055016583895,0.051364958,1.716290917,1.767655875,51947296,216482576,4291,41671,NaN,NaN,NaN
equicorr_cdf_rho0_3_d50,50,48,0.3,cdf,sobol_owen,1024,21,50917572,current_indicator,0.615234375,0.6084183319983416,0.0068160430016583895,0.049411708,1.70968425,1.759095958,51947296,216482576,4291,41671,NaN,NaN,NaN
equicorr_cdf_rho0_3_d50,50,48,0.3,cdf,sobol_owen,1024,22,50917573,current_indicator,0.5947265625,0.6084183319983416,0.01369176949834161,0.050125834,1.726795667,1.776921501,51947296,216482576,4291,41671,NaN,NaN,NaN
equicorr_cdf_rho0_3_d50,50,48,0.3,cdf,sobol_owen,1024,23,50917574,current_indicator,0.611328125,0.6084183319983416,0.0029097930016583895,0.050302041,1.719552083,1.7698541239999999,51947296,216482576,4291,41671,NaN,NaN,NaN
equicorr_cdf_rho0_3_d50,50,48,0.3,cdf,sobol_owen,1024,24,50917575,current_indicator,0.6123046875,0.6084183319983416,0.0038863555016583895,0.048731958,1.719157458,1.767889416,51947296,216482576,4291,41671,NaN,NaN,NaN
equicorr_cdf_rho0_3_d50,50,48,0.3,cdf,sobol_owen,1024,25,50917576,current_indicator,0.61328125,0.6084183319983416,0.0048629180016583895,0.05067325,1.896326958,1.947000208,51947296,216482576,4291,41671,NaN,NaN,NaN
equicorr_cdf_rho0_3_d50,50,48,0.3,cdf,sobol_owen,1024,26,50917577,current_indicator,0.603515625,0.6084183319983416,0.0049027069983416105,0.049184542,1.723373458,1.772558,51947296,216482576,4291,41671,NaN,NaN,NaN
equicorr_cdf_rho0_3_d50,50,48,0.3,cdf,sobol_owen,1024,27,50917578,current_indicator,0.623046875,0.6084183319983416,0.01462854300165839,0.049724917,1.726389333,1.77611425,51947296,216482576,4291,41671,NaN,NaN,NaN
equicorr_cdf_rho0_3_d50,50,48,0.3,cdf,sobol_owen,1024,28,50917579,current_indicator,0.6025390625,0.6084183319983416,0.0058792694983416105,0.050316042,1.724714834,1.775030876,51947296,216482576,4291,41671,NaN,NaN,NaN
equicorr_cdf_rho0_3_d50,50,48,0.3,cdf,sobol_owen,1024,29,50917580,current_indicator,0.615234375,0.6084183319983416,0.0068160430016583895,0.049977917,1.728337041,1.7783149580000002,51947296,216482576,4291,41671,NaN,NaN,NaN
equicorr_cdf_rho0_3_d50,50,48,0.3,cdf,sobol_owen,1024,30,50917581,current_indicator,0.6005859375,0.6084183319983416,0.00783239449834161,0.05070625,1.720882542,1.771588792,51947296,216482576,4291,41671,NaN,NaN,NaN
equicorr_cdf_rho0_3_d50,50,48,0.3,cdf,sobol_owen,1024,1,50917552,reduced_conditional,0.608795313384827,0.6084183319983416,0.0003769813864853422,0.049419041,0.897567417,0.946986458,51947296,112,4291,2,3563520,1155072,1024
equicorr_cdf_rho0_3_d50,50,48,0.3,cdf,sobol_owen,1024,2,50917553,reduced_conditional,0.609591777728663,0.6084183319983416,0.0011734457303214096,0.050228084,0.902082292,0.952310376,51947296,112,4291,2,3563520,1155072,1024
equicorr_cdf_rho0_3_d50,50,48,0.3,cdf,sobol_owen,1024,3,50917554,reduced_conditional,0.6090284083163721,0.6084183319983416,0.0006100763180304503,0.233702292,0.896156166,1.129858458,51947296,112,4291,2,3563520,1155072,1024
equicorr_cdf_rho0_3_d50,50,48,0.3,cdf,sobol_owen,1024,4,50917555,reduced_conditional,0.6101821902148186,0.6084183319983416,0.0017638582164769545,0.05012925,0.896774959,0.946904209,51947296,112,4291,2,3563520,1155072,1024
equicorr_cdf_rho0_3_d50,50,48,0.3,cdf,sobol_owen,1024,5,50917556,reduced_conditional,0.6091344666174059,0.6084183319983416,0.0007161346190642792,0.052299792,0.898435375,0.950735167,51947296,112,4291,2,3563520,1155072,1024
equicorr_cdf_rho0_3_d50,50,48,0.3,cdf,sobol_owen,1024,6,50917557,reduced_conditional,0.60862567833471,0.6084183319983416,0.00020734633636843025,0.048811583,0.898493417,0.947305,51947296,112,4291,2,3563520,1155072,1024
equicorr_cdf_rho0_3_d50,50,48,0.3,cdf,sobol_owen,1024,7,50917558,reduced_conditional,0.6088219486473481,0.6084183319983416,0.0004036166490064552,0.048563625,0.896187458,0.944751083,51947296,112,4291,2,3563520,1155072,1024
equicorr_cdf_rho0_3_d50,50,48,0.3,cdf,sobol_owen,1024,8,50917559,reduced_conditional,0.6082725292516646,0.6084183319983416,0.00014580274667697068,0.049969334,0.89536375,0.945333084,51947296,112,4291,2,3563520,1155072,1024
equicorr_cdf_rho0_3_d50,50,48,0.3,cdf,sobol_owen,1024,9,50917560,reduced_conditional,0.607790857951861,0.6084183319983416,0.0006274740464805584,0.049647625,0.895459917,0.945107542,51947296,112,4291,2,3563520,1155072,1024
equicorr_cdf_rho0_3_d50,50,48,0.3,cdf,sobol_owen,1024,10,50917561,reduced_conditional,0.6093269529718649,0.6084183319983416,0.0009086209735232886,0.050878208,0.898952167,0.949830375,51947296,112,4291,2,3563520,1155072,1024
equicorr_cdf_rho0_3_d50,50,48,0.3,cdf,sobol_owen,1024,11,50917562,reduced_conditional,0.6083411500702363,0.6084183319983416,7.718192810535207e-5,0.049399834,0.893290792,0.942690626,51947296,112,4291,2,3563520,1155072,1024
equicorr_cdf_rho0_3_d50,50,48,0.3,cdf,sobol_owen,1024,12,50917563,reduced_conditional,0.6079548594989796,0.6084183319983416,0.000463472499361961,0.050545667,0.895118708,0.945664375,51947296,112,4291,2,3563520,1155072,1024
equicorr_cdf_rho0_3_d50,50,48,0.3,cdf,sobol_owen,1024,13,50917564,reduced_conditional,0.6081213095566672,0.6084183319983416,0.0002970224416743994,0.052361,0.896487875,0.948848875,51947296,112,4291,2,3563520,1155072,1024
equicorr_cdf_rho0_3_d50,50,48,0.3,cdf,sobol_owen,1024,14,50917565,reduced_conditional,0.6078973709518141,0.6084183319983416,0.000520961046527546,0.050600458,0.899054166,0.949654624,51947296,112,4291,2,3563520,1155072,1024
equicorr_cdf_rho0_3_d50,50,48,0.3,cdf,sobol_owen,1024,15,50917566,reduced_conditional,0.6066294245187873,0.6084183319983416,0.0017889074795542914,0.050122166,0.89455375,0.944675916,51947296,112,4291,2,3563520,1155072,1024
equicorr_cdf_rho0_3_d50,50,48,0.3,cdf,sobol_owen,1024,16,50917567,reduced_conditional,0.610061007463449,0.6084183319983416,0.001642675465107435,0.050528666,0.895083834,0.9456125,51947296,112,4291,2,3563520,1155072,1024
equicorr_cdf_rho0_3_d50,50,48,0.3,cdf,sobol_owen,1024,17,50917568,reduced_conditional,0.6092150955735449,0.6084183319983416,0.0007967635752033075,0.236907166,0.909161875,1.146069041,51947296,112,4291,2,3563520,1155072,1024
equicorr_cdf_rho0_3_d50,50,48,0.3,cdf,sobol_owen,1024,18,50917569,reduced_conditional,0.607341051373707,0.6084183319983416,0.0010772806246346356,0.05001575,0.89691125,0.9469270000000001,51947296,112,4291,2,3563520,1155072,1024
equicorr_cdf_rho0_3_d50,50,48,0.3,cdf,sobol_owen,1024,19,50917570,reduced_conditional,0.6092843040901557,0.6084183319983416,0.000865972091814049,0.051368834,0.896409791,0.947778625,51947296,112,4291,2,3563520,1155072,1024
equicorr_cdf_rho0_3_d50,50,48,0.3,cdf,sobol_owen,1024,20,50917571,reduced_conditional,0.6093121473063748,0.6084183319983416,0.0008938153080332301,0.049036875,0.897987292,0.947024167,51947296,112,4291,2,3563520,1155072,1024
equicorr_cdf_rho0_3_d50,50,48,0.3,cdf,sobol_owen,1024,21,50917572,reduced_conditional,0.6086896563809883,0.6084183319983416,0.0002713243826466538,0.049275333,0.899421166,0.948696499,51947296,112,4291,2,3563520,1155072,1024
equicorr_cdf_rho0_3_d50,50,48,0.3,cdf,sobol_owen,1024,22,50917573,reduced_conditional,0.6073020105135646,0.6084183319983416,0.0011163214847770275,0.049623458,0.894523625,0.944147083,51947296,112,4291,2,3563520,1155072,1024
equicorr_cdf_rho0_3_d50,50,48,0.3,cdf,sobol_owen,1024,23,50917574,reduced_conditional,0.608898425030737,0.6084183319983416,0.0004800930323953789,0.049487458,0.894016667,0.943504125,51947296,112,4291,2,3563520,1155072,1024
equicorr_cdf_rho0_3_d50,50,48,0.3,cdf,sobol_owen,1024,24,50917575,reduced_conditional,0.6063855109341496,0.6084183319983416,0.002032821064192003,0.053385125,0.892639417,0.9460245420000001,51947296,112,4291,2,3563520,1155072,1024
equicorr_cdf_rho0_3_d50,50,48,0.3,cdf,sobol_owen,1024,25,50917576,reduced_conditional,0.6083001448768378,0.6084183319983416,0.00011818712150379884,0.049740083,0.90232025,0.952060333,51947296,112,4291,2,3563520,1155072,1024
equicorr_cdf_rho0_3_d50,50,48,0.3,cdf,sobol_owen,1024,26,50917577,reduced_conditional,0.6075934473485625,0.6084183319983416,0.0008248846497791451,0.05014925,0.894840042,0.944989292,51947296,112,4291,2,3563520,1155072,1024
equicorr_cdf_rho0_3_d50,50,48,0.3,cdf,sobol_owen,1024,27,50917578,reduced_conditional,0.6078954761650853,0.6084183319983416,0.000522855833256286,0.049703708,0.893508542,0.94321225,51947296,112,4291,2,3563520,1155072,1024
equicorr_cdf_rho0_3_d50,50,48,0.3,cdf,sobol_owen,1024,28,50917579,reduced_conditional,0.60864313136806,0.6084183319983416,0.0002247993697184203,0.04944325,0.89704275,0.946486,51947296,112,4291,2,3563520,1155072,1024
equicorr_cdf_rho0_3_d50,50,48,0.3,cdf,sobol_owen,1024,29,50917580,reduced_conditional,0.6081811150696399,0.6084183319983416,0.00023721692870171118,0.04931075,0.893071958,0.942382708,51947296,112,4291,2,3563520,1155072,1024
equicorr_cdf_rho0_3_d50,50,48,0.3,cdf,sobol_owen,1024,30,50917581,reduced_conditional,0.6073634488001158,0.6084183319983416,0.0010548831982257756,0.049024042,0.894347083,0.943371125,51947296,112,4291,2,3563520,1155072,1024
equicorr_cdf_rho0_3_d50,50,48,0.3,cdf,sobol_owen,4096,1,51224752,reduced_conditional,0.6084213010284296,0.6084183319983416,2.969030088006974e-6,0.209002958,3.57290375,3.781906708,205144096,112,4591,2,14254080,4620288,4096
equicorr_cdf_rho0_3_d50,50,48,0.3,cdf,sobol_owen,4096,2,51224753,reduced_conditional,0.6085398920782005,0.6084183319983416,0.0001215600798588623,0.382430166,3.571963333,3.954393499,205144096,112,4591,2,14254080,4620288,4096
equicorr_cdf_rho0_3_d50,50,48,0.3,cdf,sobol_owen,4096,3,51224754,reduced_conditional,0.607780356112951,0.6084183319983416,0.000637975885390607,0.20585625,3.573491041,3.779347291,205144096,112,4591,2,14254080,4620288,4096
equicorr_cdf_rho0_3_d50,50,48,0.3,cdf,sobol_owen,4096,4,51224755,reduced_conditional,0.6084170724677832,0.6084183319983416,1.2595305584062189e-6,0.348796542,3.567366083,3.916162625,205144096,112,4591,2,14254080,4620288,4096
equicorr_cdf_rho0_3_d50,50,48,0.3,cdf,sobol_owen,4096,5,51224756,reduced_conditional,0.6082165903974588,0.6084183319983416,0.000201741600882821,0.206445958,3.583732917,3.790178875,205144096,112,4591,2,14254080,4620288,4096
equicorr_cdf_rho0_3_d50,50,48,0.3,cdf,sobol_owen,4096,6,51224757,reduced_conditional,0.6087807075465204,0.6084183319983416,0.0003623755481787505,0.378898167,3.593401166,3.972299333,205144096,112,4591,2,14254080,4620288,4096
equicorr_cdf_rho0_3_d50,50,48,0.3,cdf,sobol_owen,4096,7,51224758,reduced_conditional,0.6084826442552963,0.6084183319983416,6.431225695469056e-5,0.207093583,3.583179583,3.790273166,205144096,112,4591,2,14254080,4620288,4096
equicorr_cdf_rho0_3_d50,50,48,0.3,cdf,sobol_owen,4096,8,51224759,reduced_conditional,0.6082467613844728,0.6084183319983416,0.00017157061386885442,0.382186375,3.573226417,3.9554127919999997,205144096,112,4591,2,14254080,4620288,4096
equicorr_cdf_rho0_3_d50,50,48,0.3,cdf,sobol_owen,4096,9,51224760,reduced_conditional,0.6085982083975309,0.6084183319983416,0.00017987639918926046,0.365924917,3.572607459,3.938532376,205144096,112,4591,2,14254080,4620288,4096
equicorr_cdf_rho0_3_d50,50,48,0.3,cdf,sobol_owen,4096,10,51224761,reduced_conditional,0.6083301975385864,0.6084183319983416,8.813445975519585e-5,0.202640625,3.575005042,3.777645667,205144096,112,4591,2,14254080,4620288,4096
equicorr_cdf_rho0_3_d50,50,48,0.3,cdf,sobol_owen,4096,11,51224762,reduced_conditional,0.6086544418875536,0.6084183319983416,0.00023610988921196618,0.37525525,3.577272875,3.9525281249999997,205144096,112,4591,2,14254080,4620288,4096
equicorr_cdf_rho0_3_d50,50,48,0.3,cdf,sobol_owen,4096,12,51224763,reduced_conditional,0.6082863262464407,0.6084183319983416,0.0001320057519008655,0.201111458,3.573228125,3.774339583,205144096,112,4591,2,14254080,4620288,4096
equicorr_cdf_rho0_3_d50,50,48,0.3,cdf,sobol_owen,4096,13,51224764,reduced_conditional,0.60879780770715,0.6084183319983416,0.00037947570880836334,0.383264083,3.580968875,3.9642329579999998,205144096,112,4591,2,14254080,4620288,4096
equicorr_cdf_rho0_3_d50,50,48,0.3,cdf,sobol_owen,4096,14,51224765,reduced_conditional,0.6092043015808171,0.6084183319983416,0.0007859695824754542,0.204792959,3.593012334,3.797805293,205144096,112,4591,2,14254080,4620288,4096
equicorr_cdf_rho0_3_d50,50,48,0.3,cdf,sobol_owen,4096,15,51224766,reduced_conditional,0.6091336287541566,0.6084183319983416,0.0007152967558149426,0.396321042,3.591812833,3.988133875,205144096,112,4591,2,14254080,4620288,4096
equicorr_cdf_rho0_3_d50,50,48,0.3,cdf,sobol_owen,4096,16,51224767,reduced_conditional,0.6086724212979046,0.6084183319983416,0.0002540892995629429,0.205963084,3.587630667,3.793593751,205144096,112,4591,2,14254080,4620288,4096
equicorr_cdf_rho0_3_d50,50,48,0.3,cdf,sobol_owen,4096,17,51224768,reduced_conditional,0.6082329810486591,0.6084183319983416,0.00018535094968252785,0.385363291,3.575731792,3.961095083,205144096,112,4591,2,14254080,4620288,4096
equicorr_cdf_rho0_3_d50,50,48,0.3,cdf,sobol_owen,4096,18,51224769,reduced_conditional,0.6083485668243187,0.6084183319983416,6.97651740229066e-5,0.210775458,3.574280333,3.785055791,205144096,112,4591,2,14254080,4620288,4096
equicorr_cdf_rho0_3_d50,50,48,0.3,cdf,sobol_owen,4096,19,51224770,reduced_conditional,0.6078403244571258,0.6084183319983416,0.0005780075412158414,0.38890875,3.571660542,3.960569292,205144096,112,4591,2,14254080,4620288,4096
equicorr_cdf_rho0_3_d50,50,48,0.3,cdf,sobol_owen,4096,20,51224771,reduced_conditional,0.6085743322380078,0.6084183319983416,0.00015600023966622079,0.200661416,3.569998875,3.770660291,205144096,112,4591,2,14254080,4620288,4096
equicorr_cdf_rho0_3_d50,50,48,0.3,cdf,sobol_owen,4096,21,51224772,reduced_conditional,0.6079454647542806,0.6084183319983416,0.0004728672440610371,0.382008709,3.576313541,3.95832225,205144096,112,4591,2,14254080,4620288,4096
equicorr_cdf_rho0_3_d50,50,48,0.3,cdf,sobol_owen,4096,22,51224773,reduced_conditional,0.608616885155252,0.6084183319983416,0.0001985531569104193,0.382877709,3.574336834,3.957214543,205144096,112,4591,2,14254080,4620288,4096
equicorr_cdf_rho0_3_d50,50,48,0.3,cdf,sobol_owen,4096,23,51224774,reduced_conditional,0.6079186801231019,0.6084183319983416,0.0004996518752397039,0.200611958,3.668146375,3.868758333,205144096,112,4591,2,14254080,4620288,4096
equicorr_cdf_rho0_3_d50,50,48,0.3,cdf,sobol_owen,4096,24,51224775,reduced_conditional,0.6085929465685569,0.6084183319983416,0.00017461457021528126,0.259438541,3.623867125,3.883305666,205144096,112,4591,2,14254080,4620288,4096
equicorr_cdf_rho0_3_d50,50,48,0.3,cdf,sobol_owen,4096,25,51224776,reduced_conditional,0.608474604910445,0.6084183319983416,5.627291210341667e-5,0.384371916,3.573929,3.9583009160000002,205144096,112,4591,2,14254080,4620288,4096
equicorr_cdf_rho0_3_d50,50,48,0.3,cdf,sobol_owen,4096,26,51224777,reduced_conditional,0.6081345818711514,0.6084183319983416,0.00028375012719017434,0.384724666,3.576004875,3.960729541,205144096,112,4591,2,14254080,4620288,4096
equicorr_cdf_rho0_3_d50,50,48,0.3,cdf,sobol_owen,4096,27,51224778,reduced_conditional,0.6087116816575594,0.6084183319983416,0.00029334965921778977,0.203194667,3.580499125,3.783693792,205144096,112,4591,2,14254080,4620288,4096
equicorr_cdf_rho0_3_d50,50,48,0.3,cdf,sobol_owen,4096,28,51224779,reduced_conditional,0.6080437667411042,0.6084183319983416,0.00037456525723744694,0.380559292,3.614719416,3.995278708,205144096,112,4591,2,14254080,4620288,4096
equicorr_cdf_rho0_3_d50,50,48,0.3,cdf,sobol_owen,4096,29,51224780,reduced_conditional,0.6085969281389315,0.6084183319983416,0.00017859614058990392,0.20219425,3.579335458,3.781529708,205144096,112,4591,2,14254080,4620288,4096
equicorr_cdf_rho0_3_d50,50,48,0.3,cdf,sobol_owen,4096,30,51224781,reduced_conditional,0.6077706488802589,0.6084183319983416,0.0006476831180827203,0.386545833,3.576587834,3.963133667,205144096,112,4591,2,14254080,4620288,4096
equicorr_interior_rho0_3_d50,50,48,0.3,interior,sobol_owen,256,2,50840753,current_indicator,0.51171875,0.5116750445854734,4.370541452658472e-5,0.012210917,0.448129791,0.460340708,14089744,214995728,3990,41671,NaN,NaN,NaN
equicorr_interior_rho0_3_d50,50,48,0.3,interior,sobol_owen,256,3,50840754,current_indicator,0.49609375,0.5116750445854734,0.015581294585473415,0.012611792,0.433333416,0.44594520800000004,14089744,214995728,3990,41671,NaN,NaN,NaN
equicorr_interior_rho0_3_d50,50,48,0.3,interior,sobol_owen,256,4,50840755,current_indicator,0.5078125,0.5116750445854734,0.0038625445854734153,0.012856416,0.434758041,0.44761445699999997,14089744,214995728,3990,41671,NaN,NaN,NaN
equicorr_interior_rho0_3_d50,50,48,0.3,interior,sobol_owen,256,5,50840756,current_indicator,0.484375,0.5116750445854734,0.027300044585473415,0.012757334,0.437536625,0.450293959,14089744,214995728,3990,41671,NaN,NaN,NaN
equicorr_interior_rho0_3_d50,50,48,0.3,interior,sobol_owen,256,6,50840757,current_indicator,0.49609375,0.5116750445854734,0.015581294585473415,0.012581208,0.434366333,0.446947541,14089744,214995728,3990,41671,NaN,NaN,NaN
equicorr_interior_rho0_3_d50,50,48,0.3,interior,sobol_owen,256,7,50840758,current_indicator,0.53515625,0.5116750445854734,0.023481205414526585,0.012558792,0.435150292,0.447709084,14089744,214995728,3990,41671,NaN,NaN,NaN
equicorr_interior_rho0_3_d50,50,48,0.3,interior,sobol_owen,256,8,50840759,current_indicator,0.54296875,0.5116750445854734,0.031293705414526585,0.012483542,0.43442625,0.44690979200000003,14089744,214995728,3990,41671,NaN,NaN,NaN
equicorr_interior_rho0_3_d50,50,48,0.3,interior,sobol_owen,256,9,50840760,current_indicator,0.51171875,0.5116750445854734,4.370541452658472e-5,0.012528166,0.444365167,0.456893333,14089744,214995728,3990,41671,NaN,NaN,NaN
equicorr_interior_rho0_3_d50,50,48,0.3,interior,sobol_owen,256,10,50840761,current_indicator,0.51953125,0.5116750445854734,0.007856205414526585,0.012538666,0.441087,0.453625666,14089744,214995728,3990,41671,NaN,NaN,NaN
equicorr_interior_rho0_3_d50,50,48,0.3,interior,sobol_owen,256,11,50840762,current_indicator,0.45703125,0.5116750445854734,0.054643794585473415,0.012647541,0.436940541,0.449588082,14089744,214995728,3990,41671,NaN,NaN,NaN
equicorr_interior_rho0_3_d50,50,48,0.3,interior,sobol_owen,256,12,50840763,current_indicator,0.5234375,0.5116750445854734,0.011762455414526585,0.01353775,0.44417975,0.4577175,14089744,214995728,3990,41671,NaN,NaN,NaN
equicorr_interior_rho0_3_d50,50,48,0.3,interior,sobol_owen,256,13,50840764,current_indicator,0.53125,0.5116750445854734,0.019574955414526585,0.012647167,0.435675792,0.448322959,14089744,214995728,3990,41671,NaN,NaN,NaN
equicorr_interior_rho0_3_d50,50,48,0.3,interior,sobol_owen,256,14,50840765,current_indicator,0.49609375,0.5116750445854734,0.015581294585473415,0.012615959,0.439998958,0.452614917,14089744,214995728,3990,41671,NaN,NaN,NaN
equicorr_interior_rho0_3_d50,50,48,0.3,interior,sobol_owen,256,15,50840766,current_indicator,0.50390625,0.5116750445854734,0.007768794585473415,0.012874875,0.436282875,0.44915775,14089744,214995728,3990,41671,NaN,NaN,NaN
equicorr_interior_rho0_3_d50,50,48,0.3,interior,sobol_owen,256,16,50840767,current_indicator,0.53125,0.5116750445854734,0.019574955414526585,0.012483,0.430577833,0.44306083300000004,14089744,214995728,3990,41671,NaN,NaN,NaN
equicorr_interior_rho0_3_d50,50,48,0.3,interior,sobol_owen,256,17,50840768,current_indicator,0.46875,0.5116750445854734,0.042925044585473415,0.012556,0.436513709,0.44906970900000004,14089744,214995728,3990,41671,NaN,NaN,NaN
equicorr_interior_rho0_3_d50,50,48,0.3,interior,sobol_owen,256,18,50840769,current_indicator,0.5,0.5116750445854734,0.011675044585473415,0.012596709,0.439810959,0.452407668,14089744,214995728,3990,41671,NaN,NaN,NaN
equicorr_interior_rho0_3_d50,50,48,0.3,interior,sobol_owen,256,19,50840770,current_indicator,0.5390625,0.5116750445854734,0.027387455414526585,0.012386458,0.43742725,0.449813708,14089744,214995728,3990,41671,NaN,NaN,NaN
equicorr_interior_rho0_3_d50,50,48,0.3,interior,sobol_owen,256,20,50840771,current_indicator,0.4921875,0.5116750445854734,0.019487544585473415,0.01260375,0.434153375,0.44675712500000003,14089744,214995728,3990,41671,NaN,NaN,NaN
equicorr_interior_rho0_3_d50,50,48,0.3,interior,sobol_owen,256,21,50840772,current_indicator,0.49609375,0.5116750445854734,0.015581294585473415,0.012609583,0.433230875,0.445840458,14089744,214995728,3990,41671,NaN,NaN,NaN
equicorr_interior_rho0_3_d50,50,48,0.3,interior,sobol_owen,256,22,50840773,current_indicator,0.48046875,0.5116750445854734,0.031206294585473415,0.012787625,0.432588375,0.44537600000000005,14089744,214995728,3990,41671,NaN,NaN,NaN
equicorr_interior_rho0_3_d50,50,48,0.3,interior,sobol_owen,256,23,50840774,current_indicator,0.53515625,0.5116750445854734,0.023481205414526585,0.012568375,0.434385292,0.446953667,14089744,214995728,3990,41671,NaN,NaN,NaN
equicorr_interior_rho0_3_d50,50,48,0.3,interior,sobol_owen,256,24,50840775,current_indicator,0.5390625,0.5116750445854734,0.027387455414526585,0.012673458,0.440692083,0.45336554100000004,14089744,214995728,3990,41671,NaN,NaN,NaN
equicorr_interior_rho0_3_d50,50,48,0.3,interior,sobol_owen,256,25,50840776,current_indicator,0.51171875,0.5116750445854734,4.370541452658472e-5,0.013066959,0.439422958,0.45248991699999996,14089744,214995728,3990,41671,NaN,NaN,NaN
equicorr_interior_rho0_3_d50,50,48,0.3,interior,sobol_owen,256,26,50840777,current_indicator,0.515625,0.5116750445854734,0.003949955414526585,0.012473584,0.4334395,0.44591308399999996,14089744,214995728,3990,41671,NaN,NaN,NaN
equicorr_interior_rho0_3_d50,50,48,0.3,interior,sobol_owen,256,27,50840778,current_indicator,0.53515625,0.5116750445854734,0.023481205414526585,0.013053917,0.435095834,0.44814975100000004,14089744,214995728,3990,41671,NaN,NaN,NaN
equicorr_interior_rho0_3_d50,50,48,0.3,interior,sobol_owen,256,28,50840779,current_indicator,0.515625,0.5116750445854734,0.003949955414526585,0.012558833,0.442015416,0.454574249,14089744,214995728,3990,41671,NaN,NaN,NaN
equicorr_interior_rho0_3_d50,50,48,0.3,interior,sobol_owen,256,29,50840780,current_indicator,0.48046875,0.5116750445854734,0.031206294585473415,0.012620375,0.434402,0.447022375,14089744,214995728,3990,41671,NaN,NaN,NaN
equicorr_interior_rho0_3_d50,50,48,0.3,interior,sobol_owen,256,30,50840781,current_indicator,0.5234375,0.5116750445854734,0.011762455414526585,0.012564167,0.623321125,0.635885292,14089744,214995728,3990,41671,NaN,NaN,NaN
equicorr_interior_rho0_3_d50,50,48,0.3,interior,sobol_owen,256,2,50840753,reduced_conditional,0.5111130300039238,0.5116750445854734,0.0005620145815495858,0.012208,0.319279792,0.331487792,14089744,112,3990,2,1204224,288768,1024
equicorr_interior_rho0_3_d50,50,48,0.3,interior,sobol_owen,256,3,50840754,reduced_conditional,0.5160676357902869,0.5116750445854734,0.004392591204813501,0.022465,0.320432209,0.34289720900000004,14089744,112,3990,2,1204224,288768,1024
equicorr_interior_rho0_3_d50,50,48,0.3,interior,sobol_owen,256,4,50840755,reduced_conditional,0.5007883764802061,0.5116750445854734,0.010886668105267283,0.012243875,0.322318166,0.33456204100000003,14089744,112,3990,2,1204224,288768,1024
equicorr_interior_rho0_3_d50,50,48,0.3,interior,sobol_owen,256,5,50840756,reduced_conditional,0.5143425534378625,0.5116750445854734,0.002667508852389089,0.012463792,0.318826583,0.33129037499999997,14089744,112,3990,2,1204224,288768,1024
equicorr_interior_rho0_3_d50,50,48,0.3,interior,sobol_owen,256,6,50840757,reduced_conditional,0.5111077492352478,0.5116750445854734,0.000567295350225594,0.01242275,0.31898425,0.331407,14089744,112,3990,2,1204224,288768,1024
equicorr_interior_rho0_3_d50,50,48,0.3,interior,sobol_owen,256,7,50840758,reduced_conditional,0.5120454536136732,0.5116750445854734,0.0003704090281997363,0.012318875,0.318513541,0.330832416,14089744,112,3990,2,1204224,288768,1024
equicorr_interior_rho0_3_d50,50,48,0.3,interior,sobol_owen,256,8,50840759,reduced_conditional,0.5080187075383394,0.5116750445854734,0.003656337047133973,0.01258175,0.319474791,0.332056541,14089744,112,3990,2,1204224,288768,1024
equicorr_interior_rho0_3_d50,50,48,0.3,interior,sobol_owen,256,9,50840760,reduced_conditional,0.5053795970108511,0.5116750445854734,0.006295447574622304,0.015686167,0.3186785,0.334364667,14089744,112,3990,2,1204224,288768,1024
equicorr_interior_rho0_3_d50,50,48,0.3,interior,sobol_owen,256,10,50840761,reduced_conditional,0.5071073169175374,0.5116750445854734,0.004567727667936006,0.012078959,0.318443167,0.330522126,14089744,112,3990,2,1204224,288768,1024
equicorr_interior_rho0_3_d50,50,48,0.3,interior,sobol_owen,256,11,50840762,reduced_conditional,0.5015168529971344,0.5116750445854734,0.010158191588338972,0.013190333,0.319636125,0.332826458,14089744,112,3990,2,1204224,288768,1024
equicorr_interior_rho0_3_d50,50,48,0.3,interior,sobol_owen,256,12,50840763,reduced_conditional,0.5109351754329496,0.5116750445854734,0.0007398691525237755,0.012152458,0.319153791,0.331306249,14089744,112,3990,2,1204224,288768,1024
equicorr_interior_rho0_3_d50,50,48,0.3,interior,sobol_owen,256,13,50840764,reduced_conditional,0.5159186765433201,0.5116750445854734,0.004243631957846716,0.012102375,0.319240625,0.331343,14089744,112,3990,2,1204224,288768,1024
equicorr_interior_rho0_3_d50,50,48,0.3,interior,sobol_owen,256,14,50840765,reduced_conditional,0.5111753383617529,0.5116750445854734,0.0004997062237205308,0.0130785,0.318668833,0.331747333,14089744,112,3990,2,1204224,288768,1024
equicorr_interior_rho0_3_d50,50,48,0.3,interior,sobol_owen,256,15,50840766,reduced_conditional,0.5114471575210453,0.5116750445854734,0.00022788706442811169,0.012814958,0.321481625,0.334296583,14089744,112,3990,2,1204224,288768,1024
equicorr_interior_rho0_3_d50,50,48,0.3,interior,sobol_owen,256,16,50840767,reduced_conditional,0.5134029280081428,0.5116750445854734,0.001727883422669385,0.012140834,0.320698583,0.33283941699999997,14089744,112,3990,2,1204224,288768,1024
equicorr_interior_rho0_3_d50,50,48,0.3,interior,sobol_owen,256,17,50840768,reduced_conditional,0.5137517298212404,0.5116750445854734,0.002076685235766984,0.013071042,0.318798542,0.331869584,14089744,112,3990,2,1204224,288768,1024
equicorr_interior_rho0_3_d50,50,48,0.3,interior,sobol_owen,256,18,50840769,reduced_conditional,0.5097152193066771,0.5116750445854734,0.0019598252787963455,0.012646375,0.318601709,0.331248084,14089744,112,3990,2,1204224,288768,1024
equicorr_interior_rho0_3_d50,50,48,0.3,interior,sobol_owen,256,19,50840770,reduced_conditional,0.5107686981283462,0.5116750445854734,0.0009063464571271718,0.013015208,0.319772208,0.332787416,14089744,112,3990,2,1204224,288768,1024
equicorr_interior_rho0_3_d50,50,48,0.3,interior,sobol_owen,256,20,50840771,reduced_conditional,0.50714082151896,0.5116750445854734,0.00453422306651341,0.012718917,0.323069708,0.335788625,14089744,112,3990,2,1204224,288768,1024
equicorr_interior_rho0_3_d50,50,48,0.3,interior,sobol_owen,256,21,50840772,reduced_conditional,0.5073563743619529,0.5116750445854734,0.004318670223520504,0.012903459,0.321119583,0.334023042,14089744,112,3990,2,1204224,288768,1024
equicorr_interior_rho0_3_d50,50,48,0.3,interior,sobol_owen,256,22,50840773,reduced_conditional,0.5111818173863505,0.5116750445854734,0.0004932271991229253,0.012954833,0.318408167,0.331363,14089744,112,3990,2,1204224,288768,1024
equicorr_interior_rho0_3_d50,50,48,0.3,interior,sobol_owen,256,23,50840774,reduced_conditional,0.5127832203521956,0.5116750445854734,0.0011081757667221748,0.012624083,0.32231725,0.334941333,14089744,112,3990,2,1204224,288768,1024
equicorr_interior_rho0_3_d50,50,48,0.3,interior,sobol_owen,256,24,50840775,reduced_conditional,0.5172634575356082,0.5116750445854734,0.005588412950134791,0.0130805,0.31871375,0.33179425,14089744,112,3990,2,1204224,288768,1024
equicorr_interior_rho0_3_d50,50,48,0.3,interior,sobol_owen,256,25,50840776,reduced_conditional,0.5136188880258061,0.5116750445854734,0.0019438434403327154,0.012820167,0.323824583,0.33664475,14089744,112,3990,2,1204224,288768,1024
equicorr_interior_rho0_3_d50,50,48,0.3,interior,sobol_owen,256,26,50840777,reduced_conditional,0.514311740228954,0.5116750445854734,0.002636695643480569,0.012998833,0.321032458,0.334031291,14089744,112,3990,2,1204224,288768,1024
equicorr_interior_rho0_3_d50,50,48,0.3,interior,sobol_owen,256,27,50840778,reduced_conditional,0.5128361433434345,0.5116750445854734,0.0011610987579611098,0.014426833,0.322609666,0.337036499,14089744,112,3990,2,1204224,288768,1024
equicorr_interior_rho0_3_d50,50,48,0.3,interior,sobol_owen,256,28,50840779,reduced_conditional,0.5182430901473533,0.5116750445854734,0.006568045561879843,0.013063792,0.3215165,0.334580292,14089744,112,3990,2,1204224,288768,1024
equicorr_interior_rho0_3_d50,50,48,0.3,interior,sobol_owen,256,29,50840780,reduced_conditional,0.49868511730361315,0.5116750445854734,0.01298992728186027,0.013299541,0.319383833,0.33268337400000003,14089744,112,3990,2,1204224,288768,1024
equicorr_interior_rho0_3_d50,50,48,0.3,interior,sobol_owen,256,30,50840781,reduced_conditional,0.5134042572655608,0.5116750445854734,0.0017292126800874108,0.012382792,0.318641708,0.3310245,14089744,112,3990,2,1204224,288768,1024
equicorr_interior_rho0_3_d50,50,48,0.3,interior,sobol_owen,1024,1,50917552,current_indicator,0.5166015625,0.5116750445854734,0.004926517914526585,0.050327541,1.694850417,1.745177958,51947296,216482576,4291,41671,NaN,NaN,NaN
equicorr_interior_rho0_3_d50,50,48,0.3,interior,sobol_owen,1024,2,50917553,current_indicator,0.525390625,0.5116750445854734,0.013715580414526585,0.0547335,1.695442083,1.750175583,51947296,216482576,4291,41671,NaN,NaN,NaN
equicorr_interior_rho0_3_d50,50,48,0.3,interior,sobol_owen,1024,3,50917554,current_indicator,0.5224609375,0.5116750445854734,0.010785892914526585,0.049517,1.886330792,1.9358477920000001,51947296,216482576,4291,41671,NaN,NaN,NaN
equicorr_interior_rho0_3_d50,50,48,0.3,interior,sobol_owen,1024,4,50917555,current_indicator,0.50390625,0.5116750445854734,0.007768794585473415,0.048653625,1.688052791,1.736706416,51947296,216482576,4291,41671,NaN,NaN,NaN
equicorr_interior_rho0_3_d50,50,48,0.3,interior,sobol_owen,1024,5,50917556,current_indicator,0.5166015625,0.5116750445854734,0.004926517914526585,0.048760625,1.703534083,1.752294708,51947296,216482576,4291,41671,NaN,NaN,NaN
equicorr_interior_rho0_3_d50,50,48,0.3,interior,sobol_owen,1024,6,50917557,current_indicator,0.5,0.5116750445854734,0.011675044585473415,0.049205292,1.695873125,1.745078417,51947296,216482576,4291,41671,NaN,NaN,NaN
equicorr_interior_rho0_3_d50,50,48,0.3,interior,sobol_owen,1024,7,50917558,current_indicator,0.525390625,0.5116750445854734,0.013715580414526585,0.04907925,1.701091417,1.750170667,51947296,216482576,4291,41671,NaN,NaN,NaN
equicorr_interior_rho0_3_d50,50,48,0.3,interior,sobol_owen,1024,8,50917559,current_indicator,0.4970703125,0.5116750445854734,0.014604732085473415,0.049378959,1.695457458,1.744836417,51947296,216482576,4291,41671,NaN,NaN,NaN
equicorr_interior_rho0_3_d50,50,48,0.3,interior,sobol_owen,1024,9,50917560,current_indicator,0.5029296875,0.5116750445854734,0.008745357085473415,0.049003833,1.694118792,1.743122625,51947296,216482576,4291,41671,NaN,NaN,NaN
equicorr_interior_rho0_3_d50,50,48,0.3,interior,sobol_owen,1024,10,50917561,current_indicator,0.5263671875,0.5116750445854734,0.014692142914526585,0.049100125,1.69767175,1.746771875,51947296,216482576,4291,41671,NaN,NaN,NaN
equicorr_interior_rho0_3_d50,50,48,0.3,interior,sobol_owen,1024,11,50917562,current_indicator,0.521484375,0.5116750445854734,0.009809330414526585,0.232960834,1.712995625,1.945956459,51947296,216482576,4291,41671,NaN,NaN,NaN
equicorr_interior_rho0_3_d50,50,48,0.3,interior,sobol_owen,1024,12,50917563,current_indicator,0.5078125,0.5116750445854734,0.0038625445854734153,0.048351541,1.700040042,1.7483915829999999,51947296,216482576,4291,41671,NaN,NaN,NaN
equicorr_interior_rho0_3_d50,50,48,0.3,interior,sobol_owen,1024,13,50917564,current_indicator,0.4921875,0.5116750445854734,0.019487544585473415,0.049558625,1.69987725,1.7494358749999999,51947296,216482576,4291,41671,NaN,NaN,NaN
equicorr_interior_rho0_3_d50,50,48,0.3,interior,sobol_owen,1024,14,50917565,current_indicator,0.521484375,0.5116750445854734,0.009809330414526585,0.048856792,1.7086265,1.757483292,51947296,216482576,4291,41671,NaN,NaN,NaN
equicorr_interior_rho0_3_d50,50,48,0.3,interior,sobol_owen,1024,15,50917566,current_indicator,0.4970703125,0.5116750445854734,0.014604732085473415,0.049310125,1.695794167,1.7451042920000002,51947296,216482576,4291,41671,NaN,NaN,NaN
equicorr_interior_rho0_3_d50,50,48,0.3,interior,sobol_owen,1024,16,50917567,current_indicator,0.5126953125,0.5116750445854734,0.0010202679145265847,0.049359042,1.706657,1.7560160420000002,51947296,216482576,4291,41671,NaN,NaN,NaN
equicorr_interior_rho0_3_d50,50,48,0.3,interior,sobol_owen,1024,17,50917568,current_indicator,0.505859375,0.5116750445854734,0.005815669585473415,0.052370375,1.899752042,1.952122417,51947296,216482576,4291,41671,NaN,NaN,NaN
equicorr_interior_rho0_3_d50,50,48,0.3,interior,sobol_owen,1024,18,50917569,current_indicator,0.5078125,0.5116750445854734,0.0038625445854734153,0.048741208,1.705908958,1.754650166,51947296,216482576,4291,41671,NaN,NaN,NaN
equicorr_interior_rho0_3_d50,50,48,0.3,interior,sobol_owen,1024,19,50917570,current_indicator,0.51953125,0.5116750445854734,0.007856205414526585,0.050140292,1.71058175,1.760722042,51947296,216482576,4291,41671,NaN,NaN,NaN
equicorr_interior_rho0_3_d50,50,48,0.3,interior,sobol_owen,1024,20,50917571,current_indicator,0.5078125,0.5116750445854734,0.0038625445854734153,0.0488285,1.699648666,1.748477166,51947296,216482576,4291,41671,NaN,NaN,NaN
equicorr_interior_rho0_3_d50,50,48,0.3,interior,sobol_owen,1024,21,50917572,current_indicator,0.50390625,0.5116750445854734,0.007768794585473415,0.049166959,1.708704792,1.757871751,51947296,216482576,4291,41671,NaN,NaN,NaN
equicorr_interior_rho0_3_d50,50,48,0.3,interior,sobol_owen,1024,22,50917573,current_indicator,0.498046875,0.5116750445854734,0.013628169585473415,0.049410833,1.717501333,1.766912166,51947296,216482576,4291,41671,NaN,NaN,NaN
equicorr_interior_rho0_3_d50,50,48,0.3,interior,sobol_owen,1024,23,50917574,current_indicator,0.5439453125,0.5116750445854734,0.032270267914526585,0.049480917,1.707248125,1.756729042,51947296,216482576,4291,41671,NaN,NaN,NaN
equicorr_interior_rho0_3_d50,50,48,0.3,interior,sobol_owen,1024,24,50917575,current_indicator,0.4990234375,0.5116750445854734,0.012651607085473415,0.049086209,1.696050042,1.745136251,51947296,216482576,4291,41671,NaN,NaN,NaN
equicorr_interior_rho0_3_d50,50,48,0.3,interior,sobol_owen,1024,25,50917576,current_indicator,0.513671875,0.5116750445854734,0.0019968304145265847,0.230799,1.715888208,1.946687208,51947296,216482576,4291,41671,NaN,NaN,NaN
equicorr_interior_rho0_3_d50,50,48,0.3,interior,sobol_owen,1024,26,50917577,current_indicator,0.4931640625,0.5116750445854734,0.018510982085473415,0.049458667,1.722759708,1.7722183749999998,51947296,216482576,4291,41671,NaN,NaN,NaN
equicorr_interior_rho0_3_d50,50,48,0.3,interior,sobol_owen,1024,27,50917578,current_indicator,0.5458984375,0.5116750445854734,0.034223392914526585,0.048628334,1.690742833,1.739371167,51947296,216482576,4291,41671,NaN,NaN,NaN
equicorr_interior_rho0_3_d50,50,48,0.3,interior,sobol_owen,1024,28,50917579,current_indicator,0.494140625,0.5116750445854734,0.017534419585473415,0.049634292,1.714871666,1.764505958,51947296,216482576,4291,41671,NaN,NaN,NaN
equicorr_interior_rho0_3_d50,50,48,0.3,interior,sobol_owen,1024,29,50917580,current_indicator,0.5166015625,0.5116750445854734,0.004926517914526585,0.04868475,1.699203917,1.747888667,51947296,216482576,4291,41671,NaN,NaN,NaN
equicorr_interior_rho0_3_d50,50,48,0.3,interior,sobol_owen,1024,30,50917581,current_indicator,0.50390625,0.5116750445854734,0.007768794585473415,0.049323416,1.708509125,1.757832541,51947296,216482576,4291,41671,NaN,NaN,NaN
equicorr_interior_rho0_3_d50,50,48,0.3,interior,sobol_owen,1024,1,50917552,reduced_conditional,0.5110020932733602,0.5116750445854734,0.0006729513121132014,0.050249167,1.281441292,1.331690459,51947296,112,4291,2,4816896,1155072,4096
equicorr_interior_rho0_3_d50,50,48,0.3,interior,sobol_owen,1024,2,50917553,reduced_conditional,0.5123772390347696,0.5116750445854734,0.0007021944492962007,0.231162875,1.282962166,1.5141250409999998,51947296,112,4291,2,4816896,1155072,4096
equicorr_interior_rho0_3_d50,50,48,0.3,interior,sobol_owen,1024,3,50917554,reduced_conditional,0.5138572636489148,0.5116750445854734,0.002182219063441404,0.049181042,1.277594667,1.326775709,51947296,112,4291,2,4816896,1155072,4096
equicorr_interior_rho0_3_d50,50,48,0.3,interior,sobol_owen,1024,4,50917555,reduced_conditional,0.5135766286746112,0.5116750445854734,0.0019015840891377644,0.052544791,1.278311583,1.3308563740000001,51947296,112,4291,2,4816896,1155072,4096
equicorr_interior_rho0_3_d50,50,48,0.3,interior,sobol_owen,1024,5,50917556,reduced_conditional,0.5121215691789089,0.5116750445854734,0.00044652459343552664,0.050971708,1.2880325,1.339004208,51947296,112,4291,2,4816896,1155072,4096
equicorr_interior_rho0_3_d50,50,48,0.3,interior,sobol_owen,1024,6,50917557,reduced_conditional,0.5137441755631158,0.5116750445854734,0.002069130977642386,0.0483845,1.279506125,1.327890625,51947296,112,4291,2,4816896,1155072,4096
equicorr_interior_rho0_3_d50,50,48,0.3,interior,sobol_owen,1024,7,50917558,reduced_conditional,0.5123294833006187,0.5116750445854734,0.0006544387151452558,0.049289042,1.279857667,1.329146709,51947296,112,4291,2,4816896,1155072,4096
equicorr_interior_rho0_3_d50,50,48,0.3,interior,sobol_owen,1024,8,50917559,reduced_conditional,0.5116827871574046,0.5116750445854734,7.742571931146358e-6,0.049751334,1.28966075,1.339412084,51947296,112,4291,2,4816896,1155072,4096
equicorr_interior_rho0_3_d50,50,48,0.3,interior,sobol_owen,1024,9,50917560,reduced_conditional,0.5101166755140666,0.5116750445854734,0.0015583690714068288,0.0497685,1.281801417,1.3315699170000002,51947296,112,4291,2,4816896,1155072,4096
equicorr_interior_rho0_3_d50,50,48,0.3,interior,sobol_owen,1024,10,50917561,reduced_conditional,0.5132219800810836,0.5116750445854734,0.0015469354956101355,0.049383583,1.282875334,1.332258917,51947296,112,4291,2,4816896,1155072,4096
equicorr_interior_rho0_3_d50,50,48,0.3,interior,sobol_owen,1024,11,50917562,reduced_conditional,0.5108372329925338,0.5116750445854734,0.0008378115929396079,0.049621417,1.278845416,1.328466833,51947296,112,4291,2,4816896,1155072,4096
equicorr_interior_rho0_3_d50,50,48,0.3,interior,sobol_owen,1024,12,50917563,reduced_conditional,0.5112886140032395,0.5116750445854734,0.0003864305822338654,0.049178375,1.282361417,1.331539792,51947296,112,4291,2,4816896,1155072,4096
equicorr_interior_rho0_3_d50,50,48,0.3,interior,sobol_owen,1024,13,50917564,reduced_conditional,0.5108830097567231,0.5116750445854734,0.0007920348287503431,0.0498495,1.277001,1.3268505000000002,51947296,112,4291,2,4816896,1155072,4096
equicorr_interior_rho0_3_d50,50,48,0.3,interior,sobol_owen,1024,14,50917565,reduced_conditional,0.509062058531064,0.5116750445854734,0.0026129860544094052,0.04884775,1.282585375,1.331433125,51947296,112,4291,2,4816896,1155072,4096
equicorr_interior_rho0_3_d50,50,48,0.3,interior,sobol_owen,1024,15,50917566,reduced_conditional,0.5100607493385168,0.5116750445854734,0.0016142952469566652,0.049230459,1.2802765,1.329506959,51947296,112,4291,2,4816896,1155072,4096
equicorr_interior_rho0_3_d50,50,48,0.3,interior,sobol_owen,1024,16,50917567,reduced_conditional,0.515249089891954,0.5116750445854734,0.0035740453064805333,0.229811375,1.284981833,1.514793208,51947296,112,4291,2,4816896,1155072,4096
equicorr_interior_rho0_3_d50,50,48,0.3,interior,sobol_owen,1024,17,50917568,reduced_conditional,0.510980693601211,0.5116750445854734,0.000694350984262404,0.048103958,1.286916959,1.335020917,51947296,112,4291,2,4816896,1155072,4096
equicorr_interior_rho0_3_d50,50,48,0.3,interior,sobol_owen,1024,18,50917569,reduced_conditional,0.5101384826240772,0.5116750445854734,0.0015365619613961767,0.048978791,1.2806645,1.329643291,51947296,112,4291,2,4816896,1155072,4096
equicorr_interior_rho0_3_d50,50,48,0.3,interior,sobol_owen,1024,19,50917570,reduced_conditional,0.5143015710248927,0.5116750445854734,0.0026265264394192966,0.048553292,1.276840333,1.325393625,51947296,112,4291,2,4816896,1155072,4096
equicorr_interior_rho0_3_d50,50,48,0.3,interior,sobol_owen,1024,20,50917571,reduced_conditional,0.5126102403806427,0.5116750445854734,0.0009351957951693191,0.049752,1.284181667,1.333933667,51947296,112,4291,2,4816896,1155072,4096
equicorr_interior_rho0_3_d50,50,48,0.3,interior,sobol_owen,1024,21,50917572,reduced_conditional,0.51073653073097,0.5116750445854734,0.0009385138545033866,0.050989542,1.27939475,1.330384292,51947296,112,4291,2,4816896,1155072,4096
equicorr_interior_rho0_3_d50,50,48,0.3,interior,sobol_owen,1024,22,50917573,reduced_conditional,0.5099549395091877,0.5116750445854734,0.0017201050762857273,0.050044375,1.275623167,1.325667542,51947296,112,4291,2,4816896,1155072,4096
equicorr_interior_rho0_3_d50,50,48,0.3,interior,sobol_owen,1024,23,50917574,reduced_conditional,0.5124318035125965,0.5116750445854734,0.0007567589271231245,0.049163916,1.280805208,1.329969124,51947296,112,4291,2,4816896,1155072,4096
equicorr_interior_rho0_3_d50,50,48,0.3,interior,sobol_owen,1024,24,50917575,reduced_conditional,0.5083443484237931,0.5116750445854734,0.0033306961616803576,0.050855,1.27967375,1.33052875,51947296,112,4291,2,4816896,1155072,4096
equicorr_interior_rho0_3_d50,50,48,0.3,interior,sobol_owen,1024,25,50917576,reduced_conditional,0.5106367658263673,0.5116750445854734,0.0010382787591061149,0.049262083,1.281957125,1.3312192079999998,51947296,112,4291,2,4816896,1155072,4096
equicorr_interior_rho0_3_d50,50,48,0.3,interior,sobol_owen,1024,26,50917577,reduced_conditional,0.5098948824881966,0.5116750445854734,0.0017801620972768273,0.049686125,1.281704625,1.33139075,51947296,112,4291,2,4816896,1155072,4096
equicorr_interior_rho0_3_d50,50,48,0.3,interior,sobol_owen,1024,27,50917578,reduced_conditional,0.5109195715446442,0.5116750445854734,0.0007554730408292354,0.050422709,1.286982958,1.337405667,51947296,112,4291,2,4816896,1155072,4096
equicorr_interior_rho0_3_d50,50,48,0.3,interior,sobol_owen,1024,28,50917579,reduced_conditional,0.5121479256886624,0.5116750445854734,0.00047288110318899346,0.050042333,1.2859165,1.3359588329999998,51947296,112,4291,2,4816896,1155072,4096
equicorr_interior_rho0_3_d50,50,48,0.3,interior,sobol_owen,1024,29,50917580,reduced_conditional,0.5114618075229037,0.5116750445854734,0.00021323706256970443,0.050506291,1.290052375,1.340558666,51947296,112,4291,2,4816896,1155072,4096
equicorr_interior_rho0_3_d50,50,48,0.3,interior,sobol_owen,1024,30,50917581,reduced_conditional,0.5107596333986194,0.5116750445854734,0.0009154111868540094,0.236908166,1.283506875,1.5204150410000001,51947296,112,4291,2,4816896,1155072,4096
equicorr_interior_rho0_3_d50,50,48,0.3,interior,sobol_owen,4096,1,51224752,reduced_conditional,0.5121202547071966,0.5116750445854734,0.00044521012172316077,0.216207833,5.144270625,5.360478458,205144096,112,4591,2,19267584,4620288,16384
equicorr_interior_rho0_3_d50,50,48,0.3,interior,sobol_owen,4096,2,51224753,reduced_conditional,0.5115762344209815,0.5116750445854734,9.88101644918693e-5,0.387885,5.13074675,5.51863175,205144096,112,4591,2,19267584,4620288,16384
equicorr_interior_rho0_3_d50,50,48,0.3,interior,sobol_owen,4096,3,51224754,reduced_conditional,0.5107353641465182,0.5116750445854734,0.0009396804389552038,0.203751166,5.124288792,5.328039958,205144096,112,4591,2,19267584,4620288,16384
equicorr_interior_rho0_3_d50,50,48,0.3,interior,sobol_owen,4096,4,51224755,reduced_conditional,0.5108848676979064,0.5116750445854734,0.0007901768875669957,0.385839917,5.13188325,5.517723167,205144096,112,4591,2,19267584,4620288,16384
equicorr_interior_rho0_3_d50,50,48,0.3,interior,sobol_owen,4096,5,51224756,reduced_conditional,0.5108668401592059,0.5116750445854734,0.0008082044262675003,0.38211975,5.127115583,5.509235333,205144096,112,4591,2,19267584,4620288,16384
equicorr_interior_rho0_3_d50,50,48,0.3,interior,sobol_owen,4096,6,51224757,reduced_conditional,0.5115504631908538,0.5116750445854734,0.00012458139461957174,0.20175075,5.12283825,5.3245890000000005,205144096,112,4591,2,19267584,4620288,16384
equicorr_interior_rho0_3_d50,50,48,0.3,interior,sobol_owen,4096,7,51224758,reduced_conditional,0.5117862861519284,0.5116750445854734,0.00011124156645503369,0.3802345,5.13680075,5.51703525,205144096,112,4591,2,19267584,4620288,16384
equicorr_interior_rho0_3_d50,50,48,0.3,interior,sobol_owen,4096,8,51224759,reduced_conditional,0.5106402037271205,0.5116750445854734,0.0010348408583529256,0.203886083,5.143722542,5.3476086249999994,205144096,112,4591,2,19267584,4620288,16384
equicorr_interior_rho0_3_d50,50,48,0.3,interior,sobol_owen,4096,9,51224760,reduced_conditional,0.5120857455182319,0.5116750445854734,0.00041070093275852315,0.204740417,5.141948459,5.346688876,205144096,112,4591,2,19267584,4620288,16384
equicorr_interior_rho0_3_d50,50,48,0.3,interior,sobol_owen,4096,10,51224761,reduced_conditional,0.5115315293491801,0.5116750445854734,0.0001435152362933012,0.366256666,5.153825375,5.520082041,205144096,112,4591,2,19267584,4620288,16384
equicorr_interior_rho0_3_d50,50,48,0.3,interior,sobol_owen,4096,11,51224762,reduced_conditional,0.5120326562080083,0.5116750445854734,0.0003576116225348924,0.367935042,5.131089541,5.499024583,205144096,112,4591,2,19267584,4620288,16384
equicorr_interior_rho0_3_d50,50,48,0.3,interior,sobol_owen,4096,12,51224763,reduced_conditional,0.5114291306426527,0.5116750445854734,0.0002459139428206969,0.205374291,5.135246084,5.340620375,205144096,112,4591,2,19267584,4620288,16384
equicorr_interior_rho0_3_d50,50,48,0.3,interior,sobol_owen,4096,13,51224764,reduced_conditional,0.5116296336742654,0.5116750445854734,4.541091120802143e-5,0.385760834,5.131327083,5.5170879170000005,205144096,112,4591,2,19267584,4620288,16384
equicorr_interior_rho0_3_d50,50,48,0.3,interior,sobol_owen,4096,14,51224765,reduced_conditional,0.5130021269017657,0.5116750445854734,0.0013270823162923051,0.202353458,5.137994625,5.340348083,205144096,112,4591,2,19267584,4620288,16384
equicorr_interior_rho0_3_d50,50,48,0.3,interior,sobol_owen,4096,15,51224766,reduced_conditional,0.5130719611591515,0.5116750445854734,0.0013969165736781308,0.394073625,5.145291291,5.539364916,205144096,112,4591,2,19267584,4620288,16384
equicorr_interior_rho0_3_d50,50,48,0.3,interior,sobol_owen,4096,16,51224767,reduced_conditional,0.5113030361744042,0.5116750445854734,0.00037200841106921345,0.202391334,5.118728042,5.3211193759999995,205144096,112,4591,2,19267584,4620288,16384
equicorr_interior_rho0_3_d50,50,48,0.3,interior,sobol_owen,4096,17,51224768,reduced_conditional,0.5113523702375575,0.5116750445854734,0.00032267434791588556,0.201791833,5.121179083,5.322970916,205144096,112,4591,2,19267584,4620288,16384
equicorr_interior_rho0_3_d50,50,48,0.3,interior,sobol_owen,4096,18,51224769,reduced_conditional,0.5112522077783097,0.5116750445854734,0.00042283680716370675,0.379303,5.121398542,5.500701542,205144096,112,4591,2,19267584,4620288,16384
equicorr_interior_rho0_3_d50,50,48,0.3,interior,sobol_owen,4096,19,51224770,reduced_conditional,0.5106300547885753,0.5116750445854734,0.0010449897968981547,0.377961167,5.128376666,5.506337833,205144096,112,4591,2,19267584,4620288,16384
equicorr_interior_rho0_3_d50,50,48,0.3,interior,sobol_owen,4096,20,51224771,reduced_conditional,0.5119853917589624,0.5116750445854734,0.00031034717348898955,0.201644917,5.123684416,5.325329333,205144096,112,4591,2,19267584,4620288,16384
equicorr_interior_rho0_3_d50,50,48,0.3,interior,sobol_owen,4096,21,51224772,reduced_conditional,0.5110896971253667,0.5116750445854734,0.0005853474601067443,0.208791625,5.122150875,5.3309425,205144096,112,4591,2,19267584,4620288,16384
equicorr_interior_rho0_3_d50,50,48,0.3,interior,sobol_owen,4096,22,51224773,reduced_conditional,0.5121109460514885,0.5116750445854734,0.0004359014660151317,0.3834775,5.1247505,5.508228,205144096,112,4591,2,19267584,4620288,16384
equicorr_interior_rho0_3_d50,50,48,0.3,interior,sobol_owen,4096,23,51224774,reduced_conditional,0.5110560516455847,0.5116750445854734,0.0006189929398887628,0.382872458,5.14050025,5.523372708,205144096,112,4591,2,19267584,4620288,16384
equicorr_interior_rho0_3_d50,50,48,0.3,interior,sobol_owen,4096,24,51224775,reduced_conditional,0.5121640407668279,0.5116750445854734,0.0004889961813544508,0.201535208,5.127545334,5.329080542,205144096,112,4591,2,19267584,4620288,16384
equicorr_interior_rho0_3_d50,50,48,0.3,interior,sobol_owen,4096,25,51224776,reduced_conditional,0.5121955594202597,0.5116750445854734,0.0005205148347863231,0.203814459,5.130093583,5.333908042,205144096,112,4591,2,19267584,4620288,16384
equicorr_interior_rho0_3_d50,50,48,0.3,interior,sobol_owen,4096,26,51224777,reduced_conditional,0.5107066947823463,0.5116750445854734,0.0009683498031270998,0.389048,5.133031333,5.522079333,205144096,112,4591,2,19267584,4620288,16384
equicorr_interior_rho0_3_d50,50,48,0.3,interior,sobol_owen,4096,27,51224778,reduced_conditional,0.5122172894444137,0.5116750445854734,0.0005422448589402773,0.384437209,5.136344167,5.5207813759999995,205144096,112,4591,2,19267584,4620288,16384
equicorr_interior_rho0_3_d50,50,48,0.3,interior,sobol_owen,4096,28,51224779,reduced_conditional,0.5115364878954023,0.5116750445854734,0.00013855669007112326,0.204173667,5.123509542,5.327683209,205144096,112,4591,2,19267584,4620288,16384
equicorr_interior_rho0_3_d50,50,48,0.3,interior,sobol_owen,4096,29,51224780,reduced_conditional,0.511883847194895,0.5116750445854734,0.0002088026094215767,0.202521292,5.131531167,5.3340524590000005,205144096,112,4591,2,19267584,4620288,16384
equicorr_interior_rho0_3_d50,50,48,0.3,interior,sobol_owen,4096,30,51224781,reduced_conditional,0.510890844427191,0.5116750445854734,0.0007842001582823999,0.384653541,5.153681458,5.538334999,205144096,112,4591,2,19267584,4620288,16384
equicorr_cdf_rho0_8_d50,50,48,0.8,cdf,sobol_owen,256,2,51340753,current_indicator,0.8515625,0.8730755954751246,0.02151309547512459,0.014471417,0.44973025,0.464201667,14089744,214995728,3990,41671,NaN,NaN,NaN
equicorr_cdf_rho0_8_d50,50,48,0.8,cdf,sobol_owen,256,3,51340754,current_indicator,0.8671875,0.8730755954751246,0.005888095475124588,0.012571541,0.444746458,0.45731799900000003,14089744,214995728,3990,41671,NaN,NaN,NaN
equicorr_cdf_rho0_8_d50,50,48,0.8,cdf,sobol_owen,256,4,51340755,current_indicator,0.890625,0.8730755954751246,0.01754940452487541,0.012726458,0.451637792,0.46436425,14089744,214995728,3990,41671,NaN,NaN,NaN
equicorr_cdf_rho0_8_d50,50,48,0.8,cdf,sobol_owen,256,5,51340756,current_indicator,0.87890625,0.8730755954751246,0.005830654524875412,0.012582709,0.452790875,0.465373584,14089744,214995728,3990,41671,NaN,NaN,NaN
equicorr_cdf_rho0_8_d50,50,48,0.8,cdf,sobol_owen,256,6,51340757,current_indicator,0.85546875,0.8730755954751246,0.01760684547512459,0.01260525,0.450712333,0.46331758300000003,14089744,214995728,3990,41671,NaN,NaN,NaN
equicorr_cdf_rho0_8_d50,50,48,0.8,cdf,sobol_owen,256,7,51340758,current_indicator,0.87890625,0.8730755954751246,0.005830654524875412,0.012747375,0.452963708,0.465711083,14089744,214995728,3990,41671,NaN,NaN,NaN
equicorr_cdf_rho0_8_d50,50,48,0.8,cdf,sobol_owen,256,8,51340759,current_indicator,0.859375,0.8730755954751246,0.013700595475124588,0.012607709,0.4505435,0.463151209,14089744,214995728,3990,41671,NaN,NaN,NaN
equicorr_cdf_rho0_8_d50,50,48,0.8,cdf,sobol_owen,256,9,51340760,current_indicator,0.875,0.8730755954751246,0.0019244045248754116,0.012805208,0.444575833,0.457381041,14089744,214995728,3990,41671,NaN,NaN,NaN
equicorr_cdf_rho0_8_d50,50,48,0.8,cdf,sobol_owen,256,10,51340761,current_indicator,0.88671875,0.8730755954751246,0.013643154524875412,0.012898917,0.455642958,0.468541875,14089744,214995728,3990,41671,NaN,NaN,NaN
equicorr_cdf_rho0_8_d50,50,48,0.8,cdf,sobol_owen,256,11,51340762,current_indicator,0.875,0.8730755954751246,0.0019244045248754116,0.012906042,0.448360209,0.461266251,14089744,214995728,3990,41671,NaN,NaN,NaN
equicorr_cdf_rho0_8_d50,50,48,0.8,cdf,sobol_owen,256,12,51340763,current_indicator,0.8671875,0.8730755954751246,0.005888095475124588,0.012614458,0.447421875,0.460036333,14089744,214995728,3990,41671,NaN,NaN,NaN
equicorr_cdf_rho0_8_d50,50,48,0.8,cdf,sobol_owen,256,13,51340764,current_indicator,0.875,0.8730755954751246,0.0019244045248754116,0.014499959,0.454309625,0.468809584,14089744,214995728,3990,41671,NaN,NaN,NaN
equicorr_cdf_rho0_8_d50,50,48,0.8,cdf,sobol_owen,256,14,51340765,current_indicator,0.88671875,0.8730755954751246,0.013643154524875412,0.013165916,0.448673458,0.461839374,14089744,214995728,3990,41671,NaN,NaN,NaN
equicorr_cdf_rho0_8_d50,50,48,0.8,cdf,sobol_owen,256,15,51340766,current_indicator,0.8671875,0.8730755954751246,0.005888095475124588,0.012816041,0.450590833,0.463406874,14089744,214995728,3990,41671,NaN,NaN,NaN
equicorr_cdf_rho0_8_d50,50,48,0.8,cdf,sobol_owen,256,16,51340767,current_indicator,0.8671875,0.8730755954751246,0.005888095475124588,0.013420834,0.448324667,0.461745501,14089744,214995728,3990,41671,NaN,NaN,NaN
equicorr_cdf_rho0_8_d50,50,48,0.8,cdf,sobol_owen,256,17,51340768,current_indicator,0.8671875,0.8730755954751246,0.005888095475124588,0.0132555,0.446556625,0.45981212499999996,14089744,214995728,3990,41671,NaN,NaN,NaN
equicorr_cdf_rho0_8_d50,50,48,0.8,cdf,sobol_owen,256,18,51340769,current_indicator,0.87890625,0.8730755954751246,0.005830654524875412,0.012517042,0.618936375,0.631453417,14089744,214995728,3990,41671,NaN,NaN,NaN
equicorr_cdf_rho0_8_d50,50,48,0.8,cdf,sobol_owen,256,19,51340770,current_indicator,0.87890625,0.8730755954751246,0.005830654524875412,0.01215025,0.4574325,0.46958275,14089744,214995728,3990,41671,NaN,NaN,NaN
equicorr_cdf_rho0_8_d50,50,48,0.8,cdf,sobol_owen,256,20,51340771,current_indicator,0.8671875,0.8730755954751246,0.005888095475124588,0.012168625,0.453262583,0.465431208,14089744,214995728,3990,41671,NaN,NaN,NaN
equicorr_cdf_rho0_8_d50,50,48,0.8,cdf,sobol_owen,256,21,51340772,current_indicator,0.87890625,0.8730755954751246,0.005830654524875412,0.012924417,0.452447959,0.46537237600000003,14089744,214995728,3990,41671,NaN,NaN,NaN
equicorr_cdf_rho0_8_d50,50,48,0.8,cdf,sobol_owen,256,22,51340773,current_indicator,0.859375,0.8730755954751246,0.013700595475124588,0.01285525,0.452913833,0.465769083,14089744,214995728,3990,41671,NaN,NaN,NaN
equicorr_cdf_rho0_8_d50,50,48,0.8,cdf,sobol_owen,256,23,51340774,current_indicator,0.88671875,0.8730755954751246,0.013643154524875412,0.013094458,0.451898042,0.4649925,14089744,214995728,3990,41671,NaN,NaN,NaN
equicorr_cdf_rho0_8_d50,50,48,0.8,cdf,sobol_owen,256,24,51340775,current_indicator,0.8671875,0.8730755954751246,0.005888095475124588,0.012933875,0.444944334,0.457878209,14089744,214995728,3990,41671,NaN,NaN,NaN
equicorr_cdf_rho0_8_d50,50,48,0.8,cdf,sobol_owen,256,25,51340776,current_indicator,0.8671875,0.8730755954751246,0.005888095475124588,0.012567917,0.455040709,0.46760862599999997,14089744,214995728,3990,41671,NaN,NaN,NaN
equicorr_cdf_rho0_8_d50,50,48,0.8,cdf,sobol_owen,256,26,51340777,current_indicator,0.86328125,0.8730755954751246,0.009794345475124588,0.013042375,0.439827792,0.452870167,14089744,214995728,3990,41671,NaN,NaN,NaN
equicorr_cdf_rho0_8_d50,50,48,0.8,cdf,sobol_owen,256,27,51340778,current_indicator,0.8671875,0.8730755954751246,0.005888095475124588,0.012859917,0.449561083,0.46242099999999997,14089744,214995728,3990,41671,NaN,NaN,NaN
equicorr_cdf_rho0_8_d50,50,48,0.8,cdf,sobol_owen,256,28,51340779,current_indicator,0.8671875,0.8730755954751246,0.005888095475124588,0.012654208,0.436200125,0.448854333,14089744,214995728,3990,41671,NaN,NaN,NaN
equicorr_cdf_rho0_8_d50,50,48,0.8,cdf,sobol_owen,256,29,51340780,current_indicator,0.859375,0.8730755954751246,0.013700595475124588,0.012472292,0.439772958,0.45224525,14089744,214995728,3990,41671,NaN,NaN,NaN
equicorr_cdf_rho0_8_d50,50,48,0.8,cdf,sobol_owen,256,30,51340781,current_indicator,0.8828125,0.8730755954751246,0.009736904524875412,0.012475916,0.438750375,0.451226291,14089744,214995728,3990,41671,NaN,NaN,NaN
equicorr_cdf_rho0_8_d50,50,48,0.8,cdf,sobol_owen,256,2,51340753,reduced_conditional,0.8697205083863095,0.8730755954751246,0.0033550870888150452,0.016558083,0.2245345,0.241092583,14089744,112,3990,2,890880,288768,256
equicorr_cdf_rho0_8_d50,50,48,0.8,cdf,sobol_owen,256,3,51340754,reduced_conditional,0.8740268128807552,0.8730755954751246,0.0009512174056306444,0.01238275,0.228710291,0.241093041,14089744,112,3990,2,890880,288768,256
equicorr_cdf_rho0_8_d50,50,48,0.8,cdf,sobol_owen,256,4,51340755,reduced_conditional,0.8762666440206855,0.8730755954751246,0.0031910485455609594,0.012467459,0.225266292,0.237733751,14089744,112,3990,2,890880,288768,256
equicorr_cdf_rho0_8_d50,50,48,0.8,cdf,sobol_owen,256,5,51340756,reduced_conditional,0.8706515350793249,0.8730755954751246,0.0024240603957996765,0.013983833,0.224780625,0.238764458,14089744,112,3990,2,890880,288768,256
equicorr_cdf_rho0_8_d50,50,48,0.8,cdf,sobol_owen,256,6,51340757,reduced_conditional,0.8701837582101015,0.8730755954751246,0.0028918372650230673,0.013065167,0.22438375,0.23744891699999998,14089744,112,3990,2,890880,288768,256
equicorr_cdf_rho0_8_d50,50,48,0.8,cdf,sobol_owen,256,7,51340758,reduced_conditional,0.8729110001907815,0.8730755954751246,0.00016459528434309423,0.012627375,0.225800667,0.238428042,14089744,112,3990,2,890880,288768,256
equicorr_cdf_rho0_8_d50,50,48,0.8,cdf,sobol_owen,256,8,51340759,reduced_conditional,0.8705911467159363,0.8730755954751246,0.0024844487591882958,0.013089916,0.224616583,0.23770649900000002,14089744,112,3990,2,890880,288768,256
equicorr_cdf_rho0_8_d50,50,48,0.8,cdf,sobol_owen,256,9,51340760,reduced_conditional,0.8729271492037997,0.8730755954751246,0.00014844627132493127,0.012523792,0.224547459,0.237071251,14089744,112,3990,2,890880,288768,256
equicorr_cdf_rho0_8_d50,50,48,0.8,cdf,sobol_owen,256,10,51340761,reduced_conditional,0.8808932612464925,0.8730755954751246,0.007817665771367888,0.012395875,0.224902458,0.237298333,14089744,112,3990,2,890880,288768,256
equicorr_cdf_rho0_8_d50,50,48,0.8,cdf,sobol_owen,256,11,51340762,reduced_conditional,0.8752604958017877,0.8730755954751246,0.002184900326663075,0.013242,0.223980916,0.237222916,14089744,112,3990,2,890880,288768,256
equicorr_cdf_rho0_8_d50,50,48,0.8,cdf,sobol_owen,256,12,51340763,reduced_conditional,0.8741576101057261,0.8730755954751246,0.0010820146306015355,0.012342916,0.223846667,0.236189583,14089744,112,3990,2,890880,288768,256
equicorr_cdf_rho0_8_d50,50,48,0.8,cdf,sobol_owen,256,13,51340764,reduced_conditional,0.8691243490150707,0.8730755954751246,0.003951246460053848,0.012709041,0.22413625,0.236845291,14089744,112,3990,2,890880,288768,256
equicorr_cdf_rho0_8_d50,50,48,0.8,cdf,sobol_owen,256,14,51340765,reduced_conditional,0.8732110837743084,0.8730755954751246,0.0001354882991838613,0.012352625,0.223719834,0.236072459,14089744,112,3990,2,890880,288768,256
equicorr_cdf_rho0_8_d50,50,48,0.8,cdf,sobol_owen,256,15,51340766,reduced_conditional,0.8707411840160675,0.8730755954751246,0.0023344114590571063,0.012304833,0.223900292,0.236205125,14089744,112,3990,2,890880,288768,256
equicorr_cdf_rho0_8_d50,50,48,0.8,cdf,sobol_owen,256,16,51340767,reduced_conditional,0.8728987673518772,0.8730755954751246,0.0001768281232473745,0.01766425,0.22550625,0.24317049999999998,14089744,112,3990,2,890880,288768,256
equicorr_cdf_rho0_8_d50,50,48,0.8,cdf,sobol_owen,256,17,51340768,reduced_conditional,0.8703975943395492,0.8730755954751246,0.0026780011355753697,0.012114333,0.224505084,0.236619417,14089744,112,3990,2,890880,288768,256
equicorr_cdf_rho0_8_d50,50,48,0.8,cdf,sobol_owen,256,18,51340769,reduced_conditional,0.8750480768537778,0.8730755954751246,0.001972481378653246,0.012937167,0.223755333,0.2366925,14089744,112,3990,2,890880,288768,256
equicorr_cdf_rho0_8_d50,50,48,0.8,cdf,sobol_owen,256,19,51340770,reduced_conditional,0.8770392779123343,0.8730755954751246,0.003963682437209681,0.013255292,0.22411975,0.237375042,14089744,112,3990,2,890880,288768,256
equicorr_cdf_rho0_8_d50,50,48,0.8,cdf,sobol_owen,256,20,51340771,reduced_conditional,0.869532967196688,0.8730755954751246,0.0035426282784365437,0.012360833,0.223403,0.23576383299999998,14089744,112,3990,2,890880,288768,256
equicorr_cdf_rho0_8_d50,50,48,0.8,cdf,sobol_owen,256,21,51340772,reduced_conditional,0.8728727916492278,0.8730755954751246,0.00020280382589676904,0.012258417,0.223553708,0.23581212499999998,14089744,112,3990,2,890880,288768,256
equicorr_cdf_rho0_8_d50,50,48,0.8,cdf,sobol_owen,256,22,51340773,reduced_conditional,0.8771059850959797,0.8730755954751246,0.004030389620855113,0.012675542,0.224007166,0.23668270800000002,14089744,112,3990,2,890880,288768,256
equicorr_cdf_rho0_8_d50,50,48,0.8,cdf,sobol_owen,256,23,51340774,reduced_conditional,0.8740101457214505,0.8730755954751246,0.0009345502463259381,0.012374875,0.224616167,0.236991042,14089744,112,3990,2,890880,288768,256
equicorr_cdf_rho0_8_d50,50,48,0.8,cdf,sobol_owen,256,24,51340775,reduced_conditional,0.8768079136133679,0.8730755954751246,0.0037323181382432624,0.012707125,0.227753167,0.24046029200000002,14089744,112,3990,2,890880,288768,256
equicorr_cdf_rho0_8_d50,50,48,0.8,cdf,sobol_owen,256,25,51340776,reduced_conditional,0.873130782300926,0.8730755954751246,5.51868258014121e-5,0.012947041,0.224450209,0.23739725,14089744,112,3990,2,890880,288768,256
equicorr_cdf_rho0_8_d50,50,48,0.8,cdf,sobol_owen,256,26,51340777,reduced_conditional,0.8729235147987151,0.8730755954751246,0.00015208067640948286,0.012824625,0.226068667,0.238893292,14089744,112,3990,2,890880,288768,256
equicorr_cdf_rho0_8_d50,50,48,0.8,cdf,sobol_owen,256,27,51340778,reduced_conditional,0.8742138712791807,0.8730755954751246,0.0011382758040561214,0.014846333,0.225826958,0.24067329099999998,14089744,112,3990,2,890880,288768,256
equicorr_cdf_rho0_8_d50,50,48,0.8,cdf,sobol_owen,256,28,51340779,reduced_conditional,0.866899886924617,0.8730755954751246,0.0061757085505076414,0.013061125,0.224964375,0.2380255,14089744,112,3990,2,890880,288768,256
equicorr_cdf_rho0_8_d50,50,48,0.8,cdf,sobol_owen,256,29,51340780,reduced_conditional,0.8694170915727369,0.8730755954751246,0.0036585039023876442,0.013231583,0.224582208,0.237813791,14089744,112,3990,2,890880,288768,256
equicorr_cdf_rho0_8_d50,50,48,0.8,cdf,sobol_owen,256,30,51340781,reduced_conditional,0.874385292390618,0.8730755954751246,0.0013096969154934301,0.012906,0.224518375,0.237424375,14089744,112,3990,2,890880,288768,256
equicorr_cdf_rho0_8_d50,50,48,0.8,cdf,sobol_owen,1024,1,51417552,current_indicator,0.8720703125,0.8730755954751246,0.0010052829751245884,0.232513417,1.728777625,1.961291042,51947296,216482576,4291,41671,NaN,NaN,NaN
equicorr_cdf_rho0_8_d50,50,48,0.8,cdf,sobol_owen,1024,2,51417553,current_indicator,0.8720703125,0.8730755954751246,0.0010052829751245884,0.048840334,1.742374958,1.7912152920000002,51947296,216482576,4291,41671,NaN,NaN,NaN
equicorr_cdf_rho0_8_d50,50,48,0.8,cdf,sobol_owen,1024,3,51417554,current_indicator,0.880859375,0.8730755954751246,0.007783779524875412,0.048881291,1.759965042,1.808846333,51947296,216482576,4291,41671,NaN,NaN,NaN
equicorr_cdf_rho0_8_d50,50,48,0.8,cdf,sobol_owen,1024,4,51417555,current_indicator,0.873046875,0.8730755954751246,2.8720475124588418e-5,0.050071625,1.727317417,1.777389042,51947296,216482576,4291,41671,NaN,NaN,NaN
equicorr_cdf_rho0_8_d50,50,48,0.8,cdf,sobol_owen,1024,5,51417556,current_indicator,0.8759765625,0.8730755954751246,0.0029009670248754116,0.049386916,1.725519958,1.774906874,51947296,216482576,4291,41671,NaN,NaN,NaN
equicorr_cdf_rho0_8_d50,50,48,0.8,cdf,sobol_owen,1024,6,51417557,current_indicator,0.869140625,0.8730755954751246,0.003934970475124588,0.051523,1.763547709,1.815070709,51947296,216482576,4291,41671,NaN,NaN,NaN
equicorr_cdf_rho0_8_d50,50,48,0.8,cdf,sobol_owen,1024,7,51417558,current_indicator,0.873046875,0.8730755954751246,2.8720475124588418e-5,0.04921825,1.746744792,1.7959630420000001,51947296,216482576,4291,41671,NaN,NaN,NaN
equicorr_cdf_rho0_8_d50,50,48,0.8,cdf,sobol_owen,1024,8,51417559,current_indicator,0.87890625,0.8730755954751246,0.005830654524875412,0.050838,1.959718208,2.010556208,51947296,216482576,4291,41671,NaN,NaN,NaN
equicorr_cdf_rho0_8_d50,50,48,0.8,cdf,sobol_owen,1024,9,51417560,current_indicator,0.873046875,0.8730755954751246,2.8720475124588418e-5,0.0515035,1.754026917,1.805530417,51947296,216482576,4291,41671,NaN,NaN,NaN
equicorr_cdf_rho0_8_d50,50,48,0.8,cdf,sobol_owen,1024,10,51417561,current_indicator,0.875,0.8730755954751246,0.0019244045248754116,0.050788375,1.754901875,1.80569025,51947296,216482576,4291,41671,NaN,NaN,NaN
equicorr_cdf_rho0_8_d50,50,48,0.8,cdf,sobol_owen,1024,11,51417562,current_indicator,0.8779296875,0.8730755954751246,0.004854092024875412,0.051421458,1.752556042,1.8039775,51947296,216482576,4291,41671,NaN,NaN,NaN
equicorr_cdf_rho0_8_d50,50,48,0.8,cdf,sobol_owen,1024,12,51417563,current_indicator,0.87109375,0.8730755954751246,0.0019818454751245884,0.050304,1.769924625,1.820228625,51947296,216482576,4291,41671,NaN,NaN,NaN
equicorr_cdf_rho0_8_d50,50,48,0.8,cdf,sobol_owen,1024,13,51417564,current_indicator,0.8720703125,0.8730755954751246,0.0010052829751245884,0.050586083,1.754526084,1.805112167,51947296,216482576,4291,41671,NaN,NaN,NaN
equicorr_cdf_rho0_8_d50,50,48,0.8,cdf,sobol_owen,1024,14,51417565,current_indicator,0.87109375,0.8730755954751246,0.0019818454751245884,0.050851834,1.752246,1.803097834,51947296,216482576,4291,41671,NaN,NaN,NaN
equicorr_cdf_rho0_8_d50,50,48,0.8,cdf,sobol_owen,1024,15,51417566,current_indicator,0.861328125,0.8730755954751246,0.011747470475124588,0.050796375,1.752375667,1.803172042,51947296,216482576,4291,41671,NaN,NaN,NaN
equicorr_cdf_rho0_8_d50,50,48,0.8,cdf,sobol_owen,1024,16,51417567,current_indicator,0.873046875,0.8730755954751246,2.8720475124588418e-5,0.2256585,1.749501,1.9751595,51947296,216482576,4291,41671,NaN,NaN,NaN
equicorr_cdf_rho0_8_d50,50,48,0.8,cdf,sobol_owen,1024,17,51417568,current_indicator,0.865234375,0.8730755954751246,0.007841220475124588,0.048563166,1.755859291,1.804422457,51947296,216482576,4291,41671,NaN,NaN,NaN
equicorr_cdf_rho0_8_d50,50,48,0.8,cdf,sobol_owen,1024,18,51417569,current_indicator,0.8662109375,0.8730755954751246,0.006864657975124588,0.049922583,1.741094417,1.791017,51947296,216482576,4291,41671,NaN,NaN,NaN
equicorr_cdf_rho0_8_d50,50,48,0.8,cdf,sobol_owen,1024,19,51417570,current_indicator,0.8740234375,0.8730755954751246,0.0009478420248754116,0.04906675,1.752263834,1.801330584,51947296,216482576,4291,41671,NaN,NaN,NaN
equicorr_cdf_rho0_8_d50,50,48,0.8,cdf,sobol_owen,1024,20,51417571,current_indicator,0.880859375,0.8730755954751246,0.007783779524875412,0.0500835,1.756655625,1.806739125,51947296,216482576,4291,41671,NaN,NaN,NaN
equicorr_cdf_rho0_8_d50,50,48,0.8,cdf,sobol_owen,1024,21,51417572,current_indicator,0.8681640625,0.8730755954751246,0.004911532975124588,0.050667625,1.758002459,1.808670084,51947296,216482576,4291,41671,NaN,NaN,NaN
equicorr_cdf_rho0_8_d50,50,48,0.8,cdf,sobol_owen,1024,22,51417573,current_indicator,0.8896484375,0.8730755954751246,0.01657284202487541,0.049933792,1.927797458,1.97773125,51947296,216482576,4291,41671,NaN,NaN,NaN
equicorr_cdf_rho0_8_d50,50,48,0.8,cdf,sobol_owen,1024,23,51417574,current_indicator,0.87109375,0.8730755954751246,0.0019818454751245884,0.048811167,1.729868166,1.778679333,51947296,216482576,4291,41671,NaN,NaN,NaN
equicorr_cdf_rho0_8_d50,50,48,0.8,cdf,sobol_owen,1024,24,51417575,current_indicator,0.8818359375,0.8730755954751246,0.008760342024875412,0.049468875,1.72761775,1.7770866250000001,51947296,216482576,4291,41671,NaN,NaN,NaN
equicorr_cdf_rho0_8_d50,50,48,0.8,cdf,sobol_owen,1024,25,51417576,current_indicator,0.8779296875,0.8730755954751246,0.004854092024875412,0.04892725,1.725707292,1.774634542,51947296,216482576,4291,41671,NaN,NaN,NaN
equicorr_cdf_rho0_8_d50,50,48,0.8,cdf,sobol_owen,1024,26,51417577,current_indicator,0.8759765625,0.8730755954751246,0.0029009670248754116,0.049736667,1.730498708,1.780235375,51947296,216482576,4291,41671,NaN,NaN,NaN
equicorr_cdf_rho0_8_d50,50,48,0.8,cdf,sobol_owen,1024,27,51417578,current_indicator,0.8759765625,0.8730755954751246,0.0029009670248754116,0.0489325,1.711930667,1.7608631670000001,51947296,216482576,4291,41671,NaN,NaN,NaN
equicorr_cdf_rho0_8_d50,50,48,0.8,cdf,sobol_owen,1024,28,51417579,current_indicator,0.8857421875,0.8730755954751246,0.012666592024875412,0.04893375,1.733634166,1.782567916,51947296,216482576,4291,41671,NaN,NaN,NaN
equicorr_cdf_rho0_8_d50,50,48,0.8,cdf,sobol_owen,1024,29,51417580,current_indicator,0.873046875,0.8730755954751246,2.8720475124588418e-5,0.048871709,1.728308334,1.777180043,51947296,216482576,4291,41671,NaN,NaN,NaN
equicorr_cdf_rho0_8_d50,50,48,0.8,cdf,sobol_owen,1024,30,51417581,current_indicator,0.87109375,0.8730755954751246,0.0019818454751245884,0.225404541,1.727506333,1.952910874,51947296,216482576,4291,41671,NaN,NaN,NaN
equicorr_cdf_rho0_8_d50,50,48,0.8,cdf,sobol_owen,1024,1,51417552,reduced_conditional,0.87427747963826,0.8730755954751246,0.0012018841631353805,0.052266584,0.901040208,0.9533067919999999,51947296,112,4291,2,3563520,1155072,1024
equicorr_cdf_rho0_8_d50,50,48,0.8,cdf,sobol_owen,1024,2,51417553,reduced_conditional,0.8719055154876105,0.8730755954751246,0.001170079987514061,0.049012833,0.901866625,0.9508794580000001,51947296,112,4291,2,3563520,1155072,1024
equicorr_cdf_rho0_8_d50,50,48,0.8,cdf,sobol_owen,1024,3,51417554,reduced_conditional,0.8732454938782527,0.8730755954751246,0.00016989840312808813,0.0493525,0.8982545,0.947607,51947296,112,4291,2,3563520,1155072,1024
equicorr_cdf_rho0_8_d50,50,48,0.8,cdf,sobol_owen,1024,4,51417555,reduced_conditional,0.8721984786137726,0.8730755954751246,0.0008771168613519453,0.049248625,0.908652833,0.957901458,51947296,112,4291,2,3563520,1155072,1024
equicorr_cdf_rho0_8_d50,50,48,0.8,cdf,sobol_owen,1024,5,51417556,reduced_conditional,0.8733845750416008,0.8730755954751246,0.0003089795664762418,0.049013709,0.900997875,0.950011584,51947296,112,4291,2,3563520,1155072,1024
equicorr_cdf_rho0_8_d50,50,48,0.8,cdf,sobol_owen,1024,6,51417557,reduced_conditional,0.8719371926478913,0.8730755954751246,0.0011384028272333202,0.049949208,0.899261167,0.949210375,51947296,112,4291,2,3563520,1155072,1024
equicorr_cdf_rho0_8_d50,50,48,0.8,cdf,sobol_owen,1024,7,51417558,reduced_conditional,0.8744444148943405,0.8730755954751246,0.0013688194192159608,0.049292333,0.897102958,0.946395291,51947296,112,4291,2,3563520,1155072,1024
equicorr_cdf_rho0_8_d50,50,48,0.8,cdf,sobol_owen,1024,8,51417559,reduced_conditional,0.8739635616904117,0.8730755954751246,0.0008879662152870837,0.048575458,0.902667042,0.9512425,51947296,112,4291,2,3563520,1155072,1024
equicorr_cdf_rho0_8_d50,50,48,0.8,cdf,sobol_owen,1024,9,51417560,reduced_conditional,0.8750202082802572,0.8730755954751246,0.001944612805132584,0.04994125,0.899024291,0.9489655410000001,51947296,112,4291,2,3563520,1155072,1024
equicorr_cdf_rho0_8_d50,50,48,0.8,cdf,sobol_owen,1024,10,51417561,reduced_conditional,0.8738966627442571,0.8730755954751246,0.0008210672691325582,0.230962875,0.897998542,1.128961417,51947296,112,4291,2,3563520,1155072,1024
equicorr_cdf_rho0_8_d50,50,48,0.8,cdf,sobol_owen,1024,11,51417562,reduced_conditional,0.874241009870672,0.8730755954751246,0.001165414395547404,0.050048292,0.90139575,0.9514440420000001,51947296,112,4291,2,3563520,1155072,1024
equicorr_cdf_rho0_8_d50,50,48,0.8,cdf,sobol_owen,1024,12,51417563,reduced_conditional,0.8720854466812967,0.8730755954751246,0.0009901487938278608,0.050198,0.90044775,0.95064575,51947296,112,4291,2,3563520,1155072,1024
equicorr_cdf_rho0_8_d50,50,48,0.8,cdf,sobol_owen,1024,13,51417564,reduced_conditional,0.8737448298046396,0.8730755954751246,0.0006692343295150449,0.048439416,0.900070625,0.948510041,51947296,112,4291,2,3563520,1155072,1024
equicorr_cdf_rho0_8_d50,50,48,0.8,cdf,sobol_owen,1024,14,51417565,reduced_conditional,0.8729921579454204,0.8730755954751246,8.343752970418894e-5,0.048974375,0.900908,0.9498823750000001,51947296,112,4291,2,3563520,1155072,1024
equicorr_cdf_rho0_8_d50,50,48,0.8,cdf,sobol_owen,1024,15,51417566,reduced_conditional,0.873875449236144,0.8730755954751246,0.0007998537610194312,0.0491055,0.898026584,0.947132084,51947296,112,4291,2,3563520,1155072,1024
equicorr_cdf_rho0_8_d50,50,48,0.8,cdf,sobol_owen,1024,16,51417567,reduced_conditional,0.8751289112173029,0.8730755954751246,0.0020533157421782633,0.048730583,0.898089042,0.9468196249999999,51947296,112,4291,2,3563520,1155072,1024
equicorr_cdf_rho0_8_d50,50,48,0.8,cdf,sobol_owen,1024,17,51417568,reduced_conditional,0.8716621826519546,0.8730755954751246,0.0014134128231699794,0.049072292,0.904097584,0.9531698759999999,51947296,112,4291,2,3563520,1155072,1024
equicorr_cdf_rho0_8_d50,50,48,0.8,cdf,sobol_owen,1024,18,51417569,reduced_conditional,0.8733144484441504,0.8730755954751246,0.00023885296902581565,0.052363458,0.9004595,0.9528229579999999,51947296,112,4291,2,3563520,1155072,1024
equicorr_cdf_rho0_8_d50,50,48,0.8,cdf,sobol_owen,1024,19,51417570,reduced_conditional,0.8750317075644278,0.8730755954751246,0.0019561120893032413,0.049719958,0.896301,0.946020958,51947296,112,4291,2,3563520,1155072,1024
equicorr_cdf_rho0_8_d50,50,48,0.8,cdf,sobol_owen,1024,20,51417571,reduced_conditional,0.8744662673926179,0.8730755954751246,0.0013906719174933135,0.049102125,0.901231791,0.950333916,51947296,112,4291,2,3563520,1155072,1024
equicorr_cdf_rho0_8_d50,50,48,0.8,cdf,sobol_owen,1024,21,51417572,reduced_conditional,0.8744220416264116,0.8730755954751246,0.001346446151286984,0.049591375,0.905084458,0.954675833,51947296,112,4291,2,3563520,1155072,1024
equicorr_cdf_rho0_8_d50,50,48,0.8,cdf,sobol_owen,1024,22,51417573,reduced_conditional,0.8736132790173692,0.8730755954751246,0.0005376835422445936,0.049169208,0.900708166,0.949877374,51947296,112,4291,2,3563520,1155072,1024
equicorr_cdf_rho0_8_d50,50,48,0.8,cdf,sobol_owen,1024,23,51417574,reduced_conditional,0.872341768385173,0.8730755954751246,0.0007338270899516219,0.049450625,0.898729417,0.948180042,51947296,112,4291,2,3563520,1155072,1024
equicorr_cdf_rho0_8_d50,50,48,0.8,cdf,sobol_owen,1024,24,51417575,reduced_conditional,0.8743284155470293,0.8730755954751246,0.0012528200719047478,0.22701225,0.899069917,1.126082167,51947296,112,4291,2,3563520,1155072,1024
equicorr_cdf_rho0_8_d50,50,48,0.8,cdf,sobol_owen,1024,25,51417576,reduced_conditional,0.8738558180727449,0.8730755954751246,0.0007802225976203392,0.050126542,0.903713542,0.953840084,51947296,112,4291,2,3563520,1155072,1024
equicorr_cdf_rho0_8_d50,50,48,0.8,cdf,sobol_owen,1024,26,51417577,reduced_conditional,0.872721070942156,0.8730755954751246,0.0003545245329685809,0.04933575,0.898586041,0.947921791,51947296,112,4291,2,3563520,1155072,1024
equicorr_cdf_rho0_8_d50,50,48,0.8,cdf,sobol_owen,1024,27,51417578,reduced_conditional,0.8726693386558972,0.8730755954751246,0.00040625681922734636,0.04827225,0.898842209,0.947114459,51947296,112,4291,2,3563520,1155072,1024
equicorr_cdf_rho0_8_d50,50,48,0.8,cdf,sobol_owen,1024,28,51417579,reduced_conditional,0.8752185745815063,0.8730755954751246,0.002142979106381726,0.049075708,0.902553583,0.951629291,51947296,112,4291,2,3563520,1155072,1024
equicorr_cdf_rho0_8_d50,50,48,0.8,cdf,sobol_owen,1024,29,51417580,reduced_conditional,0.8743067178957091,0.8730755954751246,0.0012311224205845406,0.049401084,0.90237525,0.951776334,51947296,112,4291,2,3563520,1155072,1024
equicorr_cdf_rho0_8_d50,50,48,0.8,cdf,sobol_owen,1024,30,51417581,reduced_conditional,0.8740004494062046,0.8730755954751246,0.0009248539310799941,0.049627042,0.898956,0.948583042,51947296,112,4291,2,3563520,1155072,1024
equicorr_cdf_rho0_8_d50,50,48,0.8,cdf,sobol_owen,4096,1,51724752,reduced_conditional,0.8734776866966957,0.8730755954751246,0.0004020912215710881,0.387457667,3.602240834,3.989698501,205144096,112,4591,2,14254080,4620288,4096
equicorr_cdf_rho0_8_d50,50,48,0.8,cdf,sobol_owen,4096,2,51724753,reduced_conditional,0.8726742236235756,0.8730755954751246,0.0004013718515489817,0.205331167,3.616861291,3.8221924580000004,205144096,112,4591,2,14254080,4620288,4096
equicorr_cdf_rho0_8_d50,50,48,0.8,cdf,sobol_owen,4096,3,51724754,reduced_conditional,0.8732183883881807,0.8730755954751246,0.00014279291305607789,0.391694333,3.6084315,4.000125833,205144096,112,4591,2,14254080,4620288,4096
equicorr_cdf_rho0_8_d50,50,48,0.8,cdf,sobol_owen,4096,4,51724755,reduced_conditional,0.8731821582112425,0.8730755954751246,0.0001065627361178656,0.203489958,3.601713958,3.805203916,205144096,112,4591,2,14254080,4620288,4096
equicorr_cdf_rho0_8_d50,50,48,0.8,cdf,sobol_owen,4096,5,51724756,reduced_conditional,0.8728992899413751,0.8730755954751246,0.00017630553374947677,0.389615459,3.603818125,3.993433584,205144096,112,4591,2,14254080,4620288,4096
equicorr_cdf_rho0_8_d50,50,48,0.8,cdf,sobol_owen,4096,6,51724757,reduced_conditional,0.8731717257846096,0.8730755954751246,9.613030948496526e-5,0.204594875,3.603439666,3.808034541,205144096,112,4591,2,14254080,4620288,4096
equicorr_cdf_rho0_8_d50,50,48,0.8,cdf,sobol_owen,4096,7,51724758,reduced_conditional,0.872605803729064,0.8730755954751246,0.00046979174606054386,0.388781833,3.601373542,3.990155375,205144096,112,4591,2,14254080,4620288,4096
equicorr_cdf_rho0_8_d50,50,48,0.8,cdf,sobol_owen,4096,8,51724759,reduced_conditional,0.8735935971418349,0.8730755954751246,0.0005180016667103438,0.205154958,3.604764,3.809918958,205144096,112,4591,2,14254080,4620288,4096
equicorr_cdf_rho0_8_d50,50,48,0.8,cdf,sobol_owen,4096,9,51724760,reduced_conditional,0.8725378222634723,0.8730755954751246,0.0005377732116522704,0.3779085,3.601539709,3.979448209,205144096,112,4591,2,14254080,4620288,4096
equicorr_cdf_rho0_8_d50,50,48,0.8,cdf,sobol_owen,4096,10,51724761,reduced_conditional,0.8731091942791431,0.8730755954751246,3.3598804018541983e-5,0.227162875,3.600973292,3.828136167,205144096,112,4591,2,14254080,4620288,4096
equicorr_cdf_rho0_8_d50,50,48,0.8,cdf,sobol_owen,4096,11,51724762,reduced_conditional,0.8729368615525998,0.8730755954751246,0.0001387339225248363,0.367113333,3.605163541,3.972276874,205144096,112,4591,2,14254080,4620288,4096
equicorr_cdf_rho0_8_d50,50,48,0.8,cdf,sobol_owen,4096,12,51724763,reduced_conditional,0.8734695495251162,0.8730755954751246,0.0003939540499916516,0.395917042,3.603569333,3.999486375,205144096,112,4591,2,14254080,4620288,4096
equicorr_cdf_rho0_8_d50,50,48,0.8,cdf,sobol_owen,4096,13,51724764,reduced_conditional,0.8731280579721227,0.8730755954751246,5.2462496998084696e-5,0.202751083,3.601993791,3.804744874,205144096,112,4591,2,14254080,4620288,4096
equicorr_cdf_rho0_8_d50,50,48,0.8,cdf,sobol_owen,4096,14,51724765,reduced_conditional,0.8727750278346016,0.8730755954751246,0.00030056764052299734,0.389054916,3.601349833,3.990404749,205144096,112,4591,2,14254080,4620288,4096
equicorr_cdf_rho0_8_d50,50,48,0.8,cdf,sobol_owen,4096,15,51724766,reduced_conditional,0.8731800711171096,0.8730755954751246,0.00010447564198501347,0.202751084,3.605234209,3.8079852929999998,205144096,112,4591,2,14254080,4620288,4096
equicorr_cdf_rho0_8_d50,50,48,0.8,cdf,sobol_owen,4096,16,51724767,reduced_conditional,0.8736258758864401,0.8730755954751246,0.0005502804113155513,0.381595084,3.598845959,3.980441043,205144096,112,4591,2,14254080,4620288,4096
equicorr_cdf_rho0_8_d50,50,48,0.8,cdf,sobol_owen,4096,17,51724768,reduced_conditional,0.8732602021280248,0.8730755954751246,0.00018460665290020994,0.20229175,3.603484083,3.805775833,205144096,112,4591,2,14254080,4620288,4096
equicorr_cdf_rho0_8_d50,50,48,0.8,cdf,sobol_owen,4096,18,51724769,reduced_conditional,0.872911439840402,0.8730755954751246,0.00016415563472260697,0.203169875,3.599560791,3.802730666,205144096,112,4591,2,14254080,4620288,4096
equicorr_cdf_rho0_8_d50,50,48,0.8,cdf,sobol_owen,4096,19,51724770,reduced_conditional,0.8739920874994022,0.8730755954751246,0.0009164920242775709,0.387615416,3.601813625,3.989429041,205144096,112,4591,2,14254080,4620288,4096
equicorr_cdf_rho0_8_d50,50,48,0.8,cdf,sobol_owen,4096,20,51724771,reduced_conditional,0.8726309590581678,0.8730755954751246,0.0004446364169568007,0.202344959,3.598903625,3.801248584,205144096,112,4591,2,14254080,4620288,4096
equicorr_cdf_rho0_8_d50,50,48,0.8,cdf,sobol_owen,4096,21,51724772,reduced_conditional,0.8730573360246046,0.8730755954751246,1.825945052003064e-5,0.380735041,3.600392834,3.981127875,205144096,112,4591,2,14254080,4620288,4096
equicorr_cdf_rho0_8_d50,50,48,0.8,cdf,sobol_owen,4096,22,51724773,reduced_conditional,0.8730987724892555,0.8730755954751246,2.3177014130904006e-5,0.203497875,3.598498375,3.80199625,205144096,112,4591,2,14254080,4620288,4096
equicorr_cdf_rho0_8_d50,50,48,0.8,cdf,sobol_owen,4096,23,51724774,reduced_conditional,0.8733491578077716,0.8730755954751246,0.0002735623326469705,0.384297417,3.601834209,3.986131626,205144096,112,4591,2,14254080,4620288,4096
equicorr_cdf_rho0_8_d50,50,48,0.8,cdf,sobol_owen,4096,24,51724775,reduced_conditional,0.8740277999350948,0.8730755954751246,0.0009522044599702406,0.2024045,3.604221541,3.806626041,205144096,112,4591,2,14254080,4620288,4096
equicorr_cdf_rho0_8_d50,50,48,0.8,cdf,sobol_owen,4096,25,51724776,reduced_conditional,0.8723401151357387,0.8730755954751246,0.0007354803393858633,0.39553525,3.604302791,3.999838041,205144096,112,4591,2,14254080,4620288,4096
equicorr_cdf_rho0_8_d50,50,48,0.8,cdf,sobol_owen,4096,26,51724777,reduced_conditional,0.8727104448111755,0.8730755954751246,0.00036515066394904316,0.202360833,3.6031185,3.805479333,205144096,112,4591,2,14254080,4620288,4096
equicorr_cdf_rho0_8_d50,50,48,0.8,cdf,sobol_owen,4096,27,51724778,reduced_conditional,0.8727494669832486,0.8730755954751246,0.0003261284918759655,0.384631791,3.601614334,3.986246125,205144096,112,4591,2,14254080,4620288,4096
equicorr_cdf_rho0_8_d50,50,48,0.8,cdf,sobol_owen,4096,28,51724779,reduced_conditional,0.8734707961249443,0.8730755954751246,0.0003952006498196825,0.38793025,3.603331125,3.991261375,205144096,112,4591,2,14254080,4620288,4096
equicorr_cdf_rho0_8_d50,50,48,0.8,cdf,sobol_owen,4096,29,51724780,reduced_conditional,0.8730814356663477,0.8730755954751246,5.840191223072111e-6,0.201791,3.599747667,3.801538667,205144096,112,4591,2,14254080,4620288,4096
equicorr_cdf_rho0_8_d50,50,48,0.8,cdf,sobol_owen,4096,30,51724781,reduced_conditional,0.8723381964020871,0.8730755954751246,0.0007373990730374924,0.384699959,3.602649791,3.98734975,205144096,112,4591,2,14254080,4620288,4096
equicorr_interior_rho0_8_d50,50,48,0.8,interior,sobol_owen,256,2,51340753,current_indicator,0.82421875,0.8492864833011963,0.02506773330119627,0.023502084,0.44434025,0.46784233399999997,14089744,214995728,3990,41671,NaN,NaN,NaN
equicorr_interior_rho0_8_d50,50,48,0.8,interior,sobol_owen,256,3,51340754,current_indicator,0.828125,0.8492864833011963,0.02116148330119627,0.012970958,0.441355334,0.45432629199999996,14089744,214995728,3990,41671,NaN,NaN,NaN
equicorr_interior_rho0_8_d50,50,48,0.8,interior,sobol_owen,256,4,51340755,current_indicator,0.84765625,0.8492864833011963,0.001630233301196271,0.012465375,0.442891666,0.455357041,14089744,214995728,3990,41671,NaN,NaN,NaN
equicorr_interior_rho0_8_d50,50,48,0.8,interior,sobol_owen,256,5,51340756,current_indicator,0.84375,0.8492864833011963,0.005536483301196271,0.012564791,0.441856792,0.454421583,14089744,214995728,3990,41671,NaN,NaN,NaN
equicorr_interior_rho0_8_d50,50,48,0.8,interior,sobol_owen,256,6,51340757,current_indicator,0.83984375,0.8492864833011963,0.009442733301196271,0.012574167,0.440017917,0.452592084,14089744,214995728,3990,41671,NaN,NaN,NaN
equicorr_interior_rho0_8_d50,50,48,0.8,interior,sobol_owen,256,7,51340758,current_indicator,0.84765625,0.8492864833011963,0.001630233301196271,0.01253375,0.440389541,0.452923291,14089744,214995728,3990,41671,NaN,NaN,NaN
equicorr_interior_rho0_8_d50,50,48,0.8,interior,sobol_owen,256,8,51340759,current_indicator,0.84375,0.8492864833011963,0.005536483301196271,0.012992292,0.441108875,0.45410116700000003,14089744,214995728,3990,41671,NaN,NaN,NaN
equicorr_interior_rho0_8_d50,50,48,0.8,interior,sobol_owen,256,9,51340760,current_indicator,0.8671875,0.8492864833011963,0.01790101669880373,0.012490916,0.445134417,0.457625333,14089744,214995728,3990,41671,NaN,NaN,NaN
equicorr_interior_rho0_8_d50,50,48,0.8,interior,sobol_owen,256,10,51340761,current_indicator,0.85546875,0.8492864833011963,0.006182266698803729,0.013075,0.440912791,0.45398779100000003,14089744,214995728,3990,41671,NaN,NaN,NaN
equicorr_interior_rho0_8_d50,50,48,0.8,interior,sobol_owen,256,11,51340762,current_indicator,0.859375,0.8492864833011963,0.010088516698803729,0.012452,0.438500208,0.450952208,14089744,214995728,3990,41671,NaN,NaN,NaN
equicorr_interior_rho0_8_d50,50,48,0.8,interior,sobol_owen,256,12,51340763,current_indicator,0.84375,0.8492864833011963,0.005536483301196271,0.012564375,0.445392209,0.457956584,14089744,214995728,3990,41671,NaN,NaN,NaN
equicorr_interior_rho0_8_d50,50,48,0.8,interior,sobol_owen,256,13,51340764,current_indicator,0.84765625,0.8492864833011963,0.001630233301196271,0.012491958,0.442420875,0.454912833,14089744,214995728,3990,41671,NaN,NaN,NaN
equicorr_interior_rho0_8_d50,50,48,0.8,interior,sobol_owen,256,14,51340765,current_indicator,0.84765625,0.8492864833011963,0.001630233301196271,0.012709416,0.441275333,0.45398474899999997,14089744,214995728,3990,41671,NaN,NaN,NaN
equicorr_interior_rho0_8_d50,50,48,0.8,interior,sobol_owen,256,15,51340766,current_indicator,0.859375,0.8492864833011963,0.010088516698803729,0.012571458,0.446167292,0.45873875,14089744,214995728,3990,41671,NaN,NaN,NaN
equicorr_interior_rho0_8_d50,50,48,0.8,interior,sobol_owen,256,16,51340767,current_indicator,0.83203125,0.8492864833011963,0.01725523330119627,0.012543625,0.445140459,0.457684084,14089744,214995728,3990,41671,NaN,NaN,NaN
equicorr_interior_rho0_8_d50,50,48,0.8,interior,sobol_owen,256,17,51340768,current_indicator,0.8515625,0.8492864833011963,0.002276016698803729,0.012612084,0.437590208,0.450202292,14089744,214995728,3990,41671,NaN,NaN,NaN
equicorr_interior_rho0_8_d50,50,48,0.8,interior,sobol_owen,256,18,51340769,current_indicator,0.8515625,0.8492864833011963,0.002276016698803729,0.012617375,0.437392042,0.45000941699999997,14089744,214995728,3990,41671,NaN,NaN,NaN
equicorr_interior_rho0_8_d50,50,48,0.8,interior,sobol_owen,256,19,51340770,current_indicator,0.8671875,0.8492864833011963,0.01790101669880373,0.012941125,0.441468917,0.454410042,14089744,214995728,3990,41671,NaN,NaN,NaN
equicorr_interior_rho0_8_d50,50,48,0.8,interior,sobol_owen,256,20,51340771,current_indicator,0.8359375,0.8492864833011963,0.013348983301196271,0.012549209,0.439906958,0.452456167,14089744,214995728,3990,41671,NaN,NaN,NaN
equicorr_interior_rho0_8_d50,50,48,0.8,interior,sobol_owen,256,21,51340772,current_indicator,0.8515625,0.8492864833011963,0.002276016698803729,0.012483,0.44015225,0.45263525000000004,14089744,214995728,3990,41671,NaN,NaN,NaN
equicorr_interior_rho0_8_d50,50,48,0.8,interior,sobol_owen,256,22,51340773,current_indicator,0.8515625,0.8492864833011963,0.002276016698803729,0.012475958,0.436042292,0.44851825,14089744,214995728,3990,41671,NaN,NaN,NaN
equicorr_interior_rho0_8_d50,50,48,0.8,interior,sobol_owen,256,23,51340774,current_indicator,0.84375,0.8492864833011963,0.005536483301196271,0.012564166,0.437358375,0.449922541,14089744,214995728,3990,41671,NaN,NaN,NaN
equicorr_interior_rho0_8_d50,50,48,0.8,interior,sobol_owen,256,24,51340775,current_indicator,0.83203125,0.8492864833011963,0.01725523330119627,0.012426583,0.442946375,0.455372958,14089744,214995728,3990,41671,NaN,NaN,NaN
equicorr_interior_rho0_8_d50,50,48,0.8,interior,sobol_owen,256,25,51340776,current_indicator,0.8515625,0.8492864833011963,0.002276016698803729,0.013050792,0.4405005,0.453551292,14089744,214995728,3990,41671,NaN,NaN,NaN
equicorr_interior_rho0_8_d50,50,48,0.8,interior,sobol_owen,256,26,51340777,current_indicator,0.84375,0.8492864833011963,0.005536483301196271,0.012674,0.44211325,0.45478725000000003,14089744,214995728,3990,41671,NaN,NaN,NaN
equicorr_interior_rho0_8_d50,50,48,0.8,interior,sobol_owen,256,27,51340778,current_indicator,0.83984375,0.8492864833011963,0.009442733301196271,0.012569125,0.44113375,0.453702875,14089744,214995728,3990,41671,NaN,NaN,NaN
equicorr_interior_rho0_8_d50,50,48,0.8,interior,sobol_owen,256,28,51340779,current_indicator,0.83203125,0.8492864833011963,0.01725523330119627,0.012679916,0.639728541,0.6524084569999999,14089744,214995728,3990,41671,NaN,NaN,NaN
equicorr_interior_rho0_8_d50,50,48,0.8,interior,sobol_owen,256,29,51340780,current_indicator,0.84765625,0.8492864833011963,0.001630233301196271,0.012360542,0.454466834,0.46682737599999996,14089744,214995728,3990,41671,NaN,NaN,NaN
equicorr_interior_rho0_8_d50,50,48,0.8,interior,sobol_owen,256,30,51340781,current_indicator,0.84765625,0.8492864833011963,0.001630233301196271,0.012129166,0.442777833,0.45490699900000003,14089744,214995728,3990,41671,NaN,NaN,NaN
equicorr_interior_rho0_8_d50,50,48,0.8,interior,sobol_owen,256,2,51340753,reduced_conditional,0.8439981179593118,0.8492864833011963,0.005288365341884482,0.012179833,0.319581958,0.331761791,14089744,112,3990,2,1204224,288768,1024
equicorr_interior_rho0_8_d50,50,48,0.8,interior,sobol_owen,256,3,51340754,reduced_conditional,0.8513399808433535,0.8492864833011963,0.0020534975421572232,0.012584958,0.324004958,0.336589916,14089744,112,3990,2,1204224,288768,1024
equicorr_interior_rho0_8_d50,50,48,0.8,interior,sobol_owen,256,4,51340755,reduced_conditional,0.8565019057178263,0.8492864833011963,0.00721542241662998,0.014986417,0.319826334,0.33481275099999996,14089744,112,3990,2,1204224,288768,1024
equicorr_interior_rho0_8_d50,50,48,0.8,interior,sobol_owen,256,5,51340756,reduced_conditional,0.8434732900421467,0.8492864833011963,0.005813193259049609,0.012135791,0.320034667,0.332170458,14089744,112,3990,2,1204224,288768,1024
equicorr_interior_rho0_8_d50,50,48,0.8,interior,sobol_owen,256,6,51340757,reduced_conditional,0.8504650807629285,0.8492864833011963,0.0011785974617322115,0.013423417,0.319056458,0.332479875,14089744,112,3990,2,1204224,288768,1024
equicorr_interior_rho0_8_d50,50,48,0.8,interior,sobol_owen,256,7,51340758,reduced_conditional,0.8518451088602658,0.8492864833011963,0.002558625559069494,0.012743709,0.319440417,0.33218412599999997,14089744,112,3990,2,1204224,288768,1024
equicorr_interior_rho0_8_d50,50,48,0.8,interior,sobol_owen,256,8,51340759,reduced_conditional,0.8451559541444108,0.8492864833011963,0.004130529156785467,0.012083625,0.319105083,0.331188708,14089744,112,3990,2,1204224,288768,1024
equicorr_interior_rho0_8_d50,50,48,0.8,interior,sobol_owen,256,9,51340760,reduced_conditional,0.8535269037209481,0.8492864833011963,0.004240420419751811,0.01254625,0.319608209,0.33215445899999996,14089744,112,3990,2,1204224,288768,1024
equicorr_interior_rho0_8_d50,50,48,0.8,interior,sobol_owen,256,10,51340761,reduced_conditional,0.857117335276917,0.8492864833011963,0.007830851975720754,0.013077292,0.319273458,0.33235075000000003,14089744,112,3990,2,1204224,288768,1024
equicorr_interior_rho0_8_d50,50,48,0.8,interior,sobol_owen,256,11,51340762,reduced_conditional,0.8504074726130124,0.8492864833011963,0.0011209893118161451,0.012343667,0.319359083,0.33170275,14089744,112,3990,2,1204224,288768,1024
equicorr_interior_rho0_8_d50,50,48,0.8,interior,sobol_owen,256,12,51340763,reduced_conditional,0.8464273911933935,0.8492864833011963,0.0028590921078027742,0.012698,0.319289,0.331987,14089744,112,3990,2,1204224,288768,1024
equicorr_interior_rho0_8_d50,50,48,0.8,interior,sobol_owen,256,13,51340764,reduced_conditional,0.8481134325684537,0.8492864833011963,0.0011730507327425421,0.012261291,0.321877875,0.334139166,14089744,112,3990,2,1204224,288768,1024
equicorr_interior_rho0_8_d50,50,48,0.8,interior,sobol_owen,256,14,51340765,reduced_conditional,0.8442617932095632,0.8492864833011963,0.005024690091633088,0.0133265,0.319513416,0.332839916,14089744,112,3990,2,1204224,288768,1024
equicorr_interior_rho0_8_d50,50,48,0.8,interior,sobol_owen,256,15,51340766,reduced_conditional,0.8525643645262969,0.8492864833011963,0.003277881225100643,0.012328,0.3199725,0.3323005,14089744,112,3990,2,1204224,288768,1024
equicorr_interior_rho0_8_d50,50,48,0.8,interior,sobol_owen,256,16,51340767,reduced_conditional,0.8546161008992164,0.8492864833011963,0.005329617598020087,0.013222708,0.320476333,0.33369904100000003,14089744,112,3990,2,1204224,288768,1024
equicorr_interior_rho0_8_d50,50,48,0.8,interior,sobol_owen,256,17,51340768,reduced_conditional,0.8534739201486067,0.8492864833011963,0.0041874368474104084,0.012498541,0.320543334,0.333041875,14089744,112,3990,2,1204224,288768,1024
equicorr_interior_rho0_8_d50,50,48,0.8,interior,sobol_owen,256,18,51340769,reduced_conditional,0.8534785323864228,0.8492864833011963,0.0041920490852265235,0.012888167,0.320002334,0.332890501,14089744,112,3990,2,1204224,288768,1024
equicorr_interior_rho0_8_d50,50,48,0.8,interior,sobol_owen,256,19,51340770,reduced_conditional,0.8520614644166665,0.8492864833011963,0.002774981115470254,0.012331459,0.320361333,0.332692792,14089744,112,3990,2,1204224,288768,1024
equicorr_interior_rho0_8_d50,50,48,0.8,interior,sobol_owen,256,20,51340771,reduced_conditional,0.8529846140669401,0.8492864833011963,0.003698130765743879,0.013164042,0.320273791,0.33343783299999996,14089744,112,3990,2,1204224,288768,1024
equicorr_interior_rho0_8_d50,50,48,0.8,interior,sobol_owen,256,21,51340772,reduced_conditional,0.8450205843167573,0.8492864833011963,0.004265898984438965,0.012346584,0.319715041,0.33206162499999997,14089744,112,3990,2,1204224,288768,1024
equicorr_interior_rho0_8_d50,50,48,0.8,interior,sobol_owen,256,22,51340773,reduced_conditional,0.8517741191470736,0.8492864833011963,0.0024876358458773007,0.012779917,0.319714917,0.33249483399999996,14089744,112,3990,2,1204224,288768,1024
equicorr_interior_rho0_8_d50,50,48,0.8,interior,sobol_owen,256,23,51340774,reduced_conditional,0.8480695094684091,0.8492864833011963,0.0012169738327871826,0.012341541,0.321454375,0.333795916,14089744,112,3990,2,1204224,288768,1024
equicorr_interior_rho0_8_d50,50,48,0.8,interior,sobol_owen,256,24,51340775,reduced_conditional,0.8480389077399576,0.8492864833011963,0.0012475755612386674,0.012820708,0.320669,0.333489708,14089744,112,3990,2,1204224,288768,1024
equicorr_interior_rho0_8_d50,50,48,0.8,interior,sobol_owen,256,25,51340776,reduced_conditional,0.8510335710191412,0.8492864833011963,0.0017470877179449618,0.012463833,0.320770042,0.33323387499999996,14089744,112,3990,2,1204224,288768,1024
equicorr_interior_rho0_8_d50,50,48,0.8,interior,sobol_owen,256,26,51340777,reduced_conditional,0.8498666198160254,0.8492864833011963,0.0005801365148291326,0.012892625,0.319304208,0.33219683299999997,14089744,112,3990,2,1204224,288768,1024
equicorr_interior_rho0_8_d50,50,48,0.8,interior,sobol_owen,256,27,51340778,reduced_conditional,0.8450619827861087,0.8492864833011963,0.004224500515087604,0.013053666,0.320144334,0.333198,14089744,112,3990,2,1204224,288768,1024
equicorr_interior_rho0_8_d50,50,48,0.8,interior,sobol_owen,256,28,51340779,reduced_conditional,0.8458400746988196,0.8492864833011963,0.0034464086023766605,0.012450375,0.319269625,0.33172,14089744,112,3990,2,1204224,288768,1024
equicorr_interior_rho0_8_d50,50,48,0.8,interior,sobol_owen,256,29,51340780,reduced_conditional,0.8442329406857064,0.8492864833011963,0.005053542615489848,0.0126955,0.321149834,0.33384533400000005,14089744,112,3990,2,1204224,288768,1024
equicorr_interior_rho0_8_d50,50,48,0.8,interior,sobol_owen,256,30,51340781,reduced_conditional,0.8570385042523886,0.8492864833011963,0.007752020951192318,0.012824708,0.321996583,0.334821291,14089744,112,3990,2,1204224,288768,1024
equicorr_interior_rho0_8_d50,50,48,0.8,interior,sobol_owen,1024,1,51417552,current_indicator,0.8466796875,0.8492864833011963,0.002606795801196271,0.050307792,1.727120625,1.7774284169999999,51947296,216482576,4291,41671,NaN,NaN,NaN
equicorr_interior_rho0_8_d50,50,48,0.8,interior,sobol_owen,1024,2,51417553,current_indicator,0.8388671875,0.8492864833011963,0.010419295801196271,0.048949625,1.917318667,1.966268292,51947296,216482576,4291,41671,NaN,NaN,NaN
equicorr_interior_rho0_8_d50,50,48,0.8,interior,sobol_owen,1024,3,51417554,current_indicator,0.8544921875,0.8492864833011963,0.005205704198803729,0.049332333,1.729667458,1.778999791,51947296,216482576,4291,41671,NaN,NaN,NaN
equicorr_interior_rho0_8_d50,50,48,0.8,interior,sobol_owen,1024,4,51417555,current_indicator,0.8466796875,0.8492864833011963,0.002606795801196271,0.048940625,1.721626458,1.770567083,51947296,216482576,4291,41671,NaN,NaN,NaN
equicorr_interior_rho0_8_d50,50,48,0.8,interior,sobol_owen,1024,5,51417556,current_indicator,0.83984375,0.8492864833011963,0.009442733301196271,0.04889725,1.719299791,1.768197041,51947296,216482576,4291,41671,NaN,NaN,NaN
equicorr_interior_rho0_8_d50,50,48,0.8,interior,sobol_owen,1024,6,51417557,current_indicator,0.853515625,0.8492864833011963,0.004229141698803729,0.04936975,1.719968666,1.769338416,51947296,216482576,4291,41671,NaN,NaN,NaN
equicorr_interior_rho0_8_d50,50,48,0.8,interior,sobol_owen,1024,7,51417558,current_indicator,0.8486328125,0.8492864833011963,0.0006536708011962711,0.049672375,1.72030025,1.769972625,51947296,216482576,4291,41671,NaN,NaN,NaN
equicorr_interior_rho0_8_d50,50,48,0.8,interior,sobol_owen,1024,8,51417559,current_indicator,0.8525390625,0.8492864833011963,0.003252579198803729,0.049129583,1.724595458,1.773725041,51947296,216482576,4291,41671,NaN,NaN,NaN
equicorr_interior_rho0_8_d50,50,48,0.8,interior,sobol_owen,1024,9,51417560,current_indicator,0.845703125,0.8492864833011963,0.003583358301196271,0.049132583,1.72443275,1.773565333,51947296,216482576,4291,41671,NaN,NaN,NaN
equicorr_interior_rho0_8_d50,50,48,0.8,interior,sobol_owen,1024,10,51417561,current_indicator,0.84765625,0.8492864833011963,0.001630233301196271,0.228299667,1.724456084,1.952755751,51947296,216482576,4291,41671,NaN,NaN,NaN
equicorr_interior_rho0_8_d50,50,48,0.8,interior,sobol_owen,1024,11,51417562,current_indicator,0.845703125,0.8492864833011963,0.003583358301196271,0.049033458,1.730195625,1.779229083,51947296,216482576,4291,41671,NaN,NaN,NaN
equicorr_interior_rho0_8_d50,50,48,0.8,interior,sobol_owen,1024,12,51417563,current_indicator,0.849609375,0.8492864833011963,0.0003228916988037289,0.049652541,1.729612708,1.779265249,51947296,216482576,4291,41671,NaN,NaN,NaN
equicorr_interior_rho0_8_d50,50,48,0.8,interior,sobol_owen,1024,13,51417564,current_indicator,0.8564453125,0.8492864833011963,0.007158829198803729,0.049093959,1.727189042,1.776283001,51947296,216482576,4291,41671,NaN,NaN,NaN
equicorr_interior_rho0_8_d50,50,48,0.8,interior,sobol_owen,1024,14,51417565,current_indicator,0.8515625,0.8492864833011963,0.002276016698803729,0.049590625,1.714443042,1.764033667,51947296,216482576,4291,41671,NaN,NaN,NaN
equicorr_interior_rho0_8_d50,50,48,0.8,interior,sobol_owen,1024,15,51417566,current_indicator,0.8486328125,0.8492864833011963,0.0006536708011962711,0.049548709,1.724550958,1.774099667,51947296,216482576,4291,41671,NaN,NaN,NaN
equicorr_interior_rho0_8_d50,50,48,0.8,interior,sobol_owen,1024,16,51417567,current_indicator,0.8486328125,0.8492864833011963,0.0006536708011962711,0.049421333,1.920225792,1.969647125,51947296,216482576,4291,41671,NaN,NaN,NaN
equicorr_interior_rho0_8_d50,50,48,0.8,interior,sobol_owen,1024,17,51417568,current_indicator,0.849609375,0.8492864833011963,0.0003228916988037289,0.050291,1.727389042,1.777680042,51947296,216482576,4291,41671,NaN,NaN,NaN
equicorr_interior_rho0_8_d50,50,48,0.8,interior,sobol_owen,1024,18,51417569,current_indicator,0.84375,0.8492864833011963,0.005536483301196271,0.049171791,1.721197666,1.770369457,51947296,216482576,4291,41671,NaN,NaN,NaN
equicorr_interior_rho0_8_d50,50,48,0.8,interior,sobol_owen,1024,19,51417570,current_indicator,0.859375,0.8492864833011963,0.010088516698803729,0.049718375,1.718074333,1.767792708,51947296,216482576,4291,41671,NaN,NaN,NaN
equicorr_interior_rho0_8_d50,50,48,0.8,interior,sobol_owen,1024,20,51417571,current_indicator,0.857421875,0.8492864833011963,0.008135391698803729,0.048761417,1.717109125,1.7658705419999998,51947296,216482576,4291,41671,NaN,NaN,NaN
equicorr_interior_rho0_8_d50,50,48,0.8,interior,sobol_owen,1024,21,51417572,current_indicator,0.8564453125,0.8492864833011963,0.007158829198803729,0.048763458,1.727604667,1.776368125,51947296,216482576,4291,41671,NaN,NaN,NaN
equicorr_interior_rho0_8_d50,50,48,0.8,interior,sobol_owen,1024,22,51417573,current_indicator,0.86328125,0.8492864833011963,0.013994766698803729,0.049302292,1.730492333,1.7797946249999999,51947296,216482576,4291,41671,NaN,NaN,NaN
equicorr_interior_rho0_8_d50,50,48,0.8,interior,sobol_owen,1024,23,51417574,current_indicator,0.8505859375,0.8492864833011963,0.001299454198803729,0.049256875,1.719863583,1.769120458,51947296,216482576,4291,41671,NaN,NaN,NaN
equicorr_interior_rho0_8_d50,50,48,0.8,interior,sobol_owen,1024,24,51417575,current_indicator,0.845703125,0.8492864833011963,0.003583358301196271,0.226517292,1.726932375,1.9534496670000001,51947296,216482576,4291,41671,NaN,NaN,NaN
equicorr_interior_rho0_8_d50,50,48,0.8,interior,sobol_owen,1024,25,51417576,current_indicator,0.8583984375,0.8492864833011963,0.009111954198803729,0.053530292,1.722756542,1.776286834,51947296,216482576,4291,41671,NaN,NaN,NaN
equicorr_interior_rho0_8_d50,50,48,0.8,interior,sobol_owen,1024,26,51417577,current_indicator,0.853515625,0.8492864833011963,0.004229141698803729,0.049222916,1.724383334,1.77360625,51947296,216482576,4291,41671,NaN,NaN,NaN
equicorr_interior_rho0_8_d50,50,48,0.8,interior,sobol_owen,1024,27,51417578,current_indicator,0.845703125,0.8492864833011963,0.003583358301196271,0.049020834,1.718397417,1.767418251,51947296,216482576,4291,41671,NaN,NaN,NaN
equicorr_interior_rho0_8_d50,50,48,0.8,interior,sobol_owen,1024,28,51417579,current_indicator,0.861328125,0.8492864833011963,0.012041641698803729,0.049211125,1.727424042,1.776635167,51947296,216482576,4291,41671,NaN,NaN,NaN
equicorr_interior_rho0_8_d50,50,48,0.8,interior,sobol_owen,1024,29,51417580,current_indicator,0.8505859375,0.8492864833011963,0.001299454198803729,0.049212708,1.7160015,1.765214208,51947296,216482576,4291,41671,NaN,NaN,NaN
equicorr_interior_rho0_8_d50,50,48,0.8,interior,sobol_owen,1024,30,51417581,current_indicator,0.86328125,0.8492864833011963,0.013994766698803729,0.049047625,1.732962458,1.782010083,51947296,216482576,4291,41671,NaN,NaN,NaN
equicorr_interior_rho0_8_d50,50,48,0.8,interior,sobol_owen,1024,1,51417552,reduced_conditional,0.8500741572277148,0.8492864833011963,0.0007876739265185728,0.208752083,1.281474708,1.490226791,51947296,112,4291,2,4816896,1155072,4096
equicorr_interior_rho0_8_d50,50,48,0.8,interior,sobol_owen,1024,2,51417553,reduced_conditional,0.8493494612347335,0.8492864833011963,6.29779335372671e-5,0.051969,1.280689166,1.3326581659999999,51947296,112,4291,2,4816896,1155072,4096
equicorr_interior_rho0_8_d50,50,48,0.8,interior,sobol_owen,1024,3,51417554,reduced_conditional,0.8495657485674412,0.8492864833011963,0.000279265266244888,0.050097334,1.281370666,1.3314679999999999,51947296,112,4291,2,4816896,1155072,4096
equicorr_interior_rho0_8_d50,50,48,0.8,interior,sobol_owen,1024,4,51417555,reduced_conditional,0.8491585096549615,0.8492864833011963,0.00012797364623473584,0.048405458,1.281976667,1.3303821249999999,51947296,112,4291,2,4816896,1155072,4096
equicorr_interior_rho0_8_d50,50,48,0.8,interior,sobol_owen,1024,5,51417556,reduced_conditional,0.8505126474753016,0.8492864833011963,0.0012261641741053708,0.051856417,1.280386625,1.332243042,51947296,112,4291,2,4816896,1155072,4096
equicorr_interior_rho0_8_d50,50,48,0.8,interior,sobol_owen,1024,6,51417557,reduced_conditional,0.8478479922609594,0.8492864833011963,0.0014384910402368556,0.048777416,1.281468375,1.330245791,51947296,112,4291,2,4816896,1155072,4096
equicorr_interior_rho0_8_d50,50,48,0.8,interior,sobol_owen,1024,7,51417558,reduced_conditional,0.8521004757405665,0.8492864833011963,0.0028139924393701943,0.049856791,1.286090042,1.3359468330000002,51947296,112,4291,2,4816896,1155072,4096
equicorr_interior_rho0_8_d50,50,48,0.8,interior,sobol_owen,1024,8,51417559,reduced_conditional,0.8493657892800652,0.8492864833011963,7.930597886895985e-5,0.049655959,1.279483167,1.329139126,51947296,112,4291,2,4816896,1155072,4096
equicorr_interior_rho0_8_d50,50,48,0.8,interior,sobol_owen,1024,9,51417560,reduced_conditional,0.8497811101461872,0.8492864833011963,0.0004946268449909086,0.049310541,1.275634917,1.3249454580000002,51947296,112,4291,2,4816896,1155072,4096
equicorr_interior_rho0_8_d50,50,48,0.8,interior,sobol_owen,1024,10,51417561,reduced_conditional,0.8507261058909623,0.8492864833011963,0.001439622589766043,0.048968916,1.2838805,1.332849416,51947296,112,4291,2,4816896,1155072,4096
equicorr_interior_rho0_8_d50,50,48,0.8,interior,sobol_owen,1024,11,51417562,reduced_conditional,0.8490719525491345,0.8492864833011963,0.00021453075206179228,0.04973375,1.2806335,1.33036725,51947296,112,4291,2,4816896,1155072,4096
equicorr_interior_rho0_8_d50,50,48,0.8,interior,sobol_owen,1024,12,51417563,reduced_conditional,0.8487180146535207,0.8492864833011963,0.0005684686476755685,0.049315958,1.281432666,1.330748624,51947296,112,4291,2,4816896,1155072,4096
equicorr_interior_rho0_8_d50,50,48,0.8,interior,sobol_owen,1024,13,51417564,reduced_conditional,0.8499433107851092,0.8492864833011963,0.0006568274839129362,0.049828291,1.283543667,1.333371958,51947296,112,4291,2,4816896,1155072,4096
equicorr_interior_rho0_8_d50,50,48,0.8,interior,sobol_owen,1024,14,51417565,reduced_conditional,0.8496685525143334,0.8492864833011963,0.00038206921313710396,0.228596166,1.280609291,1.509205457,51947296,112,4291,2,4816896,1155072,4096
equicorr_interior_rho0_8_d50,50,48,0.8,interior,sobol_owen,1024,15,51417566,reduced_conditional,0.8509929508683207,0.8492864833011963,0.0017064675671244478,0.047881791,1.27857075,1.326452541,51947296,112,4291,2,4816896,1155072,4096
equicorr_interior_rho0_8_d50,50,48,0.8,interior,sobol_owen,1024,16,51417567,reduced_conditional,0.8518394653791027,0.8492864833011963,0.0025529820779064405,0.049489,1.280805375,1.3302943749999998,51947296,112,4291,2,4816896,1155072,4096
equicorr_interior_rho0_8_d50,50,48,0.8,interior,sobol_owen,1024,17,51417568,reduced_conditional,0.846740959165699,0.8492864833011963,0.0025455241354972458,0.05316325,1.283287334,1.336450584,51947296,112,4291,2,4816896,1155072,4096
equicorr_interior_rho0_8_d50,50,48,0.8,interior,sobol_owen,1024,18,51417569,reduced_conditional,0.8479288206595327,0.8492864833011963,0.0013576626416635929,0.048756416,1.282041208,1.3307976240000001,51947296,112,4291,2,4816896,1155072,4096
equicorr_interior_rho0_8_d50,50,48,0.8,interior,sobol_owen,1024,19,51417570,reduced_conditional,0.8513378398442596,0.8492864833011963,0.0020513565430633207,0.049826125,1.286029875,1.3358560000000002,51947296,112,4291,2,4816896,1155072,4096
equicorr_interior_rho0_8_d50,50,48,0.8,interior,sobol_owen,1024,20,51417571,reduced_conditional,0.8510280637790637,0.8492864833011963,0.0017415804778674326,0.049235584,1.276766334,1.326001918,51947296,112,4291,2,4816896,1155072,4096
equicorr_interior_rho0_8_d50,50,48,0.8,interior,sobol_owen,1024,21,51417572,reduced_conditional,0.8511674680444152,0.8492864833011963,0.0018809847432189608,0.04889225,1.284339166,1.333231416,51947296,112,4291,2,4816896,1155072,4096
equicorr_interior_rho0_8_d50,50,48,0.8,interior,sobol_owen,1024,22,51417573,reduced_conditional,0.8511781529798078,0.8492864833011963,0.0018916696786115406,0.049524166,1.285441708,1.334965874,51947296,112,4291,2,4816896,1155072,4096
equicorr_interior_rho0_8_d50,50,48,0.8,interior,sobol_owen,1024,23,51417574,reduced_conditional,0.8480292727890932,0.8492864833011963,0.0012572105121030352,0.049747,1.281726084,1.331473084,51947296,112,4291,2,4816896,1155072,4096
equicorr_interior_rho0_8_d50,50,48,0.8,interior,sobol_owen,1024,24,51417575,reduced_conditional,0.8495528981807281,0.8492864833011963,0.00026641487953182885,0.048700833,1.282112291,1.330813124,51947296,112,4291,2,4816896,1155072,4096
equicorr_interior_rho0_8_d50,50,48,0.8,interior,sobol_owen,1024,25,51417576,reduced_conditional,0.8491849185152957,0.8492864833011963,0.00010156478590062079,0.049909292,1.284178125,1.3340874169999999,51947296,112,4291,2,4816896,1155072,4096
equicorr_interior_rho0_8_d50,50,48,0.8,interior,sobol_owen,1024,26,51417577,reduced_conditional,0.8489316754594864,0.8492864833011963,0.0003548078417098255,0.049889917,1.277529833,1.32741975,51947296,112,4291,2,4816896,1155072,4096
equicorr_interior_rho0_8_d50,50,48,0.8,interior,sobol_owen,1024,27,51417578,reduced_conditional,0.8503202052290256,0.8492864833011963,0.0010337219278293563,0.225676042,1.277843333,1.503519375,51947296,112,4291,2,4816896,1155072,4096
equicorr_interior_rho0_8_d50,50,48,0.8,interior,sobol_owen,1024,28,51417579,reduced_conditional,0.8512983965543593,0.8492864833011963,0.002011913253163078,0.052446667,1.284784542,1.337231209,51947296,112,4291,2,4816896,1155072,4096
equicorr_interior_rho0_8_d50,50,48,0.8,interior,sobol_owen,1024,29,51417580,reduced_conditional,0.849339590951826,0.8492864833011963,5.3107650629713454e-5,0.048425,1.280130125,1.3285551249999998,51947296,112,4291,2,4816896,1155072,4096
equicorr_interior_rho0_8_d50,50,48,0.8,interior,sobol_owen,1024,30,51417581,reduced_conditional,0.8514201034403508,0.8492864833011963,0.002133620139154524,0.049017833,1.286227459,1.335245292,51947296,112,4291,2,4816896,1155072,4096
equicorr_interior_rho0_8_d50,50,48,0.8,interior,sobol_owen,4096,1,51724752,reduced_conditional,0.8499350426112562,0.8492864833011963,0.0006485593100599152,0.388515667,5.15101425,5.539529917,205144096,112,4591,2,19267584,4620288,16384
equicorr_interior_rho0_8_d50,50,48,0.8,interior,sobol_owen,4096,2,51724753,reduced_conditional,0.8493149387181583,0.8492864833011963,2.8455416962058777e-5,0.202734708,5.137029417,5.339764125,205144096,112,4591,2,19267584,4620288,16384
equicorr_interior_rho0_8_d50,50,48,0.8,interior,sobol_owen,4096,3,51724754,reduced_conditional,0.8489602813441793,0.8492864833011963,0.0003262019570169361,0.37748975,5.130681375,5.508171125,205144096,112,4591,2,19267584,4620288,16384
equicorr_interior_rho0_8_d50,50,48,0.8,interior,sobol_owen,4096,4,51724755,reduced_conditional,0.8480874590551951,0.8492864833011963,0.0011990242460011569,0.20307725,5.133825,5.33690225,205144096,112,4591,2,19267584,4620288,16384
equicorr_interior_rho0_8_d50,50,48,0.8,interior,sobol_owen,4096,5,51724756,reduced_conditional,0.8494222966187476,0.8492864833011963,0.00013581331755130321,0.389921208,5.136706583,5.526627790999999,205144096,112,4591,2,19267584,4620288,16384
equicorr_interior_rho0_8_d50,50,48,0.8,interior,sobol_owen,4096,6,51724757,reduced_conditional,0.8489707479210367,0.8492864833011963,0.00031573538015960967,0.225006417,5.140078041,5.365084458,205144096,112,4591,2,19267584,4620288,16384
equicorr_interior_rho0_8_d50,50,48,0.8,interior,sobol_owen,4096,7,51724758,reduced_conditional,0.8490522923432747,0.8492864833011963,0.00023419095792154287,0.36258375,5.139726209,5.502309959,205144096,112,4591,2,19267584,4620288,16384
equicorr_interior_rho0_8_d50,50,48,0.8,interior,sobol_owen,4096,8,51724759,reduced_conditional,0.8496077497331594,0.8492864833011963,0.00032126643196317417,0.359627916,5.125747667,5.485375583,205144096,112,4591,2,19267584,4620288,16384
equicorr_interior_rho0_8_d50,50,48,0.8,interior,sobol_owen,4096,9,51724760,reduced_conditional,0.8491270999361007,0.8492864833011963,0.00015938336509557782,0.202642625,5.133825916,5.336468541,205144096,112,4591,2,19267584,4620288,16384
equicorr_interior_rho0_8_d50,50,48,0.8,interior,sobol_owen,4096,10,51724761,reduced_conditional,0.8484863221934388,0.8492864833011963,0.000800161107757491,0.38176075,5.128945125,5.510705875,205144096,112,4591,2,19267584,4620288,16384
equicorr_interior_rho0_8_d50,50,48,0.8,interior,sobol_owen,4096,11,51724762,reduced_conditional,0.8497647399494535,0.8492864833011963,0.0004782566482571804,0.226634417,5.135591375,5.362225791999999,205144096,112,4591,2,19267584,4620288,16384
equicorr_interior_rho0_8_d50,50,48,0.8,interior,sobol_owen,4096,12,51724763,reduced_conditional,0.8494955162334092,0.8492864833011963,0.00020903293221297137,0.363093875,5.134746,5.4978398749999995,205144096,112,4591,2,19267584,4620288,16384
equicorr_interior_rho0_8_d50,50,48,0.8,interior,sobol_owen,4096,13,51724764,reduced_conditional,0.8487165977442069,0.8492864833011963,0.0005698855569893357,0.382487333,5.140213667,5.5227010000000005,205144096,112,4591,2,19267584,4620288,16384
equicorr_interior_rho0_8_d50,50,48,0.8,interior,sobol_owen,4096,14,51724765,reduced_conditional,0.8497262909406391,0.8492864833011963,0.0004398076394428463,0.202041083,5.137859125,5.339900208,205144096,112,4591,2,19267584,4620288,16384
equicorr_interior_rho0_8_d50,50,48,0.8,interior,sobol_owen,4096,15,51724766,reduced_conditional,0.8491638232019858,0.8492864833011963,0.00012266009921046983,0.385978375,5.141353708,5.527332082999999,205144096,112,4591,2,19267584,4620288,16384
equicorr_interior_rho0_8_d50,50,48,0.8,interior,sobol_owen,4096,16,51724767,reduced_conditional,0.8496535132436152,0.8492864833011963,0.00036702994241888387,0.201162708,5.136748,5.337910708,205144096,112,4591,2,19267584,4620288,16384
equicorr_interior_rho0_8_d50,50,48,0.8,interior,sobol_owen,4096,17,51724768,reduced_conditional,0.8497409770991947,0.8492864833011963,0.00045449379799844536,0.387699083,5.1380615,5.525760583,205144096,112,4591,2,19267584,4620288,16384
equicorr_interior_rho0_8_d50,50,48,0.8,interior,sobol_owen,4096,18,51724769,reduced_conditional,0.8488812432255273,0.8492864833011963,0.000405240075669,0.202297084,5.137317,5.339614084,205144096,112,4591,2,19267584,4620288,16384
equicorr_interior_rho0_8_d50,50,48,0.8,interior,sobol_owen,4096,19,51724770,reduced_conditional,0.8497325993265892,0.8492864833011963,0.0004461160253929064,0.38351225,5.131075834,5.514588084,205144096,112,4591,2,19267584,4620288,16384
equicorr_interior_rho0_8_d50,50,48,0.8,interior,sobol_owen,4096,20,51724771,reduced_conditional,0.849516815197242,0.8492864833011963,0.00023033189604571014,0.20192825,5.137465917,5.339394167,205144096,112,4591,2,19267584,4620288,16384
equicorr_interior_rho0_8_d50,50,48,0.8,interior,sobol_owen,4096,21,51724772,reduced_conditional,0.8490468005729165,0.8492864833011963,0.00023968272827978865,0.385053709,5.133585042,5.518638751,205144096,112,4591,2,19267584,4620288,16384
equicorr_interior_rho0_8_d50,50,48,0.8,interior,sobol_owen,4096,22,51724773,reduced_conditional,0.8495411616346534,0.8492864833011963,0.00025467833345715896,0.2023305,5.138958417,5.341288917,205144096,112,4591,2,19267584,4620288,16384
equicorr_interior_rho0_8_d50,50,48,0.8,interior,sobol_owen,4096,23,51724774,reduced_conditional,0.8498171062645045,0.8492864833011963,0.0005306229633081916,0.202896292,5.13455725,5.337453542,205144096,112,4591,2,19267584,4620288,16384
equicorr_interior_rho0_8_d50,50,48,0.8,interior,sobol_owen,4096,24,51724775,reduced_conditional,0.8498576451144148,0.8492864833011963,0.0005711618132184793,0.382392125,5.139570375,5.5219625,205144096,112,4591,2,19267584,4620288,16384
equicorr_interior_rho0_8_d50,50,48,0.8,interior,sobol_owen,4096,25,51724776,reduced_conditional,0.8482797116145342,0.8492864833011963,0.001006771686662078,0.383442958,5.1394555,5.522898458,205144096,112,4591,2,19267584,4620288,16384
equicorr_interior_rho0_8_d50,50,48,0.8,interior,sobol_owen,4096,26,51724777,reduced_conditional,0.8489994871159174,0.8492864833011963,0.00028699618527883164,0.203565834,5.136061,5.339626834,205144096,112,4591,2,19267584,4620288,16384
equicorr_interior_rho0_8_d50,50,48,0.8,interior,sobol_owen,4096,27,51724778,reduced_conditional,0.8488295955958703,0.8492864833011963,0.0004568877053259257,0.378357958,5.138864334,5.517222292,205144096,112,4591,2,19267584,4620288,16384
equicorr_interior_rho0_8_d50,50,48,0.8,interior,sobol_owen,4096,28,51724779,reduced_conditional,0.8490128503840689,0.8492864833011963,0.00027363291712734217,0.202087333,5.139165708,5.341253041,205144096,112,4591,2,19267584,4620288,16384
equicorr_interior_rho0_8_d50,50,48,0.8,interior,sobol_owen,4096,29,51724780,reduced_conditional,0.8500821877055821,0.8492864833011963,0.0007957044043858108,0.389011583,5.137770958,5.526782541,205144096,112,4591,2,19267584,4620288,16384
equicorr_interior_rho0_8_d50,50,48,0.8,interior,sobol_owen,4096,30,51724781,reduced_conditional,0.8491656321716116,0.8492864833011963,0.00012085112958470923,0.202221834,5.131652625,5.3338744590000005,205144096,112,4591,2,19267584,4620288,16384
equicorr_cdf_rho0_3_d100,100,98,0.3,cdf,sobol_owen,256,2,100840753,current_indicator,0.64453125,0.6427949737650774,0.0017362762349225624,0.101381667,3.933213708,4.034595374999999,33398288,6718428272,113295,333321,NaN,NaN,NaN
equicorr_cdf_rho0_3_d100,100,98,0.3,cdf,sobol_owen,256,3,100840754,current_indicator,0.62890625,0.6427949737650774,0.013888723765077438,0.025233458,3.678525625,3.703759083,28109520,6718428272,7940,333321,NaN,NaN,NaN
equicorr_cdf_rho0_3_d100,100,98,0.3,cdf,sobol_owen,256,4,100840755,current_indicator,0.6328125,0.6427949737650774,0.009982473765077438,0.025164417,3.898767,3.923931417,28109520,6718428272,7940,333321,NaN,NaN,NaN
equicorr_cdf_rho0_3_d100,100,98,0.3,cdf,sobol_owen,256,5,100840756,current_indicator,0.64453125,0.6427949737650774,0.0017362762349225624,0.024967791,3.67709975,3.702067541,28109520,6718428272,7940,333321,NaN,NaN,NaN
equicorr_cdf_rho0_3_d100,100,98,0.3,cdf,sobol_owen,256,6,100840757,current_indicator,0.6484375,0.6427949737650774,0.0056425262349225624,0.025117167,3.871008125,3.896125292,28109520,6718428272,7940,333321,NaN,NaN,NaN
equicorr_cdf_rho0_3_d100,100,98,0.3,cdf,sobol_owen,256,7,100840758,current_indicator,0.671875,0.6427949737650774,0.029080026234922562,0.024673833,3.660555292,3.685229125,28109520,6718428272,7940,333321,NaN,NaN,NaN
equicorr_cdf_rho0_3_d100,100,98,0.3,cdf,sobol_owen,256,8,100840759,current_indicator,0.640625,0.6427949737650774,0.0021699737650774376,0.024541708,3.891621334,3.916163042,28109520,6718428272,7940,333321,NaN,NaN,NaN
equicorr_cdf_rho0_3_d100,100,98,0.3,cdf,sobol_owen,256,9,100840760,current_indicator,0.6328125,0.6427949737650774,0.009982473765077438,0.0249225,3.67521675,3.7001392500000003,28109520,6718428272,7940,333321,NaN,NaN,NaN
equicorr_cdf_rho0_3_d100,100,98,0.3,cdf,sobol_owen,256,10,100840761,current_indicator,0.64453125,0.6427949737650774,0.0017362762349225624,0.025128833,3.880488209,3.9056170420000003,28109520,6718428272,7940,333321,NaN,NaN,NaN
equicorr_cdf_rho0_3_d100,100,98,0.3,cdf,sobol_owen,256,11,100840762,current_indicator,0.640625,0.6427949737650774,0.0021699737650774376,0.0249835,3.650700291,3.675683791,28109520,6718428272,7940,333321,NaN,NaN,NaN
equicorr_cdf_rho0_3_d100,100,98,0.3,cdf,sobol_owen,256,12,100840763,current_indicator,0.67578125,0.6427949737650774,0.03298627623492256,0.025013708,3.823147584,3.848161292,28109520,6718428272,7940,333321,NaN,NaN,NaN
equicorr_cdf_rho0_3_d100,100,98,0.3,cdf,sobol_owen,256,13,100840764,current_indicator,0.625,0.6427949737650774,0.017794973765077438,0.024665542,3.682198292,3.706863834,28109520,6718428272,7940,333321,NaN,NaN,NaN
equicorr_cdf_rho0_3_d100,100,98,0.3,cdf,sobol_owen,256,14,100840765,current_indicator,0.6328125,0.6427949737650774,0.009982473765077438,0.025045917,3.846497958,3.871543875,28109520,6718428272,7940,333321,NaN,NaN,NaN
equicorr_cdf_rho0_3_d100,100,98,0.3,cdf,sobol_owen,256,15,100840766,current_indicator,0.65234375,0.6427949737650774,0.009548776234922562,0.024546792,3.656342625,3.6808894170000004,28109520,6718428272,7940,333321,NaN,NaN,NaN
equicorr_cdf_rho0_3_d100,100,98,0.3,cdf,sobol_owen,256,16,100840767,current_indicator,0.65234375,0.6427949737650774,0.009548776234922562,0.024568792,3.859628291,3.884197083,28109520,6718428272,7940,333321,NaN,NaN,NaN
equicorr_cdf_rho0_3_d100,100,98,0.3,cdf,sobol_owen,256,17,100840768,current_indicator,0.63671875,0.6427949737650774,0.0060762237650774376,0.0249475,3.662591666,3.687539166,28109520,6718428272,7940,333321,NaN,NaN,NaN
equicorr_cdf_rho0_3_d100,100,98,0.3,cdf,sobol_owen,256,18,100840769,current_indicator,0.6484375,0.6427949737650774,0.0056425262349225624,0.02490375,3.863555334,3.888459084,28109520,6718428272,7940,333321,NaN,NaN,NaN
equicorr_cdf_rho0_3_d100,100,98,0.3,cdf,sobol_owen,256,19,100840770,current_indicator,0.640625,0.6427949737650774,0.0021699737650774376,0.024583042,3.670024958,3.694608,28109520,6718428272,7940,333321,NaN,NaN,NaN
equicorr_cdf_rho0_3_d100,100,98,0.3,cdf,sobol_owen,256,20,100840771,current_indicator,0.61328125,0.6427949737650774,0.029513723765077438,0.024945,3.859573917,3.8845189170000003,28109520,6718428272,7940,333321,NaN,NaN,NaN
equicorr_cdf_rho0_3_d100,100,98,0.3,cdf,sobol_owen,256,21,100840772,current_indicator,0.66796875,0.6427949737650774,0.025173776234922562,0.024557958,3.679518125,3.704076083,28109520,6718428272,7940,333321,NaN,NaN,NaN
equicorr_cdf_rho0_3_d100,100,98,0.3,cdf,sobol_owen,256,22,100840773,current_indicator,0.66015625,0.6427949737650774,0.017361276234922562,0.025264833,3.8697115,3.8949763330000002,28109520,6718428272,7940,333321,NaN,NaN,NaN
equicorr_cdf_rho0_3_d100,100,98,0.3,cdf,sobol_owen,256,23,100840774,current_indicator,0.63671875,0.6427949737650774,0.0060762237650774376,0.024569375,3.671525208,3.696094583,28109520,6718428272,7940,333321,NaN,NaN,NaN
equicorr_cdf_rho0_3_d100,100,98,0.3,cdf,sobol_owen,256,24,100840775,current_indicator,0.66796875,0.6427949737650774,0.025173776234922562,0.024951833,3.853158875,3.878110708,28109520,6718428272,7940,333321,NaN,NaN,NaN
equicorr_cdf_rho0_3_d100,100,98,0.3,cdf,sobol_owen,256,25,100840776,current_indicator,0.62109375,0.6427949737650774,0.021701223765077438,0.025077417,3.649624167,3.6747015839999997,28109520,6718428272,7940,333321,NaN,NaN,NaN
equicorr_cdf_rho0_3_d100,100,98,0.3,cdf,sobol_owen,256,26,100840777,current_indicator,0.640625,0.6427949737650774,0.0021699737650774376,0.02520825,3.870827458,3.896035708,28109520,6718428272,7940,333321,NaN,NaN,NaN
equicorr_cdf_rho0_3_d100,100,98,0.3,cdf,sobol_owen,256,27,100840778,current_indicator,0.62890625,0.6427949737650774,0.013888723765077438,0.025045083,3.679038166,3.7040832490000004,28109520,6718428272,7940,333321,NaN,NaN,NaN
equicorr_cdf_rho0_3_d100,100,98,0.3,cdf,sobol_owen,256,28,100840779,current_indicator,0.63671875,0.6427949737650774,0.0060762237650774376,0.02449325,3.885791,3.91028425,28109520,6718428272,7940,333321,NaN,NaN,NaN
equicorr_cdf_rho0_3_d100,100,98,0.3,cdf,sobol_owen,256,29,100840780,current_indicator,0.6171875,0.6427949737650774,0.025607473765077438,0.025127041,3.654096666,3.6792237070000002,28109520,6718428272,7940,333321,NaN,NaN,NaN
equicorr_cdf_rho0_3_d100,100,98,0.3,cdf,sobol_owen,256,30,100840781,current_indicator,0.65625,0.6427949737650774,0.013455026234922562,0.024690958,3.857396208,3.882087166,28109520,6718428272,7940,333321,NaN,NaN,NaN
equicorr_cdf_rho0_3_d100,100,98,0.3,cdf,sobol_owen,256,2,100840753,reduced_conditional,0.6423129951628405,0.6427949737650774,0.00048197860223697653,0.031000416,1.217373,1.248373416,28109520,112,7940,2,3700480,1216768,256
equicorr_cdf_rho0_3_d100,100,98,0.3,cdf,sobol_owen,256,3,100840754,reduced_conditional,0.6416230710350643,0.6427949737650774,0.001171902730013108,0.0250295,1.219194375,1.244223875,28109520,112,7940,2,3700480,1216768,256
equicorr_cdf_rho0_3_d100,100,98,0.3,cdf,sobol_owen,256,4,100840755,reduced_conditional,0.6442423007816365,0.6427949737650774,0.0014473270165590302,0.024980959,1.225532959,1.250513918,28109520,112,7940,2,3700480,1216768,256
equicorr_cdf_rho0_3_d100,100,98,0.3,cdf,sobol_owen,256,5,100840756,reduced_conditional,0.6445622935029385,0.6427949737650774,0.0017673197378610395,0.024930667,1.214756375,1.2396870420000001,28109520,112,7940,2,3700480,1216768,256
equicorr_cdf_rho0_3_d100,100,98,0.3,cdf,sobol_owen,256,6,100840757,reduced_conditional,0.6379982464209045,0.6427949737650774,0.004796727344172913,0.02863375,1.243140959,1.271774709,28109520,112,7940,2,3700480,1216768,256
equicorr_cdf_rho0_3_d100,100,98,0.3,cdf,sobol_owen,256,7,100840758,reduced_conditional,0.6450600727513459,0.6427949737650774,0.0022650989862684767,0.025467292,1.216596083,1.242063375,28109520,112,7940,2,3700480,1216768,256
equicorr_cdf_rho0_3_d100,100,98,0.3,cdf,sobol_owen,256,8,100840759,reduced_conditional,0.6356249520098772,0.6427949737650774,0.007170021755200207,0.025087125,1.217970458,1.243057583,28109520,112,7940,2,3700480,1216768,256
equicorr_cdf_rho0_3_d100,100,98,0.3,cdf,sobol_owen,256,9,100840760,reduced_conditional,0.6465536676125291,0.6427949737650774,0.003758693847451644,0.025853791,1.218357625,1.2442114160000002,28109520,112,7940,2,3700480,1216768,256
equicorr_cdf_rho0_3_d100,100,98,0.3,cdf,sobol_owen,256,10,100840761,reduced_conditional,0.6383434837092682,0.6427949737650774,0.0044514900558092485,0.025278084,1.21369625,1.238974334,28109520,112,7940,2,3700480,1216768,256
equicorr_cdf_rho0_3_d100,100,98,0.3,cdf,sobol_owen,256,11,100840762,reduced_conditional,0.6425563884959673,0.6427949737650774,0.00023858526911013644,0.025442791,1.220053417,1.2454962079999998,28109520,112,7940,2,3700480,1216768,256
equicorr_cdf_rho0_3_d100,100,98,0.3,cdf,sobol_owen,256,12,100840763,reduced_conditional,0.641041129460393,0.6427949737650774,0.0017538443046843932,0.025271875,1.219707833,1.244979708,28109520,112,7940,2,3700480,1216768,256
equicorr_cdf_rho0_3_d100,100,98,0.3,cdf,sobol_owen,256,13,100840764,reduced_conditional,0.6468912255073546,0.6427949737650774,0.004096251742277124,0.025569375,1.216125542,1.2416949169999998,28109520,112,7940,2,3700480,1216768,256
equicorr_cdf_rho0_3_d100,100,98,0.3,cdf,sobol_owen,256,14,100840765,reduced_conditional,0.642234959427518,0.6427949737650774,0.0005600143375594779,0.025538584,1.217021125,1.242559709,28109520,112,7940,2,3700480,1216768,256
equicorr_cdf_rho0_3_d100,100,98,0.3,cdf,sobol_owen,256,15,100840766,reduced_conditional,0.6480829940371565,0.6427949737650774,0.005288020272079086,0.0493565,1.213250917,1.2626074170000001,28109520,112,7940,2,3700480,1216768,256
equicorr_cdf_rho0_3_d100,100,98,0.3,cdf,sobol_owen,256,16,100840767,reduced_conditional,0.647931465360964,0.6427949737650774,0.005136491595886583,0.204211167,1.219729959,1.423941126,28109520,112,7940,2,3700480,1216768,256
equicorr_cdf_rho0_3_d100,100,98,0.3,cdf,sobol_owen,256,17,100840768,reduced_conditional,0.6363939075242689,0.6427949737650774,0.006401066240808495,0.02419925,1.215284375,1.2394836249999999,28109520,112,7940,2,3700480,1216768,256
equicorr_cdf_rho0_3_d100,100,98,0.3,cdf,sobol_owen,256,18,100840769,reduced_conditional,0.6405087149356592,0.6427949737650774,0.0022862588294182418,0.024154083,1.213990833,1.238144916,28109520,112,7940,2,3700480,1216768,256
equicorr_cdf_rho0_3_d100,100,98,0.3,cdf,sobol_owen,256,19,100840770,reduced_conditional,0.6447595924992859,0.6427949737650774,0.001964618734208501,0.025958291,1.213989541,1.239947832,28109520,112,7940,2,3700480,1216768,256
equicorr_cdf_rho0_3_d100,100,98,0.3,cdf,sobol_owen,256,20,100840771,reduced_conditional,0.6473080442146468,0.6427949737650774,0.00451307044956939,0.02407225,1.220246292,1.2443185419999998,28109520,112,7940,2,3700480,1216768,256
equicorr_cdf_rho0_3_d100,100,98,0.3,cdf,sobol_owen,256,21,100840772,reduced_conditional,0.6407678589722277,0.6427949737650774,0.0020271147928497824,0.025333417,1.218453083,1.2437865,28109520,112,7940,2,3700480,1216768,256
equicorr_cdf_rho0_3_d100,100,98,0.3,cdf,sobol_owen,256,22,100840773,reduced_conditional,0.6430746066835077,0.6427949737650774,0.0002796329184302504,0.025198667,1.216347708,1.241546375,28109520,112,7940,2,3700480,1216768,256
equicorr_cdf_rho0_3_d100,100,98,0.3,cdf,sobol_owen,256,23,100840774,reduced_conditional,0.6408092022691708,0.6427949737650774,0.0019857714959066186,0.025080541,1.219217916,1.244298457,28109520,112,7940,2,3700480,1216768,256
equicorr_cdf_rho0_3_d100,100,98,0.3,cdf,sobol_owen,256,24,100840775,reduced_conditional,0.6425666084941863,0.6427949737650774,0.00022836527089109548,0.024956459,1.216447083,1.241403542,28109520,112,7940,2,3700480,1216768,256
equicorr_cdf_rho0_3_d100,100,98,0.3,cdf,sobol_owen,256,25,100840776,reduced_conditional,0.6443322878203472,0.6427949737650774,0.0015373140552698006,0.025378792,1.213323625,1.2387024169999998,28109520,112,7940,2,3700480,1216768,256
equicorr_cdf_rho0_3_d100,100,98,0.3,cdf,sobol_owen,256,26,100840777,reduced_conditional,0.6471820464043201,0.6427949737650774,0.004387072639242651,0.025372458,1.218559375,1.243931833,28109520,112,7940,2,3700480,1216768,256
equicorr_cdf_rho0_3_d100,100,98,0.3,cdf,sobol_owen,256,27,100840778,reduced_conditional,0.6471072096723418,0.6427949737650774,0.004312235907264372,0.025311417,1.218756625,1.2440680419999999,28109520,112,7940,2,3700480,1216768,256
equicorr_cdf_rho0_3_d100,100,98,0.3,cdf,sobol_owen,256,28,100840779,reduced_conditional,0.6446397435522643,0.6427949737650774,0.0018447697871868396,0.025624542,1.213925166,1.2395497080000002,28109520,112,7940,2,3700480,1216768,256
equicorr_cdf_rho0_3_d100,100,98,0.3,cdf,sobol_owen,256,29,100840780,reduced_conditional,0.6373680416858267,0.6427949737650774,0.0054269320792507125,0.025058416,1.219786083,1.244844499,28109520,112,7940,2,3700480,1216768,256
equicorr_cdf_rho0_3_d100,100,98,0.3,cdf,sobol_owen,256,30,100840781,reduced_conditional,0.6409353616444685,0.6427949737650774,0.0018596121206089222,0.025849333,1.220590542,1.246439875,28109520,112,7940,2,3700480,1216768,256
equicorr_cdf_rho0_3_d100,100,98,0.3,cdf,sobol_owen,1024,1,100917552,reduced_conditional,0.6387944457684871,0.6427949737650774,0.004000527996590342,0.124298584,4.879878959,5.004177543,103873760,112,8541,2,14801920,4867072,1024
equicorr_cdf_rho0_3_d100,100,98,0.3,cdf,sobol_owen,1024,2,100917553,reduced_conditional,0.6433586804597768,0.6427949737650774,0.0005637066946994063,0.276578125,4.875330167,5.151908292000001,103873760,112,8541,2,14801920,4867072,1024
equicorr_cdf_rho0_3_d100,100,98,0.3,cdf,sobol_owen,1024,3,100917554,reduced_conditional,0.6435490844983803,0.6427949737650774,0.0007541107333028929,0.098170333,4.871246125,4.9694164579999995,103873760,112,8541,2,14801920,4867072,1024
equicorr_cdf_rho0_3_d100,100,98,0.3,cdf,sobol_owen,1024,4,100917555,reduced_conditional,0.641492419244682,0.6427949737650774,0.0013025545203954048,0.104056791,4.885400417,4.989457207999999,103873760,112,8541,2,14801920,4867072,1024
equicorr_cdf_rho0_3_d100,100,98,0.3,cdf,sobol_owen,1024,5,100917556,reduced_conditional,0.6411111895295769,0.6427949737650774,0.0016837842355005295,0.097258791,4.873164625,4.970423416,103873760,112,8541,2,14801920,4867072,1024
equicorr_cdf_rho0_3_d100,100,98,0.3,cdf,sobol_owen,1024,6,100917557,reduced_conditional,0.6425022593882318,0.6427949737650774,0.0002927143768456375,0.101970083,4.8791545,4.981124583000001,103873760,112,8541,2,14801920,4867072,1024
equicorr_cdf_rho0_3_d100,100,98,0.3,cdf,sobol_owen,1024,7,100917558,reduced_conditional,0.6437613842163451,0.6427949737650774,0.000966410451267663,0.1016425,4.874726792,4.976369291999999,103873760,112,8541,2,14801920,4867072,1024
equicorr_cdf_rho0_3_d100,100,98,0.3,cdf,sobol_owen,1024,8,100917559,reduced_conditional,0.6424996963113122,0.6427949737650774,0.0002952774537652303,0.098411167,4.875524834,4.973936001,103873760,112,8541,2,14801920,4867072,1024
equicorr_cdf_rho0_3_d100,100,98,0.3,cdf,sobol_owen,1024,9,100917560,reduced_conditional,0.6436910501738079,0.6427949737650774,0.0008960764087304618,0.098066916,4.874022417,4.9720893329999996,103873760,112,8541,2,14801920,4867072,1024
equicorr_cdf_rho0_3_d100,100,98,0.3,cdf,sobol_owen,1024,10,100917561,reduced_conditional,0.6421425587312135,0.6427949737650774,0.000652415033863929,0.298910416,4.869632708,5.168543124,103873760,112,8541,2,14801920,4867072,1024
equicorr_cdf_rho0_3_d100,100,98,0.3,cdf,sobol_owen,1024,11,100917562,reduced_conditional,0.6427235049114174,0.6427949737650774,7.146885366005051e-5,0.099591041,4.874588166,4.974179207,103873760,112,8541,2,14801920,4867072,1024
equicorr_cdf_rho0_3_d100,100,98,0.3,cdf,sobol_owen,1024,12,100917563,reduced_conditional,0.6427983514164811,0.6427949737650774,3.377651403679849e-6,0.097650417,4.868279875,4.9659302919999995,103873760,112,8541,2,14801920,4867072,1024
equicorr_cdf_rho0_3_d100,100,98,0.3,cdf,sobol_owen,1024,13,100917564,reduced_conditional,0.6429237139691599,0.6427949737650774,0.0001287402040824892,0.098091167,4.871811458,4.969902625,103873760,112,8541,2,14801920,4867072,1024
equicorr_cdf_rho0_3_d100,100,98,0.3,cdf,sobol_owen,1024,14,100917565,reduced_conditional,0.6414766975963033,0.6427949737650774,0.001318276168774113,0.098310458,4.869231375,4.967541833,103873760,112,8541,2,14801920,4867072,1024
equicorr_cdf_rho0_3_d100,100,98,0.3,cdf,sobol_owen,1024,15,100917566,reduced_conditional,0.6420744338082242,0.6427949737650774,0.0007205399568532833,0.097765916,4.8770755,4.974841416,103873760,112,8541,2,14801920,4867072,1024
equicorr_cdf_rho0_3_d100,100,98,0.3,cdf,sobol_owen,1024,16,100917567,reduced_conditional,0.6412308595432621,0.6427949737650774,0.0015641142218153492,0.097829125,4.870228875,4.968057999999999,103873760,112,8541,2,14801920,4867072,1024
equicorr_cdf_rho0_3_d100,100,98,0.3,cdf,sobol_owen,1024,17,100917568,reduced_conditional,0.6412210836871662,0.6427949737650774,0.0015738900779111997,0.098470417,4.876751709,4.975222125999999,103873760,112,8541,2,14801920,4867072,1024
equicorr_cdf_rho0_3_d100,100,98,0.3,cdf,sobol_owen,1024,18,100917569,reduced_conditional,0.6400386417890249,0.6427949737650774,0.0027563319760525173,0.119636375,4.867777375,4.98741375,103873760,112,8541,2,14801920,4867072,1024
equicorr_cdf_rho0_3_d100,100,98,0.3,cdf,sobol_owen,1024,19,100917570,reduced_conditional,0.6418008624601792,0.6427949737650774,0.0009941113048982375,0.271134792,4.870143666,5.1412784579999995,103873760,112,8541,2,14801920,4867072,1024
equicorr_cdf_rho0_3_d100,100,98,0.3,cdf,sobol_owen,1024,20,100917571,reduced_conditional,0.6404079221691107,0.6427949737650774,0.0023870515959667493,0.097367917,4.880855834,4.978223751,103873760,112,8541,2,14801920,4867072,1024
equicorr_cdf_rho0_3_d100,100,98,0.3,cdf,sobol_owen,1024,21,100917572,reduced_conditional,0.6430294537788601,0.6427949737650774,0.00023448001378267858,0.098423083,4.8711305,4.969553583,103873760,112,8541,2,14801920,4867072,1024
equicorr_cdf_rho0_3_d100,100,98,0.3,cdf,sobol_owen,1024,22,100917573,reduced_conditional,0.6413530291501336,0.6427949737650774,0.0014419446149438464,0.098461291,4.87370875,4.972170041,103873760,112,8541,2,14801920,4867072,1024
equicorr_cdf_rho0_3_d100,100,98,0.3,cdf,sobol_owen,1024,23,100917574,reduced_conditional,0.6453450776146493,0.6427949737650774,0.002550103849571883,0.097903416,4.863165875,4.961069291,103873760,112,8541,2,14801920,4867072,1024
equicorr_cdf_rho0_3_d100,100,98,0.3,cdf,sobol_owen,1024,24,100917575,reduced_conditional,0.6429871434313458,0.6427949737650774,0.0001921696662683381,0.098054542,4.872489666,4.970544208,103873760,112,8541,2,14801920,4867072,1024
equicorr_cdf_rho0_3_d100,100,98,0.3,cdf,sobol_owen,1024,25,100917576,reduced_conditional,0.6413468911406129,0.6427949737650774,0.0014480826244644973,0.102092916,4.876571,4.978663916,103873760,112,8541,2,14801920,4867072,1024
equicorr_cdf_rho0_3_d100,100,98,0.3,cdf,sobol_owen,1024,26,100917577,reduced_conditional,0.6417193188184224,0.6427949737650774,0.0010756549466550691,0.097949875,4.873989167,4.971939042000001,103873760,112,8541,2,14801920,4867072,1024
equicorr_cdf_rho0_3_d100,100,98,0.3,cdf,sobol_owen,1024,27,100917578,reduced_conditional,0.6426090183289314,0.6427949737650774,0.00018595543614607912,0.300382042,4.87352325,5.173905292,103873760,112,8541,2,14801920,4867072,1024
equicorr_cdf_rho0_3_d100,100,98,0.3,cdf,sobol_owen,1024,28,100917579,reduced_conditional,0.6439006641673952,0.6427949737650774,0.0011056904023177827,0.096982541,4.87314475,4.970127291,103873760,112,8541,2,14801920,4867072,1024
equicorr_cdf_rho0_3_d100,100,98,0.3,cdf,sobol_owen,1024,29,100917580,reduced_conditional,0.6408647424714925,0.6427949737650774,0.0019302312935849386,0.098255667,4.877245292,4.975500959,103873760,112,8541,2,14801920,4867072,1024
equicorr_cdf_rho0_3_d100,100,98,0.3,cdf,sobol_owen,1024,30,100917581,reduced_conditional,0.6434856262700192,0.6427949737650774,0.0006906525049417134,0.098647834,4.865037,4.963684834,103873760,112,8541,2,14801920,4867072,1024
equicorr_interior_rho0_3_d100,100,98,0.3,interior,sobol_owen,256,2,100840753,current_indicator,0.49609375,0.5480453084287159,0.051951558428715905,0.024070167,3.905017292,3.9290874590000002,28109520,6718428272,7940,333321,NaN,NaN,NaN
equicorr_interior_rho0_3_d100,100,98,0.3,interior,sobol_owen,256,3,100840754,current_indicator,0.54296875,0.5480453084287159,0.005076558428715905,0.024976416,3.675778167,3.7007545829999997,28109520,6718428272,7940,333321,NaN,NaN,NaN
equicorr_interior_rho0_3_d100,100,98,0.3,interior,sobol_owen,256,4,100840755,current_indicator,0.55859375,0.5480453084287159,0.010548441571284095,0.025120167,3.909333208,3.934453375,28109520,6718428272,7940,333321,NaN,NaN,NaN
equicorr_interior_rho0_3_d100,100,98,0.3,interior,sobol_owen,256,5,100840756,current_indicator,0.578125,0.5480453084287159,0.030079691571284095,0.02469275,3.6725215,3.69721425,28109520,6718428272,7940,333321,NaN,NaN,NaN
equicorr_interior_rho0_3_d100,100,98,0.3,interior,sobol_owen,256,6,100840757,current_indicator,0.5546875,0.5480453084287159,0.006642191571284095,0.025173042,3.873306167,3.898479209,28109520,6718428272,7940,333321,NaN,NaN,NaN
equicorr_interior_rho0_3_d100,100,98,0.3,interior,sobol_owen,256,7,100840758,current_indicator,0.58203125,0.5480453084287159,0.033985941571284095,0.025537667,3.675237042,3.700774709,28109520,6718428272,7940,333321,NaN,NaN,NaN
equicorr_interior_rho0_3_d100,100,98,0.3,interior,sobol_owen,256,8,100840759,current_indicator,0.55859375,0.5480453084287159,0.010548441571284095,0.02509725,3.875484875,3.900582125,28109520,6718428272,7940,333321,NaN,NaN,NaN
equicorr_interior_rho0_3_d100,100,98,0.3,interior,sobol_owen,256,9,100840760,current_indicator,0.5546875,0.5480453084287159,0.006642191571284095,0.02518,3.682665208,3.707845208,28109520,6718428272,7940,333321,NaN,NaN,NaN
equicorr_interior_rho0_3_d100,100,98,0.3,interior,sobol_owen,256,10,100840761,current_indicator,0.546875,0.5480453084287159,0.001170308428715905,0.024939333,3.821828083,3.846767416,28109520,6718428272,7940,333321,NaN,NaN,NaN
equicorr_interior_rho0_3_d100,100,98,0.3,interior,sobol_owen,256,11,100840762,current_indicator,0.5546875,0.5480453084287159,0.006642191571284095,0.024703,3.660107791,3.6848107910000003,28109520,6718428272,7940,333321,NaN,NaN,NaN
equicorr_interior_rho0_3_d100,100,98,0.3,interior,sobol_owen,256,12,100840763,current_indicator,0.5546875,0.5480453084287159,0.006642191571284095,0.024525209,3.863383833,3.887909042,28109520,6718428272,7940,333321,NaN,NaN,NaN
equicorr_interior_rho0_3_d100,100,98,0.3,interior,sobol_owen,256,13,100840764,current_indicator,0.5234375,0.5480453084287159,0.024607808428715905,0.0246005,3.684977916,3.709578416,28109520,6718428272,7940,333321,NaN,NaN,NaN
equicorr_interior_rho0_3_d100,100,98,0.3,interior,sobol_owen,256,14,100840765,current_indicator,0.5078125,0.5480453084287159,0.040232808428715905,0.024564916,3.855522959,3.880087875,28109520,6718428272,7940,333321,NaN,NaN,NaN
equicorr_interior_rho0_3_d100,100,98,0.3,interior,sobol_owen,256,15,100840766,current_indicator,0.5859375,0.5480453084287159,0.037892191571284095,0.024941292,3.690880667,3.715821959,28109520,6718428272,7940,333321,NaN,NaN,NaN
equicorr_interior_rho0_3_d100,100,98,0.3,interior,sobol_owen,256,16,100840767,current_indicator,0.55859375,0.5480453084287159,0.010548441571284095,0.025090459,3.87796075,3.903051209,28109520,6718428272,7940,333321,NaN,NaN,NaN
equicorr_interior_rho0_3_d100,100,98,0.3,interior,sobol_owen,256,17,100840768,current_indicator,0.51953125,0.5480453084287159,0.028514058428715905,0.024074625,3.6694775,3.693552125,28109520,6718428272,7940,333321,NaN,NaN,NaN
equicorr_interior_rho0_3_d100,100,98,0.3,interior,sobol_owen,256,18,100840769,current_indicator,0.52734375,0.5480453084287159,0.020701558428715905,0.025100541,3.892875833,3.917976374,28109520,6718428272,7940,333321,NaN,NaN,NaN
equicorr_interior_rho0_3_d100,100,98,0.3,interior,sobol_owen,256,19,100840770,current_indicator,0.5703125,0.5480453084287159,0.022267191571284095,0.025245625,3.786518125,3.8117637500000003,28109520,6718428272,7940,333321,NaN,NaN,NaN
equicorr_interior_rho0_3_d100,100,98,0.3,interior,sobol_owen,256,20,100840771,current_indicator,0.5546875,0.5480453084287159,0.006642191571284095,0.02488875,3.975070667,3.999959417,28109520,6718428272,7940,333321,NaN,NaN,NaN
equicorr_interior_rho0_3_d100,100,98,0.3,interior,sobol_owen,256,21,100840772,current_indicator,0.54296875,0.5480453084287159,0.005076558428715905,0.0245695,3.729083917,3.753653417,28109520,6718428272,7940,333321,NaN,NaN,NaN
equicorr_interior_rho0_3_d100,100,98,0.3,interior,sobol_owen,256,22,100840773,current_indicator,0.5546875,0.5480453084287159,0.006642191571284095,0.024913209,3.968758958,3.993672167,28109520,6718428272,7940,333321,NaN,NaN,NaN
equicorr_interior_rho0_3_d100,100,98,0.3,interior,sobol_owen,256,23,100840774,current_indicator,0.5234375,0.5480453084287159,0.024607808428715905,0.025071834,3.725887708,3.750959542,28109520,6718428272,7940,333321,NaN,NaN,NaN
equicorr_interior_rho0_3_d100,100,98,0.3,interior,sobol_owen,256,24,100840775,current_indicator,0.55859375,0.5480453084287159,0.010548441571284095,0.031214375,3.940057084,3.971271459,28109520,6718428272,7940,333321,NaN,NaN,NaN
equicorr_interior_rho0_3_d100,100,98,0.3,interior,sobol_owen,256,25,100840776,current_indicator,0.546875,0.5480453084287159,0.001170308428715905,0.025415041,3.718113041,3.743528082,28109520,6718428272,7940,333321,NaN,NaN,NaN
equicorr_interior_rho0_3_d100,100,98,0.3,interior,sobol_owen,256,26,100840777,current_indicator,0.515625,0.5480453084287159,0.032420308428715905,0.025286917,3.921504166,3.946791083,28109520,6718428272,7940,333321,NaN,NaN,NaN
equicorr_interior_rho0_3_d100,100,98,0.3,interior,sobol_owen,256,27,100840778,current_indicator,0.5703125,0.5480453084287159,0.022267191571284095,0.024757959,3.696125459,3.720883418,28109520,6718428272,7940,333321,NaN,NaN,NaN
equicorr_interior_rho0_3_d100,100,98,0.3,interior,sobol_owen,256,28,100840779,current_indicator,0.5390625,0.5480453084287159,0.008982808428715905,0.025215042,3.901240125,3.9264551670000003,28109520,6718428272,7940,333321,NaN,NaN,NaN
equicorr_interior_rho0_3_d100,100,98,0.3,interior,sobol_owen,256,29,100840780,current_indicator,0.5,0.5480453084287159,0.048045308428715905,0.025045125,3.725581583,3.750626708,28109520,6718428272,7940,333321,NaN,NaN,NaN
equicorr_interior_rho0_3_d100,100,98,0.3,interior,sobol_owen,256,30,100840781,current_indicator,0.53515625,0.5480453084287159,0.012889058428715905,0.02433875,3.948723083,3.973061833,28109520,6718428272,7940,333321,NaN,NaN,NaN
equicorr_interior_rho0_3_d100,100,98,0.3,interior,sobol_owen,256,2,100840753,reduced_conditional,0.5388204894659747,0.5480453084287159,0.009224818962741188,0.03000125,1.753304167,1.783305417,28109520,112,7940,2,4967424,1216768,1024
equicorr_interior_rho0_3_d100,100,98,0.3,interior,sobol_owen,256,3,100840754,reduced_conditional,0.545604829302896,0.5480453084287159,0.0024404791258199054,0.024203834,1.755982292,1.7801861259999998,28109520,112,7940,2,4967424,1216768,1024
equicorr_interior_rho0_3_d100,100,98,0.3,interior,sobol_owen,256,4,100840755,reduced_conditional,0.5501617489928676,0.5480453084287159,0.0021164405641517225,0.024301292,1.751775583,1.776076875,28109520,112,7940,2,4967424,1216768,1024
equicorr_interior_rho0_3_d100,100,98,0.3,interior,sobol_owen,256,5,100840756,reduced_conditional,0.5511677716380812,0.5480453084287159,0.003122463209365267,0.027105583,1.75715775,1.784263333,28109520,112,7940,2,4967424,1216768,1024
equicorr_interior_rho0_3_d100,100,98,0.3,interior,sobol_owen,256,6,100840757,reduced_conditional,0.5392677344995018,0.5480453084287159,0.008777573929214078,0.025297083,1.7671075,1.7924045830000002,28109520,112,7940,2,4967424,1216768,1024
equicorr_interior_rho0_3_d100,100,98,0.3,interior,sobol_owen,256,7,100840758,reduced_conditional,0.5522626172578461,0.5480453084287159,0.004217308829130184,0.025359125,1.759787541,1.785146666,28109520,112,7940,2,4967424,1216768,1024
equicorr_interior_rho0_3_d100,100,98,0.3,interior,sobol_owen,256,8,100840759,reduced_conditional,0.5400318283812174,0.5480453084287159,0.008013480047498467,0.025380959,1.750297375,1.775678334,28109520,112,7940,2,4967424,1216768,1024
equicorr_interior_rho0_3_d100,100,98,0.3,interior,sobol_owen,256,9,100840760,reduced_conditional,0.5536598276903506,0.5480453084287159,0.005614519261634698,0.025409334,1.763753125,1.789162459,28109520,112,7940,2,4967424,1216768,1024
equicorr_interior_rho0_3_d100,100,98,0.3,interior,sobol_owen,256,10,100840761,reduced_conditional,0.5406717078904947,0.5480453084287159,0.0073736005382212255,0.025579125,1.753652708,1.7792318329999999,28109520,112,7940,2,4967424,1216768,1024
equicorr_interior_rho0_3_d100,100,98,0.3,interior,sobol_owen,256,11,100840762,reduced_conditional,0.5497381617528926,0.5480453084287159,0.0016928533241766797,0.025344333,1.75775225,1.783096583,28109520,112,7940,2,4967424,1216768,1024
equicorr_interior_rho0_3_d100,100,98,0.3,interior,sobol_owen,256,12,100840763,reduced_conditional,0.5435304922629809,0.5480453084287159,0.004514816165735014,0.025866792,1.74918025,1.775047042,28109520,112,7940,2,4967424,1216768,1024
equicorr_interior_rho0_3_d100,100,98,0.3,interior,sobol_owen,256,13,100840764,reduced_conditional,0.5626209946959045,0.5480453084287159,0.014575686267188637,0.025231667,1.751570333,1.776802,28109520,112,7940,2,4967424,1216768,1024
equicorr_interior_rho0_3_d100,100,98,0.3,interior,sobol_owen,256,14,100840765,reduced_conditional,0.5502422349985688,0.5480453084287159,0.0021969265698529306,0.025267292,1.756335542,1.781602834,28109520,112,7940,2,4967424,1216768,1024
equicorr_interior_rho0_3_d100,100,98,0.3,interior,sobol_owen,256,15,100840766,reduced_conditional,0.5574473563602866,0.5480453084287159,0.009402047931570734,0.025425792,1.752526541,1.777952333,28109520,112,7940,2,4967424,1216768,1024
equicorr_interior_rho0_3_d100,100,98,0.3,interior,sobol_owen,256,16,100840767,reduced_conditional,0.5551218270381156,0.5480453084287159,0.007076518609399729,0.02506375,1.760191333,1.785255083,28109520,112,7940,2,4967424,1216768,1024
equicorr_interior_rho0_3_d100,100,98,0.3,interior,sobol_owen,256,17,100840768,reduced_conditional,0.5411126480801026,0.5480453084287159,0.006932660348613284,0.025405334,1.750785792,1.776191126,28109520,112,7940,2,4967424,1216768,1024
equicorr_interior_rho0_3_d100,100,98,0.3,interior,sobol_owen,256,18,100840769,reduced_conditional,0.542841320100179,0.5480453084287159,0.005203988328536857,0.026141125,1.759052833,1.785193958,28109520,112,7940,2,4967424,1216768,1024
equicorr_interior_rho0_3_d100,100,98,0.3,interior,sobol_owen,256,19,100840770,reduced_conditional,0.5526783568649507,0.5480453084287159,0.004633048436234799,0.02545975,1.75255425,1.778014,28109520,112,7940,2,4967424,1216768,1024
equicorr_interior_rho0_3_d100,100,98,0.3,interior,sobol_owen,256,20,100840771,reduced_conditional,0.5503344645472943,0.5480453084287159,0.0022891561185783837,0.025474834,1.755859667,1.781334501,28109520,112,7940,2,4967424,1216768,1024
equicorr_interior_rho0_3_d100,100,98,0.3,interior,sobol_owen,256,21,100840772,reduced_conditional,0.5497619249886123,0.5480453084287159,0.0017166165598964112,0.232127875,1.76024275,1.992370625,28109520,112,7940,2,4967424,1216768,1024
equicorr_interior_rho0_3_d100,100,98,0.3,interior,sobol_owen,256,22,100840773,reduced_conditional,0.5483335831331551,0.5480453084287159,0.00028827470443915093,0.024232,1.768238542,1.792470542,28109520,112,7940,2,4967424,1216768,1024
equicorr_interior_rho0_3_d100,100,98,0.3,interior,sobol_owen,256,23,100840774,reduced_conditional,0.5438552120078808,0.5480453084287159,0.004190096420835121,0.023944125,1.75846275,1.7824068750000002,28109520,112,7940,2,4967424,1216768,1024
equicorr_interior_rho0_3_d100,100,98,0.3,interior,sobol_owen,256,24,100840775,reduced_conditional,0.5541554779857786,0.5480453084287159,0.006110169557062672,0.024014042,1.754767292,1.7787813339999998,28109520,112,7940,2,4967424,1216768,1024
equicorr_interior_rho0_3_d100,100,98,0.3,interior,sobol_owen,256,25,100840776,reduced_conditional,0.5501554209693199,0.5480453084287159,0.0021101125406040033,0.02595475,1.754676375,1.780631125,28109520,112,7940,2,4967424,1216768,1024
equicorr_interior_rho0_3_d100,100,98,0.3,interior,sobol_owen,256,26,100840777,reduced_conditional,0.5553715712696977,0.5480453084287159,0.007326262840981812,0.030317084,1.748021375,1.778338459,28109520,112,7940,2,4967424,1216768,1024
equicorr_interior_rho0_3_d100,100,98,0.3,interior,sobol_owen,256,27,100840778,reduced_conditional,0.5582214733474433,0.5480453084287159,0.010176164918727415,0.025212875,1.756229,1.781441875,28109520,112,7940,2,4967424,1216768,1024
equicorr_interior_rho0_3_d100,100,98,0.3,interior,sobol_owen,256,28,100840779,reduced_conditional,0.5468613148543321,0.5480453084287159,0.0011839935743838126,0.025018375,1.752899334,1.777917709,28109520,112,7940,2,4967424,1216768,1024
equicorr_interior_rho0_3_d100,100,98,0.3,interior,sobol_owen,256,29,100840780,reduced_conditional,0.5347704552483457,0.5480453084287159,0.01327485318037025,0.025416792,1.758010083,1.783426875,28109520,112,7940,2,4967424,1216768,1024
equicorr_interior_rho0_3_d100,100,98,0.3,interior,sobol_owen,256,30,100840781,reduced_conditional,0.5445070491133217,0.5480453084287159,0.003538259315394199,0.025729792,1.754547375,1.780277167,28109520,112,7940,2,4967424,1216768,1024
equicorr_cdf_rho0_8_d100,100,98,0.8,cdf,sobol_owen,256,2,101340753,current_indicator,0.90625,0.9059961864131446,0.00025381358685538924,0.024253625,4.007092208,4.0313458330000005,28109520,6718428272,7940,333321,NaN,NaN,NaN
equicorr_cdf_rho0_8_d100,100,98,0.8,cdf,sobol_owen,256,3,101340754,current_indicator,0.90625,0.9059961864131446,0.00025381358685538924,0.0258665,3.76176225,3.7876287499999997,28109520,6718428272,7940,333321,NaN,NaN,NaN
equicorr_cdf_rho0_8_d100,100,98,0.8,cdf,sobol_owen,256,4,101340755,current_indicator,0.90625,0.9059961864131446,0.00025381358685538924,0.025507291,3.948776708,3.974283999,28109520,6718428272,7940,333321,NaN,NaN,NaN
equicorr_cdf_rho0_8_d100,100,98,0.8,cdf,sobol_owen,256,5,101340756,current_indicator,0.92578125,0.9059961864131446,0.01978506358685539,0.025080334,3.725093542,3.7501738760000003,28109520,6718428272,7940,333321,NaN,NaN,NaN
equicorr_cdf_rho0_8_d100,100,98,0.8,cdf,sobol_owen,256,6,101340757,current_indicator,0.89453125,0.9059961864131446,0.01146493641314461,0.026229875,3.935016,3.961245875,28109520,6718428272,7940,333321,NaN,NaN,NaN
equicorr_cdf_rho0_8_d100,100,98,0.8,cdf,sobol_owen,256,7,101340758,current_indicator,0.91015625,0.9059961864131446,0.004160063586855389,0.024642417,3.729549166,3.754191583,28109520,6718428272,7940,333321,NaN,NaN,NaN
equicorr_cdf_rho0_8_d100,100,98,0.8,cdf,sobol_owen,256,8,101340759,current_indicator,0.91796875,0.9059961864131446,0.01197256358685539,0.025113084,3.911685584,3.9367986680000002,28109520,6718428272,7940,333321,NaN,NaN,NaN
equicorr_cdf_rho0_8_d100,100,98,0.8,cdf,sobol_owen,256,9,101340760,current_indicator,0.9296875,0.9059961864131446,0.02369131358685539,0.025177708,3.724589584,3.749767292,28109520,6718428272,7940,333321,NaN,NaN,NaN
equicorr_cdf_rho0_8_d100,100,98,0.8,cdf,sobol_owen,256,10,101340761,current_indicator,0.90625,0.9059961864131446,0.00025381358685538924,0.0251585,3.921260833,3.9464193329999997,28109520,6718428272,7940,333321,NaN,NaN,NaN
equicorr_cdf_rho0_8_d100,100,98,0.8,cdf,sobol_owen,256,11,101340762,current_indicator,0.89453125,0.9059961864131446,0.01146493641314461,0.025067875,3.698519125,3.7235869999999998,28109520,6718428272,7940,333321,NaN,NaN,NaN
equicorr_cdf_rho0_8_d100,100,98,0.8,cdf,sobol_owen,256,12,101340763,current_indicator,0.9140625,0.9059961864131446,0.00806631358685539,0.025135042,3.933621875,3.958756917,28109520,6718428272,7940,333321,NaN,NaN,NaN
equicorr_cdf_rho0_8_d100,100,98,0.8,cdf,sobol_owen,256,13,101340764,current_indicator,0.8828125,0.9059961864131446,0.02318368641314461,0.0244895,3.70817825,3.73266775,28109520,6718428272,7940,333321,NaN,NaN,NaN
equicorr_cdf_rho0_8_d100,100,98,0.8,cdf,sobol_owen,256,14,101340765,current_indicator,0.890625,0.9059961864131446,0.01537118641314461,0.024722125,3.91990325,3.9446253749999998,28109520,6718428272,7940,333321,NaN,NaN,NaN
equicorr_cdf_rho0_8_d100,100,98,0.8,cdf,sobol_owen,256,15,101340766,current_indicator,0.90625,0.9059961864131446,0.00025381358685538924,0.025017916,3.734934375,3.759952291,28109520,6718428272,7940,333321,NaN,NaN,NaN
equicorr_cdf_rho0_8_d100,100,98,0.8,cdf,sobol_owen,256,16,101340767,current_indicator,0.8984375,0.9059961864131446,0.007558686413144611,0.024507958,3.921913083,3.9464210410000002,28109520,6718428272,7940,333321,NaN,NaN,NaN
equicorr_cdf_rho0_8_d100,100,98,0.8,cdf,sobol_owen,256,17,101340768,current_indicator,0.88671875,0.9059961864131446,0.01927743641314461,0.025151542,3.693167625,3.718319167,28109520,6718428272,7940,333321,NaN,NaN,NaN
equicorr_cdf_rho0_8_d100,100,98,0.8,cdf,sobol_owen,256,18,101340769,current_indicator,0.90234375,0.9059961864131446,0.0036524364131446108,0.025229,3.920587625,3.945816625,28109520,6718428272,7940,333321,NaN,NaN,NaN
equicorr_cdf_rho0_8_d100,100,98,0.8,cdf,sobol_owen,256,19,101340770,current_indicator,0.91015625,0.9059961864131446,0.004160063586855389,0.024914917,3.719878791,3.744793708,28109520,6718428272,7940,333321,NaN,NaN,NaN
equicorr_cdf_rho0_8_d100,100,98,0.8,cdf,sobol_owen,256,20,101340771,current_indicator,0.91015625,0.9059961864131446,0.004160063586855389,0.024874083,3.903893625,3.9287677079999996,28109520,6718428272,7940,333321,NaN,NaN,NaN
equicorr_cdf_rho0_8_d100,100,98,0.8,cdf,sobol_owen,256,21,101340772,current_indicator,0.90625,0.9059961864131446,0.00025381358685538924,0.025112916,3.712400458,3.7375133739999997,28109520,6718428272,7940,333321,NaN,NaN,NaN
equicorr_cdf_rho0_8_d100,100,98,0.8,cdf,sobol_owen,256,22,101340773,current_indicator,0.91796875,0.9059961864131446,0.01197256358685539,0.025099625,3.944296875,3.9693965,28109520,6718428272,7940,333321,NaN,NaN,NaN
equicorr_cdf_rho0_8_d100,100,98,0.8,cdf,sobol_owen,256,23,101340774,current_indicator,0.9140625,0.9059961864131446,0.00806631358685539,0.025822875,3.74790675,3.7737296249999996,28109520,6718428272,7940,333321,NaN,NaN,NaN
equicorr_cdf_rho0_8_d100,100,98,0.8,cdf,sobol_owen,256,24,101340775,current_indicator,0.9296875,0.9059961864131446,0.02369131358685539,0.025095708,3.925686458,3.9507821659999998,28109520,6718428272,7940,333321,NaN,NaN,NaN
equicorr_cdf_rho0_8_d100,100,98,0.8,cdf,sobol_owen,256,25,101340776,current_indicator,0.90234375,0.9059961864131446,0.0036524364131446108,0.025027333,3.70204625,3.727073583,28109520,6718428272,7940,333321,NaN,NaN,NaN
equicorr_cdf_rho0_8_d100,100,98,0.8,cdf,sobol_owen,256,26,101340777,current_indicator,0.8984375,0.9059961864131446,0.007558686413144611,0.025118875,3.919679792,3.944798667,28109520,6718428272,7940,333321,NaN,NaN,NaN
equicorr_cdf_rho0_8_d100,100,98,0.8,cdf,sobol_owen,256,27,101340778,current_indicator,0.90625,0.9059961864131446,0.00025381358685538924,0.024111375,3.725383125,3.7494945,28109520,6718428272,7940,333321,NaN,NaN,NaN
equicorr_cdf_rho0_8_d100,100,98,0.8,cdf,sobol_owen,256,28,101340779,current_indicator,0.91796875,0.9059961864131446,0.01197256358685539,0.02461325,3.903524125,3.928137375,28109520,6718428272,7940,333321,NaN,NaN,NaN
equicorr_cdf_rho0_8_d100,100,98,0.8,cdf,sobol_owen,256,29,101340780,current_indicator,0.91796875,0.9059961864131446,0.01197256358685539,0.024200625,3.715949958,3.740150583,28109520,6718428272,7940,333321,NaN,NaN,NaN
equicorr_cdf_rho0_8_d100,100,98,0.8,cdf,sobol_owen,256,30,101340781,current_indicator,0.8984375,0.9059961864131446,0.007558686413144611,0.02512725,3.715038834,3.740166084,28109520,6718428272,7940,333321,NaN,NaN,NaN
equicorr_cdf_rho0_8_d100,100,98,0.8,cdf,sobol_owen,256,2,101340753,reduced_conditional,0.9077076034634981,0.9059961864131446,0.001711417050353492,0.024202292,1.214531792,1.238734084,28109520,112,7940,2,3700480,1216768,256
equicorr_cdf_rho0_8_d100,100,98,0.8,cdf,sobol_owen,256,3,101340754,reduced_conditional,0.91009932658809,0.9059961864131446,0.004103140174945397,0.031662208,1.221099459,1.252761667,28109520,112,7940,2,3700480,1216768,256
equicorr_cdf_rho0_8_d100,100,98,0.8,cdf,sobol_owen,256,4,101340755,reduced_conditional,0.9047802627796891,0.9059961864131446,0.0012159236334554624,0.024191125,1.223798709,1.247989834,28109520,112,7940,2,3700480,1216768,256
equicorr_cdf_rho0_8_d100,100,98,0.8,cdf,sobol_owen,256,5,101340756,reduced_conditional,0.9080349525085714,0.9059961864131446,0.0020387660954267472,0.027225,1.2169775,1.2442025,28109520,112,7940,2,3700480,1216768,256
equicorr_cdf_rho0_8_d100,100,98,0.8,cdf,sobol_owen,256,6,101340757,reduced_conditional,0.90636389401447,0.9059961864131446,0.0003677076013254288,0.025141583,1.219644416,1.2447859989999999,28109520,112,7940,2,3700480,1216768,256
equicorr_cdf_rho0_8_d100,100,98,0.8,cdf,sobol_owen,256,7,101340758,reduced_conditional,0.9068468301328942,0.9059961864131446,0.000850643719749633,0.026148042,1.219322083,1.245470125,28109520,112,7940,2,3700480,1216768,256
equicorr_cdf_rho0_8_d100,100,98,0.8,cdf,sobol_owen,256,8,101340759,reduced_conditional,0.9010700395303671,0.9059961864131446,0.004926146882777482,0.025457667,1.216000625,1.241458292,28109520,112,7940,2,3700480,1216768,256
equicorr_cdf_rho0_8_d100,100,98,0.8,cdf,sobol_owen,256,9,101340760,reduced_conditional,0.9077923398542314,0.9059961864131446,0.0017961534410867452,0.024961625,1.216829125,1.24179075,28109520,112,7940,2,3700480,1216768,256
equicorr_cdf_rho0_8_d100,100,98,0.8,cdf,sobol_owen,256,10,101340761,reduced_conditional,0.9051689668894186,0.9059961864131446,0.0008272195237259972,0.025610208,1.224499,1.250109208,28109520,112,7940,2,3700480,1216768,256
equicorr_cdf_rho0_8_d100,100,98,0.8,cdf,sobol_owen,256,11,101340762,reduced_conditional,0.8983661273598463,0.9059961864131446,0.007630059053298277,0.025401709,1.217691667,1.243093376,28109520,112,7940,2,3700480,1216768,256
equicorr_cdf_rho0_8_d100,100,98,0.8,cdf,sobol_owen,256,12,101340763,reduced_conditional,0.9096025197198218,0.9059961864131446,0.0036063333066771452,0.025485875,1.217202459,1.242688334,28109520,112,7940,2,3700480,1216768,256
equicorr_cdf_rho0_8_d100,100,98,0.8,cdf,sobol_owen,256,13,101340764,reduced_conditional,0.8992035492500867,0.9059961864131446,0.006792637163057891,0.025213875,1.230902292,1.2561161669999998,28109520,112,7940,2,3700480,1216768,256
equicorr_cdf_rho0_8_d100,100,98,0.8,cdf,sobol_owen,256,14,101340765,reduced_conditional,0.9051947337753603,0.9059961864131446,0.0008014526377843056,0.025840667,1.217012167,1.242852834,28109520,112,7940,2,3700480,1216768,256
equicorr_cdf_rho0_8_d100,100,98,0.8,cdf,sobol_owen,256,15,101340766,reduced_conditional,0.9060163542709504,0.9059961864131446,2.0167857805786227e-5,0.0252615,1.214494959,1.239756459,28109520,112,7940,2,3700480,1216768,256
equicorr_cdf_rho0_8_d100,100,98,0.8,cdf,sobol_owen,256,16,101340767,reduced_conditional,0.9054856114056574,0.9059961864131446,0.0005105750074871906,0.025619,1.220571083,1.2461900830000001,28109520,112,7940,2,3700480,1216768,256
equicorr_cdf_rho0_8_d100,100,98,0.8,cdf,sobol_owen,256,17,101340768,reduced_conditional,0.9037449171292203,0.9059961864131446,0.002251269283924273,0.028934125,1.216714709,1.2456488339999998,28109520,112,7940,2,3700480,1216768,256
equicorr_cdf_rho0_8_d100,100,98,0.8,cdf,sobol_owen,256,18,101340769,reduced_conditional,0.8996772968908061,0.9059961864131446,0.0063188895223385,0.025646583,1.216972834,1.2426194169999998,28109520,112,7940,2,3700480,1216768,256
equicorr_cdf_rho0_8_d100,100,98,0.8,cdf,sobol_owen,256,19,101340770,reduced_conditional,0.9064144273774603,0.9059961864131446,0.0004182409643156415,0.025540042,1.224711958,1.2502520000000001,28109520,112,7940,2,3700480,1216768,256
equicorr_cdf_rho0_8_d100,100,98,0.8,cdf,sobol_owen,256,20,101340771,reduced_conditional,0.9072675616595427,0.9059961864131446,0.0012713752463980876,0.025472,1.217558459,1.2430304589999999,28109520,112,7940,2,3700480,1216768,256
equicorr_cdf_rho0_8_d100,100,98,0.8,cdf,sobol_owen,256,21,101340772,reduced_conditional,0.910984816152391,0.9059961864131446,0.0049886297392464085,0.025706083,1.218077666,1.2437837489999999,28109520,112,7940,2,3700480,1216768,256
equicorr_cdf_rho0_8_d100,100,98,0.8,cdf,sobol_owen,256,22,101340773,reduced_conditional,0.9081695482440029,0.9059961864131446,0.002173361830858256,0.025298542,1.221740125,1.247038667,28109520,112,7940,2,3700480,1216768,256
equicorr_cdf_rho0_8_d100,100,98,0.8,cdf,sobol_owen,256,23,101340774,reduced_conditional,0.9070369327648834,0.9059961864131446,0.001040746351738786,0.025970958,1.219497791,1.245468749,28109520,112,7940,2,3700480,1216768,256
equicorr_cdf_rho0_8_d100,100,98,0.8,cdf,sobol_owen,256,24,101340775,reduced_conditional,0.9097540465693486,0.9059961864131446,0.0037578601562039404,0.02533625,1.21732025,1.2426565,28109520,112,7940,2,3700480,1216768,256
equicorr_cdf_rho0_8_d100,100,98,0.8,cdf,sobol_owen,256,25,101340776,reduced_conditional,0.9010838011715336,0.9059961864131446,0.0049123852416109726,0.0255025,1.2268545,1.252357,28109520,112,7940,2,3700480,1216768,256
equicorr_cdf_rho0_8_d100,100,98,0.8,cdf,sobol_owen,256,26,101340777,reduced_conditional,0.9025922187043242,0.9059961864131446,0.0034039677088204545,0.030878459,1.219125958,1.250004417,28109520,112,7940,2,3700480,1216768,256
equicorr_cdf_rho0_8_d100,100,98,0.8,cdf,sobol_owen,256,27,101340778,reduced_conditional,0.9067899536577049,0.9059961864131446,0.0007937672445602617,0.025185875,1.21675375,1.241939625,28109520,112,7940,2,3700480,1216768,256
equicorr_cdf_rho0_8_d100,100,98,0.8,cdf,sobol_owen,256,28,101340779,reduced_conditional,0.9109297402440604,0.9059961864131446,0.00493355383091576,0.025599083,1.222695666,1.2482947489999998,28109520,112,7940,2,3700480,1216768,256
equicorr_cdf_rho0_8_d100,100,98,0.8,cdf,sobol_owen,256,29,101340780,reduced_conditional,0.9065277765661842,0.9059961864131446,0.0005315901530396072,0.025126666,1.218245709,1.243372375,28109520,112,7940,2,3700480,1216768,256
equicorr_cdf_rho0_8_d100,100,98,0.8,cdf,sobol_owen,256,30,101340781,reduced_conditional,0.9015889234050322,0.9059961864131446,0.00440726300811245,0.230330708,1.216176292,1.446507,28109520,112,7940,2,3700480,1216768,256
equicorr_cdf_rho0_8_d100,100,98,0.8,cdf,sobol_owen,1024,1,101417552,reduced_conditional,0.9054915489781272,0.9059961864131446,0.0005046374350173854,0.101811459,4.882422417,4.984233876,103873760,112,8541,2,14801920,4867072,1024
equicorr_cdf_rho0_8_d100,100,98,0.8,cdf,sobol_owen,1024,2,101417553,reduced_conditional,0.9047000983990103,0.9059961864131446,0.0012960880141342779,0.09870225,4.879544708,4.978246958,103873760,112,8541,2,14801920,4867072,1024
equicorr_cdf_rho0_8_d100,100,98,0.8,cdf,sobol_owen,1024,3,101417554,reduced_conditional,0.9062475209851075,0.9059961864131446,0.0002513345719629134,0.09833775,4.889249375,4.987587125,103873760,112,8541,2,14801920,4867072,1024
equicorr_cdf_rho0_8_d100,100,98,0.8,cdf,sobol_owen,1024,4,101417555,reduced_conditional,0.905170431905163,0.9059961864131446,0.0008257545079816131,0.27992575,4.878847875,5.158773625,103873760,112,8541,2,14801920,4867072,1024
equicorr_cdf_rho0_8_d100,100,98,0.8,cdf,sobol_owen,1024,5,101417556,reduced_conditional,0.9062520608866146,0.9059961864131446,0.0002558744734699747,0.100931084,4.888359041,4.989290125,103873760,112,8541,2,14801920,4867072,1024
equicorr_cdf_rho0_8_d100,100,98,0.8,cdf,sobol_owen,1024,6,101417557,reduced_conditional,0.9053179272593386,0.9059961864131446,0.0006782591538060379,0.096959542,4.873646416,4.970605957999999,103873760,112,8541,2,14801920,4867072,1024
equicorr_cdf_rho0_8_d100,100,98,0.8,cdf,sobol_owen,1024,7,101417558,reduced_conditional,0.9034346439117864,0.9059961864131446,0.002561542501358205,0.097937416,4.876186625,4.974124041,103873760,112,8541,2,14801920,4867072,1024
equicorr_cdf_rho0_8_d100,100,98,0.8,cdf,sobol_owen,1024,8,101417559,reduced_conditional,0.9078062634068121,0.9059961864131446,0.001810076993667531,0.098392167,4.87571675,4.974108917,103873760,112,8541,2,14801920,4867072,1024
equicorr_cdf_rho0_8_d100,100,98,0.8,cdf,sobol_owen,1024,9,101417560,reduced_conditional,0.9069945692434229,0.9059961864131446,0.0009983828302783104,0.09809225,4.887714917,4.985807167,103873760,112,8541,2,14801920,4867072,1024
equicorr_cdf_rho0_8_d100,100,98,0.8,cdf,sobol_owen,1024,10,101417561,reduced_conditional,0.9057916837761046,0.9059961864131446,0.00020450263703997162,0.099609708,4.894306042,4.99391575,103873760,112,8541,2,14801920,4867072,1024
equicorr_cdf_rho0_8_d100,100,98,0.8,cdf,sobol_owen,1024,11,101417562,reduced_conditional,0.9064262685981046,0.9059961864131446,0.00043008218495999007,0.097461958,4.876248166,4.973710124,103873760,112,8541,2,14801920,4867072,1024
equicorr_cdf_rho0_8_d100,100,98,0.8,cdf,sobol_owen,1024,12,101417563,reduced_conditional,0.9076024398400678,0.9059961864131446,0.001606253426923221,0.098319667,4.885273041,4.983592708,103873760,112,8541,2,14801920,4867072,1024
equicorr_cdf_rho0_8_d100,100,98,0.8,cdf,sobol_owen,1024,13,101417564,reduced_conditional,0.9070574582388162,0.9059961864131446,0.001061271825671617,0.098402375,4.884434334,4.982836709,103873760,112,8541,2,14801920,4867072,1024
equicorr_cdf_rho0_8_d100,100,98,0.8,cdf,sobol_owen,1024,14,101417565,reduced_conditional,0.9054757357909204,0.9059961864131446,0.0005204506222241667,0.298462667,4.884544958,5.183007625,103873760,112,8541,2,14801920,4867072,1024
equicorr_cdf_rho0_8_d100,100,98,0.8,cdf,sobol_owen,1024,15,101417566,reduced_conditional,0.9058938053353818,0.9059961864131446,0.00010238107776283645,0.098165208,4.884724834,4.982890042,103873760,112,8541,2,14801920,4867072,1024
equicorr_cdf_rho0_8_d100,100,98,0.8,cdf,sobol_owen,1024,16,101417567,reduced_conditional,0.9060688187818834,0.9059961864131446,7.263236873877865e-5,0.097899125,4.874785208,4.972684332999999,103873760,112,8541,2,14801920,4867072,1024
equicorr_cdf_rho0_8_d100,100,98,0.8,cdf,sobol_owen,1024,17,101417568,reduced_conditional,0.9068122271015122,0.9059961864131446,0.000816040688367603,0.098654084,4.888663,4.987317084,103873760,112,8541,2,14801920,4867072,1024
equicorr_cdf_rho0_8_d100,100,98,0.8,cdf,sobol_owen,1024,18,101417569,reduced_conditional,0.9035110830112698,0.9059961864131446,0.0024851034018747997,0.098086,4.883033584,4.981119584,103873760,112,8541,2,14801920,4867072,1024
equicorr_cdf_rho0_8_d100,100,98,0.8,cdf,sobol_owen,1024,19,101417570,reduced_conditional,0.9056593597448472,0.9059961864131446,0.0003368266682973742,0.09798875,4.870002875,4.967991625,103873760,112,8541,2,14801920,4867072,1024
equicorr_cdf_rho0_8_d100,100,98,0.8,cdf,sobol_owen,1024,20,101417571,reduced_conditional,0.9051233169140253,0.9059961864131446,0.0008728694991193553,0.09804925,4.892259083,4.990308333,103873760,112,8541,2,14801920,4867072,1024
equicorr_cdf_rho0_8_d100,100,98,0.8,cdf,sobol_owen,1024,21,101417572,reduced_conditional,0.9060966132005871,0.9059961864131446,0.0001004267874424869,0.099085333,4.903800333,5.002885666,103873760,112,8541,2,14801920,4867072,1024
equicorr_cdf_rho0_8_d100,100,98,0.8,cdf,sobol_owen,1024,22,101417573,reduced_conditional,0.9056553893039252,0.9059961864131446,0.0003407971092194151,0.307242166,4.921067459,5.228309625,103873760,112,8541,2,14801920,4867072,1024
equicorr_cdf_rho0_8_d100,100,98,0.8,cdf,sobol_owen,1024,23,101417574,reduced_conditional,0.9044226559022375,0.9059961864131446,0.0015735305109071396,0.097656625,4.917295834,5.014952459,103873760,112,8541,2,14801920,4867072,1024
equicorr_cdf_rho0_8_d100,100,98,0.8,cdf,sobol_owen,1024,24,101417575,reduced_conditional,0.9069646356668577,0.9059961864131446,0.0009684492537130884,0.099555375,4.924825083,5.0243804579999995,103873760,112,8541,2,14801920,4867072,1024
equicorr_cdf_rho0_8_d100,100,98,0.8,cdf,sobol_owen,1024,25,101417576,reduced_conditional,0.9059981118313404,0.9059961864131446,1.9254181957695238e-6,0.0987205,4.901809708,5.000530208,103873760,112,8541,2,14801920,4867072,1024
equicorr_cdf_rho0_8_d100,100,98,0.8,cdf,sobol_owen,1024,26,101417577,reduced_conditional,0.906490498623115,0.9059961864131446,0.0004943122099704267,0.098202375,4.908721916,5.006924291,103873760,112,8541,2,14801920,4867072,1024
equicorr_cdf_rho0_8_d100,100,98,0.8,cdf,sobol_owen,1024,27,101417578,reduced_conditional,0.9047958103575993,0.9059961864131446,0.001200376055545349,0.09994175,4.921317584,5.021259334,103873760,112,8541,2,14801920,4867072,1024
equicorr_cdf_rho0_8_d100,100,98,0.8,cdf,sobol_owen,1024,28,101417579,reduced_conditional,0.9063976810748339,0.9059961864131446,0.0004014946616892612,0.105005209,4.89598,5.0009852089999995,103873760,112,8541,2,14801920,4867072,1024
equicorr_cdf_rho0_8_d100,100,98,0.8,cdf,sobol_owen,1024,29,101417580,reduced_conditional,0.9067575505857304,0.9059961864131446,0.0007613641725857656,0.0980975,4.878220333,4.9763178329999995,103873760,112,8541,2,14801920,4867072,1024
equicorr_cdf_rho0_8_d100,100,98,0.8,cdf,sobol_owen,1024,30,101417581,reduced_conditional,0.9069964560035778,0.9059961864131446,0.0010002695904332004,0.098171625,4.891515625,4.98968725,103873760,112,8541,2,14801920,4867072,1024
equicorr_interior_rho0_8_d100,100,98,0.8,interior,sobol_owen,256,2,101340753,current_indicator,0.88671875,0.8877957674278216,0.001077017427821625,0.024541708,3.967379292,3.991921,28109520,6718428272,7940,333321,NaN,NaN,NaN
equicorr_interior_rho0_8_d100,100,98,0.8,interior,sobol_owen,256,3,101340754,current_indicator,0.8984375,0.8877957674278216,0.010641732572178375,0.024555917,3.739627667,3.764183584,28109520,6718428272,7940,333321,NaN,NaN,NaN
equicorr_interior_rho0_8_d100,100,98,0.8,interior,sobol_owen,256,4,101340755,current_indicator,0.8828125,0.8877957674278216,0.004983267427821625,0.025510958,3.964434459,3.989945417,28109520,6718428272,7940,333321,NaN,NaN,NaN
equicorr_interior_rho0_8_d100,100,98,0.8,interior,sobol_owen,256,5,101340756,current_indicator,0.9140625,0.8877957674278216,0.026266732572178375,0.025077833,3.714591416,3.7396692490000003,28109520,6718428272,7940,333321,NaN,NaN,NaN
equicorr_interior_rho0_8_d100,100,98,0.8,interior,sobol_owen,256,6,101340757,current_indicator,0.8828125,0.8877957674278216,0.004983267427821625,0.025185875,3.965622917,3.990808792,28109520,6718428272,7940,333321,NaN,NaN,NaN
equicorr_interior_rho0_8_d100,100,98,0.8,interior,sobol_owen,256,7,101340758,current_indicator,0.8984375,0.8877957674278216,0.010641732572178375,0.025007,3.752622583,3.777629583,28109520,6718428272,7940,333321,NaN,NaN,NaN
equicorr_interior_rho0_8_d100,100,98,0.8,interior,sobol_owen,256,8,101340759,current_indicator,0.890625,0.8877957674278216,0.002829232572178375,0.024598125,3.953939625,3.9785377499999997,28109520,6718428272,7940,333321,NaN,NaN,NaN
equicorr_interior_rho0_8_d100,100,98,0.8,interior,sobol_owen,256,9,101340760,current_indicator,0.89453125,0.8877957674278216,0.006735482572178375,0.025416375,3.730927834,3.756344209,28109520,6718428272,7940,333321,NaN,NaN,NaN
equicorr_interior_rho0_8_d100,100,98,0.8,interior,sobol_owen,256,10,101340761,current_indicator,0.8671875,0.8877957674278216,0.020608267427821625,0.024582708,3.93748175,3.962064458,28109520,6718428272,7940,333321,NaN,NaN,NaN
equicorr_interior_rho0_8_d100,100,98,0.8,interior,sobol_owen,256,11,101340762,current_indicator,0.87109375,0.8877957674278216,0.016702017427821625,0.025078833,3.707226583,3.732305416,28109520,6718428272,7940,333321,NaN,NaN,NaN
equicorr_interior_rho0_8_d100,100,98,0.8,interior,sobol_owen,256,12,101340763,current_indicator,0.88671875,0.8877957674278216,0.001077017427821625,0.025011333,3.956514042,3.981525375,28109520,6718428272,7940,333321,NaN,NaN,NaN
equicorr_interior_rho0_8_d100,100,98,0.8,interior,sobol_owen,256,13,101340764,current_indicator,0.86328125,0.8877957674278216,0.024514517427821625,0.025268083,3.737526583,3.762794666,28109520,6718428272,7940,333321,NaN,NaN,NaN
equicorr_interior_rho0_8_d100,100,98,0.8,interior,sobol_owen,256,14,101340765,current_indicator,0.890625,0.8877957674278216,0.002829232572178375,0.029108708,3.927601416,3.9567101239999998,28109520,6718428272,7940,333321,NaN,NaN,NaN
equicorr_interior_rho0_8_d100,100,98,0.8,interior,sobol_owen,256,15,101340766,current_indicator,0.87109375,0.8877957674278216,0.016702017427821625,0.024141917,3.732355375,3.756497292,28109520,6718428272,7940,333321,NaN,NaN,NaN
equicorr_interior_rho0_8_d100,100,98,0.8,interior,sobol_owen,256,16,101340767,current_indicator,0.875,0.8877957674278216,0.012795767427821625,0.025145333,3.91129525,3.936440583,28109520,6718428272,7940,333321,NaN,NaN,NaN
equicorr_interior_rho0_8_d100,100,98,0.8,interior,sobol_owen,256,17,101340768,current_indicator,0.8828125,0.8877957674278216,0.004983267427821625,0.024919209,3.730979542,3.755898751,28109520,6718428272,7940,333321,NaN,NaN,NaN
equicorr_interior_rho0_8_d100,100,98,0.8,interior,sobol_owen,256,18,101340769,current_indicator,0.890625,0.8877957674278216,0.002829232572178375,0.025088417,3.907484417,3.932572834,28109520,6718428272,7940,333321,NaN,NaN,NaN
equicorr_interior_rho0_8_d100,100,98,0.8,interior,sobol_owen,256,19,101340770,current_indicator,0.9140625,0.8877957674278216,0.026266732572178375,0.024928916,3.728102709,3.7530316249999998,28109520,6718428272,7940,333321,NaN,NaN,NaN
equicorr_interior_rho0_8_d100,100,98,0.8,interior,sobol_owen,256,20,101340771,current_indicator,0.89453125,0.8877957674278216,0.006735482572178375,0.02504675,3.928535583,3.953582333,28109520,6718428272,7940,333321,NaN,NaN,NaN
equicorr_interior_rho0_8_d100,100,98,0.8,interior,sobol_owen,256,21,101340772,current_indicator,0.89453125,0.8877957674278216,0.006735482572178375,0.024585125,3.724825625,3.74941075,28109520,6718428272,7940,333321,NaN,NaN,NaN
equicorr_interior_rho0_8_d100,100,98,0.8,interior,sobol_owen,256,22,101340773,current_indicator,0.890625,0.8877957674278216,0.002829232572178375,0.024728208,3.859614041,3.884342249,28109520,6718428272,7940,333321,NaN,NaN,NaN
equicorr_interior_rho0_8_d100,100,98,0.8,interior,sobol_owen,256,23,101340774,current_indicator,0.8828125,0.8877957674278216,0.004983267427821625,0.025062375,3.749977125,3.7750395,28109520,6718428272,7940,333321,NaN,NaN,NaN
equicorr_interior_rho0_8_d100,100,98,0.8,interior,sobol_owen,256,24,101340775,current_indicator,0.90625,0.8877957674278216,0.018454232572178375,0.025114333,3.920021875,3.945136208,28109520,6718428272,7940,333321,NaN,NaN,NaN
equicorr_interior_rho0_8_d100,100,98,0.8,interior,sobol_owen,256,25,101340776,current_indicator,0.85546875,0.8877957674278216,0.032327017427821625,0.025083292,3.727076292,3.752159584,28109520,6718428272,7940,333321,NaN,NaN,NaN
equicorr_interior_rho0_8_d100,100,98,0.8,interior,sobol_owen,256,26,101340777,current_indicator,0.90625,0.8877957674278216,0.018454232572178375,0.025072334,3.937954,3.963026334,28109520,6718428272,7940,333321,NaN,NaN,NaN
equicorr_interior_rho0_8_d100,100,98,0.8,interior,sobol_owen,256,27,101340778,current_indicator,0.89453125,0.8877957674278216,0.006735482572178375,0.025023291,3.739793792,3.764817083,28109520,6718428272,7940,333321,NaN,NaN,NaN
equicorr_interior_rho0_8_d100,100,98,0.8,interior,sobol_owen,256,28,101340779,current_indicator,0.90625,0.8877957674278216,0.018454232572178375,0.025051375,3.932983709,3.958035084,28109520,6718428272,7940,333321,NaN,NaN,NaN
equicorr_interior_rho0_8_d100,100,98,0.8,interior,sobol_owen,256,29,101340780,current_indicator,0.89453125,0.8877957674278216,0.006735482572178375,0.02465275,3.84217875,3.8668315,28109520,6718428272,7940,333321,NaN,NaN,NaN
equicorr_interior_rho0_8_d100,100,98,0.8,interior,sobol_owen,256,30,101340781,current_indicator,0.88671875,0.8877957674278216,0.001077017427821625,0.029003167,4.014920833,4.043924,28109520,6718428272,7940,333321,NaN,NaN,NaN
equicorr_interior_rho0_8_d100,100,98,0.8,interior,sobol_owen,256,2,101340753,reduced_conditional,0.8800234897358716,0.8877957674278216,0.007772277691949991,0.030644834,1.753711209,1.784356043,28109520,112,7940,2,4967424,1216768,1024
equicorr_interior_rho0_8_d100,100,98,0.8,interior,sobol_owen,256,3,101340754,reduced_conditional,0.8905127050205827,0.8877957674278216,0.0027169375927610373,0.024461292,1.79143375,1.815895042,28109520,112,7940,2,4967424,1216768,1024
equicorr_interior_rho0_8_d100,100,98,0.8,interior,sobol_owen,256,4,101340755,reduced_conditional,0.8872459266200162,0.8877957674278216,0.0005498408078054018,0.029627042,1.814574791,1.844201833,28109520,112,7940,2,4967424,1216768,1024
equicorr_interior_rho0_8_d100,100,98,0.8,interior,sobol_owen,256,5,101340756,reduced_conditional,0.8882104350007867,0.8877957674278216,0.000414667572965044,0.025417708,1.786271417,1.811689125,28109520,112,7940,2,4967424,1216768,1024
equicorr_interior_rho0_8_d100,100,98,0.8,interior,sobol_owen,256,6,101340757,reduced_conditional,0.8891830625921988,0.8877957674278216,0.0013872951643771891,0.0291005,1.789862208,1.818962708,28109520,112,7940,2,4967424,1216768,1024
equicorr_interior_rho0_8_d100,100,98,0.8,interior,sobol_owen,256,7,101340758,reduced_conditional,0.8820392942054549,0.8877957674278216,0.00575647322236672,0.026118958,1.774325833,1.800444791,28109520,112,7940,2,4967424,1216768,1024
equicorr_interior_rho0_8_d100,100,98,0.8,interior,sobol_owen,256,8,101340759,reduced_conditional,0.8879808762943912,0.8877957674278216,0.00018510886656952774,0.026333208,1.792129417,1.818462625,28109520,112,7940,2,4967424,1216768,1024
equicorr_interior_rho0_8_d100,100,98,0.8,interior,sobol_owen,256,9,101340760,reduced_conditional,0.8907670984992404,0.8877957674278216,0.0029713310714187813,0.026999875,1.816872708,1.843872583,28109520,112,7940,2,4967424,1216768,1024
equicorr_interior_rho0_8_d100,100,98,0.8,interior,sobol_owen,256,10,101340761,reduced_conditional,0.8879883101870522,0.8877957674278216,0.00019254275923052955,0.027522792,1.794386209,1.821909001,28109520,112,7940,2,4967424,1216768,1024
equicorr_interior_rho0_8_d100,100,98,0.8,interior,sobol_owen,256,11,101340762,reduced_conditional,0.8793163365025505,0.8877957674278216,0.008479430925271148,0.025813625,1.751148958,1.776962583,28109520,112,7940,2,4967424,1216768,1024
equicorr_interior_rho0_8_d100,100,98,0.8,interior,sobol_owen,256,12,101340763,reduced_conditional,0.8909520960683753,0.8877957674278216,0.003156328640553707,0.050462333,1.762256125,1.812718458,28109520,112,7940,2,4967424,1216768,1024
equicorr_interior_rho0_8_d100,100,98,0.8,interior,sobol_owen,256,13,101340764,reduced_conditional,0.8803930578247443,0.8877957674278216,0.007402709603077318,0.213713875,1.760641208,1.974355083,28109520,112,7940,2,4967424,1216768,1024
equicorr_interior_rho0_8_d100,100,98,0.8,interior,sobol_owen,256,14,101340765,reduced_conditional,0.8949551427706827,0.8877957674278216,0.007159375342861041,0.023835291,1.7479155,1.7717507909999999,28109520,112,7940,2,4967424,1216768,1024
equicorr_interior_rho0_8_d100,100,98,0.8,interior,sobol_owen,256,15,101340766,reduced_conditional,0.8823445238709556,0.8877957674278216,0.005451243556865992,0.024378917,1.767395709,1.791774626,28109520,112,7940,2,4967424,1216768,1024
equicorr_interior_rho0_8_d100,100,98,0.8,interior,sobol_owen,256,16,101340767,reduced_conditional,0.8825239268639498,0.8877957674278216,0.005271840563871866,0.027155583,1.755442334,1.7825979170000001,28109520,112,7940,2,4967424,1216768,1024
equicorr_interior_rho0_8_d100,100,98,0.8,interior,sobol_owen,256,17,101340768,reduced_conditional,0.8929909227004388,0.8877957674278216,0.005195155272617158,0.024151417,1.751890541,1.776041958,28109520,112,7940,2,4967424,1216768,1024
equicorr_interior_rho0_8_d100,100,98,0.8,interior,sobol_owen,256,18,101340769,reduced_conditional,0.8780128554654929,0.8877957674278216,0.009782911962328722,0.025258292,1.749421791,1.774680083,28109520,112,7940,2,4967424,1216768,1024
equicorr_interior_rho0_8_d100,100,98,0.8,interior,sobol_owen,256,19,101340770,reduced_conditional,0.8984751073122395,0.8877957674278216,0.010679339884417827,0.025173625,1.749116875,1.7742905,28109520,112,7940,2,4967424,1216768,1024
equicorr_interior_rho0_8_d100,100,98,0.8,interior,sobol_owen,256,20,101340771,reduced_conditional,0.8883601559544644,0.8877957674278216,0.0005643885266427562,0.025104125,1.748884709,1.7739888339999998,28109520,112,7940,2,4967424,1216768,1024
equicorr_interior_rho0_8_d100,100,98,0.8,interior,sobol_owen,256,21,101340772,reduced_conditional,0.8911597111907505,0.8877957674278216,0.0033639437629289226,0.026726125,1.755303917,1.782030042,28109520,112,7940,2,4967424,1216768,1024
equicorr_interior_rho0_8_d100,100,98,0.8,interior,sobol_owen,256,22,101340773,reduced_conditional,0.8861772894157023,0.8877957674278216,0.0016184780121193398,0.02608275,1.75517975,1.7812625,28109520,112,7940,2,4967424,1216768,1024
equicorr_interior_rho0_8_d100,100,98,0.8,interior,sobol_owen,256,23,101340774,reduced_conditional,0.8778109295037335,0.8877957674278216,0.009984837924088108,0.024630167,1.747238041,1.771868208,28109520,112,7940,2,4967424,1216768,1024
equicorr_interior_rho0_8_d100,100,98,0.8,interior,sobol_owen,256,24,101340775,reduced_conditional,0.8890477176161915,0.8877957674278216,0.001251950188369877,0.026988958,1.747952,1.774940958,28109520,112,7940,2,4967424,1216768,1024
equicorr_interior_rho0_8_d100,100,98,0.8,interior,sobol_owen,256,25,101340776,reduced_conditional,0.8797127650829748,0.8877957674278216,0.008083002344846824,0.025382792,1.748031291,1.773414083,28109520,112,7940,2,4967424,1216768,1024
equicorr_interior_rho0_8_d100,100,98,0.8,interior,sobol_owen,256,26,101340777,reduced_conditional,0.8916490645428969,0.8877957674278216,0.003853297115075316,0.025683834,1.744545541,1.770229375,28109520,112,7940,2,4967424,1216768,1024
equicorr_interior_rho0_8_d100,100,98,0.8,interior,sobol_owen,256,27,101340778,reduced_conditional,0.8907879523520419,0.8877957674278216,0.0029921849242202647,0.029033583,1.7453105,1.774344083,28109520,112,7940,2,4967424,1216768,1024
equicorr_interior_rho0_8_d100,100,98,0.8,interior,sobol_owen,256,28,101340779,reduced_conditional,0.8946158008083048,0.8877957674278216,0.006820033380483204,0.025302875,1.748064042,1.773366917,28109520,112,7940,2,4967424,1216768,1024
equicorr_interior_rho0_8_d100,100,98,0.8,interior,sobol_owen,256,29,101340780,reduced_conditional,0.887837103837622,0.8877957674278216,4.133640980041875e-5,0.025611916,1.744610125,1.7702220409999998,28109520,112,7940,2,4967424,1216768,1024
equicorr_interior_rho0_8_d100,100,98,0.8,interior,sobol_owen,256,30,101340781,reduced_conditional,0.8860207098498877,0.8877957674278216,0.0017750575779339473,0.027535875,1.752364125,1.7799,28109520,112,7940,2,4967424,1216768,1024
