case_id,d,N,rep,seed,current_error,reduced_error,error_ratio,current_runtime_s,reduced_runtime_s,runtime_ratio,error_win,runtime_win,both_win,reference_target_met
gaussian_moderate_d10,10,1024,1,271828,0.003611448367377451,0.0001455090066214415,0.040291038890611836,0.022209917,0.026320334,1.185071245426086,true,false,false,true
gaussian_moderate_d10,10,1024,10,271837,0.008494260867377451,1.6254761222328495e-5,0.0019136169086536483,0.0230765,0.026201666,1.135426342816285,true,false,false,true
gaussian_moderate_d10,10,1024,11,271838,0.006541135867377451,0.00010034997861751993,0.015341368938381863,0.023086708,0.027246333,1.180174020479663,true,false,false,true
gaussian_moderate_d10,10,1024,12,271839,0.003224489132622549,1.2132324081648438e-5,0.0037625569765158268,0.023330375,0.027038833,1.158954067390687,true,false,false,true
gaussian_moderate_d10,10,1024,13,271840,0.0006817608673774511,0.00014671940461574717,0.21520655061962837,0.023311167,0.027797833,1.1924685280663985,true,false,false,true
gaussian_moderate_d10,10,1024,14,271841,0.002634885867377451,0.0001096068766869851,0.04159833943626514,0.022052458,0.026194875,1.1878437768705874,true,false,false,true
gaussian_moderate_d10,10,1024,15,271842,0.004201051632622549,1.090397159472789e-5,0.00259553382064028,0.022115208,0.026228583,1.1859975723493081,true,false,false,true
gaussian_moderate_d10,10,1024,16,271843,0.0016583233673774511,7.431032626903367e-6,0.00448105162906505,0.02527425,0.026278042,1.0397159955290463,true,false,false,true
gaussian_moderate_d10,10,1024,17,271844,0.009083864132622549,4.746482345016623e-5,0.005225179808635352,0.022127541,0.027288167,1.233221847832075,true,false,false,true
gaussian_moderate_d10,10,1024,18,271845,0.002247926632622549,7.71013681750976e-5,0.034298881047175066,0.022441541,0.026251708,1.1697818790608008,true,false,false,true
gaussian_moderate_d10,10,1024,19,271846,0.004201051632622549,7.617124112113682e-5,0.018131469875219353,0.021930583,0.026140833,1.1919807603837982,true,false,false,true
gaussian_moderate_d10,10,1024,2,271829,0.002634885867377451,3.483109228263892e-6,0.0013219203425045096,0.022337458,0.02622325,1.1739585587581183,true,false,false,true
gaussian_moderate_d10,10,1024,20,271847,0.007517698367377451,7.364919550628679e-5,0.009796774478992472,0.021866209,0.026192917,1.1978718853368684,true,false,false,true
gaussian_moderate_d10,10,1024,21,271848,0.004588010867377451,6.573262543646541e-5,0.014327042227351736,0.022905125,0.02629575,1.1480290982913213,true,false,false,true
gaussian_moderate_d10,10,1024,22,271849,0.006541135867377451,2.0259836827352107e-5,0.003097296438741444,0.022238084,0.026354459,1.1851047509308805,true,false,false,true
gaussian_moderate_d10,10,1024,23,271850,0.005177614132622549,4.9857975854439296e-5,0.00962952714847937,0.022130125,0.0270935,1.2242813811489994,true,false,false,true
gaussian_moderate_d10,10,1024,24,271851,0.0002948016326225489,0.00016469470899946326,0.5586628117841232,0.022087625,0.026232667,1.1876635446318924,true,false,false,true
gaussian_moderate_d10,10,1024,25,271852,0.004588010867377451,8.22166329443319e-5,0.017919886268998243,0.02217175,0.027232459,1.2282503185359748,true,false,false,true
gaussian_moderate_d10,10,1024,26,271853,0.003224489132622549,7.797119367172756e-5,0.024180944783743726,0.022071625,0.026089667,1.1820455902091487,true,false,false,true
gaussian_moderate_d10,10,1024,27,271854,0.002634885867377451,7.853159656334707e-5,0.029804553409939902,0.022563125,0.0260465,1.1543835350821308,true,false,false,true
gaussian_moderate_d10,10,1024,28,271855,0.0012713641326225489,2.5155078639205186e-5,0.019785896104616153,0.022782583,0.026181917,1.1492075766825913,true,false,false,true
gaussian_moderate_d10,10,1024,29,271856,0.01884948913262255,5.5041228667784825e-5,0.002920038218570377,0.022080917,0.026802583,1.2138346881155344,true,false,false,true
gaussian_moderate_d10,10,1024,3,271830,0.003224489132622549,4.5091311356132424e-5,0.013984017157923759,0.021969458,0.026277792,1.196105611708764,true,false,false,true
gaussian_moderate_d10,10,1024,30,271857,0.003224489132622549,5.2248532021070826e-5,0.01620366199794754,0.022616542,0.026171209,1.1571711095356665,true,false,false,true
gaussian_moderate_d10,10,1024,4,271831,0.0012713641326225489,9.748452302940636e-5,0.0766771065251911,0.02246625,0.026451542,1.177390174150114,true,false,false,true
gaussian_moderate_d10,10,1024,5,271832,0.0006817608673774511,2.3983297854746066e-5,0.035178460663198956,0.023019916,0.027842792,1.2095088444284505,true,false,false,true
gaussian_moderate_d10,10,1024,6,271833,0.0002948016326225489,0.00012599658640694011,0.42739446619096794,0.02200575,0.026277375,1.1941140383763333,true,false,false,true
gaussian_moderate_d10,10,1024,7,271834,0.007130739132622549,7.882721836852125e-5,0.011054564877838983,0.021918416,0.026226375,1.1965451791771815,true,false,false,true
gaussian_moderate_d10,10,1024,8,271835,0.005177614132622549,0.00012684707161050857,0.024499135772070055,0.021941833,0.026270959,1.1973001070603353,true,false,false,true
gaussian_moderate_d10,10,1024,9,271836,0.0012713641326225489,6.713993957208064e-5,0.052809370540905134,0.021875542,0.026271916,1.2009721176279882,true,false,false,true
gaussian_moderate_d10,10,16384,1,271828,0.0009869366486274511,3.6826907756082328e-6,0.0037314358330190808,0.380814166,0.440714083,1.1572943507568991,true,false,false,true
gaussian_moderate_d10,10,16384,10,271837,0.0007427960236274511,3.661246856523359e-7,0.000492900707605249,0.403712916,0.438189709,1.0853992816023752,true,false,false,true
gaussian_moderate_d10,10,16384,11,271838,0.0004779071013725489,2.487978353435394e-5,0.05205987411130577,0.526742708,0.434096209,0.8241143207244931,true,true,true,true
gaussian_moderate_d10,10,16384,12,271839,0.00023376647637254888,5.704207590551125e-6,0.0244013071466263,0.528343583,0.463268083,0.8768310961013414,true,true,true,true
gaussian_moderate_d10,10,16384,13,271840,0.0008648663361274511,1.0968863549953856e-6,0.0012682726904446686,0.370063709,0.613188292,1.6569803444303695,true,false,false,true
gaussian_moderate_d10,10,16384,14,271841,0.0015972882111274511,1.4291029258872712e-6,0.0008947057368429046,0.394343334,0.434939833,1.1029470907703995,true,false,false,true
gaussian_moderate_d10,10,16384,15,271842,7.140930487745112e-5,4.2502106322173105e-6,0.059519003013841096,0.522855375,0.432881583,0.8279183952158855,true,true,true,true
gaussian_moderate_d10,10,16384,16,271843,0.002125856320122549,7.740379529802555e-6,0.0036410642885575384,0.536129667,0.463431875,0.8644025942328613,true,true,true,true
gaussian_moderate_d10,10,16384,17,271844,0.0003765850861274511,7.190187026467898e-6,0.019093127400256253,0.373522125,0.613796209,1.6432660019804717,true,false,false,true
gaussian_moderate_d10,10,16384,18,271845,0.0006817608673774511,8.450601886589304e-6,0.012395258060346694,0.37156125,0.435581375,1.1723003273349952,true,false,false,true
gaussian_moderate_d10,10,16384,19,271846,0.0012921124298774511,1.1017753552833298e-6,0.0008526931014724673,0.372841917,0.619919542,1.6626873581920778,true,false,false,true
gaussian_moderate_d10,10,16384,2,271829,0.0006817608673774511,2.5962505102172795e-6,0.0038081541995866526,0.514172875,0.464844542,0.9040627473784961,true,true,true,true
gaussian_moderate_d10,10,16384,20,271847,0.00011169616387254888,1.3419163085143238e-5,0.1201398742794354,0.372652583,0.431998625,1.159253000535354,true,false,false,true
gaussian_moderate_d10,10,16384,21,271848,0.0014752178986274511,6.367524473721575e-6,0.004316328102882934,0.548539958,0.434046208,0.7912754607386323,true,true,true,true
gaussian_moderate_d10,10,16384,22,271849,0.00023376647637254888,1.7049081353109896e-5,0.07293210565375988,0.4990745,0.434380209,0.8703714756013382,true,true,true,true
gaussian_moderate_d10,10,16384,23,271850,0.0004986553986274511,5.800329513361291e-7,0.0011631939670816152,0.372810083,0.455267458,1.2211779636872107,true,false,false,true
gaussian_moderate_d10,10,16384,24,271851,0.0013323992888725489,5.384128450441894e-6,0.004040927142041514,0.370741708,0.587460125,1.584553645634065,true,false,false,true
gaussian_moderate_d10,10,16384,25,271852,0.0014141827423774511,1.1627778111478193e-6,0.0008222259940699158,0.553540625,0.433938834,0.7839331286660306,true,true,true,true
gaussian_moderate_d10,10,16384,26,271853,0.0013531475861274511,7.322078715704672e-6,0.005411145680464611,0.550975375,0.434306917,0.7882510484248048,true,true,true,true
gaussian_moderate_d10,10,16384,27,271854,0.00011169616387254888,2.1196202360518335e-6,0.018976660993213965,0.3709095,0.433879333,1.1697714213305401,true,false,false,true
gaussian_moderate_d10,10,16384,28,271855,0.001963499148627451,5.281529558781584e-6,0.0026898557926411846,0.374704208,0.613786042,1.6380548413803775,true,false,false,true
gaussian_moderate_d10,10,16384,29,271856,0.0006817608673774511,6.746367686244481e-6,0.009895504434268756,0.370743875,0.61703175,1.6643073334657248,true,false,false,true
gaussian_moderate_d10,10,16384,3,271830,5.066100762254888e-5,3.8432683130418255e-7,0.007586245306599887,0.374387292,0.614614916,1.6416553903758035,true,false,false,true
gaussian_moderate_d10,10,16384,30,271857,0.0014752178986274511,2.7036079123243795e-6,0.0018326837783352735,0.552374125,0.43313275,0.7841293253915541,true,true,true,true
gaussian_moderate_d10,10,16384,4,271831,0.0019024639923774511,1.8461162234306716e-5,0.009703816896548126,0.402951208,0.432224917,1.0726482720955137,true,false,false,true
gaussian_moderate_d10,10,16384,5,271832,0.0011090069611274511,3.213012338409982e-6,0.0028971976290784805,0.525167292,0.434968125,0.8282467922621503,true,true,true,true
gaussian_moderate_d10,10,16384,6,271833,0.002308961788872549,1.1557576207271714e-5,0.005005529438802538,0.5627045,0.435446375,0.7738455530389395,true,true,true,true
gaussian_moderate_d10,10,16384,7,271834,0.0015972882111274511,1.1328779650238152e-5,0.0070925081468182225,0.370594208,0.461886375,1.246339972480088,true,false,false,true
gaussian_moderate_d10,10,16384,8,271835,0.0014141827423774511,6.102415315234477e-6,0.004315153291275081,0.372049083,0.591622542,1.590173364303118,true,false,false,true
gaussian_moderate_d10,10,16384,9,271836,0.0015972882111274511,3.039778370295121e-6,0.0019030869627150652,0.554803292,0.435621042,0.7851810691851483,true,true,true,true
gaussian_moderate_d10,10,256,1,271828,0.004588010867377451,0.00026763912666386003,0.058334457872992136,0.005501083,0.006679042,1.2141321990597123,true,false,false,true
gaussian_moderate_d10,10,256,10,271837,0.012400510867377451,0.0001831553133277708,0.014769981276304127,0.005800375,0.006880583,1.1862307178415188,true,false,false,true
gaussian_moderate_d10,10,256,11,271838,0.014943239132622549,0.0002556361035295496,0.017107141313925107,0.005688375,0.006849666,1.2041516250247215,true,false,false,true
gaussian_moderate_d10,10,256,12,271839,0.012400510867377451,0.00031990333452977526,0.025797593175887496,0.005689541,0.006829792,1.2004117731113986,true,false,false,true
gaussian_moderate_d10,10,256,13,271840,0.004588010867377451,0.00014097396969942055,0.030726598906249444,0.005688709,0.006837,1.2018544102009787,true,false,false,true
gaussian_moderate_d10,10,256,14,271841,0.003224489132622549,2.0416928437433368e-5,0.006331833539419568,0.005668459,0.006859042,1.2100364490596123,true,false,false,true
gaussian_moderate_d10,10,256,15,271842,0.008494260867377451,0.00012566484842513326,0.014794088666119748,0.005678583,0.006853709,1.2069400059838873,true,false,false,true
gaussian_moderate_d10,10,256,16,271843,0.007130739132622549,0.0003327612317169659,0.04666574187163999,0.005806583,0.0068935,1.1871870254846957,true,false,false,true
gaussian_moderate_d10,10,256,17,271844,0.0006817608673774511,2.9976729653269363e-5,0.043969566291743464,0.0056895,0.006847375,1.2035108533263028,true,false,false,true
gaussian_moderate_d10,10,256,18,271845,0.01630676086737745,0.00032187981710821156,0.019739040740589346,0.007578791,0.006845875,0.9032938103188227,true,true,true,true
gaussian_moderate_d10,10,256,19,271846,0.004588010867377451,5.75537692327488e-5,0.01254438380736597,0.005409625,0.006598209,1.2197165237886174,true,false,false,true
gaussian_moderate_d10,10,256,2,271829,0.004588010867377451,0.00040079025872094554,0.0873559959438459,0.005423417,0.006638792,1.2240976491389102,true,false,false,true
gaussian_moderate_d10,10,256,20,271847,0.003224489132622549,0.0007546881883078449,0.23404891667103872,0.005534667,0.006631917,1.1982504096452415,true,false,false,true
gaussian_moderate_d10,10,256,21,271848,0.003224489132622549,0.00037248749963386674,0.11551829896567657,0.00547775,0.006626083,1.2096358906485327,true,false,false,true
gaussian_moderate_d10,10,256,22,271849,0.0006817608673774511,0.00029261889311604783,0.42921045650753353,0.005366959,0.006646833,1.238472848404469,true,false,false,true
gaussian_moderate_d10,10,256,23,271850,0.02021301086737745,1.3491716827379596e-5,0.000667476850227909,0.00533325,0.0065515,1.2284254441475648,true,false,false,true
gaussian_moderate_d10,10,256,24,271851,0.004588010867377451,0.00034729112137193985,0.07569535718437707,0.00532075,0.006549708,1.230974580651224,true,false,false,true
gaussian_moderate_d10,10,256,25,271852,0.02021301086737745,0.00027822173307093245,0.013764487383716056,0.005292,0.006556083,1.2388667800453514,true,false,false,true
gaussian_moderate_d10,10,256,26,271853,0.0006817608673774511,0.00013180538568449696,0.19333081728717647,0.005265875,0.006534333,1.2408826643245425,true,false,false,true
gaussian_moderate_d10,10,256,27,271854,0.007130739132622549,0.00015071853794923484,0.021136453759710527,0.005300166,0.006566084,1.2388449720254044,true,false,false,true
gaussian_moderate_d10,10,256,28,271855,0.004588010867377451,0.00026792099960532,0.05839589472430044,0.005353083,0.006544917,1.2226444088387944,true,false,false,true
gaussian_moderate_d10,10,256,29,271856,0.007130739132622549,0.00056532947814944,0.07928062822591614,0.005265083,0.006559875,1.2459205296478706,true,false,false,true
gaussian_moderate_d10,10,256,3,271830,0.007130739132622549,0.0006235673295917898,0.08744778318127223,0.005439125,0.00666325,1.225059177717004,true,false,false,true
gaussian_moderate_d10,10,256,30,271857,0.02411926086737745,0.00033687747374178123,0.013967155776213087,0.005276708,0.006556542,1.2425440255553275,true,false,false,true
gaussian_moderate_d10,10,256,4,271831,0.003224489132622549,0.0004950544419879133,0.15352957371739517,0.005494917,0.006677083,1.21513809944718,true,false,false,true
gaussian_moderate_d10,10,256,5,271832,0.007130739132622549,0.00010321734628979118,0.014474985603887857,0.005545834,0.006698125,1.207775963002138,true,false,false,true
gaussian_moderate_d10,10,256,6,271833,0.014943239132622549,0.0003125591430250818,0.020916425163988357,0.005660875,0.006674833,1.1791168326451298,true,false,false,true
gaussian_moderate_d10,10,256,7,271834,0.02021301086737745,0.0003773258127265089,0.018667471917085315,0.005744583,0.006829541,1.1888662762814985,true,false,false,true
gaussian_moderate_d10,10,256,8,271835,0.003224489132622549,0.0007426723827657633,0.23032249519840411,0.005892917,0.006803834,1.1545782844048202,true,false,false,true
gaussian_moderate_d10,10,256,9,271836,0.003224489132622549,0.0008538693845898948,0.2648076484275274,0.005697333,0.006870917,1.2059883106709754,true,false,false,true
gaussian_moderate_d10,10,4096,1,271828,0.003367307742377451,2.127654031902626e-5,0.006318561280058172,0.090985708,0.111015917,1.220146761950789,true,false,false,true
gaussian_moderate_d10,10,4096,10,271837,0.0014141827423774511,4.728986875765506e-5,0.03343971563261603,0.09581175,0.106346584,1.1099534660414823,true,false,false,true
gaussian_moderate_d10,10,4096,11,271838,0.0005389422576225489,9.324837045696088e-5,0.17302107811755205,0.097703708,0.105484,1.079631491570412,true,false,false,true
gaussian_moderate_d10,10,4096,12,271839,0.004201051632622549,2.6095930392544542e-5,0.00621176140514462,0.094595375,0.105987791,1.120433118426773,true,false,false,true
gaussian_moderate_d10,10,4096,13,271840,0.0006817608673774511,9.288506543830843e-6,0.013624288204691486,0.092338625,0.106027917,1.148250983810946,true,false,false,true
gaussian_moderate_d10,10,4096,14,271841,0.002390745242377451,1.254438325964946e-6,0.0005247059802647492,0.09140425,0.107067292,1.1713601063407881,true,false,false,true
gaussian_moderate_d10,10,4096,15,271842,0.0010272235076225489,3.866779953093369e-6,0.0037643024370059576,0.091828584,0.106237208,1.1569078316616535,true,false,false,true
gaussian_moderate_d10,10,4096,16,271843,0.0015155047576225489,7.572474938516427e-6,0.004996668535964059,0.091319084,0.106451667,1.1657110686743202,true,false,false,true
gaussian_moderate_d10,10,4096,17,271844,0.00019347961737745112,4.53656179652262e-5,0.23447233657033936,0.092121875,0.136178458,1.4782423610027478,true,false,false,true
gaussian_moderate_d10,10,4096,18,271845,5.066100762254888e-5,1.7916836417691817e-5,0.3536612724164837,0.09059375,0.2597705,2.8674218696102107,true,false,false,true
gaussian_moderate_d10,10,4096,19,271846,0.0012713641326225489,4.432587755359707e-5,0.03486481678711699,0.091514542,0.106154208,1.1599709257136424,true,false,false,true
gaussian_moderate_d10,10,4096,2,271829,0.004445192257622549,2.0699934979578893e-5,0.004656701843229155,0.090179834,0.107302916,1.1898770627588424,true,false,false,true
gaussian_moderate_d10,10,4096,20,271847,0.00019347961737745112,4.259283548571635e-5,0.22014120176092664,0.093382209,0.1089415,1.1666194360426836,true,false,false,true
gaussian_moderate_d10,10,4096,21,271848,0.0009259014923774511,6.335859501105379e-6,0.006842908833462075,0.0946475,0.106415583,1.1243359095591536,true,false,false,true
gaussian_moderate_d10,10,4096,22,271849,0.0010272235076225489,2.3405641818657896e-5,0.022785344810526135,0.090501666,0.106747,1.1795031485939718,true,false,false,true
gaussian_moderate_d10,10,4096,23,271850,0.0010272235076225489,4.54186402015222e-5,0.044214954062569194,0.09161725,0.1068275,1.1660194996029678,true,false,false,true
gaussian_moderate_d10,10,4096,24,271851,0.0012713641326225489,6.820577376190351e-5,0.05364770958357128,0.092269708,0.107221125,1.1620403632360037,true,false,false,true
gaussian_moderate_d10,10,4096,25,271852,0.004099729617377451,5.441156439939254e-6,0.0013271988515720454,0.092189875,0.110580958,1.1994913541210463,true,false,false,true
gaussian_moderate_d10,10,4096,26,271853,0.002980348507622549,2.553689601220155e-5,0.008568426124289928,0.090597459,0.224973542,2.483221323017459,true,false,false,true
gaussian_moderate_d10,10,4096,27,271854,0.003855588992377451,1.0777558966085232e-5,0.0027953080547207195,0.092069667,0.106357208,1.1551818472418283,true,false,false,true
gaussian_moderate_d10,10,4096,28,271855,0.004343870242377451,3.672943140356488e-5,0.00845546237667137,0.09096375,0.106047375,1.1658201756194089,true,false,false,true
gaussian_moderate_d10,10,4096,29,271856,0.0015155047576225489,2.8224491963213527e-5,0.01862382273711285,0.091169625,0.105905292,1.161629128122442,true,false,false,true
gaussian_moderate_d10,10,4096,3,271830,5.066100762254888e-5,1.780132545012303e-5,0.3513811960226345,0.090633125,0.106960667,1.1801498293256467,true,false,false,true
gaussian_moderate_d10,10,4096,30,271857,0.0007830828826225489,4.4786104270694294e-5,0.05719203581708412,0.090931583,0.106496958,1.1711767736409033,true,false,false,true
gaussian_moderate_d10,10,4096,4,271831,0.002003786007622549,3.066868991363769e-5,0.015305371829612417,0.091636125,0.108674833,1.185938765961568,true,false,false,true
gaussian_moderate_d10,10,4096,5,271832,0.004099729617377451,1.7488954374145216e-6,0.0004265879949744758,0.091561625,0.106074375,1.1585025385908125,true,false,false,true
gaussian_moderate_d10,10,4096,6,271833,5.066100762254888e-5,1.251936987822777e-5,0.24712042783482818,0.094493208,0.10712025,1.133629096389658,true,false,false,true
gaussian_moderate_d10,10,4096,7,271834,0.0016583233673774511,4.308663977886651e-5,0.025982049476276574,0.092012958,0.107016167,1.1630553926980587,true,false,false,true
gaussian_moderate_d10,10,4096,8,271835,0.0016583233673774511,3.156371266183067e-5,0.01903350895413539,0.091267958,0.107317584,1.1758517047132795,true,false,false,true
gaussian_moderate_d10,10,4096,9,271836,0.0016583233673774511,1.3670609602944861e-5,0.008243633221284333,0.091572875,0.287219625,3.1365142243268,true,false,false,true
gaussian_moderate_d10,10,65536,1,271828,1.0374148627451119e-5,1.7580170250108829e-6,0.1694613300949805,1.836665459,2.06644675,1.1251078632061322,true,false,false,true
gaussian_moderate_d10,10,65536,10,271837,0.00015747253106004888,1.0510819426767792e-6,0.006674700251537654,1.96883375,2.012663375,1.0222617196601795,true,false,false,true
gaussian_moderate_d10,10,65536,11,271838,0.0004168719451225489,1.7191898638024838e-6,0.0041240238973075756,1.999625833,2.050664792,1.025524254666898,true,false,false,true
gaussian_moderate_d10,10,65536,12,271839,0.00023376647637254888,3.6731528463840313e-6,0.015712915313529398,1.986310125,2.0797495,1.0470416848929873,true,false,false,true
gaussian_moderate_d10,10,65536,13,271840,0.0004779071013725489,3.7610254980668945e-6,0.007869783661438033,1.999427458,2.105243583,1.0529232128810746,true,false,false,true
gaussian_moderate_d10,10,65536,14,271841,0.00023925598456495112,3.60661125847761e-6,0.015074278142031255,1.984471791,2.013048458,1.014400137673713,true,false,false,true
gaussian_moderate_d10,10,65536,15,271842,0.0003863543669975489,5.64969027860851e-6,0.014623078606600434,1.991323083,2.228004833,1.118856529119037,true,false,false,true
gaussian_moderate_d10,10,65536,16,271843,0.0004473895232475489,3.7352067207008233e-6,0.008348891796990214,2.003646333,2.19865475,1.0973267656014023,true,false,false,true
gaussian_moderate_d10,10,65536,17,271844,0.00016296203925245112,3.0634389378836335e-6,0.018798481854647976,1.962409125,2.051169791,1.0452304592703114,true,false,false,true
gaussian_moderate_d10,10,65536,18,271845,0.0005999774138725489,3.5243543040908154e-6,0.005874144963796056,2.014570625,2.057869959,1.0214930831724998,true,false,false,true
gaussian_moderate_d10,10,65536,19,271846,0.0002545147736274511,8.064270356211711e-7,0.003168488116142082,1.959975709,2.045151125,1.0434573834812766,true,false,false,true
gaussian_moderate_d10,10,65536,2,271829,0.0006207257111274511,5.249811438068352e-7,0.0008457538239447004,1.847055292,2.232279458,1.2085612529676235,true,false,false,true
gaussian_moderate_d10,10,65536,20,271847,0.0005139141876899511,1.3491008882260402e-7,0.00026251481678103906,1.911145334,2.220100541,1.1616597134208317,true,false,false,true
gaussian_moderate_d10,10,65536,21,271848,1.0374148627451119e-5,1.2106607719664098e-6,0.11669977127210907,1.91212175,2.06128275,1.0780081080088129,true,false,false,true
gaussian_moderate_d10,10,65536,22,271849,0.0002490252654350489,3.7406586564370237e-7,0.0015021201362448373,1.969725375,2.222029584,1.1280910588868258,true,false,false,true
gaussian_moderate_d10,10,65536,23,271850,0.00017273132012254888,1.554675650883297e-6,0.009000542864955184,2.002264458,2.107577916,1.052597176950938,true,false,false,true
gaussian_moderate_d10,10,65536,24,271851,0.0009411602814399511,1.9941905571585483e-6,0.002118863913495678,1.807654292,2.21919625,1.2276662964933784,true,false,false,true
gaussian_moderate_d10,10,65536,25,271852,2.014342949754888e-5,1.944949682225472e-6,0.09655504205290066,1.954920125,2.197618,1.1241472078047179,true,false,false,true
gaussian_moderate_d10,10,65536,26,271853,0.0005444317658149511,2.4820431500927054e-6,0.00455896093127001,2.160800875,1.99456625,0.9230680499423622,true,true,true,true
gaussian_moderate_d10,10,65536,27,271854,0.0003765850861274511,3.340754781144817e-8,8.871181850292857e-5,1.798099625,2.126165459,1.1824514222897966,true,false,false,true
gaussian_moderate_d10,10,65536,28,271855,2.014342949754888e-5,3.579318539059795e-7,0.017769161599296375,1.948267459,2.09328025,1.074431665082797,true,false,false,true
gaussian_moderate_d10,10,65536,29,271856,0.0007067889373100489,1.5352949475355704e-6,0.002172211344137208,1.971818583,2.186430666,1.1088396695569636,true,false,false,true
gaussian_moderate_d10,10,65536,3,271830,0.0003155499298774511,4.783734636332193e-6,0.015159992709204637,1.950330708,2.224139959,1.1403911910307674,true,false,false,true
gaussian_moderate_d10,10,65536,30,271857,0.0015972882111274511,1.8780662889572586e-6,0.001175784229717453,1.97639725,2.060320584,1.0424627862642493,true,false,false,true
gaussian_moderate_d10,10,65536,4,271831,0.0004626483123100489,5.356181963567241e-6,0.011577221446725471,1.911125334,2.066058792,1.081069229340246,true,false,false,true
gaussian_moderate_d10,10,65536,5,271832,0.0004016131560600489,9.57968267517595e-7,0.002385301011838268,1.90142875,2.070467125,1.088900714791443,true,false,false,true
gaussian_moderate_d10,10,65536,6,271833,0.00012695495293504888,3.181273918267946e-6,0.025058289138947656,1.99271525,2.194816666,1.1014201181026742,true,false,false,true
gaussian_moderate_d10,10,65536,7,271834,9.643737481004888e-5,2.626946581707479e-6,0.027239922145140642,2.014528541,2.030244417,1.0078012674827626,true,false,false,true
gaussian_moderate_d10,10,65536,8,271835,0.0007275372345649511,7.436716452369208e-7,0.001022176749045178,1.892597583,2.231115459,1.178864159523763,true,false,false,true
gaussian_moderate_d10,10,65536,9,271836,0.0005389422576225489,3.0589612726450444e-6,0.005675860872626923,1.989884166,2.056991875,1.0337244298671404,true,false,false,true
gaussian_moderate_d20,20,1024,1,271828,0.00045503275604927285,0.0002042190111084946,0.4488006816950578,0.127151792,0.11827025,0.9301500839248886,true,true,true,false
gaussian_moderate_d20,20,1024,10,271837,0.004427779743950727,0.0002591630139536366,0.05853114403617467,0.130168583,0.115509542,0.8873841854758456,true,true,true,false
gaussian_moderate_d20,20,1024,11,271838,0.004427779743950727,0.0001477564196992187,0.03337031836352856,0.127281125,0.116254917,0.9133712245236676,true,true,true,false
gaussian_moderate_d20,20,1024,12,271839,0.006314407756049273,8.222517484191005e-5,0.013021834828949306,0.127433125,0.116696084,0.9157437204808404,true,true,true,false
gaussian_moderate_d20,20,1024,13,271840,0.0014980922439507272,7.691190391087566e-5,0.051339898608676944,0.127477667,0.116637666,0.9149654896021906,true,true,true,false
gaussian_moderate_d20,20,1024,14,271841,0.004427779743950727,1.5872408840461594e-5,0.0035847331525798278,0.128291666,0.116055458,0.9046219572828682,true,true,true,false
gaussian_moderate_d20,20,1024,15,271842,0.009244095256049273,6.699978829430298e-5,0.007247847024343326,0.12744925,0.116015042,0.9102842268589263,true,true,true,false
gaussian_moderate_d20,20,1024,16,271843,0.010287154743950727,0.0005989977567244092,0.05822773853738758,0.127760583,0.116271333,0.9100720290232238,true,true,true,false
gaussian_moderate_d20,20,1024,17,271844,0.0014980922439507272,0.0005066777427069485,0.33821531668220384,0.127985833,0.11599025,0.9062741342629697,true,true,true,false
gaussian_moderate_d20,20,1024,18,271845,0.009244095256049273,0.0002226663152020275,0.024087410291052137,0.12740675,0.11664425,0.9155264536612071,true,true,true,false
gaussian_moderate_d20,20,1024,19,271846,0.002474654743950727,0.00048420439504302804,0.195665434229426,0.129761583,0.116819084,0.9002593934138426,true,true,true,false
gaussian_moderate_d20,20,1024,2,271829,0.002408157756049273,5.890740512212722e-5,0.02446160554646069,0.1259315,0.115426875,0.9165846114752861,true,true,true,false
gaussian_moderate_d20,20,1024,20,271847,0.0014315952560492728,0.0003573266743865655,0.2496003481966463,0.12742075,0.116886292,0.9173254120698552,true,true,true,false
gaussian_moderate_d20,20,1024,21,271848,0.007290970256049273,2.2236861494800975e-5,0.0030499180100688503,0.127620792,0.116427334,0.9122912667710131,true,true,true,false
gaussian_moderate_d20,20,1024,22,271849,0.003384720256049273,0.00017000949285950195,0.050228521118002564,0.248263666,0.14310975,0.5764425874545815,true,true,true,false
gaussian_moderate_d20,20,1024,23,271850,0.012173782756049273,7.79843237347505e-5,0.006405923721285344,0.126883916,0.116974125,0.9218987613843821,true,true,true,false
gaussian_moderate_d20,20,1024,24,271851,0.00045503275604927285,0.0007830392205904618,1.7208414343376877,0.129719333,0.116997541,0.9019283270597761,false,true,false,false
gaussian_moderate_d20,20,1024,25,271852,0.006380904743950727,0.00017834377739402163,0.027949606607604732,0.126566833,0.115609167,0.9134238746417871,true,true,true,false
gaussian_moderate_d20,20,1024,26,271853,0.005337845256049273,2.274489018985748e-5,0.004261062113796041,0.126010666,0.115464708,0.9163090051440567,true,true,true,false
gaussian_moderate_d20,20,1024,27,271854,0.005404342243950727,8.626688453490516e-5,0.01596251322378163,0.127767041,0.115535833,0.904269458662661,true,true,true,false
gaussian_moderate_d20,20,1024,28,271855,0.006380904743950727,3.1287167049226516e-5,0.00490324935172988,0.127103958,0.116467209,0.9163145729891433,true,true,true,false
gaussian_moderate_d20,20,1024,29,271856,0.014126907756049273,7.466971531010225e-5,0.005285637635605568,0.127099458,0.115316833,0.9072960248186109,true,true,true,false
gaussian_moderate_d20,20,1024,3,271830,0.006314407756049273,0.00028207227109582067,0.044671215732875705,0.128324041,0.115157083,0.8973928977189862,true,true,true,false
gaussian_moderate_d20,20,1024,30,271857,0.0005215297439507272,0.0003021180164080456,0.5792920152922073,0.127009958,0.1160395,0.9136252135442797,true,true,true,false
gaussian_moderate_d20,20,1024,4,271831,0.0014315952560492728,5.1495657443612064e-5,0.03597082151957039,0.12632475,0.115437959,0.9138190180467406,true,true,true,false
gaussian_moderate_d20,20,1024,5,271832,0.0005215297439507272,0.00016084982641881296,0.30841927672299674,0.126410459,0.117954292,0.9331054798242604,true,true,true,false
gaussian_moderate_d20,20,1024,6,271833,0.004361282756049273,0.00030755433160389867,0.07051923684088324,0.126027333,0.116025667,0.9206389140996898,true,true,true,false
gaussian_moderate_d20,20,1024,7,271834,0.002408157756049273,0.0005745762187748388,0.23859575533683702,0.126749959,0.119544583,0.9431528336825734,true,true,true,false
gaussian_moderate_d20,20,1024,8,271835,0.003384720256049273,3.008546246791033e-5,0.008888611226922135,0.126811458,0.11490675,0.906122773227637,true,true,true,false
gaussian_moderate_d20,20,1024,9,271836,0.005337845256049273,6.811500219111588e-6,0.0012760767486453923,0.125436334,0.116489875,0.9286772921791544,true,true,true,false
gaussian_moderate_d20,20,16384,1,271828,0.0006991733810492728,2.2036201705766256e-5,0.031517506677236184,2.117423375,2.062738875,0.9741740359317607,true,true,true,false
gaussian_moderate_d20,20,16384,10,271837,0.002840865681450727,3.835915994342132e-5,0.013502630622026692,2.281596542,2.059059,0.9024641132191898,true,true,true,false
gaussian_moderate_d20,20,16384,11,271838,0.0005771030685492728,3.938572642597782e-5,0.06824730030458169,2.264559625,2.069690042,0.9139481332932445,true,true,true,false
gaussian_moderate_d20,20,16384,12,271839,0.002047408650200727,6.001691158966094e-5,0.029313596767199798,2.234500292,2.062856625,0.9231847641217494,true,true,true,false
gaussian_moderate_d20,20,16384,13,271840,0.00021635396270072715,3.683387323834275e-5,0.17024820242970737,2.203455333,2.059772667,0.9347921131651095,true,true,true,false
gaussian_moderate_d20,20,16384,14,271841,0.0010708461502007272,1.150373740661792e-5,0.010742661216517029,2.263477167,2.065286666,0.9124398054950646,true,true,true,false
gaussian_moderate_d20,20,16384,15,271842,0.00027192728729927285,3.195280082311791e-5,0.11750494457715775,2.267922292,2.059196625,0.9079661292909941,true,true,true,false
gaussian_moderate_d20,20,16384,16,271843,0.00021089213104927285,2.0236242121121628e-5,0.09595541578738959,2.275000666,2.064434084,0.907443287755064,true,true,true,false
gaussian_moderate_d20,20,16384,17,271844,0.0019253383377007272,2.6334590838450467e-5,0.013677902902977405,2.2610565,2.06288325,0.9123536939479399,true,true,true,false
gaussian_moderate_d20,20,16384,18,271845,0.0007602085372992728,7.686932877318253e-5,0.10111610828032733,2.267645583,1.886235084,0.8318033021300401,true,true,true,false
gaussian_moderate_d20,20,16384,19,271846,8.882181854927285e-5,1.8878699555177625e-5,0.21254574454254044,2.280896458,2.059551833,0.902957179742352,true,true,true,false
gaussian_moderate_d20,20,16384,2,271829,0.0005215297439507272,6.139697892157403e-5,0.11772478872724595,2.237620208,2.062570875,0.921769864084102,true,true,true,false
gaussian_moderate_d20,20,16384,20,271847,0.0006436000564507272,2.607412698403533e-5,0.04051293458211733,2.2599995,2.027981791,0.8973372741896625,true,true,true,false
gaussian_moderate_d20,20,16384,21,271848,0.0008877406814507272,3.535615549082882e-5,0.03982712094825996,2.229229167,2.063129292,0.9254899956187411,true,true,true,false
gaussian_moderate_d20,20,16384,22,271849,0.00045503275604927285,1.3868357097254758e-5,0.030477711577654058,2.259803541,2.067035834,0.9146971391527702,true,true,true,false
gaussian_moderate_d20,20,16384,23,271850,0.0010708461502007272,1.4666079432054668e-5,0.013695785738507396,2.258807209,2.000855,0.8858015823695735,true,true,true,false
gaussian_moderate_d20,20,16384,24,271851,9.428365020072715e-5,1.0230308758685247e-5,0.10850565009845521,2.279006417,2.056739125,0.9024718445977065,true,true,true,false
gaussian_moderate_d20,20,16384,25,271852,0.0005160679122992728,1.1722201686131806e-5,0.02271445561090027,2.260660333,2.064470042,0.9132154936608072,true,true,true,false
gaussian_moderate_d20,20,16384,26,271853,0.0017978061935492728,3.2908031418199535e-6,0.0018304548919831952,2.267112167,1.884885583,0.831403761329644,true,true,true,false
gaussian_moderate_d20,20,16384,27,271854,8.882181854927285e-5,6.812614159065755e-6,0.07669978244463142,2.231731208,2.065185875,0.9253739283642263,true,true,true,false
gaussian_moderate_d20,20,16384,28,271855,0.00027192728729927285,6.796020630125965e-6,0.02499205099136124,2.260462958,2.057851666,0.9103673469706995,true,true,true,false
gaussian_moderate_d20,20,16384,29,271856,0.00045503275604927285,2.141700031943472e-5,0.047066941961241136,2.279150959,2.057082333,0.9025651964284829,true,true,true,false
gaussian_moderate_d20,20,16384,3,271830,0.0006436000564507272,8.227157566453869e-5,0.12783028037356495,2.259484666,1.879759125,0.8319415277678189,true,true,true,false
gaussian_moderate_d20,20,16384,30,271857,0.0010098109939507272,2.8651732546514097e-5,0.028373361666838945,2.193092375,2.056171125,0.9375670393272878,true,true,true,false
gaussian_moderate_d20,20,16384,4,271831,0.0011318813064507272,3.924580804423594e-5,0.03467307730993469,2.263785,2.060638375,0.9102624034526247,true,true,true,false
gaussian_moderate_d20,20,16384,5,271832,0.00027738911895072715,4.276456940957574e-5,0.15416815760957098,2.267698792,2.066657666,0.9113457542468894,true,true,true,false
gaussian_moderate_d20,20,16384,6,271833,0.0011264194747992728,2.904162876207761e-5,0.025782250228985792,2.253137584,2.050226875,0.9099430454487505,true,true,true,false
gaussian_moderate_d20,20,16384,7,271834,0.0010098109939507272,5.319451463710323e-5,0.05267769409896007,2.269775625,2.062057709,0.9084852644851185,true,true,true,false
gaussian_moderate_d20,20,16384,8,271835,0.0007656703689507272,5.6296497120786326e-5,0.07352576174253016,2.261172834,2.064887917,0.9131933154119966,true,true,true,false
gaussian_moderate_d20,20,16384,9,271836,0.00027192728729927285,1.2463821157465693e-5,0.045835124827867994,2.257425083,1.876339917,0.8311859078425947,true,true,true,false
gaussian_moderate_d20,20,256,1,271828,0.0014980922439507272,0.0004496211212261375,0.3001291295924537,0.030982042,0.029087333,0.9388449282974957,true,true,true,false
gaussian_moderate_d20,20,256,10,271837,0.009310592243950727,0.0008240686128224289,0.08850872116731805,0.031218583,0.028979708,0.9282839006498148,true,true,true,false
gaussian_moderate_d20,20,256,11,271838,0.006314407756049273,1.5262500449864103e-6,0.00024170913630407314,0.030814166,0.029093625,0.9441639601733827,true,true,true,false
gaussian_moderate_d20,20,256,12,271839,0.005404342243950727,0.0009896324529748285,0.18311802034420735,0.03096425,0.028926084,0.9341768006652834,true,true,true,false
gaussian_moderate_d20,20,256,13,271840,0.013216842243950727,0.0005393465480306864,0.04080751953270398,0.030811666,0.028959042,0.9398726443419191,true,true,true,false
gaussian_moderate_d20,20,256,14,271841,0.014126907756049273,0.0009167433063801966,0.06489341632372722,0.031749625,0.028979084,0.912737835486246,true,true,true,false
gaussian_moderate_d20,20,256,15,271842,0.009310592243950727,0.0003593682640148921,0.03859778783120705,0.031021375,0.029401167,0.947771238379988,true,true,true,false
gaussian_moderate_d20,20,256,16,271843,0.005404342243950727,5.137725150945738e-5,0.009506661345692117,0.031498875,0.02939375,0.9331682480723517,true,true,true,false
gaussian_moderate_d20,20,256,17,271844,0.002408157756049273,6.92710255924961e-5,0.02876515270583409,0.031586167,0.032897375,1.041512096102069,true,false,false,false
gaussian_moderate_d20,20,256,18,271845,0.017123092243950727,0.0009734114334297161,0.05684787651445401,0.031604666,0.029374542,0.9294368749222031,true,true,true,false
gaussian_moderate_d20,20,256,19,271846,0.010220657756049273,0.0006333892762038079,0.06197147887364935,0.03337225,0.029171833,0.8741344380435841,true,true,true,false
gaussian_moderate_d20,20,256,2,271829,0.0014980922439507272,0.0010385621249794363,0.6932564594557737,0.030786959,0.02901725,0.9425175770039517,true,true,true,false
gaussian_moderate_d20,20,256,20,271847,0.009310592243950727,0.0014687940936104343,0.15775517336877667,0.029826417,0.028894375,0.968751124213143,true,true,true,false
gaussian_moderate_d20,20,256,21,271848,0.009310592243950727,0.0003331549863173494,0.035782362452163735,0.029811167,0.029161291,0.9782002495910341,true,true,true,false
gaussian_moderate_d20,20,256,22,271849,0.017123092243950727,8.679254630164501e-5,0.005068742553338006,0.029948084,0.028941167,0.9663779158626642,true,true,true,false
gaussian_moderate_d20,20,256,23,271850,0.0014980922439507272,0.00035528139995043284,0.23715589035658755,0.030057417,0.029125,0.9689788047988289,true,true,true,false
gaussian_moderate_d20,20,256,24,271851,0.002408157756049273,0.0014771521078782435,0.613395075205372,0.029747792,0.029106666,0.9784479466576881,true,true,true,false
gaussian_moderate_d20,20,256,25,271852,0.021029342243950727,0.0006624505797335478,0.0315012505882873,0.030852541,0.028906167,0.9369136564797045,true,true,true,false
gaussian_moderate_d20,20,256,26,271853,0.002408157756049273,0.00027875432625634744,0.1157541799560759,0.029998666,0.028811458,0.9604246402156683,true,true,true,false
gaussian_moderate_d20,20,256,27,271854,0.010220657756049273,0.000739142195880671,0.0723184567493415,0.030166792,0.028849083,0.9563192201544002,true,true,true,false
gaussian_moderate_d20,20,256,28,271855,0.005404342243950727,0.00013331817061291995,0.024668713526081316,0.030903417,0.028794916,0.9317712665884165,true,true,true,false
gaussian_moderate_d20,20,256,29,271856,0.021939407756049273,0.0010687570855901773,0.04871403537752713,0.030185709,0.028856125,0.9559531962625095,true,true,true,false
gaussian_moderate_d20,20,256,3,271830,0.006314407756049273,0.002136852211481244,0.3384089678773303,0.030757042,0.029593417,0.9621672006040113,true,true,true,false
gaussian_moderate_d20,20,256,30,271857,0.005404342243950727,0.0009865903228443024,0.1825551155552053,0.030311167,0.029813042,0.9835662876325415,true,true,true,false
gaussian_moderate_d20,20,256,4,271831,0.018033157756049273,0.0018843509686688742,0.10449367737809333,0.030562708,0.029536833,0.9664337662748994,true,true,true,false
gaussian_moderate_d20,20,256,5,271832,0.010220657756049273,0.0007608094633235057,0.0744384051871033,0.031038833,0.029522083,0.9511337942376894,true,true,true,false
gaussian_moderate_d20,20,256,6,271833,0.018033157756049273,0.0009900108485559472,0.05489947251328433,0.031582167,0.029511083,0.9344223593016907,true,true,true,false
gaussian_moderate_d20,20,256,7,271834,0.005404342243950727,0.0014271130851174207,0.264067858898988,0.031409125,0.029531667,0.9402257146609464,true,true,true,false
gaussian_moderate_d20,20,256,8,271835,0.006314407756049273,0.00158974071713458,0.2517640257887354,0.030975334,0.030867709,0.9965254611943813,true,true,true,false
gaussian_moderate_d20,20,256,9,271836,0.005404342243950727,0.0014153477583321583,0.26189084525807144,0.030928792,0.0290715,0.939949416711781,true,true,true,false
gaussian_moderate_d20,20,4096,1,271828,0.004427779743950727,0.00014363198407760236,0.03243882767064773,0.521242125,0.465448833,0.8929608922149184,true,true,true,false
gaussian_moderate_d20,20,4096,10,271837,0.0011874546310492728,4.231769760727755e-5,0.0356373174189268,0.523541291,0.465328459,0.8888094731003748,true,true,true,false
gaussian_moderate_d20,20,4096,11,271838,0.0014980922439507272,0.00011971632003417165,0.07991251574633289,0.703393625,0.468993542,0.6667583062044384,true,true,true,false
gaussian_moderate_d20,20,4096,12,271839,0.0009433140060492728,0.00029574728803448413,0.3135194496614271,0.521907125,0.464617042,0.8902293525883556,true,true,true,false
gaussian_moderate_d20,20,4096,13,271840,0.003695357868950727,0.00011147415525067372,0.03016599723326014,0.521522458,0.466838167,0.8951448970966464,true,true,true,false
gaussian_moderate_d20,20,4096,14,271841,0.0012539516189507272,0.00012695222264839934,0.1012417231492787,0.699031042,0.467274,0.6684595846603333,true,true,true,false
gaussian_moderate_d20,20,4096,15,271842,0.002896439006049273,0.00016270489526069853,0.056174114117675526,0.520476917,0.465784917,0.8949194513461969,true,true,true,false
gaussian_moderate_d20,20,4096,16,271843,0.00045503275604927285,0.00013959899940234333,0.30678890156036803,0.518856334,0.466451958,0.899000219201333,true,true,true,false
gaussian_moderate_d20,20,4096,17,271844,0.002164017131049273,0.00022678709274014108,0.10479912080463902,0.520774292,0.645573916,1.2396424437940574,true,false,false,false
gaussian_moderate_d20,20,4096,18,271845,0.0006991733810492728,3.236103683777747e-5,0.046284709508265576,0.518423,0.464220625,0.8954475881664201,true,true,true,false
gaussian_moderate_d20,20,4096,19,271846,0.0017422328689507272,6.363734140416022e-5,0.03652631203226368,0.526461416,0.466056541,0.8852624842691227,true,true,true,false
gaussian_moderate_d20,20,4096,2,271829,0.0012539516189507272,8.216713829754807e-5,0.06552656183521922,0.518507708,0.466571709,0.899835627901601,true,true,true,false
gaussian_moderate_d20,20,4096,20,271847,0.0012539516189507272,0.0001612901507157538,0.12862549741011303,0.519435625,0.467216542,0.899469577197367,true,true,true,false
gaussian_moderate_d20,20,4096,21,271848,0.0010098109939507272,0.00013696540170655969,0.1356346905777922,0.703325333,0.469433458,0.6674485276929447,true,true,true,false
gaussian_moderate_d20,20,4096,22,271849,0.002230514118950727,9.141119390533581e-5,0.04098211848501422,0.519875583,0.465503208,0.8954127164691248,true,true,true,false
gaussian_moderate_d20,20,4096,23,271850,0.003140579631049273,9.672073284144878e-6,0.0030797096142769743,0.518924167,0.467019375,0.8999761520068115,true,true,true,false
gaussian_moderate_d20,20,4096,24,271851,0.0006991733810492728,0.00015069131148127968,0.21552781551141462,0.701864625,0.467052625,0.6654454553825105,true,true,true,false
gaussian_moderate_d20,20,4096,25,271852,3.3248493950727154e-5,4.5248664292618646e-5,1.3609237266408287,0.520465958,0.466081291,0.8955077346288228,false,true,false,false
gaussian_moderate_d20,20,4096,26,271853,0.0010098109939507272,4.117571315025159e-5,0.040775663363653895,0.520284458,0.466886875,0.8973684833768376,true,true,true,false
gaussian_moderate_d20,20,4096,27,271854,3.3248493950727154e-5,2.19756786311448e-5,0.660952603258115,0.520213041,0.647846167,1.2453478016519006,true,false,false,false
gaussian_moderate_d20,20,4096,28,271855,0.0010098109939507272,4.8741860763035216e-5,0.04826830075630325,0.517852125,0.465459167,0.898826411111087,true,true,true,false
gaussian_moderate_d20,20,4096,29,271856,0.002474654743950727,7.209983999031944e-5,0.02913531278113316,0.518967625,0.466591292,0.89907591441759,true,true,true,false
gaussian_moderate_d20,20,4096,3,271830,0.0005215297439507272,2.8063962014879262e-5,0.05381085612162262,0.519234708,0.465334834,0.8961936227113692,true,true,true,false
gaussian_moderate_d20,20,4096,30,271857,0.0007656703689507272,7.66215584079577e-5,0.10007120755235664,0.521364542,0.46643,0.8946331451899926,true,true,true,false
gaussian_moderate_d20,20,4096,4,271831,0.00021089213104927285,7.204896594713295e-5,0.34163894873014217,0.700448792,0.466376125,0.6658247259851081,true,true,true,false
gaussian_moderate_d20,20,4096,5,271832,0.002230514118950727,0.00010232376407079413,0.0458745197806365,0.524356834,0.464701041,0.8862305416238744,true,true,true,false
gaussian_moderate_d20,20,4096,6,271833,0.0016757358810492728,0.0001001385643357583,0.05975796392988607,0.51777675,0.46586525,0.8997415391865317,true,true,true,false
gaussian_moderate_d20,20,4096,7,271834,0.0012539516189507272,0.00020172120806571936,0.16086841391417814,0.520610334,0.6477675,1.2442463349181234,true,false,false,false
gaussian_moderate_d20,20,4096,8,271835,0.0005215297439507272,5.988992945478444e-5,0.11483511755456596,0.5186895,0.470657334,0.9073970728152391,true,true,true,false
gaussian_moderate_d20,20,4096,9,271836,0.002962935993950727,0.00011592461292066203,0.039124912977310106,0.518761083,0.466630833,0.8995100987558082,true,true,true,false
gaussian_moderate_d20,20,65536,1,271828,0.0005008091232367728,1.4897586892173575e-5,0.029747035748648464,9.653113041,8.410070375,0.8712288294231735,true,true,true,false
gaussian_moderate_d20,20,65536,10,271837,0.00033842427520072715,1.9796648536338224e-5,0.058496538183014146,9.780959292,8.385050959,0.8572830852959653,true,true,true,false
gaussian_moderate_d20,20,65536,11,271838,0.0008517612716742728,7.928030031911781e-7,0.0009307807592998414,9.748953291,8.490487334,0.8709127103766325,true,true,true,false
gaussian_moderate_d20,20,65536,12,271839,0.00040925638886177285,5.664496316629131e-6,0.013840947803852918,9.794789208,8.284384042,0.8457950310184971,true,true,true,false
gaussian_moderate_d20,20,65536,13,271840,0.0007046352127007272,2.2818678945976667e-5,0.03238367673752379,9.707695,8.423414584,0.8677049066745505,true,true,true,false
gaussian_moderate_d20,20,65536,14,271841,0.00041471822051322715,5.845178931568329e-7,0.0014094338378320421,9.8155425,8.356645167,0.8513686499752816,true,true,true,false
gaussian_moderate_d20,20,65536,15,271842,0.00016511576386177285,2.9720793542312163e-5,0.17999973380611323,9.891282375,8.589639083,0.8684050012271538,true,true,true,false
gaussian_moderate_d20,20,65536,16,271843,0.00028718607636177285,2.4850878483750893e-5,0.08653232356726741,9.923067125,8.502123,0.856803939034122,true,true,true,false
gaussian_moderate_d20,20,65536,17,271844,0.00013459818573677285,2.0260214261533238e-5,0.15052368017170126,9.893089,8.430939125,0.8522049205258337,true,true,true,false
gaussian_moderate_d20,20,65536,18,271845,0.00037873881073677285,1.9998951943100973e-7,0.0005280407335122684,9.621421,8.560496,0.8897330238433596,true,true,true,false
gaussian_moderate_d20,20,65536,19,271846,0.00026213032988822715,1.9724619595082316e-5,0.07524737638522383,9.878256,8.493010167,0.8597681784112499,true,true,true,false
gaussian_moderate_d20,20,65536,2,271829,0.00014006001738822715,1.200721753724654e-5,0.08572908786641215,9.858969459,8.502209,0.8623831360222495,true,true,true,false
gaussian_moderate_d20,20,65536,20,271847,0.0007198940017632272,1.1866322168097021e-5,0.016483429698029142,9.704762084,8.652645041,0.8915875490925635,true,true,true,false
gaussian_moderate_d20,20,65536,21,271848,0.0009433140060492728,4.694483782499703e-6,0.004976586536821221,9.97771275,8.418295,0.8437098973409513,true,true,true,false
gaussian_moderate_d20,20,65536,22,271849,0.00048555033417427285,5.969627525373444e-6,0.012294559606318459,9.8303455,8.338785375,0.8482698166610726,true,true,true,false
gaussian_moderate_d20,20,65536,23,271850,0.0005618442794867728,3.1166755759787224e-5,0.055472231181666706,9.902880125,8.44530925,0.8528134384540982,true,true,true,false
gaussian_moderate_d20,20,65536,24,271851,0.0005215297439507272,7.801918529781737e-6,0.014959680862456894,9.770952166,8.378183375,0.8574582325920681,true,true,true,false
gaussian_moderate_d20,20,65536,25,271852,0.00016511576386177285,2.9333877268583608e-5,0.17765643075206647,9.8247425,8.468689875,0.8619757591611181,true,true,true,false
gaussian_moderate_d20,20,65536,26,271853,0.0006130824783257272,6.548331962494269e-6,0.010680996756549252,10.037622,8.289220625,0.8258151806274434,true,true,true,false
gaussian_moderate_d20,20,65536,27,271854,0.0012997279861382272,1.2752236250163085e-6,0.0009811465465210715,9.708939292,8.208504875,0.8454584613340478,true,true,true,false
gaussian_moderate_d20,20,65536,28,271855,0.00010408060761177285,2.025314851214488e-5,0.1945909903571123,9.997531541,8.501338417,0.8503437455671838,true,true,true,false
gaussian_moderate_d20,20,65536,29,271856,0.0006076206466742728,3.1541528597647805e-5,0.05190990261816477,9.572933709,8.4228195,0.8798577067426341,true,true,true,false
gaussian_moderate_d20,20,65536,3,271830,0.0005160679122992728,8.621452988050171e-6,0.01670604349268378,9.815454041,8.435814833,0.8594421407061632,true,true,true,false
gaussian_moderate_d20,20,65536,30,271857,0.00025666849823677285,1.0984119589482755e-5,0.04279496574351742,9.958645084,8.509352959,0.8544689450446931,true,true,true,false
gaussian_moderate_d20,20,65536,4,271831,0.0007907261154242728,8.052977536851524e-6,0.01018428173771725,10.055942958,8.293653083,0.8247514049790815,true,true,true,false
gaussian_moderate_d20,20,65536,5,271832,0.0008822788497992728,1.688193306188801e-5,0.019134464195451152,9.907885792,8.438369625,0.851682165312549,true,true,true,false
gaussian_moderate_d20,20,65536,6,271833,0.0006076206466742728,2.861910271620416e-5,0.04710028020418141,9.801522208,8.439542125,0.8610440241732704,true,true,true,false
gaussian_moderate_d20,20,65536,7,271834,0.00015531880645072715,1.6577172194873202e-5,0.10672997413312013,9.907140584,8.439673333,0.8518778209961051,true,true,true,false
gaussian_moderate_d20,20,65536,8,271835,0.00047575337676322715,8.120043633180751e-7,0.0017067758275149212,9.769529417,8.399397958,0.8597546104302805,true,true,true,false
gaussian_moderate_d20,20,65536,9,271836,0.0005465854904242728,4.082374903763286e-5,0.07468868045864972,9.933541834,8.303462667,0.8359015148634447,true,true,true,false
gaussian_moderate_d4,4,1024,1,271828,0.006111146620197572,4.5961398413590926e-5,0.007520912403195623,0.004620542,0.003631541,0.7859556303135,true,true,true,true
gaussian_moderate_d4,4,1024,10,271837,0.005134584120197572,1.1767242080878981e-5,0.002291761475791382,0.004875041,0.00371575,0.7621987179184749,true,true,true,true
gaussian_moderate_d4,4,1024,11,271838,0.0022048966201975717,1.9391871497659308e-5,0.008794911888395785,0.004888584,0.00377675,0.7725652254313315,true,true,true,true
gaussian_moderate_d4,4,1024,12,271839,0.006111146620197572,1.3113289045574295e-5,0.0021457984664014404,0.004839125,0.0036845,0.7613979800067161,true,true,true,true
gaussian_moderate_d4,4,1024,13,271840,0.0002517716201975717,4.286114776347327e-6,0.017023820131053302,0.004891958,0.003758208,0.7682420822092094,true,true,true,true
gaussian_moderate_d4,4,1024,14,271841,0.0012283341201975717,4.175553351193351e-6,0.0033993628301408193,0.004860333,0.003737584,0.7689975151908316,true,true,true,true
gaussian_moderate_d4,4,1024,15,271842,0.0026779158798024283,1.6489057682589348e-5,0.006157421824544347,0.005615209,0.003563417,0.6346009560819552,true,true,true,true
gaussian_moderate_d4,4,1024,16,271843,0.004158021620197572,1.2472002262703397e-5,0.0029995039472908705,0.004560666,0.003542625,0.7767779968978216,true,true,true,true
gaussian_moderate_d4,4,1024,17,271844,0.0002517716201975717,9.495319406943592e-6,0.03771401796394831,0.004470917,0.003582167,0.8012152764186855,true,true,true,true
gaussian_moderate_d4,4,1024,18,271845,0.004158021620197572,5.743117790973917e-6,0.0013812140281033527,0.004514292,0.003563542,0.7893911160376865,true,true,true,true
gaussian_moderate_d4,4,1024,19,271846,0.0012283341201975717,8.1059297793451e-6,0.006599124493945751,0.004482792,0.003561833,0.7945568297614521,true,true,true,true
gaussian_moderate_d4,4,1024,2,271829,0.005607603379802428,1.7379223168745295e-5,0.0030992247474816263,0.004692458,0.003549708,0.7564709156693571,true,true,true,true
gaussian_moderate_d4,4,1024,20,271847,0.005607603379802428,8.011870250151931e-6,0.0014287512342633284,0.004479291,0.0035575,0.7942105123333135,true,true,true,true
gaussian_moderate_d4,4,1024,21,271848,0.0017013533798024283,1.0696809274096664e-5,0.006287235445077755,0.004469834,0.003582709,0.80153066087018,true,true,true,true
gaussian_moderate_d4,4,1024,22,271849,0.005134584120197572,1.6342098818566964e-5,0.0031827502356584513,0.004510541,0.003529958,0.7826019096157202,true,true,true,true
gaussian_moderate_d4,4,1024,23,271850,0.0031814591201975717,1.0328147439231383e-6,0.0003246355539715373,0.004515083,0.003569792,0.7906370713450894,true,true,true,true
gaussian_moderate_d4,4,1024,24,271851,0.006111146620197572,3.5108710100262286e-6,0.0005745028270836551,0.00454175,0.00360125,0.7929212308031045,true,true,true,true
gaussian_moderate_d4,4,1024,25,271852,0.0012283341201975717,1.659038719098449e-6,0.0013506412398864248,0.005459375,0.003580375,0.6558214081282198,true,true,true,true
gaussian_moderate_d4,4,1024,26,271853,0.004158021620197572,1.5691231889936041e-6,0.000377372542117529,0.004484084,0.003523709,0.7858258230666508,true,true,true,true
gaussian_moderate_d4,4,1024,27,271854,0.0036544783798024283,5.878648462104286e-6,0.0016086149242514065,0.004473334,0.00355575,0.7948769307187883,true,true,true,true
gaussian_moderate_d4,4,1024,28,271855,0.0022048966201975717,2.496464265963616e-5,0.011322364246446703,0.004562792,0.003569542,0.7823153016837059,true,true,true,true
gaussian_moderate_d4,4,1024,29,271856,0.0026779158798024283,1.6851692568209398e-5,0.00629283865684858,0.005036834,0.003590625,0.7128734042058961,true,true,true,true
gaussian_moderate_d4,4,1024,3,271830,0.0017013533798024283,2.40279245016517e-5,0.01412282996989254,0.004620334,0.003676792,0.7957848934730692,true,true,true,true
gaussian_moderate_d4,4,1024,30,271857,0.0002517716201975717,2.7754422945724944e-6,0.011023650292255072,0.004461083,0.003555542,0.7970131916397879,true,true,true,true
gaussian_moderate_d4,4,1024,4,271831,0.0017013533798024283,4.289367815102363e-7,0.00025211504358961984,0.004652917,0.003584458,0.7703679218864209,true,true,true,true
gaussian_moderate_d4,4,1024,5,271832,0.006584165879802428,1.1824244373542792e-5,0.0017958606434590014,0.004706625,0.003599042,0.764675749608265,true,true,true,true
gaussian_moderate_d4,4,1024,6,271833,0.005134584120197572,2.5727667232411378e-5,0.005010662330218365,0.004664084,0.0037385,0.8015507439402892,true,true,true,true
gaussian_moderate_d4,4,1024,7,271834,0.0026779158798024283,1.4419847804703068e-7,5.384727695691075e-5,0.004676291,0.003751292,0.8021938754453048,true,true,true,true
gaussian_moderate_d4,4,1024,8,271835,0.0026779158798024283,1.2375498169070465e-5,0.00462131699595564,0.004914875,0.003747208,0.7624218316844275,true,true,true,true
gaussian_moderate_d4,4,1024,9,271836,0.007087709120197572,1.4617810340789017e-5,0.0020624167968650415,0.004873417,0.003700333,0.7592892215051575,true,true,true,true
gaussian_moderate_d4,4,16384,1,271828,0.0012283341201975717,1.5722959745279041e-7,0.00012800230398834868,0.081812959,0.062252625,0.7609139891884364,true,true,true,true
gaussian_moderate_d4,4,16384,10,271837,0.0001907364639475717,3.342557202690166e-7,0.0017524479239632673,0.080710292,0.061947792,0.7675327453901418,true,true,true,true
gaussian_moderate_d4,4,16384,11,271838,0.0001754744735524283,2.2116691814066947e-7,0.0012603936838402265,0.080729916,0.061233667,0.7585003185188499,true,true,true,true
gaussian_moderate_d4,4,16384,12,271839,0.0001754744735524283,1.0365942626489044e-7,0.0005907379242481047,0.09912025,0.061601292,0.6214803937641401,true,true,true,true
gaussian_moderate_d4,4,16384,13,271840,0.0006179825576975717,6.127422215729261e-7,0.0009915202523770742,0.232598958,0.061813916,0.2657531939588483,true,true,true,true
gaussian_moderate_d4,4,16384,14,271841,0.0007247908798024283,2.536419959620062e-7,0.0003499519696372929,0.078242958,0.060316959,0.7708931326446017,true,true,true,true
gaussian_moderate_d4,4,16384,15,271842,0.0005569474014475717,2.2373909480677412e-7,0.0004017239226276125,0.08285675,0.06007925,0.7250978345155946,true,true,true,true
gaussian_moderate_d4,4,16384,16,271843,0.0009078963485524283,4.0342927487557745e-7,0.00044435609364308463,0.101006125,0.061048416,0.6044031092173866,true,true,true,true
gaussian_moderate_d4,4,16384,17,271844,0.0003738419326975717,1.6192731527864268e-7,0.00043314379986805177,0.229082209,0.060570167,0.26440362725854455,true,true,true,true
gaussian_moderate_d4,4,16384,18,271845,0.0003585799423024283,5.567154609253944e-7,0.0015525560558427931,0.078628375,0.060953417,0.775208911541158,true,true,true,true
gaussian_moderate_d4,4,16384,19,271846,5.340416105242829e-5,5.555041273641592e-7,0.010401888474922506,0.079696958,0.06056875,0.7599882294127212,true,true,true,true
gaussian_moderate_d4,4,16384,2,271829,0.0002365096298024283,6.227374577116862e-7,0.002633032144322829,0.080633292,0.061272292,0.7598882605462767,true,true,true,true
gaussian_moderate_d4,4,16384,20,271847,6.866615144757171e-5,6.497974827379682e-7,0.009463141140713333,0.107841917,0.061395917,0.5693140358400713,true,true,true,true
gaussian_moderate_d4,4,16384,21,271848,0.0006637557235524283,3.969891083643873e-7,0.0005980951941773052,0.229351292,0.060125292,0.2621537096028218,true,true,true,true
gaussian_moderate_d4,4,16384,22,271849,0.0001754744735524283,1.229569668581565e-7,0.0007007114161332382,0.078443458,0.060196334,0.7673850125271122,true,true,true,true
gaussian_moderate_d4,4,16384,23,271850,0.0002975447860524283,3.368314485663326e-8,0.00011320361315522494,0.078357542,0.060676208,0.7743505787866598,true,true,true,true
gaussian_moderate_d4,4,16384,24,271851,0.00011443931730242829,4.0327783049076693e-7,0.0035239447420419884,0.079668167,0.059974667,0.7528059105464294,true,true,true,true
gaussian_moderate_d4,4,16384,25,271852,0.0012130721298024283,3.32155968285619e-7,0.00027381386491808765,0.07954175,0.059577125,0.7490044536359837,true,true,true,true
gaussian_moderate_d4,4,16384,26,271853,0.0004959122451975717,1.7192169796120815e-7,0.0003466776624818257,0.24660275,0.059874375,0.24279686662050606,true,true,true,true
gaussian_moderate_d4,4,16384,27,271854,0.0012283341201975717,1.7810877830926053e-7,0.00014500026937346052,0.07741625,0.061768459,0.7978745935123439,true,true,true,true
gaussian_moderate_d4,4,16384,28,271855,0.0005569474014475717,1.0256322355295389e-7,0.00018415244112169303,0.07753175,0.060208416,0.7765646460965991,true,true,true,true
gaussian_moderate_d4,4,16384,29,271856,0.0005569474014475717,8.997125997001199e-8,0.00016154354924031625,0.082973708,0.060590291,0.7302348233008943,true,true,true,true
gaussian_moderate_d4,4,16384,3,271830,7.63099519757171e-6,1.2432030702114183e-7,0.016291493285266682,0.078402167,0.061524333,0.7847274553010761,true,true,true,true
gaussian_moderate_d4,4,16384,30,271857,0.0009841934951975717,9.717312837720371e-8,9.873376409350959e-5,0.078327667,0.060067208,0.7668708937800993,true,true,true,true
gaussian_moderate_d4,4,16384,4,271831,0.0011062638076975717,3.4440087404163933e-7,0.00031131893825436525,0.108222708,0.061257542,0.5660322415883365,true,true,true,true
gaussian_moderate_d4,4,16384,5,271832,5.340416105242829e-5,3.7319986412320816e-7,0.00698821696228554,0.228763458,0.060939417,0.2663861507111857,true,true,true,true
gaussian_moderate_d4,4,16384,6,271833,0.0004806502548024283,1.0612467066239972e-7,0.00022079395486021818,0.077913917,0.061135708,0.7846570979097354,true,true,true,true
gaussian_moderate_d4,4,16384,7,271834,0.0004348770889475717,8.645798718065478e-7,0.0019881016815553156,0.079287875,0.061568041,0.77651268873078,true,true,true,true
gaussian_moderate_d4,4,16384,8,271835,0.0009231583389475717,1.3456756436658335e-6,0.001457686711902472,0.087495833,0.061945834,0.707986104892561,true,true,true,true
gaussian_moderate_d4,4,16384,9,271836,0.0004348770889475717,2.5541931222838876e-7,0.0005873367871517873,0.208104875,0.063365666,0.3044890995465628,true,true,true,true
gaussian_moderate_d4,4,256,1,271828,0.011466978379802428,1.3786224401263203e-5,0.0012022543293136246,0.001240708,0.000997625,0.8040771881861002,true,true,true,true
gaussian_moderate_d4,4,256,10,271837,0.008064271620197572,5.369073066913144e-5,0.006657852463036957,0.0012875,0.000953375,0.7404854368932039,true,true,true,true
gaussian_moderate_d4,4,256,11,271838,0.008064271620197572,0.00011594618289201275,0.014377762599366923,0.001253583,0.00098325,0.7843517341891203,true,true,true,true
gaussian_moderate_d4,4,256,12,271839,0.0002517716201975717,9.045741827445886e-6,0.035928361665017915,0.0012385,0.000946,0.7638272103350827,true,true,true,true
gaussian_moderate_d4,4,256,13,271840,0.011970521620197572,2.9138257655159094e-5,0.0024341677480448987,0.001258916,0.00096125,0.7635537239974709,true,true,true,true
gaussian_moderate_d4,4,256,14,271841,0.02318572837980243,0.00012227705051909288,0.005273806736458233,0.001261834,0.000947459,0.7508586707918791,true,true,true,true
gaussian_moderate_d4,4,256,15,271842,0.011970521620197572,1.3028925820196546e-5,0.0010884175505111787,0.001263583,0.000953875,0.7548969873763733,true,true,true,true
gaussian_moderate_d4,4,256,16,271843,0.0036544783798024283,2.7344777053961433e-5,0.007482539014347588,0.001280375,0.000954167,0.745224641218393,true,true,true,true
gaussian_moderate_d4,4,256,17,271844,0.008064271620197572,0.00013335789387752817,0.016536880224064295,0.001230791,0.000942208,0.7655304596799944,true,true,true,true
gaussian_moderate_d4,4,256,18,271845,0.007560728379802428,5.719367562512234e-5,0.0075645721882971395,0.001262084,0.000986708,0.7818085008604816,true,true,true,true
gaussian_moderate_d4,4,256,19,271846,0.007560728379802428,3.5503929036256876e-5,0.004695834482177846,0.001265875,0.00093825,0.7411869260393008,true,true,true,true
gaussian_moderate_d4,4,256,2,271829,0.0036544783798024283,0.00012610579253236054,0.03450719348329492,0.001280208,0.000997208,0.7789421718970668,true,true,true,true
gaussian_moderate_d4,4,256,20,271847,0.01927947837980243,8.665374247332491e-5,0.004494610319131099,0.001259959,0.000948458,0.7527689393067553,true,true,true,true
gaussian_moderate_d4,4,256,21,271848,0.004158021620197572,8.439945100074953e-5,0.020297982721104568,0.0012485,0.000965708,0.7734945935122146,true,true,true,true
gaussian_moderate_d4,4,256,22,271849,0.004158021620197572,0.00010247890222625511,0.024646072480350823,0.001257833,0.000944125,0.7505964623284649,true,true,true,true
gaussian_moderate_d4,4,256,23,271850,0.008064271620197572,7.136798291043633e-5,0.008849898201802861,0.001283917,0.000943834,0.7351207282090664,true,true,true,true
gaussian_moderate_d4,4,256,24,271851,0.008064271620197572,0.00010795016644929434,0.01338622649799209,0.001264417,0.0009665,0.7643839018298552,true,true,true,true
gaussian_moderate_d4,4,256,25,271852,0.007560728379802428,2.5144489843198503e-5,0.0033256703031904924,0.001279833,0.000945542,0.7388010779531392,true,true,true,true
gaussian_moderate_d4,4,256,26,271853,0.004158021620197572,0.00020359460332994295,0.0489642964675756,0.001267292,0.000967083,0.763109843666653,true,true,true,true
gaussian_moderate_d4,4,256,27,271854,0.01927947837980243,9.673280129962603e-5,0.005017397223825582,0.001239,0.001003375,0.8098264729620661,true,true,true,true
gaussian_moderate_d4,4,256,28,271855,0.007560728379802428,5.3021566891325866e-5,0.007012759118945017,0.001399292,0.00104775,0.7487715215980654,true,true,true,true
gaussian_moderate_d4,4,256,29,271856,0.004158021620197572,6.508095490273536e-5,0.01565190392147191,0.001286125,0.000960291,0.7466544853727283,true,true,true,true
gaussian_moderate_d4,4,256,3,271830,0.008064271620197572,0.00011888556464315081,0.01474225698764821,0.001272041,0.00096025,0.7548891898924641,true,true,true,true
gaussian_moderate_d4,4,256,30,271857,0.0002517716201975717,0.0001236933573507959,0.4912918987999144,0.001280542,0.000975791,0.7620140534242532,true,true,true,true
gaussian_moderate_d4,4,256,4,271831,0.011970521620197572,2.3470162451577625e-6,0.00019606633024225935,0.001281791,0.000950667,0.7416708340127213,true,true,true,true
gaussian_moderate_d4,4,256,5,271832,0.011970521620197572,0.0001397009982090358,0.011670418603423403,0.00125375,0.000960667,0.7662348953140578,true,true,true,true
gaussian_moderate_d4,4,256,6,271833,0.007560728379802428,8.069827668932827e-6,0.0010673346883470112,0.001320458,0.000968583,0.7335204906176492,true,true,true,true
gaussian_moderate_d4,4,256,7,271834,0.01587677162019757,3.256200081014349e-5,0.0020509207784232325,0.001266375,0.000947375,0.748099891422367,true,true,true,true
gaussian_moderate_d4,4,256,8,271835,0.011970521620197572,1.6704174316650722e-5,0.0013954424749934183,0.0012555,0.000984166,0.7838837116686579,true,true,true,true
gaussian_moderate_d4,4,256,9,271836,0.0036544783798024283,4.507594427161088e-6,0.001233443999032437,0.001286667,0.00094525,0.7346500687435055,true,true,true,true
gaussian_moderate_d4,4,4096,1,271828,0.0019607559951975717,5.611366511171223e-7,0.0002861838252651016,0.0185825,0.014688833,0.7904659222386655,true,true,true,true
gaussian_moderate_d4,4,4096,10,271837,0.0014724747451975717,2.9697309265330762e-6,0.00201682978687326,0.019274417,0.014679833,0.7616226732045903,true,true,true,true
gaussian_moderate_d4,4,4096,11,271838,0.0002517716201975717,2.0424347851599745e-6,0.008112251823923692,0.019002291,0.014585833,0.7675828667185446,true,true,true,true
gaussian_moderate_d4,4,4096,12,271839,0.0014572127548024283,1.8975355344785783e-6,0.0013021678050957287,0.018964625,0.015036875,0.7928907109948128,true,true,true,true
gaussian_moderate_d4,4,4096,13,271840,0.0009841934951975717,6.753531001935098e-7,0.0006861995161408135,0.019138125,0.014386917,0.7517411972175958,true,true,true,true
gaussian_moderate_d4,4,4096,14,271841,0.0031814591201975717,1.5940448657714157e-6,0.0005010420708069397,0.019386709,0.014860375,0.7665238592068412,true,true,true,true
gaussian_moderate_d4,4,4096,15,271842,0.0029220565048024283,3.1902752840318183e-6,0.0010917910994495041,0.01901875,0.014397083,0.7569941767992112,true,true,true,true
gaussian_moderate_d4,4,4096,16,271843,0.0002517716201975717,8.334893898120921e-7,0.0033104977803218305,0.019198125,0.014811292,0.7714967998176906,true,true,true,true
gaussian_moderate_d4,4,4096,17,271844,0.0017013533798024283,2.2913508321842357e-6,0.0013467812503774623,0.018916209,0.014364084,0.7593532086688194,true,true,true,true
gaussian_moderate_d4,4,4096,18,271845,0.0026931778701975717,2.7041067668098773e-6,0.0010040579928764614,0.211917042,0.01483975,0.07002622280845162,true,true,true,true
gaussian_moderate_d4,4,4096,19,271846,0.0029373184951975717,4.4282383236948775e-6,0.0015075785383624266,0.020743083,0.015541167,0.7492216562022145,true,true,true,true
gaussian_moderate_d4,4,4096,2,271829,0.0012283341201975717,3.0931099095909964e-6,0.0025181339985031795,0.018504166,0.01456575,0.7871605777855647,true,true,true,true
gaussian_moderate_d4,4,4096,20,271847,0.0017166153701975717,8.44296179636217e-7,0.0004918377140821265,0.018836667,0.015332666,0.8139797767832281,true,true,true,true
gaussian_moderate_d4,4,4096,21,271848,0.0036544783798024283,5.914712151722235e-7,0.00016184832791491302,0.018992625,0.014763083,0.7773060859149276,true,true,true,true
gaussian_moderate_d4,4,4096,22,271849,0.0034103377548024283,1.8296358983427297e-8,5.364969776868116e-6,0.01963475,0.014560875,0.7415869822635888,true,true,true,true
gaussian_moderate_d4,4,4096,23,271850,0.0017166153701975717,1.3859804898208594e-7,8.073914016401599e-5,0.018793166,0.01465,0.7795386897556271,true,true,true,true
gaussian_moderate_d4,4,4096,24,271851,0.0002365096298024283,3.4312288227367205e-7,0.0014507776387807324,0.018837459,0.014619792,0.7761021271499515,true,true,true,true
gaussian_moderate_d4,4,4096,25,271852,0.0014572127548024283,4.30819378921532e-7,0.0002956461762372807,0.01874125,0.015356542,0.8193979590475555,true,true,true,true
gaussian_moderate_d4,4,4096,26,271853,0.0002517716201975717,2.598524078217812e-6,0.010320957049006091,0.018734417,0.014721125,0.7857797229558838,true,true,true,true
gaussian_moderate_d4,4,4096,27,271854,0.003913880995197572,1.4915407905990996e-7,3.810899698864776e-5,0.018553334,0.015407167,0.8304257876239386,true,true,true,true
gaussian_moderate_d4,4,4096,28,271855,0.0002517716201975717,6.716562458985997e-7,0.002667720235392431,0.01866275,0.014599083,0.7822578666059398,true,true,true,true
gaussian_moderate_d4,4,4096,29,271856,0.0017013533798024283,5.823307735186578e-7,0.0003422750267121353,0.019267791,0.014626584,0.7591209599481331,true,true,true,true
gaussian_moderate_d4,4,4096,3,271830,0.0002365096298024283,1.6861085795072395e-6,0.007129132885268792,0.018591667,0.014838959,0.7981510748874752,true,true,true,true
gaussian_moderate_d4,4,4096,30,271857,0.0007247908798024283,2.2209099065917393e-6,0.003064207854267068,0.019563459,0.014565334,0.7445173166974205,true,true,true,true
gaussian_moderate_d4,4,4096,4,271831,0.0002517716201975717,4.393821708942314e-6,0.01745161629215544,0.020624125,0.01518725,0.7363827556320571,true,true,true,true
gaussian_moderate_d4,4,4096,5,271832,0.0002517716201975717,1.8848699739337782e-6,0.007486427471272068,0.018567,0.015134291,0.8151177357677599,true,true,true,true
gaussian_moderate_d4,4,4096,6,271833,0.0002365096298024283,9.130693697512182e-7,0.003860601238579435,0.019461458,0.014935375,0.7674335088357717,true,true,true,true
gaussian_moderate_d4,4,4096,7,271834,0.0012283341201975717,2.5970213828052646e-6,0.002114263000678957,0.018624292,0.014802792,0.7948109920097902,true,true,true,true
gaussian_moderate_d4,4,4096,8,271835,0.0026931778701975717,8.247039420594682e-6,0.0030621963413020614,0.019271458,0.014584417,0.7567884588701073,true,true,true,true
gaussian_moderate_d4,4,4096,9,271836,0.0024337752548024283,1.5396972327663683e-7,6.326373931726738e-5,0.018522292,0.015218125,0.821611331902121,true,true,true,true
gaussian_moderate_d4,4,65536,1,271828,0.0001297013076975717,1.2926691606018892e-8,9.96650830704069e-5,0.414906625,0.310535833,0.7484475163538302,true,true,true,true
gaussian_moderate_d4,4,65536,10,271837,0.0001296981063649283,6.243699404717695e-8,0.00048140251077760193,0.560505125,0.452481125,0.8072738407164429,true,true,true,true
gaussian_moderate_d4,4,65536,11,271838,0.0003738387313649283,3.7603150010445674e-8,0.00010058655472415134,0.568235708,0.275021666,0.48399222739448117,true,true,true,true
gaussian_moderate_d4,4,65536,12,271839,0.00011443931730242829,4.2164500585473164e-8,0.0003684441814175212,0.556762541,0.279903291,0.5027336977399132,true,true,true,true
gaussian_moderate_d4,4,65536,13,271840,0.0004196150985524283,9.111744786460818e-8,0.00021714530334809585,0.570304333,0.272833417,0.4783996915555611,true,true,true,true
gaussian_moderate_d4,4,65536,14,271841,8.392494051007171e-5,4.9905719362586254e-8,0.0005946470627119139,0.537692167,0.307792625,0.5724327856909249,true,true,true,true
gaussian_moderate_d4,4,65536,15,271842,0.0001297013076975717,7.231511583993822e-8,0.0005575511698660546,0.556549208,0.274136083,0.4925639621070128,true,true,true,true
gaussian_moderate_d4,4,65536,16,271843,2.288658292742829e-5,7.191848708232307e-8,0.0031423864064972665,0.611254125,0.29588075,0.484055220077247,true,true,true,true
gaussian_moderate_d4,4,65536,17,271844,6.866615144757171e-5,1.491325926639142e-8,0.00021718501695523244,0.540378583,0.275201708,0.5092757497385865,true,true,true,true
gaussian_moderate_d4,4,65536,18,271845,7.6277938649282895e-6,6.529168386504303e-8,0.008559707435887407,0.607570083,0.296174834,0.487474354460603,true,true,true,true
gaussian_moderate_d4,4,65536,19,271846,0.0007400528701975717,5.042146924982838e-8,6.813225281643374e-5,0.5034925,0.264921625,0.5261679667522356,true,true,true,true
gaussian_moderate_d4,4,65536,2,271829,0.0002059920516774283,2.2252800185862398e-8,0.00010802747001476059,0.397151958,0.434187709,1.0932533511518026,true,false,false,true
gaussian_moderate_d4,4,65536,20,271847,3.814537198992829e-5,4.353494903464039e-8,0.0011412904571001467,0.530254958,0.305602542,0.5763313239967857,true,true,true,true
gaussian_moderate_d4,4,65536,21,271848,0.0004043595108225717,1.0708234918221926e-7,0.00026481966249386864,0.552420708,0.274651792,0.49717866839995434,true,true,true,true
gaussian_moderate_d4,4,65536,22,271849,0.0002365096298024283,1.5507917877632948e-7,0.0006556992157396597,0.565358375,0.267711208,0.4735247938973222,true,true,true,true
gaussian_moderate_d4,4,65536,23,271850,0.0001296981063649283,3.52614340226598e-8,0.0002718731599939138,0.553645833,0.27376675,0.4944799250390095,true,true,true,true
gaussian_moderate_d4,4,65536,24,271851,0.0001296981063649283,1.0013345830284237e-7,0.0007720502720456024,0.556629209,0.269177167,0.48358433701958314,true,true,true,true
gaussian_moderate_d4,4,65536,25,271852,0.0001602156844899283,1.0759645488467307e-7,0.0006715725443936604,0.411551125,0.426369958,1.0360072712715824,true,false,false,true
gaussian_moderate_d4,4,65536,26,271853,3.814857332257171e-5,5.376923906119657e-8,0.00140946919840335,0.559272208,0.2773045,0.4958310032813217,true,true,true,true
gaussian_moderate_d4,4,65536,27,271854,3.814537198992829e-5,2.7489622717036255e-8,0.0007206542047694404,0.402773708,0.429229417,1.0656838032734748,true,false,false,true
gaussian_moderate_d4,4,65536,28,271855,0.0001449600967600717,1.006160257333022e-7,0.0006940946369526445,0.555533625,0.278310333,0.5009783755213737,true,true,true,true
gaussian_moderate_d4,4,65536,29,271856,0.00011443931730242829,1.3475151053321532e-7,0.0011774931353103768,0.395099041,0.426679208,1.079929748551326,true,false,false,true
gaussian_moderate_d4,4,65536,3,271830,0.0004348738876149283,2.074439404420314e-7,0.0004770209165230879,0.562368875,0.266115459,0.4732044585504488,true,true,true,true
gaussian_moderate_d4,4,65536,30,271857,0.0002059952530100717,1.1853590967114691e-7,0.0005754302972474387,0.546826167,0.27197475,0.49736966958276524,true,true,true,true
gaussian_moderate_d4,4,65536,4,271831,0.0002822859969899283,2.3885022598646444e-8,8.461284956865445e-5,0.381042584,0.373933875,0.9813440562853206,true,true,true,true
gaussian_moderate_d4,4,65536,5,271832,0.00011444251863507171,3.055398822837674e-9,2.669810887840182e-5,0.536651583,0.417603042,0.7781641855326455,true,true,true,true
gaussian_moderate_d4,4,65536,6,271833,3.814857332257171e-5,5.927524421300845e-8,0.0015537997636712807,0.379293417,0.277404,0.7313704577161169,true,true,true,true
gaussian_moderate_d4,4,65536,7,271834,0.0001907332626149283,2.828493541606747e-7,0.0014829576670730986,0.569710417,0.308980125,0.5423459283525791,true,true,true,true
gaussian_moderate_d4,4,65536,8,271835,9.918372957257171e-5,1.1197990865130514e-7,0.0011290149012734049,0.567635375,0.427240916,0.7526678829697673,true,true,true,true
gaussian_moderate_d4,4,65536,9,271836,0.0001449568954274283,8.996166142583029e-8,0.0006206097416791669,0.3793195,0.271091833,0.7146794008744608,true,true,true,true
gaussian_moderate_d5,5,1024,1,271828,0.008129491619850937,4.8821039336344185e-5,0.006005423416284839,0.006298,0.005989125,0.9509566529056843,true,true,true,true
gaussian_moderate_d5,5,1024,10,271837,0.001293554119850937,1.5143504980441591e-5,0.011706897104689098,0.0067935,0.006218292,0.9153296533451093,true,true,true,true
gaussian_moderate_d5,5,1024,11,271838,0.007152929119850937,1.046675878682568e-5,0.0014632828889326113,0.007322708,0.005860667,0.8003414856908128,true,true,true,true
gaussian_moderate_d5,5,1024,12,271839,0.007152929119850937,2.144767486139676e-5,0.0029984464408957705,0.006104625,0.005995833,0.9821787579089625,true,true,true,true
gaussian_moderate_d5,5,1024,13,271840,0.001636133380149063,1.4289514734727726e-5,0.008733710165748133,0.006107708,0.005840834,0.956305376746891,true,true,true,true
gaussian_moderate_d5,5,1024,14,271841,0.002270116619850937,3.1032880114051364e-5,0.013670170000380457,0.006098042,0.005831167,0.9562359524581825,true,true,true,true
gaussian_moderate_d5,5,1024,15,271842,0.001293554119850937,1.2767812465980244e-5,0.009870334970949298,0.006119292,0.005850209,0.9560271024817905,true,true,true,true
gaussian_moderate_d5,5,1024,16,271843,0.003246679119850937,3.809898022261171e-6,0.001173475382573715,0.006066417,0.005902792,0.9730277361414488,true,true,true,true
gaussian_moderate_d5,5,1024,17,271844,0.002612695880149063,1.3930086332852865e-5,0.005331690702577334,0.006169,0.005874084,0.9521938725887502,true,true,true,true
gaussian_moderate_d5,5,1024,18,271845,0.006176366619850937,1.3575842506691194e-5,0.002198030548098979,0.006174166,0.00590525,0.9564449676280165,true,true,true,true
gaussian_moderate_d5,5,1024,19,271846,0.001636133380149063,5.6369089934948935e-6,0.003445262508476743,0.006073583,0.00586375,0.9654515300111978,true,true,true,true
gaussian_moderate_d5,5,1024,2,271829,0.008472070880149063,9.540341739111557e-7,0.0001126093239076359,0.006198541,0.005945041,0.9591032793039523,true,true,true,true
gaussian_moderate_d5,5,1024,20,271847,0.008472070880149063,3.1840066169464e-6,0.0003758238879241268,0.00606325,0.005849958,0.9648221663299386,true,true,true,true
gaussian_moderate_d5,5,1024,21,271848,0.005542383380149063,6.04343338689306e-6,0.0010904033467873384,0.006082709,0.005885292,0.9675445595046549,true,true,true,true
gaussian_moderate_d5,5,1024,22,271849,0.003246679119850937,9.071858310560899e-6,0.0027941961541852064,0.006478042,0.005981334,0.9233243625157107,true,true,true,true
gaussian_moderate_d5,5,1024,23,271850,0.004565820880149063,2.311287809717011e-5,0.0050621517365384535,0.006490084,0.0060905,0.9384316135199483,true,true,true,true
gaussian_moderate_d5,5,1024,24,271851,0.005199804119850937,2.2190451571701963e-5,0.004267555288666931,0.006563625,0.006091291,0.9280376316440991,true,true,true,true
gaussian_moderate_d5,5,1024,25,271852,0.000659570880149063,1.0992107085827652e-5,0.016665543335302246,0.006481667,0.006117333,0.9437900774600114,true,true,true,true
gaussian_moderate_d5,5,1024,26,271853,0.001293554119850937,3.4165903990968083e-6,0.0026412427177693342,0.006670917,0.006109292,0.9158099253820726,true,true,true,true
gaussian_moderate_d5,5,1024,27,271854,0.00031699161985093705,4.642904917778745e-6,0.014646774952479931,0.006983584,0.006291,0.9008268533750005,true,true,true,true
gaussian_moderate_d5,5,1024,28,271855,0.006176366619850937,2.9951582636938978e-5,0.004849385485096389,0.00675375,0.006257417,0.9265100129557653,true,true,true,true
gaussian_moderate_d5,5,1024,29,271856,0.008472070880149063,1.6833987658559924e-5,0.001986997972125528,0.006866583,0.006383958,0.9297139494272479,true,true,true,true
gaussian_moderate_d5,5,1024,3,271830,0.001636133380149063,3.328599176485869e-5,0.020344302101963172,0.006283958,0.005906916,0.9399992807081142,true,true,true,true
gaussian_moderate_d5,5,1024,30,271857,0.002270116619850937,3.2788647982284758e-6,0.001444359628732984,0.006835333,0.006331792,0.926332630758443,true,true,true,true
gaussian_moderate_d5,5,1024,4,271831,0.002270116619850937,8.96892869853283e-6,0.003950866937894036,0.006243542,0.005936417,0.9508091721013489,true,true,true,true
gaussian_moderate_d5,5,1024,5,271832,0.003589258380149063,1.2844874643813675e-5,0.003578698796067232,0.006188125,0.006006709,0.9706832037167963,true,true,true,true
gaussian_moderate_d5,5,1024,6,271833,0.003246679119850937,2.3565920037660337e-5,0.007258469090330771,0.006223833,0.005956875,0.9571071396035209,true,true,true,true
gaussian_moderate_d5,5,1024,7,271834,0.006518945880149063,1.4540000970814093e-5,0.0022304221016913274,0.006687042,0.006287417,0.9402388978564813,true,true,true,true
gaussian_moderate_d5,5,1024,8,271835,0.004565820880149063,1.6958033652592075e-5,0.0037141259146457003,0.006739916,0.006216417,0.9223285572105052,true,true,true,true
gaussian_moderate_d5,5,1024,9,271836,0.003246679119850937,2.5890308578691013e-5,0.00797439710638226,0.006757667,0.006247875,0.9245609468474845,true,true,true,true
gaussian_moderate_d5,5,16384,1,271828,0.001171483807350937,5.620460845345843e-7,0.0004797728154736792,0.106317,0.099811417,0.9388095694950008,true,true,true,true
gaussian_moderate_d5,5,16384,10,271837,0.00025595646360093705,1.066638333740988e-6,0.004167264693123706,0.107492166,0.099961458,0.9299417968747602,true,true,true,true
gaussian_moderate_d5,5,16384,11,271838,0.00013388615110093705,2.851464322717323e-7,0.0021297679403507524,0.107367083,0.102726625,0.956779509414445,true,true,true,true
gaussian_moderate_d5,5,16384,12,271839,0.00023232478639906295,4.2891148671619916e-7,0.001846171875864594,0.103959041,0.100853958,0.9701316694523952,true,true,true,true
gaussian_moderate_d5,5,16384,13,271840,0.00043906193235093705,7.535920089063453e-7,0.0017163683603159839,0.247864292,0.099963792,0.4033004963861434,true,true,true,true
gaussian_moderate_d5,5,16384,14,271841,0.00035439509889906295,5.757834789510419e-8,0.00016246936843645053,0.112606375,0.100482833,0.8923369835855208,true,true,true,true
gaussian_moderate_d5,5,16384,15,271842,0.000805272869850937,7.575981223195694e-7,0.0009407967791834428,0.10439725,0.102980833,0.9864324299730117,true,true,true,true
gaussian_moderate_d5,5,16384,16,271843,0.00025595646360093705,1.1523722074080478e-6,0.0045022196009268075,0.28662,0.100114,0.349291745167818,true,true,true,true
gaussian_moderate_d5,5,16384,17,271844,0.00023232478639906295,7.057246079467117e-7,0.003037663862238498,0.107688708,0.100626916,0.9344240252190601,true,true,true,true
gaussian_moderate_d5,5,16384,18,271845,0.00023232478639906295,9.263417655447359e-7,0.00398727049275562,0.107681667,0.099645875,0.9253745579551624,true,true,true,true
gaussian_moderate_d5,5,16384,19,271846,0.00031699161985093705,1.047048678037843e-6,0.003303079994765192,0.106820875,0.12879875,1.2057451317450825,true,false,false,true
gaussian_moderate_d5,5,16384,2,271829,0.000598535723899063,2.2719622941314022e-7,0.00037958674869581314,0.11313175,0.101317542,0.8955712432628329,true,true,true,true
gaussian_moderate_d5,5,16384,20,271847,0.000781641192649063,1.9940824440289884e-6,0.002551148100666031,0.106925334,0.254978083,2.3846367690560597,true,false,false,true
gaussian_moderate_d5,5,16384,21,271848,4.9219317649062955e-5,2.021006029306882e-6,0.04106123623486191,0.106594041,0.099818958,0.9364403212746198,true,true,true,true
gaussian_moderate_d5,5,16384,22,271849,0.00031699161985093705,9.320876995788652e-7,0.0029404174785982434,0.106820459,0.101932291,0.954239402772085,true,true,true,true
gaussian_moderate_d5,5,16384,23,271850,0.00023232478639906295,3.096466945906595e-7,0.0013328181611185522,0.107993166,0.128019416,1.185439974970268,true,false,false,true
gaussian_moderate_d5,5,16384,24,271851,0.00047646541139906295,8.280818309114313e-7,0.0017379684046317319,0.106583,0.252470042,2.368764643517259,true,false,false,true
gaussian_moderate_d5,5,16384,25,271852,0.001514063067649063,3.365417426959283e-7,0.00022227722866160923,0.106679708,0.101539667,0.9518180064759832,true,true,true,true
gaussian_moderate_d5,5,16384,26,271853,0.000500097088600937,9.747101776536038e-7,0.0019490418958055446,0.10712075,0.099990583,0.9334380407157343,true,true,true,true
gaussian_moderate_d5,5,16384,27,271854,0.001110448651100937,1.289625404798933e-7,0.00011613552806069456,0.137011041,0.251375459,1.8347095034479741,true,false,false,true
gaussian_moderate_d5,5,16384,28,271855,0.00019492130735093705,2.733917878472436e-7,0.0014025751805318441,0.106561,0.099682167,0.9354469928022447,true,true,true,true
gaussian_moderate_d5,5,16384,29,271856,0.001476659588600937,2.417716483960053e-7,0.00016372876339432578,0.114255167,0.098405917,0.8612819847350973,true,true,true,true
gaussian_moderate_d5,5,16384,3,271830,0.000988378338600937,7.74283561072453e-7,0.000783387829167181,0.112793834,0.102707,0.9105728243974756,true,true,true,true
gaussian_moderate_d5,5,16384,30,271857,0.001476659588600937,1.2181811870348724e-7,8.249573540432834e-5,0.105829083,0.100056875,0.9454572614977681,true,true,true,true
gaussian_moderate_d5,5,16384,4,271831,0.001110448651100937,4.490576725746376e-7,0.0004043930100949975,0.285910459,0.100948292,0.3530765973132868,true,true,true,true
gaussian_moderate_d5,5,16384,5,271832,0.000500097088600937,7.269155861966414e-7,0.001453548926329981,0.107952125,0.099724625,0.9237856596153156,true,true,true,true
gaussian_moderate_d5,5,16384,6,271833,0.001025781817649063,1.4994145531577185e-6,0.0014617285346255702,0.109611833,0.099796375,0.9104525694776038,true,true,true,true
gaussian_moderate_d5,5,16384,7,271834,0.000744237713600937,9.441677851496078e-7,0.0012686373827809994,0.107145167,0.10260225,0.9576003554131378,true,true,true,true
gaussian_moderate_d5,5,16384,8,271835,0.000683202557350937,2.7448986691103183e-6,0.00401769378579823,0.136616125,0.100835916,0.7380967363845227,true,true,true,true
gaussian_moderate_d5,5,16384,9,271836,0.000683202557350937,8.680327075738514e-7,0.001270534921502019,0.257947,0.100520709,0.38969520482889897,true,true,true,true
gaussian_moderate_d5,5,256,1,271828,0.007495508380149063,6.807574220021873e-5,0.009082204801546083,0.00171375,0.001548667,0.9036714806710431,true,true,true,true
gaussian_moderate_d5,5,256,10,271837,0.012035741619850937,7.9861789904212e-6,0.0006635385872067358,0.001636542,0.001520958,0.929373031672881,true,true,true,true
gaussian_moderate_d5,5,256,11,271838,0.007495508380149063,0.00018717402150461582,0.024971491193355653,0.001635875,0.001522625,0.9307709941162987,true,true,true,true
gaussian_moderate_d5,5,256,12,271839,0.004223241619850937,6.837454111968677e-5,0.016190061396984458,0.001625708,0.001523666,0.9372322704938402,true,true,true,true
gaussian_moderate_d5,5,256,13,271840,0.019848241619850937,1.0068192636575324e-5,0.0005072586695289806,0.001637667,0.001525125,0.9312790695544333,true,true,true,true
gaussian_moderate_d5,5,256,14,271841,0.003589258380149063,9.165435248620346e-5,0.025535735458085643,0.001618666,0.001521833,0.94017728178636,true,true,true,true
gaussian_moderate_d5,5,256,15,271842,0.004223241619850937,5.387990057151293e-5,0.012757948851009539,0.001666458,0.001540666,0.9245153493217351,true,true,true,true
gaussian_moderate_d5,5,256,16,271843,0.011401758380149063,5.799646623044774e-5,0.005086624737761678,0.001625333,0.001523125,0.9371156556840967,true,true,true,true
gaussian_moderate_d5,5,256,17,271844,0.008129491619850937,0.0001720632351552287,0.021165313060299788,0.001618708,0.001525958,0.9427012160315511,true,true,true,true
gaussian_moderate_d5,5,256,18,271845,0.00031699161985093705,0.00012303683845926727,0.38813908871510366,0.00161425,0.001528125,0.9466470497134892,true,true,true,true
gaussian_moderate_d5,5,256,19,271846,0.004223241619850937,5.191142746457933e-5,0.012291844070813924,0.001619417,0.001520125,0.9386865767124836,true,true,true,true
gaussian_moderate_d5,5,256,2,271829,0.00031699161985093705,0.0001498058129895119,0.4725860357442792,0.001600458,0.001502875,0.9390280782126117,true,true,true,true
gaussian_moderate_d5,5,256,20,271847,0.003589258380149063,0.00012469757423419492,0.03474187729806629,0.001617125,0.001510292,0.9339364613125145,true,true,true,true
gaussian_moderate_d5,5,256,21,271848,0.004223241619850937,0.00011127589799617144,0.02634845647313426,0.001631083,0.001511083,0.9264292497684055,true,true,true,true
gaussian_moderate_d5,5,256,22,271849,0.003589258380149063,0.00013651567378961116,0.03803450722428671,0.001607208,0.001515708,0.9430689742709095,true,true,true,true
gaussian_moderate_d5,5,256,23,271850,0.008129491619850937,6.43103345018825e-5,0.007910744916059302,0.0016245,0.0015095,0.9292089873807324,true,true,true,true
gaussian_moderate_d5,5,256,24,271851,0.00031699161985093705,0.0002441756188433508,0.7702904542340033,0.00162375,0.001531125,0.9429561200923787,true,true,true,true
gaussian_moderate_d5,5,256,25,271852,0.007495508380149063,2.4545352612120874e-5,0.003274674827544218,0.001849208,0.001610209,0.8707560209559985,true,true,true,true
gaussian_moderate_d5,5,256,26,271853,0.003589258380149063,0.00020937765054343527,0.05833451603858615,0.00172425,0.001583708,0.9184909380890242,true,true,true,true
gaussian_moderate_d5,5,256,27,271854,0.019214258380149063,0.0001991492697571151,0.010364660754373083,0.00180225,0.001584125,0.8789707310306561,true,true,true,true
gaussian_moderate_d5,5,256,28,271855,0.007495508380149063,4.5517085733554064e-5,0.006072581528172325,0.001823833,0.001599459,0.8769766749477611,true,true,true,true
gaussian_moderate_d5,5,256,29,271856,0.007495508380149063,6.706392758218382e-5,0.008947215342963851,0.0017235,0.001592541,0.9240156657963446,true,true,true,true
gaussian_moderate_d5,5,256,3,271830,0.008129491619850937,0.00021614543857353952,0.026587817379102333,0.0016165,0.001503,0.9297865759356634,true,true,true,true
gaussian_moderate_d5,5,256,30,271857,0.00031699161985093705,0.00010301031014378625,0.32496225039711174,0.001850375,0.006181875,3.3408768492873064,true,false,false,true
gaussian_moderate_d5,5,256,4,271831,0.008129491619850937,3.0506952850728464e-5,0.0037526273815493326,0.00161375,0.001495208,0.9265425251742836,true,true,true,true
gaussian_moderate_d5,5,256,5,271832,0.004223241619850937,0.00012280723789831471,0.029078904062952785,0.001684125,0.001540458,0.9146933867735471,true,true,true,true
gaussian_moderate_d5,5,256,6,271833,0.003589258380149063,9.729512426165376e-5,0.027107305731947074,0.001638041,0.001515125,0.9249615852106265,true,true,true,true
gaussian_moderate_d5,5,256,7,271834,0.019848241619850937,0.00011776927278955851,0.005933486454123636,0.001642083,0.001535,0.9347883145979832,true,true,true,true
gaussian_moderate_d5,5,256,8,271835,0.015941991619850937,6.989972236781661e-5,0.004384629225421095,0.001635666,0.001524791,0.9322141561908115,true,true,true,true
gaussian_moderate_d5,5,256,9,271836,0.00031699161985093705,0.00014423255562240334,0.4550043174334628,0.00163775,0.001520875,0.9286368493359792,true,true,true,true
gaussian_moderate_d5,5,4096,1,271828,0.000561132244850937,7.472686727738598e-8,0.00013317157936136237,0.02564575,0.024403166,0.9515481512531316,true,true,true,true
gaussian_moderate_d5,5,4096,10,271837,0.002025975994850937,1.740324619414757e-6,0.0008590055478632673,0.025442167,0.024354416,0.957246133947631,true,true,true,true
gaussian_moderate_d5,5,4096,11,271838,7.285099485093705e-5,2.5445417512204305e-6,0.034928030240725,0.025394583,0.024986959,0.9839483877329271,true,true,true,true
gaussian_moderate_d5,5,4096,12,271839,0.000659570880149063,2.0347033718171037e-6,0.0030848896351477204,0.025329167,0.023899917,0.9435729568208856,true,true,true,true
gaussian_moderate_d5,5,4096,13,271840,0.001537694744850937,2.623548742225479e-6,0.0017061570581616337,0.025529875,0.02423675,0.9493485573274448,true,true,true,true
gaussian_moderate_d5,5,4096,14,271841,0.003002538494850937,7.910667869925891e-7,0.00026346599330839295,0.025294084,0.025074833,0.9913319256787476,true,true,true,true
gaussian_moderate_d5,5,4096,15,271842,0.001880274005149063,4.3033221695798485e-6,0.0022886675866364984,0.025371375,0.024894292,0.9811960132235639,true,true,true,true
gaussian_moderate_d5,5,4096,16,271843,0.000659570880149063,3.974751513202701e-7,0.0006026268946719431,0.025504791,0.024266208,0.9514372417323476,true,true,true,true
gaussian_moderate_d5,5,4096,17,271844,0.002368555255149063,2.583584459064925e-6,0.001090784964145719,0.025695084,0.024213292,0.9423316927082239,true,true,true,true
gaussian_moderate_d5,5,4096,18,271845,0.001049413494850937,2.8386901851917834e-6,0.0027050254252686187,0.026208959,0.024030708,0.9168890683525431,true,true,true,true
gaussian_moderate_d5,5,4096,19,271846,0.002025975994850937,1.8495049474986924e-6,0.0009128957856357876,0.026394625,0.023968,0.9080636682657927,true,true,true,true
gaussian_moderate_d5,5,4096,2,271829,0.001293554119850937,6.7684184762717425e-6,0.005232420022017867,0.025638542,0.024389709,0.9512907949289784,true,true,true,true
gaussian_moderate_d5,5,4096,20,271847,0.001293554119850937,2.7738660696441375e-6,0.002144375737416989,0.026015417,0.024641917,0.947204382693539,true,true,true,true
gaussian_moderate_d5,5,4096,21,271848,0.003833399005149063,4.857290381604651e-6,0.001267097522350344,0.026228958,0.0246125,0.9383712460098491,true,true,true,true
gaussian_moderate_d5,5,4096,22,271849,0.000659570880149063,1.6310288143972507e-6,0.0024728635897761863,0.026344208,0.024382209,0.9255244644287655,true,true,true,true
gaussian_moderate_d5,5,4096,23,271850,0.003490819744850937,2.1157556517881204e-7,6.06091350007093e-5,0.046284334,0.11950825,2.5820453633404337,true,false,false,true
gaussian_moderate_d5,5,4096,24,271851,0.001880274005149063,7.486352588403911e-7,0.00039815221440613454,0.025188916,0.024244917,0.9625232383958088,true,true,true,true
gaussian_moderate_d5,5,4096,25,271852,0.001781835369850937,2.9752937676652547e-6,0.0016697916193650138,0.025486333,0.024105167,0.9458075824403613,true,true,true,true
gaussian_moderate_d5,5,4096,26,271853,0.00017128963014906295,2.6113850093434365e-7,0.001524543550634622,0.026414375,0.024183084,0.9155273974871637,true,true,true,true
gaussian_moderate_d5,5,4096,27,271854,0.004223241619850937,2.4538762595505137e-6,0.0005810409350050697,0.025705459,0.024004542,0.9338305143666176,true,true,true,true
gaussian_moderate_d5,5,4096,28,271855,0.002514257244850937,3.6674347503318216e-7,0.00014586553376121436,0.025608625,0.024326416,0.9499305800291894,true,true,true,true
gaussian_moderate_d5,5,4096,29,271856,0.001880274005149063,4.662616158446209e-7,0.0002479753560213991,0.025582084,0.024420916,0.9546101091685885,true,true,true,true
gaussian_moderate_d5,5,4096,3,271830,0.001049413494850937,5.007638691434391e-6,0.0047718451458885576,0.025771625,0.025220791,0.9786263380753056,true,true,true,true
gaussian_moderate_d5,5,4096,30,271857,0.00041543025514906295,8.198875394105354e-6,0.019735864907488423,0.025544667,0.024234,0.948691169080419,true,true,true,true
gaussian_moderate_d5,5,4096,4,271831,0.002124414630149063,4.583461725632398e-6,0.002157517492388382,0.0254445,0.024272709,0.9539471791546307,true,true,true,true
gaussian_moderate_d5,5,4096,5,271832,0.000805272869850937,6.239428209375841e-7,0.0007748216092926132,0.0254625,0.024175042,0.9494370937653412,true,true,true,true
gaussian_moderate_d5,5,4096,6,271833,0.002270116619850937,3.819470378335632e-6,0.0016824996323697371,0.025576459,0.024282792,0.9494196205972063,true,true,true,true
gaussian_moderate_d5,5,4096,7,271834,0.001293554119850937,1.1680779218314896e-6,0.0009029988802989497,0.028882708,0.024431917,0.8459011876587196,true,true,true,true
gaussian_moderate_d5,5,4096,8,271835,0.002514257244850937,9.44222771293024e-6,0.0037554740002310474,0.027471708,0.024218125,0.8815660460572746,true,true,true,true
gaussian_moderate_d5,5,4096,9,271836,0.004077539630149063,2.4614811104384238e-6,0.0006036682248869863,0.025220333,0.024172,0.9584330230691244,true,true,true,true
gaussian_moderate_d5,5,65536,1,271828,3.3960528586562955e-5,8.571687198921651e-8,0.0025240146592751156,0.535818625,0.601585584,1.1227410842614887,true,false,false,true
gaussian_moderate_d5,5,65536,10,271837,3.4429504615629547e-6,2.548627034415496e-7,0.07402450493750429,0.628130667,0.457846875,0.7289038715251902,true,true,true,true
gaussian_moderate_d5,5,65536,11,271838,0.00038491267702406295,6.929562895718888e-8,0.00018002947965482788,0.658079292,0.478023916,0.7263925818835825,true,true,true,true
gaussian_moderate_d5,5,65536,12,271839,0.00017966251828843705,1.1108993752673157e-7,0.0006183256173020105,0.63727525,0.588560833,0.9235582787814214,true,true,true,true
gaussian_moderate_d5,5,65536,13,271840,1.8701739524062955e-5,2.0345953963274432e-7,0.01087917727497804,0.684256125,0.452057959,0.6606560650078215,true,true,true,true
gaussian_moderate_d5,5,65536,14,271841,0.00017966251828843705,1.0355851040588782e-7,0.0005764057600463501,0.68569375,0.471888709,0.6881916438643345,true,true,true,true
gaussian_moderate_d5,5,65536,15,271842,0.00036276798703843705,8.055192940448208e-8,0.00022204806455523103,0.686620792,0.606631167,0.8835024719146576,true,true,true,true
gaussian_moderate_d5,5,65536,16,271843,0.00025595646360093705,4.341596862578179e-8,0.00016962247413088123,0.504093584,0.63173325,1.2532062895686449,true,false,false,true
gaussian_moderate_d5,5,65536,17,271844,0.00019492130735093705,3.891434480207678e-9,1.9964130823325155e-5,0.659584125,0.481785417,0.7304381635928548,true,true,true,true
gaussian_moderate_d5,5,65536,18,271845,0.00020180720827406295,1.4826564087577765e-8,7.346895194864718e-5,0.681829667,0.599436791,0.8791591507560494,true,true,true,true
gaussian_moderate_d5,5,65536,19,271846,0.000912084393288437,4.022214511456568e-8,4.409914851140957e-5,0.50644075,0.6373935,1.2585746703834555,true,false,false,true
gaussian_moderate_d5,5,65536,2,271829,0.000568018145774063,7.41816373883708e-8,0.00013059730211132653,0.679477834,0.473423292,0.6967457484418837,true,true,true,true
gaussian_moderate_d5,5,65536,20,271847,0.00017966251828843705,1.1596292248672313e-7,0.0006454486088219683,0.68718675,0.486235333,0.7075737898031358,true,true,true,true
gaussian_moderate_d5,5,65536,21,271848,0.00039328556516343705,1.5404390121820377e-7,0.0003916846049363342,0.689982334,0.607539542,0.8805146335819086,true,true,true,true
gaussian_moderate_d5,5,65536,22,271849,3.4429504615629547e-6,8.104074522563565e-8,0.023538167664732115,0.6511655,0.480955125,0.7386065831190382,true,true,true,true
gaussian_moderate_d5,5,65536,23,271850,0.00013388615110093705,2.900221407753367e-7,0.0021661847651194962,0.677173583,0.472537291,0.6978082176604932,true,true,true,true
gaussian_moderate_d5,5,65536,24,271851,0.00024758357546156295,1.8788270927938555e-7,0.0007588658049271694,0.532719583,0.607435083,1.1402529630678135,true,false,false,true
gaussian_moderate_d5,5,65536,25,271852,0.00018654841921156295,8.186391989295494e-8,0.0004388347016766396,0.689200334,0.60506175,0.877918538559501,true,true,true,true
gaussian_moderate_d5,5,65536,26,271853,2.7074627663437045e-5,6.94514745158692e-8,0.0025651866898860442,0.507864541,0.582576959,1.147110916333889,true,false,false,true
gaussian_moderate_d5,5,65536,27,271854,0.00032387752077406295,3.619866418558271e-7,0.001117665224158453,0.68568575,0.4787555,0.698214160058015,true,true,true,true
gaussian_moderate_d5,5,65536,28,271855,0.00037802677610093705,9.491718150345108e-8,0.00025108586879069966,0.677395125,0.606802875,0.8957886654410157,true,true,true,true
gaussian_moderate_d5,5,65536,29,271856,3.4429504615629547e-6,9.807776579773275e-8,0.028486545738218252,0.679668916,0.451029333,0.6636015306605547,true,true,true,true
gaussian_moderate_d5,5,65536,3,271830,0.000598535723899063,3.116930890889602e-7,0.0005207593743252059,0.659202083,0.631825958,0.9584708153903087,true,true,true,true
gaussian_moderate_d5,5,65536,30,271857,6.447810671156295e-5,5.471874525708742e-8,0.0008486406944587694,0.49966975,0.62750875,1.2558469869348703,true,false,false,true
gaussian_moderate_d5,5,65536,4,271831,0.00040017146608656295,1.786458211916475e-8,4.464231868871025e-5,0.665807292,0.480175584,0.7211930385406473,true,true,true,true
gaussian_moderate_d5,5,65536,5,271832,0.00033225040891343705,7.240757388116137e-8,0.00021793072916887244,0.678306542,0.460083833,0.678283054212383,true,true,true,true
gaussian_moderate_d5,5,65536,6,271833,6.447810671156295e-5,7.159146997448573e-9,0.00011103221484890022,0.652584875,0.630274875,0.9658128760645887,true,true,true,true
gaussian_moderate_d5,5,65536,7,271834,0.00024758357546156295,2.5680790402549114e-7,0.0010372574333605592,0.5222855,0.605288375,1.1589224188686074,true,false,false,true
gaussian_moderate_d5,5,65536,8,271835,0.00024069767453843705,3.4681739050079763e-7,0.0014408838438753355,0.690035208,0.482902166,0.6998225023903418,true,true,true,true
gaussian_moderate_d5,5,65536,9,271836,0.00012551326296156295,1.6101790956124518e-8,0.00012828756560217476,0.658713041,0.595657084,0.9042740114811237,true,true,true,true
gaussian_rectangle_d10,10,1024,1,271828,0.0034202223096658213,1.651127104674438e-5,0.004827543227258126,0.022463958,0.033271708,1.4811151267287803,true,false,false,true
gaussian_rectangle_d10,10,1024,10,271837,0.0014670973096658213,4.540942611458432e-6,0.0030951884251582316,0.023171083,0.034051541,1.469570541868932,true,false,false,true
gaussian_rectangle_d10,10,1024,11,271838,0.0024436598096658213,1.039891058589315e-5,0.004255465734125748,0.022802583,0.034146167,1.4974692560049008,true,false,false,true
gaussian_rectangle_d10,10,1024,12,271839,0.0004905348096658213,8.12410355985338e-6,0.016561726914727938,0.023248959,0.036498125,1.569882118162796,true,false,false,true
gaussian_rectangle_d10,10,1024,13,271840,0.010251652690334179,3.577801151052884e-6,0.00034899749914725763,0.024104166,0.033460875,1.388178085066291,true,false,false,true
gaussian_rectangle_d10,10,1024,14,271841,0.0034157151903341787,1.3029928035236671e-5,0.003814699794675176,0.022145042,0.033689375,1.5213055364717756,true,false,false,true
gaussian_rectangle_d10,10,1024,15,271842,0.0024436598096658213,1.2119106575281258e-5,0.004959408231597747,0.021997708,0.033280125,1.5128905702357718,true,false,false,true
gaussian_rectangle_d10,10,1024,16,271843,0.0004860276903341787,2.1270202012368955e-5,0.04376335430136537,0.022006375,0.033219583,1.509543620882585,true,false,false,true
gaussian_rectangle_d10,10,1024,17,271844,0.0014625901903341787,3.034811231636403e-6,0.0020749566431475905,0.022065459,0.034293125,1.5541541646607036,true,false,false,true
gaussian_rectangle_d10,10,1024,18,271845,0.0024436598096658213,1.4671977501601319e-5,0.006004099852019812,0.022058583,0.033393334,1.5138476483280905,true,false,false,true
gaussian_rectangle_d10,10,1024,19,271846,0.0034157151903341787,1.2163323571214024e-5,0.0035609888100840217,0.022343333,0.033339208,1.4921322615565011,true,false,false,true
gaussian_rectangle_d10,10,1024,2,271829,0.0014670973096658213,4.033153623822505e-6,0.002749070288146862,0.021949125,0.033357416,1.5197606282710587,true,false,false,true
gaussian_rectangle_d10,10,1024,20,271847,0.0034157151903341787,7.365261757985575e-6,0.002156286852846472,0.022262667,0.033122459,1.4878028315295737,true,false,false,true
gaussian_rectangle_d10,10,1024,21,271848,0.007321965190334179,3.440437454400869e-5,0.004698789689607696,0.021746334,0.033229625,1.5280564071167122,true,false,false,true
gaussian_rectangle_d10,10,1024,22,271849,0.0014625901903341787,2.7551653010965405e-5,0.018837575414525572,0.022371,0.03319325,1.4837624603281034,true,false,false,true
gaussian_rectangle_d10,10,1024,23,271850,0.004396784809665821,9.971054178416205e-6,0.0022678058194924616,0.022807667,0.033275666,1.458968424959905,true,false,false,true
gaussian_rectangle_d10,10,1024,24,271851,0.0014670973096658213,6.971515656345462e-6,0.004751910872178921,0.022282083,0.033406792,1.499267011975496,true,false,false,true
gaussian_rectangle_d10,10,1024,25,271852,0.0024391526903341787,2.9326733466700228e-5,0.012023328257765727,0.022647625,0.033173583,1.464770941765417,true,false,false,true
gaussian_rectangle_d10,10,1024,26,271853,0.0014625901903341787,1.4934510722548755e-5,0.010211001565063455,0.02315825,0.0332305,1.4349313959388126,true,false,false,true
gaussian_rectangle_d10,10,1024,27,271854,0.005373347309665821,1.977776891384786e-6,0.00036807166509171497,0.022152875,0.033275666,1.5020924372118745,true,false,false,true
gaussian_rectangle_d10,10,1024,28,271855,0.0034202223096658213,1.037750084691147e-5,0.003034159743822448,0.022180542,0.033839666,1.5256464878089993,true,false,false,true
gaussian_rectangle_d10,10,1024,29,271856,0.004396784809665821,9.38361507389629e-6,0.0021341993024692725,0.022799916,0.033827708,1.4836768696867129,true,false,false,true
gaussian_rectangle_d10,10,1024,3,271830,0.004392277690334179,8.174668786012362e-6,0.0018611457112563407,0.021938709,0.033395875,1.5222351962460507,true,false,false,true
gaussian_rectangle_d10,10,1024,30,271857,0.005368840190334179,9.970031170959681e-6,0.001857017683057373,0.022808708,0.035801125,1.5696252939885942,true,false,false,true
gaussian_rectangle_d10,10,1024,4,271831,0.0014625901903341787,2.1523312137977646e-6,0.0014715887116034815,0.022223125,0.033736625,1.5180864527378575,true,false,false,true
gaussian_rectangle_d10,10,1024,5,271832,0.0024436598096658213,1.8773118147304146e-5,0.007682377912444136,0.022948375,0.034025208,1.4826848524132974,true,false,false,true
gaussian_rectangle_d10,10,1024,6,271833,0.009279597309665821,3.994692968314895e-6,0.00043048128437146076,0.021786917,0.033166792,1.52232608220796,true,false,false,true
gaussian_rectangle_d10,10,1024,7,271834,0.0024436598096658213,2.5479396610815497e-5,0.010426736368962868,0.021760416,0.033100292,1.521124044687381,true,false,false,true
gaussian_rectangle_d10,10,1024,8,271835,0.0024391526903341787,1.1896968670550845e-5,0.004877500583582116,0.021957833,0.033076125,1.5063474159767951,true,false,false,true
gaussian_rectangle_d10,10,1024,9,271836,0.006349909809665821,4.2735021640948057e-5,0.006730020255704559,0.022389,0.033425875,1.4929597123587477,true,false,false,true
gaussian_rectangle_d10,10,16384,1,271828,0.0008522386278341787,3.2042839630541664e-6,0.0037598436146896036,0.377352833,0.553015459,1.4655129381260006,true,false,false,true
gaussian_rectangle_d10,10,16384,10,271837,0.0003684644971658213,5.768883991896789e-7,0.0015656553172070195,0.552800291,0.54588825,0.9874963144691975,true,true,true,true
gaussian_rectangle_d10,10,16384,11,271838,0.0012794847215841787,3.6720920422450565e-7,0.0002869977249668523,0.37141175,0.543646083,1.4637288211802668,true,false,false,true
gaussian_rectangle_d10,10,16384,12,271839,0.0014060621534158213,3.84331256174375e-7,0.00027333873914513575,0.371722708,0.727844833,1.958031665367078,true,false,false,true
gaussian_rectangle_d10,10,16384,13,271840,0.0006691331590841787,5.223288650907376e-8,7.80605262195693e-5,0.391223458,0.700076875,1.7894552606301026,true,false,false,true
gaussian_rectangle_d10,10,16384,14,271841,0.0013450269971658213,5.201323528200574e-7,0.0003867077418639598,0.372359292,0.546072417,1.4665201828775631,true,false,false,true
gaussian_rectangle_d10,10,16384,15,271842,5.87815965841787e-5,8.236459989735545e-8,0.0014011970528803944,0.550985667,0.546143209,0.9912112813635133,true,true,true,true
gaussian_rectangle_d10,10,16384,16,271843,0.0004860276903341787,2.513710743029529e-8,5.1719496502373636e-5,0.522081541,0.575032917,1.1014235743684337,true,false,false,true
gaussian_rectangle_d10,10,16384,17,271844,0.0004860276903341787,1.6132958169032263e-6,0.0033193495946578075,0.392873583,0.696217917,1.7721169025508137,true,false,false,true
gaussian_rectangle_d10,10,16384,18,271845,6.32887159158213e-5,2.2855370894470095e-8,0.0003611286872192104,0.548507458,0.545319708,0.9941883196782348,true,true,true,true
gaussian_rectangle_d10,10,16384,19,271846,0.0005470628465841787,3.5190640957499797e-7,0.0006432650503909677,0.370596,0.545479083,1.471896844542305,true,false,false,true
gaussian_rectangle_d10,10,16384,2,271829,0.0006080980028341787,1.4638800828470355e-6,0.002407309473184076,0.553442667,0.542228459,0.9797373627501691,true,true,true,true
gaussian_rectangle_d10,10,16384,20,271847,0.0012184495653341787,2.3334864503871122e-7,0.00019151276481001636,0.375367,0.726951375,1.9366416733490157,true,false,false,true
gaussian_rectangle_d10,10,16384,21,271848,0.0007301683153341787,1.4190507776415395e-6,0.0019434570739926965,0.370588667,0.725293333,1.9571384599302926,true,false,false,true
gaussian_rectangle_d10,10,16384,22,271849,0.0001243238721658213,9.193697610293539e-7,0.0073949575814620085,0.372002125,0.545453,1.4662631295452948,true,false,false,true
gaussian_rectangle_d10,10,16384,23,271850,0.0006126051221658213,3.429935147916674e-7,0.0005598933185198298,0.551901667,0.546867208,0.9908779782685454,true,true,true,true
gaussian_rectangle_d10,10,16384,24,271851,0.0007346754346658213,8.561531915779463e-7,0.0011653488754083375,0.551710916,0.5446365,0.9871773137075286,true,true,true,true
gaussian_rectangle_d10,10,16384,25,271852,0.0009177809034158213,1.2485501992079429e-6,0.001360401152999649,0.36950325,0.544699333,1.4741394913305903,true,false,false,true
gaussian_rectangle_d10,10,16384,26,271853,0.0006126051221658213,2.9515131380608572e-9,4.8179700614092075e-6,0.37852,0.723736,1.9120152171615767,true,false,false,true
gaussian_rectangle_d10,10,16384,27,271854,0.0009743089403341787,1.0698560135580237e-6,0.0010980665056722905,0.402317208,0.697865125,1.734614157990478,true,false,false,true
gaussian_rectangle_d10,10,16384,28,271855,0.0014625901903341787,8.766729333170575e-7,0.0005993975203106973,0.548691584,0.546013834,0.995119753832419,true,true,true,true
gaussian_rectangle_d10,10,16384,29,271856,0.0004905348096658213,5.8281590803455074e-9,1.1881234451671153e-5,0.370647667,0.546235584,1.4737326918072846,true,false,false,true
gaussian_rectangle_d10,10,16384,3,271830,0.0001853590284158213,4.2931992969702515e-7,0.00231615332345139,0.371834542,0.727082208,1.9553917828322684,true,false,false,true
gaussian_rectangle_d10,10,16384,30,271857,0.0012229566846658213,4.006183286428544e-7,0.0003275817808316942,0.371092708,0.721363375,1.9438899214370982,true,false,false,true
gaussian_rectangle_d10,10,16384,4,271831,0.0008567457471658213,1.0992554482364136e-6,0.001283059124451837,0.372624583,0.546484084,1.4665808669955627,true,false,false,true
gaussian_rectangle_d10,10,16384,5,271832,0.0003029222215841787,6.64635983076145e-7,0.0021940813044362614,0.550266625,0.545699042,0.9916993275759728,true,true,true,true
gaussian_rectangle_d10,10,16384,6,271833,0.0012229566846658213,9.545979769570723e-7,0.0007805656479304668,0.554911417,0.54829975,0.9880851847746358,true,true,true,true
gaussian_rectangle_d10,10,16384,7,271834,0.0011619215284158213,4.371525580554314e-7,0.00037623242823588165,0.371192458,0.545142583,1.4686251599433089,true,false,false,true
gaussian_rectangle_d10,10,16384,8,271835,0.0001808519090841787,1.4960587866597042e-6,0.008272286392970028,0.374133334,0.721758959,1.929149031665807,true,false,false,true
gaussian_rectangle_d10,10,16384,9,271836,0.0010398512159158213,2.0067809805568437e-7,0.00019298731874727143,0.547306958,0.546374125,0.998295594480639,true,true,true,true
gaussian_rectangle_d10,10,256,1,271828,0.0004905348096658213,0.0002673110724582331,0.5449380292508492,0.005556083,0.008409875,1.5136337956074453,true,false,false,true
gaussian_rectangle_d10,10,256,10,271837,0.004396784809665821,6.117997542407633e-5,0.013914707694945462,0.005758083,0.008588625,1.4915771446851325,true,false,false,true
gaussian_rectangle_d10,10,256,11,271838,0.0004905348096658213,3.163833115896186e-5,0.06449762694826,0.005734333,0.008637875,1.5063434579052175,true,false,false,true
gaussian_rectangle_d10,10,256,12,271839,0.008303034809665821,5.236264307898614e-5,0.00630644629094282,0.005801292,0.008594792,1.481530665927521,true,false,false,true
gaussian_rectangle_d10,10,256,13,271840,0.007321965190334179,7.228003330057159e-5,0.009871671255141911,0.005701416,0.00857075,1.5032669077295886,true,false,false,true
gaussian_rectangle_d10,10,256,14,271841,0.007321965190334179,0.0001340231617147844,0.018304260977873826,0.005767125,0.00864125,1.4983635693694866,true,false,false,true
gaussian_rectangle_d10,10,256,15,271842,0.0034157151903341787,1.3127821383088212e-5,0.003843359487417873,0.005709875,0.008602291,1.5065638039361633,true,false,false,true
gaussian_rectangle_d10,10,256,16,271843,0.01611553480966582,4.585642040554755e-5,0.002845479281149494,0.005724334,0.008631292,1.5078246657165708,true,false,false,true
gaussian_rectangle_d10,10,256,17,271844,0.004396784809665821,0.00015742634987234855,0.035804879403300564,0.00578,0.008558709,1.4807455017301037,true,false,false,true
gaussian_rectangle_d10,10,256,18,271845,0.0034157151903341787,3.772757027845769e-5,0.01104529159375451,0.005685666,0.0085535,1.5043971981470599,true,false,false,true
gaussian_rectangle_d10,10,256,19,271846,0.0004905348096658213,2.1462080964880503e-5,0.04375241173914167,0.008763333,0.0083465,0.9524344219259955,true,true,true,true
gaussian_rectangle_d10,10,256,2,271829,0.015134465190334179,0.00010720656325694661,0.007083604336770054,0.005511417,0.008429708,1.529499219529206,true,false,false,true
gaussian_rectangle_d10,10,256,20,271847,0.004396784809665821,7.092725628846108e-5,0.016131618752988717,0.005581292,0.008324208,1.4914482166494782,true,false,false,true
gaussian_rectangle_d10,10,256,21,271848,0.0004905348096658213,5.9926919534714074e-5,0.12216649736955368,0.005521333,0.008351209,1.5125349258956127,true,false,false,true
gaussian_rectangle_d10,10,256,22,271849,0.01904071519033418,6.467203284759443e-5,0.003396512799079339,0.005457708,0.008359084,1.5316107054463153,true,false,false,true
gaussian_rectangle_d10,10,256,23,271850,0.012209284809665821,6.891638599883926e-5,0.005644588284506204,0.00544425,0.008402792,1.5434250815080128,true,false,false,true
gaussian_rectangle_d10,10,256,24,271851,0.004396784809665821,2.0339739157070047e-5,0.004626048359782241,0.005384042,0.008357916,1.5523497030669522,true,false,false,true
gaussian_rectangle_d10,10,256,25,271852,0.0004905348096658213,7.010692272954588e-5,0.14291936341338649,0.005558375,0.008535167,1.5355507679852474,true,false,false,true
gaussian_rectangle_d10,10,256,26,271853,0.008303034809665821,0.00011327057951591307,0.013642069690476459,0.005361458,0.008426625,1.5717040029036877,true,false,false,true
gaussian_rectangle_d10,10,256,27,271854,0.0034157151903341787,2.8509760773988424e-5,0.008346644607450176,0.00542775,0.008543916,1.5741174519828658,true,false,false,true
gaussian_rectangle_d10,10,256,28,271855,0.0034157151903341787,3.4019465450237096e-5,0.00995969030044006,0.005590834,0.008506875,1.5215753141660082,true,false,false,true
gaussian_rectangle_d10,10,256,29,271856,0.0004905348096658213,7.060218923001654e-5,0.14392900939714054,0.005572416,0.008643459,1.5511151715880507,true,false,false,true
gaussian_rectangle_d10,10,256,3,271830,0.004396784809665821,7.043692410585445e-7,0.00016020098129662167,0.005476291,0.008438042,1.5408315591702484,true,false,false,true
gaussian_rectangle_d10,10,256,30,271857,0.0034157151903341787,7.175788879278111e-5,0.021008159285599168,0.005605375,0.008537375,1.523069375376313,true,false,false,true
gaussian_rectangle_d10,10,256,4,271831,0.004396784809665821,2.06381460375743e-5,0.004693917699179576,0.0054615,0.00847375,1.5515426164972992,true,false,false,true
gaussian_rectangle_d10,10,256,5,271832,0.0034157151903341787,7.858473959638373e-5,0.023006818548210205,0.005458917,0.008557125,1.5675499371029091,true,false,false,true
gaussian_rectangle_d10,10,256,6,271833,0.008303034809665821,0.00010542585420294376,0.012697267519607919,0.005839292,0.008653,1.4818577320675175,true,false,false,true
gaussian_rectangle_d10,10,256,7,271834,0.004396784809665821,1.4839400169414096e-5,0.0033750571865130623,0.00572125,0.008580209,1.4997088048940355,true,false,false,true
gaussian_rectangle_d10,10,256,8,271835,0.011228215190334179,4.473091154508224e-5,0.0039837953572166036,0.005694,0.008535084,1.4989610115911485,true,false,false,true
gaussian_rectangle_d10,10,256,9,271836,0.007321965190334179,0.00010187961310907656,0.013914244394874912,0.005659958,0.008592166,1.5180617948048378,true,false,false,true
gaussian_rectangle_d10,10,4096,1,271828,0.0002463941846658213,3.913225076569715e-6,0.015881970111742416,0.091239167,0.134649375,1.4757847909768838,true,false,false,true
gaussian_rectangle_d10,10,4096,10,271837,0.0004860276903341787,6.199434627006395e-6,0.012755311580588838,0.091793333,0.135952791,1.481074785681875,true,false,false,true
gaussian_rectangle_d10,10,4096,11,271838,0.0031760816846658213,9.426498493170232e-7,0.0002967964753136399,0.091738583,0.135833958,1.4806633540437397,true,false,false,true
gaussian_rectangle_d10,10,4096,12,271839,0.0024436598096658213,2.0197475821062683e-6,0.0008265256784586867,0.091631458,0.134615709,1.469099280293019,true,false,false,true
gaussian_rectangle_d10,10,4096,13,271840,0.0017067308153341787,6.031937881963156e-6,0.003534205762132501,0.090903459,0.134579125,1.480462091107006,true,false,false,true
gaussian_rectangle_d10,10,4096,14,271841,0.0002463941846658213,1.1366981614371885e-6,0.004613331937922422,0.091576875,0.134215666,1.4656065300328276,true,false,false,true
gaussian_rectangle_d10,10,4096,15,271842,0.0031760816846658213,3.5821259467480604e-6,0.0011278444014971743,0.090349125,0.134232542,1.485709374606561,true,false,false,true
gaussian_rectangle_d10,10,4096,16,271843,0.005129206684665821,2.898628580626228e-6,0.0005651222028724077,0.272545167,0.134787458,0.49455090135573754,true,true,true,true
gaussian_rectangle_d10,10,4096,17,271844,0.0004905348096658213,8.542196023586524e-7,0.0017414046577868606,0.092167791,0.136254375,1.478329615168926,true,false,false,true
gaussian_rectangle_d10,10,4096,18,271845,0.0012184495653341787,1.3399142837003386e-6,0.001099687932781072,0.090338375,0.134364625,1.4873482614669569,true,false,false,true
gaussian_rectangle_d10,10,4096,19,271846,0.0012184495653341787,2.055855585103572e-6,0.001687271794905784,0.093185375,0.13611875,1.4607308282013138,true,false,false,true
gaussian_rectangle_d10,10,4096,2,271829,0.0002463941846658213,4.807147580269955e-6,0.019509987976338714,0.090415167,0.134809042,1.4910003097157358,true,false,false,true
gaussian_rectangle_d10,10,4096,20,271847,0.0019508714403341787,7.347204030033749e-7,0.00037661138905058727,0.09129825,0.134275625,1.4707360217747878,true,false,false,true
gaussian_rectangle_d10,10,4096,21,271848,0.0029274339403341787,5.2933667408147644e-6,0.0018081934037461164,0.09167275,0.13759575,1.5009449372905252,true,false,false,true
gaussian_rectangle_d10,10,4096,22,271849,0.0002418870653341787,6.544127666097133e-6,0.027054475430739147,0.091167333,0.133114291,1.4601095219051763,true,false,false,true
gaussian_rectangle_d10,10,4096,23,271850,0.0019508714403341787,2.294476403028045e-6,0.0011761289624676692,0.092591416,0.135437292,1.4627413409467676,true,false,false,true
gaussian_rectangle_d10,10,4096,24,271851,0.0021950120653341787,9.243019148119647e-7,0.0004210919517981076,0.093171,0.30779325,3.3035306050165825,true,false,false,true
gaussian_rectangle_d10,10,4096,25,271852,0.0004860276903341787,7.438544401515423e-6,0.015304774911900377,0.091984458,0.134016541,1.4569476617452046,true,false,false,true
gaussian_rectangle_d10,10,4096,26,271853,0.0002418870653341787,3.302556358525388e-7,0.0013653298715922435,0.092615459,0.134204791,1.4490538885090447,true,false,false,true
gaussian_rectangle_d10,10,4096,27,271854,0.0017067308153341787,2.8447568169720494e-6,0.0016667870477366665,0.09353675,0.134391625,1.4367788596460749,true,false,false,true
gaussian_rectangle_d10,10,4096,28,271855,0.0007301683153341787,4.575463984704542e-7,0.0006266314065696583,0.091483625,0.134917833,1.4747757645152342,true,false,false,true
gaussian_rectangle_d10,10,4096,29,271856,2.253559665821303e-6,3.832086394268963e-6,1.7004592566988328,0.091382541,0.135013792,1.4774571873636124,false,false,false,true
gaussian_rectangle_d10,10,4096,3,271830,2.253559665821303e-6,2.567772365513754e-6,1.139429501005884,0.091842292,0.135909292,1.479811631878699,false,false,false,true
gaussian_rectangle_d10,10,4096,30,271857,0.0026878004346658213,7.433148920626964e-6,0.0027655136983974556,0.091683792,0.134797334,1.4702416976819632,true,false,false,true
gaussian_rectangle_d10,10,4096,4,271831,0.0009743089403341787,7.378016740444693e-6,0.00757256393225141,0.09452675,0.136091333,1.439712388292203,true,false,false,true
gaussian_rectangle_d10,10,4096,5,271832,0.0007301683153341787,1.150930151024021e-6,0.001576253210189312,0.091749375,0.134493584,1.4658801108999382,true,false,false,true
gaussian_rectangle_d10,10,4096,6,271833,0.0002418870653341787,2.3435720406944638e-6,0.009688703434624359,0.090498541,0.13451625,1.486391366243131,true,false,false,true
gaussian_rectangle_d10,10,4096,7,271834,0.0019508714403341787,5.362996802454889e-6,0.002749026251333211,0.097717792,0.134003916,1.3713358975610093,true,false,false,true
gaussian_rectangle_d10,10,4096,8,271835,0.0012184495653341787,3.7607600737038505e-7,0.00030865127131235866,0.273866166,0.134755708,0.49204949252475383,true,true,true,true
gaussian_rectangle_d10,10,4096,9,271836,0.0002463941846658213,5.322444573671592e-6,0.021601340067706143,0.091821959,0.134820083,1.468277136191355,true,false,false,true
gaussian_rectangle_d10,10,65536,1,271828,0.0004600172315408213,3.3026187272466867e-7,0.0007179336991757051,1.826339,2.527639458,1.3839924887986295,true,false,false,true
gaussian_rectangle_d10,10,65536,10,271837,0.0003837232862283213,1.2502912274947597e-7,0.00032583147084558665,1.965102291,2.640616041,1.3437550060848207,true,false,false,true
gaussian_rectangle_d10,10,65536,11,271838,0.0006996507372091787,1.1770630768681567e-8,1.6823580884990094e-5,1.929403,2.510962333,1.301419316234089,true,false,false,true
gaussian_rectangle_d10,10,65536,12,271839,0.0001961106981466787,2.636549008075417e-7,0.0013444187558311793,2.00765525,2.653269417,1.3215762103578292,true,false,false,true
gaussian_rectangle_d10,10,65536,13,271840,0.0003837232862283213,1.0980210204264429e-7,0.0002861491756778877,2.028533208,2.680239875,1.3212699030165447,true,false,false,true
gaussian_rectangle_d10,10,65536,14,271841,4.80299268533213e-5,2.4811920634748574e-7,0.005165929298731133,2.140791583,2.672632417,1.2484318596090072,true,false,false,true
gaussian_rectangle_d10,10,65536,15,271842,0.0005318040575216787,1.6776681981134356e-8,3.154673557647774e-5,1.80750275,2.55615825,1.414193284076608,true,false,false,true
gaussian_rectangle_d10,10,65536,16,271843,0.0003989820752908213,2.5959030428707175e-7,0.0006506314954070412,2.037277125,2.514925625,1.23445435779877,true,false,false,true
gaussian_rectangle_d10,10,65536,17,271844,0.0004097337450216787,7.548936623025249e-7,0.001842400513686233,1.996073,2.6810225,1.343148522123189,true,false,false,true
gaussian_rectangle_d10,10,65536,18,271845,0.0007149095262716787,3.694579924842789e-7,0.0005167898578873855,2.1518475,2.527251083,1.1744564068782755,true,false,false,true
gaussian_rectangle_d10,10,65536,19,271846,2.8264018459178697e-5,4.0993408081252403e-7,0.014503743740635669,2.015173333,2.528912209,1.2549353286822202,true,false,false,true
gaussian_rectangle_d10,10,65536,2,271829,0.0005057935987283213,2.4932864076121497e-7,0.0004929454255413338,2.162353833,2.659070542,1.2297111145361748,true,false,false,true
gaussian_rectangle_d10,10,65536,20,271847,0.0005820875440408213,1.1679666401392952e-7,0.00020065137144686723,1.985616542,2.628181708,1.3236098976858746,true,false,false,true
gaussian_rectangle_d10,10,65536,21,271848,0.0005210523877908213,3.903647235181662e-7,0.0007491851734395655,1.945693083,2.68210775,1.378484496570521,true,false,false,true
gaussian_rectangle_d10,10,65536,22,271849,0.0003379469190408213,1.2313120234530572e-7,0.0003643507172510499,1.981295417,2.615395416,1.3200431362023386,true,false,false,true
gaussian_rectangle_d10,10,65536,23,271850,0.0001853590284158213,8.992708847715969e-8,0.00048515084075334943,1.968926541,2.483847625,1.2615237660103238,true,false,false,true
gaussian_rectangle_d10,10,65536,24,271851,0.0003181810106466787,2.736711163034422e-7,0.0008601114056028249,1.997625875,2.646438583,1.3247919022875092,true,false,false,true
gaussian_rectangle_d10,10,65536,25,271852,0.0001045579637716787,5.238689244208006e-8,0.0005010320644391694,1.997569667,2.486075166,1.244549918368379,true,false,false,true
gaussian_rectangle_d10,10,65536,26,271853,0.0001090650831033213,3.472936813131433e-9,3.1842792526379813e-5,1.916808042,2.614663167,1.3640714717952962,true,false,false,true
gaussian_rectangle_d10,10,65536,27,271854,0.0001395826612283213,7.132463523268351e-8,0.0005109849218021053,2.016878708,2.479825417,1.2295362171080044,true,false,false,true
gaussian_rectangle_d10,10,65536,28,271855,1.3005229396678697e-5,1.8609670944524925e-7,0.014309375388086198,1.952978708,2.581040625,1.321591789212686,true,false,false,true
gaussian_rectangle_d10,10,65536,29,271856,0.0002571458543966787,9.461841038727048e-7,0.0036795619594671785,2.147332875,2.499335125,1.1639253299281789,true,false,false,true
gaussian_rectangle_d10,10,65536,3,271830,1.3005229396678697e-5,2.9089493741585315e-7,0.022367536053623363,1.827959875,2.572825209,1.4074845100196742,true,false,false,true
gaussian_rectangle_d10,10,65536,30,271857,0.0003486985887716787,3.872977303517877e-7,0.0011106948603264437,2.001655084,2.6831205,1.3404509705229515,true,false,false,true
gaussian_rectangle_d10,10,65536,4,271831,0.0001198167528341787,6.8174651687846755e-9,5.689909806035019e-5,1.918073292,2.503970542,1.3054613462601719,true,false,false,true
gaussian_rectangle_d10,10,65536,5,271832,0.0004707689012716787,4.4825153214245184e-8,9.521689536662232e-5,2.092400666,2.502570708,1.1960284417152827,true,false,false,true
gaussian_rectangle_d10,10,65536,6,271833,0.0001503343309591787,5.122976810198465e-7,0.0034077224926018675,2.038383041,2.437547875,1.1958242518561064,true,false,false,true
gaussian_rectangle_d10,10,65536,7,271834,4.35228075216787e-5,1.9670349601930148e-7,0.0045195497997532336,1.846547667,2.626040958,1.422135482842101,true,false,false,true
gaussian_rectangle_d10,10,65536,8,271835,0.0005470628465841787,9.463206740445429e-8,0.00017298207691370408,2.001592166,2.679689666,1.3387790537545499,true,false,false,true
gaussian_rectangle_d10,10,65536,9,271836,0.0001853590284158213,1.6879426071453318e-7,0.0009106341469155314,1.871461333,2.688005625,1.436313739216326,true,false,false,true
gaussian_rectangle_d20,20,1024,1,271828,0.003526261480261965,3.50957493631893e-5,0.00995267922121931,0.126483459,0.150109375,1.1867905589141106,true,false,false,true
gaussian_rectangle_d20,20,1024,10,271837,0.003526261480261965,1.3065836535107282e-5,0.0037052942920547754,0.130465292,0.151696708,1.16273612448589,true,false,false,true
gaussian_rectangle_d20,20,1024,11,271838,0.001573136480261965,4.770465274186661e-7,0.00030324548022637326,0.128163333,0.151185709,1.179633093655578,true,false,false,true
gaussian_rectangle_d20,20,1024,12,271839,0.0003799885197380351,2.9132228667714394e-5,0.07666607582723345,0.127771959,0.1509695,1.1815542407078536,true,false,false,true
gaussian_rectangle_d20,20,1024,13,271840,0.001573136480261965,1.1939506090473222e-5,0.007589618726841175,0.1272025,0.151750958,1.1929872290245866,true,false,false,true
gaussian_rectangle_d20,20,1024,14,271841,0.002333113519738035,2.9547324247852086e-5,0.012664332017230648,0.129931625,0.150732125,1.1600880463089722,true,false,false,true
gaussian_rectangle_d20,20,1024,15,271842,0.001573136480261965,1.2921046830493416e-5,0.00821355743294552,0.126893875,0.151726292,1.1956943705911733,true,false,false,true
gaussian_rectangle_d20,20,1024,16,271843,0.0005965739802619649,4.509663386078645e-5,0.07559269319956566,0.127000833,0.151547833,1.1932821968183467,true,false,false,true
gaussian_rectangle_d20,20,1024,17,271844,0.001356551019738035,3.895287500812507e-6,0.002871464061532112,0.128621459,0.151491041,1.1778053380657112,true,false,false,true
gaussian_rectangle_d20,20,1024,18,271845,0.001356551019738035,8.055712405725425e-6,0.005938377759858285,0.127512334,0.152034083,1.192308839708008,true,false,false,true
gaussian_rectangle_d20,20,1024,19,271846,0.001356551019738035,1.6358855824136556e-6,0.0012059152649706924,0.127719042,0.152040458,1.1904290512921323,true,false,false,true
gaussian_rectangle_d20,20,1024,2,271829,0.002549698980261965,6.520562309949782e-7,0.0002557385150336389,0.126396125,0.150108667,1.1876049760228014,true,false,false,true
gaussian_rectangle_d20,20,1024,20,271847,0.001356551019738035,1.786409034512052e-5,0.013168756711096847,0.156079875,0.151957667,0.9735891126258269,true,true,true,true
gaussian_rectangle_d20,20,1024,21,271848,0.004502823980261965,1.749338896585642e-5,0.003884981745353211,0.276674333,0.151555334,0.5477751852030308,true,true,true,true
gaussian_rectangle_d20,20,1024,22,271849,0.0005965739802619649,1.7997367412373594e-5,0.03016787189490006,0.127995875,0.151982625,1.1874025237141432,true,false,false,true
gaussian_rectangle_d20,20,1024,23,271850,0.0005965739802619649,3.314920347373754e-5,0.055565955892312315,0.128876959,0.150360334,1.1666967871270146,true,false,false,true
gaussian_rectangle_d20,20,1024,24,271851,0.001573136480261965,4.739000573749687e-5,0.030124535494596944,0.126031709,0.150126292,1.1911787374080598,true,false,false,true
gaussian_rectangle_d20,20,1024,25,271852,0.001356551019738035,1.944837102752124e-5,0.0143366307234629,0.1281465,0.150280792,1.1727264654126333,true,false,false,true
gaussian_rectangle_d20,20,1024,26,271853,0.001573136480261965,4.3990591096501434e-5,0.02796362022523052,0.126363041,0.150935333,1.1944579032408693,true,false,false,true
gaussian_rectangle_d20,20,1024,27,271854,0.002333113519738035,2.238278737124507e-5,0.009593526925238613,0.126721625,0.151717208,1.1972479677403125,true,false,false,true
gaussian_rectangle_d20,20,1024,28,271855,0.004286238519738035,2.3741478185186626e-5,0.005539000705597142,0.127221166,0.150836167,1.185621636261375,true,false,false,true
gaussian_rectangle_d20,20,1024,29,271856,0.002333113519738035,3.5525620086856655e-5,0.015226700195387627,0.126712041,0.151540792,1.1959462637019636,true,false,false,true
gaussian_rectangle_d20,20,1024,3,271830,0.002333113519738035,1.7333213321937824e-5,0.0074292198709148185,0.128009791,0.15014375,1.172908328551212,true,false,false,true
gaussian_rectangle_d20,20,1024,30,271857,0.001356551019738035,1.731038710442879e-5,0.012760586850446372,0.1271935,0.151625583,1.1920859399261756,true,false,false,true
gaussian_rectangle_d20,20,1024,4,271831,0.001573136480261965,3.6177310301773943e-6,0.0022996930498839843,0.126149791,0.150271292,1.191213166575916,true,false,false,true
gaussian_rectangle_d20,20,1024,5,271832,0.001573136480261965,2.411831097034068e-5,0.015331353174344036,0.127338,0.152873875,1.2005361714492138,true,false,false,true
gaussian_rectangle_d20,20,1024,6,271833,0.002333113519738035,8.002216314428184e-6,0.0034298443889376985,0.125079583,0.150983708,1.2071011461558838,true,false,false,true
gaussian_rectangle_d20,20,1024,7,271834,0.002333113519738035,1.522439945415583e-5,0.006525357349892364,0.12857175,0.151869083,1.181201025886324,true,false,false,true
gaussian_rectangle_d20,20,1024,8,271835,0.0005965739802619649,1.8617041813562447e-5,0.03120659369922137,0.126354584,0.150745583,1.1930361228524957,true,false,false,true
gaussian_rectangle_d20,20,1024,9,271836,0.003309676019738035,8.94773822832269e-6,0.0027035087951088684,0.125929917,0.151342083,1.201796099015931,true,false,false,true
gaussian_rectangle_d20,20,16384,1,271828,7.48127384880351e-5,3.087274739803532e-6,0.04126669872266852,2.110557834,2.635715,1.2488238689980384,true,false,false,true
gaussian_rectangle_d20,20,16384,10,271837,0.0002579182072380351,1.6139753704815657e-6,0.006257702345891436,2.219795167,2.624424583,1.1822823213669966,true,false,false,true
gaussian_rectangle_d20,20,16384,11,271838,0.0002913981990119649,5.832438718584784e-6,0.02001535609472076,2.27188775,2.621158458,1.15373590002411,true,false,false,true
gaussian_rectangle_d20,20,16384,12,271839,0.0002913981990119649,1.1473407618770026e-6,0.0039373639431103434,2.264215542,2.626487625,1.159998938387289,true,false,false,true
gaussian_rectangle_d20,20,16384,13,271840,0.0008407146052619649,4.3803400656987e-6,0.005210258080783306,2.266497458,2.622299291,1.1569831158398767,true,false,false,true
gaussian_rectangle_d20,20,16384,14,271841,0.0007461994572380351,2.5776026981961728e-6,0.0034543079242336226,2.266509417,2.620149875,1.1560286735839316,true,false,false,true
gaussian_rectangle_d20,20,16384,15,271842,0.0002303630427619649,1.6438241296464276e-6,0.007135797955859603,2.275900375,2.636333917,1.1583696483199535,true,false,false,true
gaussian_rectangle_d20,20,16384,16,271843,0.0001968830509880351,6.505780732746214e-7,0.0033043884174375074,2.269272916,2.627485125,1.1578532958615722,true,false,false,true
gaussian_rectangle_d20,20,16384,17,271844,0.0006241291447380351,5.620154271544775e-6,0.009004793829815005,2.276895916,2.448877708,1.0755334448059153,true,false,false,true
gaussian_rectangle_d20,20,16384,18,271845,0.0003799885197380351,3.382413879125974e-6,0.008901358076443513,2.271750125,2.623058333,1.154642099117305,true,false,false,true
gaussian_rectangle_d20,20,16384,19,271846,0.0003524333552619649,8.537269607594364e-6,0.02422378438399675,2.257759625,2.629845084,1.1648029554962034,true,false,false,true
gaussian_rectangle_d20,20,16384,2,271829,0.0007186442927619649,1.1031875741304015e-7,0.0001535095436283953,2.252428125,2.63854475,1.1714223955536873,true,false,false,true
gaussian_rectangle_d20,20,16384,20,271847,0.0003799885197380351,1.1388512302151418e-6,0.0029970674666704887,2.277540042,2.633884125,1.1564600737763888,true,false,false,true
gaussian_rectangle_d20,20,16384,21,271848,0.0007461994572380351,2.946651651803897e-7,0.0003948879382344452,2.270578083,2.63252425,1.1594070557229101,true,false,false,true
gaussian_rectangle_d20,20,16384,22,271849,0.0003799885197380351,5.650461815642424e-6,0.014870085600317252,2.421128333,2.48040375,1.0244825588929243,true,false,false,true
gaussian_rectangle_d20,20,16384,23,271850,0.0003189533634880351,5.784072555333267e-7,0.0018134540084730113,2.2613675,2.44999625,1.0834135760773071,true,false,false,true
gaussian_rectangle_d20,20,16384,24,271851,0.0001968830509880351,1.2052808413829177e-6,0.006121811071772575,2.264473416,2.6110185,1.1530356159411854,true,false,false,true
gaussian_rectangle_d20,20,16384,25,271852,0.0001082927302619649,1.6641367717026498e-6,0.015367022030722002,2.269658791,2.625992959,1.1569990032920328,true,false,false,true
gaussian_rectangle_d20,20,16384,26,271853,7.48127384880351e-5,2.6674077463371623e-6,0.03565445939081303,2.268631333,2.625753084,1.1574172699659173,true,false,false,true
gaussian_rectangle_d20,20,16384,27,271854,0.0006851643009880351,3.7121068360160617e-6,0.005417834569990075,2.268369792,2.630373375,1.1595875523808774,true,false,false,true
gaussian_rectangle_d20,20,16384,28,271855,0.0003799885197380351,4.785416430298436e-7,0.0012593581599774416,2.280781458,2.626657375,1.1516479870470784,true,false,false,true
gaussian_rectangle_d20,20,16384,29,271856,7.48127384880351e-5,2.971992932303269e-6,0.03972576051040537,2.254806417,2.633097584,1.1677710175684675,true,false,false,true
gaussian_rectangle_d20,20,16384,3,271830,1.3777582238035102e-5,2.6486093989246118e-6,0.19224050730851197,2.278761584,2.634703,1.1561994982271036,true,false,false,true
gaussian_rectangle_d20,20,16384,30,271857,0.0006576091365119649,1.9160564749707773e-6,0.002913670702833849,2.346613792,2.639853208,1.124962794048046,true,false,false,true
gaussian_rectangle_d20,20,16384,4,271831,0.0004745036677619649,5.810833970572478e-6,0.01224613077909334,2.260087584,2.631720458,1.1644329523470363,true,false,false,true
gaussian_rectangle_d20,20,16384,5,271832,0.0002913981990119649,2.5471773813668525e-6,0.008741225546360582,2.263051042,2.629307,1.1618416691460554,true,false,false,true
gaussian_rectangle_d20,20,16384,6,271833,0.0001358478947380351,1.3108111648401852e-6,0.00964910915526452,2.111102375,2.628208542,1.2449460400990737,true,false,false,true
gaussian_rectangle_d20,20,16384,7,271834,0.0006851643009880351,2.848867202139699e-6,0.0041579329192013,2.426303541,2.448344167,1.0090840348816852,true,false,false,true
gaussian_rectangle_d20,20,16384,8,271835,0.0007796794490119649,1.0205848315117914e-5,0.013089800337883853,2.2695155,2.6240865,1.1562320239716364,true,false,false,true
gaussian_rectangle_d20,20,16384,9,271836,0.0008072346134880351,8.439825962928971e-7,0.0010455232991633933,2.260906583,2.626523041,1.1617123240513825,true,false,false,true
gaussian_rectangle_d20,20,256,1,271828,0.0003799885197380351,3.5064723580184066e-5,0.09227837621083332,0.03087525,0.038383125,1.2431680715135909,true,false,false,true
gaussian_rectangle_d20,20,256,10,271837,0.0003799885197380351,1.1045501428195298e-5,0.029067987200797778,0.031067833,0.037901333,1.2199541886297638,true,false,false,true
gaussian_rectangle_d20,20,256,11,271838,0.004286238519738035,2.2896441414507925e-5,0.005341849574882571,0.03112975,0.038163334,1.2259441209775215,true,false,false,true
gaussian_rectangle_d20,20,256,12,271839,0.004286238519738035,5.588764831657676e-5,0.013038856344371729,0.031142875,0.038194333,1.2264228334731457,true,false,false,true
gaussian_rectangle_d20,20,256,13,271840,0.003526261480261965,7.484244683632173e-5,0.021224304339099012,0.031353042,0.037936958,1.2099928931935855,true,false,false,true
gaussian_rectangle_d20,20,256,14,271841,0.004286238519738035,5.9901222560707935e-5,0.013975242461394555,0.030540625,0.037935125,1.2421201268801803,true,false,false,true
gaussian_rectangle_d20,20,256,15,271842,0.007432511480261965,3.351906906528222e-5,0.0045097904193349215,0.030836833,0.038590958,1.2514565941320888,true,false,false,true
gaussian_rectangle_d20,20,256,16,271843,0.0003799885197380351,9.7718618072902e-5,0.25716202726405896,0.031641292,0.038463875,1.2156227691334476,true,false,false,true
gaussian_rectangle_d20,20,256,17,271844,0.004286238519738035,0.00010259673424820991,0.02393631007134908,0.03358,0.038037417,1.1327402322811198,true,false,false,true
gaussian_rectangle_d20,20,256,18,271845,0.004286238519738035,7.774439930928554e-5,0.018138141158331313,0.02990325,0.037904083,1.2675573056440352,true,false,false,true
gaussian_rectangle_d20,20,256,19,271846,0.004286238519738035,3.5508836525485234e-5,0.008284381833154598,0.030323833,0.038136542,1.2576425282384323,true,false,false,true
gaussian_rectangle_d20,20,256,2,271829,0.011338761480261965,5.661300030545494e-5,0.004992873375456786,0.03058075,0.038368542,1.2546632113339273,true,false,false,true
gaussian_rectangle_d20,20,256,20,271847,0.004286238519738035,3.154900928665355e-5,0.007360535150195457,0.030178042,0.03793475,1.2570315198050293,true,false,false,true
gaussian_rectangle_d20,20,256,21,271848,0.004286238519738035,9.855931431958058e-6,0.0022994360641788152,0.030025334,0.037951958,1.2639978626049588,true,false,false,true
gaussian_rectangle_d20,20,256,22,271849,0.0003799885197380351,0.00012197849638123821,0.3210057410822055,0.031712209,0.0376685,1.1878232765178862,true,false,false,true
gaussian_rectangle_d20,20,256,23,271850,0.0003799885197380351,2.0950121562521816e-5,0.0551335645007509,0.030009042,0.037709084,1.256590730220578,true,false,false,true
gaussian_rectangle_d20,20,256,24,271851,0.004286238519738035,2.1347634334051985e-5,0.004980505456181823,0.030001625,0.037748833,1.2582262794098653,true,false,false,true
gaussian_rectangle_d20,20,256,25,271852,0.0003799885197380351,9.199708705246844e-5,0.24210491179020732,0.030039834,0.037919958,1.2623224882001676,true,false,false,true
gaussian_rectangle_d20,20,256,26,271853,0.004286238519738035,0.00010498846822985276,0.024494313078094732,0.029985417,0.03779575,1.2604710483099169,true,false,false,true
gaussian_rectangle_d20,20,256,27,271854,0.004286238519738035,1.5284071839018198e-6,0.000356584725013211,0.031435792,0.037673,1.198411034148591,true,false,false,true
gaussian_rectangle_d20,20,256,28,271855,0.004286238519738035,1.0539381178091209e-5,0.0024588881672257825,0.0301635,0.037662458,1.2486103403119666,true,false,false,true
gaussian_rectangle_d20,20,256,29,271856,0.0003799885197380351,1.1288296918464565e-5,0.029706942005107786,0.0301445,0.037637667,1.2485749307502196,true,false,false,true
gaussian_rectangle_d20,20,256,3,271830,0.003526261480261965,3.958196537592971e-5,0.01122490932606313,0.030912125,0.03841225,1.2426272862185956,true,false,false,true
gaussian_rectangle_d20,20,256,30,271857,0.003526261480261965,8.841574704869948e-5,0.025073508457498478,0.030023208,0.038850417,1.2940128516579574,true,false,false,true
gaussian_rectangle_d20,20,256,4,271831,0.003526261480261965,1.2247562568831749e-5,0.0034732428770205327,0.03126675,0.038254875,1.2235002038907146,true,false,false,true
gaussian_rectangle_d20,20,256,5,271832,0.0003799885197380351,4.525322101455766e-5,0.1190910216070615,0.031420625,0.038312792,1.219351683806417,true,false,false,true
gaussian_rectangle_d20,20,256,6,271833,0.0003799885197380351,2.0355967981409116e-5,0.053569955206653516,0.032158834,0.038363834,1.1929485378729838,true,false,false,true
gaussian_rectangle_d20,20,256,7,271834,0.004286238519738035,9.250019890488185e-5,0.021580739960905218,0.031486334,0.03841975,1.220203978017892,true,false,false,true
gaussian_rectangle_d20,20,256,8,271835,0.0003799885197380351,5.657893271583409e-5,0.14889642654162216,0.030106083,0.040656416,1.350438580801096,true,false,false,true
gaussian_rectangle_d20,20,256,9,271836,0.007432511480261965,0.00010849438218635092,0.014597270717236342,0.030922667,0.037877417,1.2249078321737255,true,false,false,true
gaussian_rectangle_d20,20,4096,1,271828,0.0003524333552619649,3.385580564445323e-6,0.009606300067508677,0.524699917,0.605278625,1.1535710324878896,true,false,false,true
gaussian_rectangle_d20,20,4096,10,271837,0.0005965739802619649,1.1074948841044603e-5,0.01856425054974979,0.854094542,0.609406417,0.7135116629746593,true,true,true,true
gaussian_rectangle_d20,20,4096,11,271838,0.001112410394738035,1.0876776938352137e-5,0.00977766567968249,0.529785542,0.60932275,1.1501309524222538,true,false,false,true
gaussian_rectangle_d20,20,4096,12,271839,0.0001358478947380351,2.9461759728094394e-6,0.02168731417215375,0.528515375,0.609272709,1.1528003494694927,true,false,false,true
gaussian_rectangle_d20,20,4096,13,271840,0.0001082927302619649,4.134449231396262e-6,0.038178455944317284,0.540739791,0.605690541,1.1201146116506153,true,false,false,true
gaussian_rectangle_d20,20,4096,14,271841,0.0003799885197380351,2.03585756302924e-5,0.05357681764787958,0.520876458,0.789847958,1.5163825238575093,true,false,false,true
gaussian_rectangle_d20,20,4096,15,271842,0.001356551019738035,1.2016083607630478e-5,0.008857819155191756,0.517473416,0.607942625,1.1748287084954332,true,false,false,true
gaussian_rectangle_d20,20,4096,16,271843,0.0003524333552619649,1.712942009833053e-6,0.004860328865750569,0.520068125,0.606646542,1.166475145924392,true,false,false,true
gaussian_rectangle_d20,20,4096,17,271844,0.001817277105261965,2.372791467411192e-6,0.0013056850056277732,0.703331959,0.606173333,0.8618595035292573,true,true,true,true
gaussian_rectangle_d20,20,4096,18,271845,0.0003524333552619649,5.287253190188954e-7,0.0015002136180495517,0.520138,0.6058905,1.1648649012377486,true,false,false,true
gaussian_rectangle_d20,20,4096,19,271846,0.0001082927302619649,5.236354249499135e-6,0.048353700537719965,0.51946575,0.608049,1.1705276045629573,true,false,false,true
gaussian_rectangle_d20,20,4096,2,271829,0.002549698980261965,1.706776137859467e-6,0.0006694029966173132,0.519364875,0.608879583,1.1723541816338658,true,false,false,true
gaussian_rectangle_d20,20,4096,20,271847,0.001573136480261965,5.120537571118647e-6,0.003254986223614848,0.700358333,0.617209792,0.8812771447384207,true,true,true,true
gaussian_rectangle_d20,20,4096,21,271848,0.0003524333552619649,2.3524340705812982e-6,0.006674833796116506,0.520174667,0.606927875,1.166777072209862,true,false,false,true
gaussian_rectangle_d20,20,4096,22,271849,0.0005965739802619649,6.00149080570711e-7,0.0010059927191379957,0.521520334,0.605793709,1.161591733832568,true,false,false,true
gaussian_rectangle_d20,20,4096,23,271850,0.0008407146052619649,1.2966995245472512e-5,0.015423777777040074,0.521881792,0.791640083,1.5168953872987392,true,false,false,true
gaussian_rectangle_d20,20,4096,24,271851,0.0006241291447380351,5.457519860837916e-6,0.008744215691335154,0.520006541,0.605913042,1.1652027315556401,true,false,false,true
gaussian_rectangle_d20,20,4096,25,271852,0.0003799885197380351,9.700317744142269e-6,0.025527923187862855,0.522147625,0.609295708,1.1669031492769883,true,false,false,true
gaussian_rectangle_d20,20,4096,26,271853,0.0008682697697380351,7.63803356657218e-6,0.008796843829857908,0.706857916,0.608435792,0.8607610924739222,true,true,true,true
gaussian_rectangle_d20,20,4096,27,271854,0.001573136480261965,4.86279984326151e-6,0.0030911493721458533,0.522068958,0.606189916,1.1611299747111188,true,false,false,true
gaussian_rectangle_d20,20,4096,28,271855,0.001817277105261965,2.1847134983737915e-7,0.00012021906246702314,0.519860125,0.609014875,1.17149757350595,true,false,false,true
gaussian_rectangle_d20,20,4096,29,271856,0.0005965739802619649,7.5042900757977746e-6,0.012578976495928509,0.545937375,0.7578925,1.3882407299921535,true,false,false,true
gaussian_rectangle_d20,20,4096,3,271830,0.0001082927302619649,2.6389226852009326e-6,0.024368419549652704,0.52149375,0.608548458,1.1669333678495668,true,false,false,true
gaussian_rectangle_d20,20,4096,30,271857,0.0003524333552619649,1.5869990255650002e-6,0.004502976241807131,0.520612333,0.607062167,1.1660541414795873,true,false,false,true
gaussian_rectangle_d20,20,4096,4,271831,0.0008682697697380351,5.612888595773677e-6,0.006464452398782854,0.721907958,0.608096416,0.8423461872960819,true,true,true,true
gaussian_rectangle_d20,20,4096,5,271832,0.001573136480261965,2.6010533190194175e-5,0.016534187285430442,0.520568,0.609226166,1.170310441671405,true,false,false,true
gaussian_rectangle_d20,20,4096,6,271833,0.0001358478947380351,1.806997229272713e-5,0.13301621145894613,0.5200675,0.608504,1.1700481187538156,true,false,false,true
gaussian_rectangle_d20,20,4096,7,271834,0.0003799885197380351,1.1057653600467232e-5,0.029099967567679155,0.521935959,0.79988575,1.5325361976065726,true,false,false,true
gaussian_rectangle_d20,20,4096,8,271835,0.0001358478947380351,2.432758304017797e-6,0.017907957342357447,0.5224715,0.608479083,1.1646167934518916,true,false,false,true
gaussian_rectangle_d20,20,4096,9,271836,0.0005965739802619649,2.430570262433509e-5,0.04074214335271893,0.518145458,0.607817041,1.1730625669211212,true,false,false,true
gaussian_rectangle_d20,20,65536,1,271828,9.00715275505351e-5,8.670007477749875e-7,0.009625691618125962,9.68885775,10.98380025,1.1336527517910973,true,false,false,true
gaussian_rectangle_d20,20,65536,10,271837,6.25163630744649e-5,5.103831221837246e-7,0.008163992546652047,10.182847792,10.842848125,1.0648149070359785,true,false,false,true
gaussian_rectangle_d20,20,65536,11,271838,4.72575740119649e-5,6.892421697572357e-7,0.014584797975087127,9.9007435,10.811863208,1.09202538253819,true,false,false,true
gaussian_rectangle_d20,20,65536,12,271839,0.0001053303166130351,3.680692084659376e-7,0.0034944280080174694,10.121243708,10.9566745,1.0825423056792578,true,false,false,true
gaussian_rectangle_d20,20,65536,13,271840,9.00715275505351e-5,1.190375689787311e-6,0.013215893214639271,9.912370375,10.987487542,1.108462166598572,true,false,false,true
gaussian_rectangle_d20,20,65536,14,271841,0.0001968830509880351,7.966570265390341e-7,0.00404634640991747,9.934378167,10.842412833,1.0914032716226072,true,false,false,true
gaussian_rectangle_d20,20,65536,15,271842,4.42951603630351e-5,1.053523111596566e-6,0.023784158426385222,9.990601042,10.801412667,1.0811574420389112,true,false,false,true
gaussian_rectangle_d20,20,65536,16,271843,0.0001998454646369649,1.7676952874991908e-6,0.008845311004231941,9.7451945,10.976420459,1.1263418558757343,true,false,false,true
gaussian_rectangle_d20,20,65536,17,271844,1.481206824464898e-6,1.6866617968932032e-6,1.1387078219157734,10.013303792,10.785699542,1.0771369536013773,false,false,false,true
gaussian_rectangle_d20,20,65536,18,271845,0.0002456218318244649,4.858567786893836e-7,0.0019780683788589446,9.840433959,10.875486083,1.1051835852272904,true,false,false,true
gaussian_rectangle_d20,20,65536,19,271846,1.481206824464898e-6,1.281312560375697e-7,0.08650463522125515,10.05792975,10.915084917,1.085221828776444,true,false,false,true
gaussian_rectangle_d20,20,65536,2,271829,2.9036371300535102e-5,7.822610114324724e-7,0.02694072903724221,9.689550834,10.966626792,1.13179929388665,true,false,false,true
gaussian_rectangle_d20,20,65536,20,271847,0.0001663654728630351,3.237449256237798e-7,0.0019459862677775192,9.805889083,10.949539875,1.1166289749271885,true,false,false,true
gaussian_rectangle_d20,20,65536,21,271848,0.0001235515193244649,2.1546938460282467e-7,0.0017439638604278885,10.07643075,10.764325958,1.0682677453025715,true,false,false,true
gaussian_rectangle_d20,20,65536,22,271849,0.0002426594181755351,2.7571971035131315e-7,0.001136241537313268,9.808718875,10.971973541,1.1185939449202533,true,false,false,true
gaussian_rectangle_d20,20,65536,23,271850,0.0002579182072380351,1.1340269840849626e-6,0.004396847342531187,9.813721375,10.842836083,1.1048648793536795,true,false,false,true
gaussian_rectangle_d20,20,65536,24,271851,4.42951603630351e-5,1.2552250151440236e-7,0.0028337746265199785,9.953658167,10.816448417,1.0866807193420067,true,false,false,true
gaussian_rectangle_d20,20,65536,25,271852,3.19987849494649e-5,1.995521616957388e-6,0.06236241845147806,9.913529791,10.818676917,1.091304222116903,true,false,false,true
gaussian_rectangle_d20,20,65536,26,271853,0.0002913981990119649,1.5738123437620752e-6,0.005400899350436459,10.01118875,10.824178083,1.0812080716188675,true,false,false,true
gaussian_rectangle_d20,20,65536,27,271854,0.0001998454646369649,1.2064378684378124e-6,0.006036853879218137,9.664068166,10.832170208,1.1208706335608851,true,false,false,true
gaussian_rectangle_d20,20,65536,28,271855,0.0002426594181755351,2.790747694637885e-7,0.0011500677433501107,10.16943725,10.789132333,1.0609370083875584,true,false,false,true
gaussian_rectangle_d20,20,65536,29,271856,3.19987849494649e-5,1.3076106282206013e-6,0.04086438376599884,9.905841959,10.781251708,1.0883730784948211,true,false,false,true
gaussian_rectangle_d20,20,65536,3,271830,6.25163630744649e-5,2.099356636907704e-6,0.03358091439847683,9.382408709,10.730748958,1.1437093917798118,true,false,false,true
gaussian_rectangle_d20,20,65536,30,271857,0.0002303630427619649,1.0556738089442103e-6,0.004582652652470138,10.130484625,11.00707925,1.0865303741576924,true,false,false,true
gaussian_rectangle_d20,20,65536,4,271831,7.77751521369649e-5,1.484093661188561e-6,0.019081848384880272,10.260149042,11.068293916,1.0787654127334654,true,false,false,true
gaussian_rectangle_d20,20,65536,5,271832,0.0001235515193244649,1.1781614121962256e-6,0.009535790564438113,10.116109541,10.691639125,1.0568923835460078,true,false,false,true
gaussian_rectangle_d20,20,65536,6,271833,0.0003676921443244649,2.040354629825533e-6,0.005549084094723139,10.297847458,11.039158125,1.0719869535865094,true,false,false,true
gaussian_rectangle_d20,20,65536,7,271834,0.0003982097224494649,3.1837750503679874e-6,0.007995221791130493,10.243102375,10.826872166,1.0569915021473169,true,false,false,true
gaussian_rectangle_d20,20,65536,8,271835,0.0003219157771369649,1.9507351807588474e-7,0.0006059768794521904,10.012709209,11.020426125,1.100643781314872,true,false,false,true
gaussian_rectangle_d20,20,65536,9,271836,7.77751521369649e-5,1.3510237499309713e-7,0.0017370891766971652,9.738047291,11.008143208,1.1304261397635473,true,false,false,true
gaussian_rectangle_d4,4,1024,1,271828,0.0011004653766358008,9.123162928725836e-7,0.0008290277115865272,0.004712792,0.004897208,1.0391309440348735,true,false,false,true
gaussian_rectangle_d4,4,1024,10,271837,0.004758909623364199,7.425467184740686e-7,0.000156032952344479,0.005244,0.005078333,0.9684082761250953,true,true,true,true
gaussian_rectangle_d4,4,1024,11,271838,0.0001239028766358008,3.1119232278831177e-6,0.025115827108924047,0.004970583,0.005132208,1.0325163064372933,true,false,false,true
gaussian_rectangle_d4,4,1024,12,271839,0.0001239028766358008,3.137472720793344e-7,0.0025322032917892683,0.004877667,0.005078208,1.0411141227968208,true,false,false,true
gaussian_rectangle_d4,4,1024,13,271840,0.003053590376635801,2.2883188567912605e-6,0.0007493863205425559,0.004900209,0.005044333,1.029411806720897,true,false,false,true
gaussian_rectangle_d4,4,1024,14,271841,0.003053590376635801,1.5395398109963043e-6,0.0005041736517038821,0.004988417,0.0051345,1.0292844403344787,true,false,false,true
gaussian_rectangle_d4,4,1024,15,271842,0.0011004653766358008,2.6526728075237926e-7,0.00024105009242845948,0.005735792,0.004908375,0.8557449433312785,true,true,true,true
gaussian_rectangle_d4,4,1024,16,271843,0.0001239028766358008,1.1495803056982279e-6,0.009278075997196544,0.004449792,0.004881417,1.0969989159043838,true,false,false,true
gaussian_rectangle_d4,4,1024,17,271844,0.005983277876635801,1.0122862241501718e-6,0.00016918589526036636,0.004482833,0.004945709,1.1032552406034308,true,false,false,true
gaussian_rectangle_d4,4,1024,18,271845,0.007688597123364199,2.866228819925487e-6,0.0003727895705727066,0.004489583,0.004899208,1.0912389858924538,true,false,false,true
gaussian_rectangle_d4,4,1024,19,271846,0.004758909623364199,1.142253428426665e-6,0.0002400241901671534,0.004496834,0.004897708,1.0891458301551713,true,false,false,true
gaussian_rectangle_d4,4,1024,2,271829,0.004030152876635801,3.121355899055045e-6,0.0007745006193563107,0.004538584,0.004856791,1.070111514957088,true,false,false,true
gaussian_rectangle_d4,4,1024,20,271847,0.002805784623364199,2.130685419293732e-6,0.0007593902260177732,0.004499667,0.004929542,1.0955348473564823,true,false,false,true
gaussian_rectangle_d4,4,1024,21,271848,0.0079364028766358,1.438302340811548e-6,0.00018122849396239783,0.004522416,0.004869875,1.0768303933118937,true,false,false,true
gaussian_rectangle_d4,4,1024,22,271849,0.0001239028766358008,1.8555928016084078e-6,0.014976188220897595,0.004523875,0.004926167,1.0889264181702634,true,false,false,true
gaussian_rectangle_d4,4,1024,23,271850,0.004030152876635801,1.2165208394254723e-6,0.00030185476250245175,0.004528084,0.0048915,1.080258228425091,true,false,false,true
gaussian_rectangle_d4,4,1024,24,271851,0.0008526596233641992,9.291564609104075e-7,0.0010897155622830916,0.004500042,0.00490075,1.089045391131905,true,false,false,true
gaussian_rectangle_d4,4,1024,25,271852,0.002077027876635801,3.3649471846419754e-6,0.0016200780078562261,0.004488291,0.0049055,1.0929549799689904,true,false,false,true
gaussian_rectangle_d4,4,1024,26,271853,0.003782347123364199,2.5466121297279543e-6,0.0006732888459647448,0.004475875,0.004929916,1.101441840980814,true,false,false,true
gaussian_rectangle_d4,4,1024,27,271854,0.002077027876635801,2.0100305866133095e-6,0.0009677436731706229,0.004543875,0.004861792,1.0699660532034883,true,false,false,true
gaussian_rectangle_d4,4,1024,28,271855,0.005006715376635801,1.4346576294455016e-6,0.0002865466721236911,0.00450625,0.004871208,1.0809892926490985,true,false,false,true
gaussian_rectangle_d4,4,1024,29,271856,0.002805784623364199,7.489679215710865e-7,0.0002669370682747049,0.0047905,0.005083875,1.061240997808162,true,false,false,true
gaussian_rectangle_d4,4,1024,3,271830,0.003053590376635801,1.4145178668378833e-6,0.00046323104685582774,0.004557584,0.00490625,1.0765023749425133,true,false,false,true
gaussian_rectangle_d4,4,1024,30,271857,0.007688597123364199,1.1019862941885616e-6,0.00014332735562900452,0.005025875,0.005084,1.0115651503469545,true,false,false,true
gaussian_rectangle_d4,4,1024,4,271831,0.0011004653766358008,1.4443286265597433e-6,0.0013124707575763595,0.004474167,0.004894458,1.0939372625116586,true,false,false,true
gaussian_rectangle_d4,4,1024,5,271832,0.0018292221233641992,2.9357245895367257e-7,0.00016049032821325774,0.004583792,0.004921334,1.073638158101415,true,false,false,true
gaussian_rectangle_d4,4,1024,6,271833,0.002077027876635801,2.8866719190279166e-6,0.001389808943586983,0.004540958,0.004895875,1.0781590580666018,true,false,false,true
gaussian_rectangle_d4,4,1024,7,271834,0.0001239028766358008,1.6423650675834178e-6,0.013255261800022396,0.004543208,0.004971375,1.0942433188178926,true,false,false,true
gaussian_rectangle_d4,4,1024,8,271835,0.002805784623364199,4.1799058430325164e-6,0.0014897457945366864,0.00496425,0.005076625,1.0226368535025432,true,false,false,true
gaussian_rectangle_d4,4,1024,9,271836,0.002805784623364199,1.6403123141162101e-6,0.0005846180424744927,0.004939875,0.005114375,1.0353247804853363,true,false,false,true
gaussian_rectangle_d4,4,16384,1,271828,0.0007916244671141992,2.6392840801747752e-8,3.334010240734555e-5,0.082470917,0.083456167,1.0119466356849165,true,false,false,true
gaussian_rectangle_d4,4,16384,10,271837,0.0004901138141358008,1.8555146696908054e-8,3.785885270266386e-5,0.078038458,0.08195275,1.0501585000564722,true,false,false,true
gaussian_rectangle_d4,4,16384,11,271838,0.0002423080608641992,2.1169896280426315e-8,8.736769303061245e-5,0.078028459,0.110957125,1.4220084110593547,true,false,false,true
gaussian_rectangle_d4,4,16384,12,271839,0.0006121841266358008,3.6565806382782284e-8,5.97300792226126e-5,0.078362917,0.238811167,3.047502264368234,true,false,false,true
gaussian_rectangle_d4,4,16384,13,271840,6.28677203858008e-5,5.596463154011744e-9,8.901966095904047e-5,0.078512875,0.081895792,1.0430874171911295,true,false,false,true
gaussian_rectangle_d4,4,16384,14,271841,5.9202592114199204e-5,7.223188985827633e-8,0.0012200798525669988,0.087554958,0.082375958,0.940848581070646,true,true,true,true
gaussian_rectangle_d4,4,16384,15,271842,0.0012835708453858008,1.4318007557356793e-8,1.11548245340936e-5,0.076925125,0.080062458,1.040784243119527,true,false,false,true
gaussian_rectangle_d4,4,16384,16,271843,0.0010357650921141992,1.1619545242647078e-8,1.1218320960140984e-5,0.105304667,0.081577917,0.7746847250369254,true,true,true,true
gaussian_rectangle_d4,4,16384,17,271844,0.0014666763141358008,2.552113703702119e-8,1.7400660794102226e-5,0.228631417,0.082286625,0.35990952634475426,true,true,true,true
gaussian_rectangle_d4,4,16384,18,271845,0.0004254135296141992,3.73656722230109e-9,8.783376555253718e-6,0.077796209,0.083209958,1.0695888536162474,true,false,false,true
gaussian_rectangle_d4,4,16384,19,271846,0.0005474838421141992,5.656243307061715e-9,1.0331342903599122e-5,0.08121975,0.0824185,1.0147593411700973,true,false,false,true
gaussian_rectangle_d4,4,16384,2,271829,0.0003643783733641992,4.503962985902277e-8,0.0001236067592134654,0.081205083,0.083803,1.0319920490691452,true,false,false,true
gaussian_rectangle_d4,4,16384,20,271847,0.0001849380328858008,4.34725010711734e-8,0.00023506522910848553,0.07776375,0.081749791,1.0512583433797882,true,false,false,true
gaussian_rectangle_d4,4,16384,21,271848,0.0001239028766358008,2.854473021840498e-8,0.00023037988296518045,0.074724625,0.080372833,1.0755869701587664,true,false,false,true
gaussian_rectangle_d4,4,16384,22,271849,6.28677203858008e-5,8.715106664114458e-9,0.00013862609635966437,0.232180584,0.09999825,0.4306916981481966,true,true,true,true
gaussian_rectangle_d4,4,16384,23,271850,5.9202592114199204e-5,7.69392547173009e-8,0.0012995926693359719,0.079812792,0.081536291,1.0215942702518164,true,false,false,true
gaussian_rectangle_d4,4,16384,24,271851,0.0007305893108641992,1.0872407255058114e-7,0.0001488169494595721,0.080490583,0.081892875,1.0174218144251732,true,false,false,true
gaussian_rectangle_d4,4,16384,25,271852,0.0012188705608641992,1.2886327310779322e-8,1.0572350932524537e-5,0.0803955,0.081563458,1.0145276539109778,true,false,false,true
gaussian_rectangle_d4,4,16384,26,271853,0.0001202377483641992,4.9615442698769385e-8,0.00041264447624621677,0.07943275,0.082292042,1.035996386880726,true,false,false,true
gaussian_rectangle_d4,4,16384,27,271854,0.0003033432171141992,1.868581528396973e-8,6.159958169407529e-5,0.0796875,0.110508708,1.3867759435294118,true,false,false,true
gaussian_rectangle_d4,4,16384,28,271855,0.0004254135296141992,1.9810192986025044e-8,4.6566908682924574e-5,0.077532708,0.232237333,2.99534659617461,true,false,false,true
gaussian_rectangle_d4,4,16384,29,271856,0.0004901138141358008,5.471969166670476e-8,0.00011164690749064057,0.079561375,0.08219875,1.033148936905628,true,false,false,true
gaussian_rectangle_d4,4,16384,3,271830,0.0001812729046141992,1.4425678984686385e-9,7.957989648474146e-6,0.082220833,0.082148334,0.9991182405072448,true,true,true,true
gaussian_rectangle_d4,4,16384,30,271857,0.0001202377483641992,7.819664027408635e-9,6.503501715387195e-5,0.079027,0.081160125,1.0269923570425297,true,false,false,true
gaussian_rectangle_d4,4,16384,4,271831,0.0003680435016358008,2.376576813123421e-8,6.457325839365517e-5,0.080069708,0.081906917,1.0229451192703236,true,false,false,true
gaussian_rectangle_d4,4,16384,5,271832,0.0006732192828858008,5.1106287785041005e-8,7.591328573651423e-5,0.07906625,0.082062792,1.037899128895072,true,false,false,true
gaussian_rectangle_d4,4,16384,6,271833,0.0001812729046141992,2.6410678505284224e-8,0.00014569567670079394,0.234394375,0.111217416,0.4744884172241762,true,true,true,true
gaussian_rectangle_d4,4,16384,7,271834,5.9202592114199204e-5,6.8946511250223e-8,0.0011645860221327505,0.080623875,0.081562667,1.0116440942586797,true,false,false,true
gaussian_rectangle_d4,4,16384,8,271835,0.0001812729046141992,1.9366230979978027e-8,0.0001068346701962708,0.082589042,0.082047542,0.9934434401115828,true,true,true,true
gaussian_rectangle_d4,4,16384,9,271836,0.0006732192828858008,6.109104250251463e-8,9.074464153885146e-5,0.078335167,0.082752166,1.056385901366624,true,false,false,true
gaussian_rectangle_d4,4,256,1,271828,0.0018292221233641992,1.2305771073667371e-5,0.006727324646082516,0.001289084,0.001299708,1.0082415110264342,true,false,false,true
gaussian_rectangle_d4,4,256,10,271837,0.0098895278766358,2.8053304498565357e-5,0.0028366677204926865,0.001177666,0.001255833,1.066374506863576,true,false,false,true
gaussian_rectangle_d4,4,256,11,271838,0.0137957778766358,5.596233219412605e-6,0.00040564825481064404,0.001182167,0.001251583,1.0587192841620514,true,false,false,true
gaussian_rectangle_d4,4,256,12,271839,0.005735472123364199,1.60420060025257e-5,0.0027969809036603073,0.001181958,0.001239125,1.0483663548112538,true,false,false,true
gaussian_rectangle_d4,4,256,13,271840,0.005735472123364199,1.6432157442403117e-5,0.002865005197299201,0.001203334,0.001241042,1.031336270727828,true,false,false,true
gaussian_rectangle_d4,4,256,14,271841,0.0096417221233642,1.033677636239072e-5,0.0010720881840539916,0.001179,0.001246542,1.057287531806616,true,false,false,true
gaussian_rectangle_d4,4,256,15,271842,0.0137957778766358,2.0578477370525317e-5,0.0014916503842365087,0.001218667,0.001293333,1.061268582803998,true,false,false,true
gaussian_rectangle_d4,4,256,16,271843,0.002077027876635801,5.163917595002454e-6,0.002486205242159072,0.001220042,0.001248584,1.0233942765904782,true,false,false,true
gaussian_rectangle_d4,4,256,17,271844,0.0216082778766358,9.665215667892246e-6,0.00044729227026198473,0.001185084,0.001277375,1.0778771800142437,true,false,false,true
gaussian_rectangle_d4,4,256,18,271845,0.005735472123364199,1.5705506886676268e-7,2.7383110838770923e-5,0.001275708,0.001279416,1.0029066212644273,true,false,false,true
gaussian_rectangle_d4,4,256,19,271846,0.0018292221233641992,8.12287375748233e-6,0.004440616398484844,0.001274167,0.001282834,1.00680209109167,true,false,false,true
gaussian_rectangle_d4,4,256,2,271829,0.002077027876635801,2.387368414100144e-5,0.011494156823581046,0.001182417,0.001320166,1.1164978176058022,true,false,false,true
gaussian_rectangle_d4,4,256,20,271847,0.005983277876635801,1.6388331326111505e-5,0.0027390222657227015,0.001273625,0.001302292,1.022508195112376,true,false,false,true
gaussian_rectangle_d4,4,256,21,271848,0.0018292221233641992,8.071736014553244e-6,0.0044126603934289705,0.001275,0.001282083,1.005555294117647,true,false,false,true
gaussian_rectangle_d4,4,256,22,271849,0.005983277876635801,4.134209627471019e-6,0.0006909606594764321,0.001233291,0.001278833,1.0369272134475966,true,false,false,true
gaussian_rectangle_d4,4,256,23,271850,0.0098895278766358,1.1627859173968247e-5,0.0011757749529620405,0.00118225,0.001260042,1.0657999577077608,true,false,false,true
gaussian_rectangle_d4,4,256,24,271851,0.005983277876635801,2.6922242260224438e-5,0.004499580800910742,0.001181291,0.001257458,1.0644777620416985,true,false,false,true
gaussian_rectangle_d4,4,256,25,271852,0.005735472123364199,2.3543603219072784e-5,0.0041049111063001815,0.001198208,0.001249,1.0423899690204037,true,false,false,true
gaussian_rectangle_d4,4,256,26,271853,0.005735472123364199,5.049619207192491e-6,0.0008804191003949271,0.001185125,0.001253583,1.057764370846957,true,false,false,true
gaussian_rectangle_d4,4,256,27,271854,0.005735472123364199,9.566074228140042e-6,0.0016678791252722478,0.001185584,0.001256,1.0593935140825113,true,false,false,true
gaussian_rectangle_d4,4,256,28,271855,0.0096417221233642,9.623906866734755e-6,0.000998152274417215,0.001182208,0.001244291,1.0525144475422261,true,false,false,true
gaussian_rectangle_d4,4,256,29,271856,0.005983277876635801,7.953337107208247e-6,0.0013292608618873214,0.001188666,0.001249917,1.051529193230058,true,false,false,true
gaussian_rectangle_d4,4,256,3,271830,0.0135479721233642,9.702497777874797e-6,0.0007161586759646724,0.00115525,0.001249917,1.0819450335425231,true,false,false,true
gaussian_rectangle_d4,4,256,30,271857,0.0098895278766358,2.3241275203922385e-5,0.0023500894576403736,0.001198708,0.001257667,1.0491854563413276,true,false,false,true
gaussian_rectangle_d4,4,256,4,271831,0.0096417221233642,3.8135720853704758e-6,0.0003955281055164698,0.001186042,0.00123825,1.0440186772475173,true,false,false,true
gaussian_rectangle_d4,4,256,5,271832,0.002077027876635801,3.8454306873214605e-6,0.0018514102437324884,0.001207208,0.001302875,1.0792464927336465,true,false,false,true
gaussian_rectangle_d4,4,256,6,271833,0.0137957778766358,3.11584889014227e-5,0.0022585525209268533,0.001287083,0.001293125,1.004694335951916,true,false,false,true
gaussian_rectangle_d4,4,256,7,271834,0.0137957778766358,5.592984462066131e-6,0.00040541276556346095,0.001241042,0.001264458,1.018868015748057,true,false,false,true
gaussian_rectangle_d4,4,256,8,271835,0.0096417221233642,1.1345156235853526e-5,0.0011766732219300844,0.001194667,0.001240083,1.0380156143929646,true,false,false,true
gaussian_rectangle_d4,4,256,9,271836,0.005735472123364199,8.453756364379394e-8,1.4739425425749883e-5,0.00118875,0.001243209,1.0458119873817036,true,false,false,true
gaussian_rectangle_d4,4,4096,1,271828,0.0001202377483641992,3.9389876912987454e-7,0.00327599921396364,0.018291792,0.019691959,1.076546190772342,true,false,false,true
gaussian_rectangle_d4,4,4096,10,271837,0.0003680435016358008,4.1167728231927825e-7,0.0011185560415808006,0.0203915,0.020817125,1.0208726675330406,true,false,false,true
gaussian_rectangle_d4,4,4096,11,271838,0.0008563247516358008,6.441165137371918e-7,0.0007521871959286047,0.02048625,0.019978125,0.9751967783269265,true,true,true,true
gaussian_rectangle_d4,4,4096,12,271839,0.0018328872516358008,6.809678285146781e-8,3.7152739641073573e-5,0.018597625,0.020008041,1.0758385008838496,true,false,false,true
gaussian_rectangle_d4,4,4096,13,271840,0.0006121841266358008,6.949198094741149e-8,0.00011351483634392484,0.018594584,0.019894583,1.0699127767526286,true,false,false,true
gaussian_rectangle_d4,4,4096,14,271841,0.0006085189983641992,1.0972592406899295e-7,0.00018031634897834674,0.018663583,0.019920625,1.067352662133525,true,false,false,true
gaussian_rectangle_d4,4,4096,15,271842,0.003541871626635801,3.917086500160316e-7,0.0001105936892433594,0.02058475,0.01993325,0.9683503564531996,true,true,true,true
gaussian_rectangle_d4,4,4096,16,271843,0.002805784623364199,5.859832796772935e-8,2.088482753799849e-5,0.018613917,0.019840875,1.065916163696228,true,false,false,true
gaussian_rectangle_d4,4,4096,17,271844,0.0008526596233641992,3.4436864973508285e-7,0.000403875872973044,0.018562916,0.020608792,1.1102130721272456,true,false,false,true
gaussian_rectangle_d4,4,4096,18,271845,0.0001239028766358008,8.112281099648122e-8,0.0006547290361541242,0.018704667,0.019963167,1.0672826733563339,true,false,false,true
gaussian_rectangle_d4,4,4096,19,271846,0.0001239028766358008,7.514067693059623e-8,0.0006064482033896935,0.018600917,0.020038583,1.0772900604846523,true,false,false,true
gaussian_rectangle_d4,4,4096,2,271829,0.004030152876635801,2.1418148365981438e-7,5.314475411131399e-5,0.018218416,0.01968575,1.0805412501284413,true,false,false,true
gaussian_rectangle_d4,4,4096,20,271847,0.0018292221233641992,1.5370499098499302e-7,8.402751586139124e-5,0.018739583,0.020498083,1.0938388010021354,true,false,false,true
gaussian_rectangle_d4,4,4096,21,271848,0.0015850814983641992,1.1986423881227282e-7,7.562023715245712e-5,0.018645959,0.020627125,1.106251762111029,true,false,false,true
gaussian_rectangle_d4,4,4096,22,271849,0.0013409408733641992,6.455108955694122e-8,4.813865461121578e-5,0.0187245,0.019853209,1.0602797938529733,true,false,false,true
gaussian_rectangle_d4,4,4096,23,271850,0.0013409408733641992,1.9059279840472065e-7,0.0001421336333246035,0.019143625,0.019885916,1.0387748401883132,true,false,false,true
gaussian_rectangle_d4,4,4096,24,271851,0.003538206498364199,4.6884775728450734e-8,1.3251000400945149e-5,0.018421458,0.020592292,1.117842681073344,true,false,false,true
gaussian_rectangle_d4,4,4096,25,271852,0.0006121841266358008,2.807378115254888e-7,0.00045858394445517,0.018957916,0.020242958,1.06778392730509,true,false,false,true
gaussian_rectangle_d4,4,4096,26,271853,0.0010968002483641992,6.409355171599351e-8,5.843685011157187e-5,0.019222125,0.019880875,1.0342704045468438,true,false,false,true
gaussian_rectangle_d4,4,4096,27,271854,0.0006121841266358008,9.394044792054856e-9,1.5345129648622106e-5,0.018836375,0.020262625,1.0757178597261947,true,false,false,true
gaussian_rectangle_d4,4,4096,28,271855,0.0003643783733641992,1.243856935229104e-7,0.0003413640946209117,0.018674166,0.020296125,1.0868557664101306,true,false,false,true
gaussian_rectangle_d4,4,4096,29,271856,0.0003643783733641992,1.235814842126537e-7,0.00033915702260719236,0.018991167,0.02004275,1.0553722159359666,true,false,false,true
gaussian_rectangle_d4,4,4096,3,271830,0.0006085189983641992,8.248257063470099e-8,0.00013554641819964197,0.018768167,0.019989667,1.065083606726219,true,false,false,true
gaussian_rectangle_d4,4,4096,30,271857,0.0006121841266358008,6.705483504565457e-8,0.000109533769544382,0.018952584,0.020056416,1.0582417679826666,true,false,false,true
gaussian_rectangle_d4,4,4096,4,271831,0.002805784623364199,4.72469570883538e-7,0.0001683912467654186,0.018689416,0.020100833,1.0755195881990105,true,false,false,true
gaussian_rectangle_d4,4,4096,5,271832,0.0013409408733641992,3.501680737039159e-8,2.6113610276149018e-5,0.018117584,0.0197075,1.0877554093305155,true,false,false,true
gaussian_rectangle_d4,4,4096,6,271833,0.0010968002483641992,4.1220866736635386e-7,0.0003758283862363582,0.020157208,0.019744333,0.9795172525877591,true,true,true,true
gaussian_rectangle_d4,4,4096,7,271834,0.0001202377483641992,1.7567873586421534e-7,0.0014610946915945716,0.018319959,0.019798916,1.0807292745578743,true,false,false,true
gaussian_rectangle_d4,4,4096,8,271835,0.0006085189983641992,2.943942609412442e-7,0.0004837881179266797,0.019490042,0.020065625,1.0295321580117682,true,false,false,true
gaussian_rectangle_d4,4,4096,9,271836,0.0003643783733641992,1.682705866035139e-7,0.0004618017942445944,0.01954875,0.02062475,1.0550418824733039,true,false,false,true
gaussian_rectangle_d4,4,65536,1,271828,1.3426224926699204e-5,3.256615282998254e-9,0.00024255628821785895,0.3993135,0.3896015,0.9756782578099663,true,true,true,true
gaussian_rectangle_d4,4,65536,10,271837,1.832564135800796e-6,4.009447385211473e-9,0.0021878892568523503,0.406626708,0.359618583,0.8843948907556756,true,true,true,true
gaussian_rectangle_d4,4,65536,11,271838,1.832564135800796e-6,8.667720652333344e-9,0.0047298320877297495,0.532127667,0.391412584,0.7355614230823296,true,true,true,true
gaussian_rectangle_d4,4,65536,12,271839,0.0002307144000733008,8.546558766253654e-9,3.704388960350245e-5,0.408011292,0.514183291,1.260218285821364,true,false,false,true
gaussian_rectangle_d4,4,65536,13,271840,0.0002880844280516992,4.250388763171742e-9,1.4753969146881391e-5,0.531908625,0.388462958,0.7303189678490362,true,true,true,true
gaussian_rectangle_d4,4,65536,14,271841,0.0001507553264891992,9.987298765778974e-10,6.6248397309494125e-6,0.384142542,0.512552083,1.3342757621466461,true,false,false,true
gaussian_rectangle_d4,4,65536,15,271842,3.2350142260800796e-5,8.49995931972991e-9,0.0002627487462405831,0.562689541,0.361554459,0.6425469688977211,true,true,true,true
gaussian_rectangle_d4,4,65536,16,271843,0.0003833022906983008,1.6623185050690381e-9,4.336834256953235e-6,0.529462625,0.385856167,0.7287694140828166,true,true,true,true
gaussian_rectangle_d4,4,65536,17,271844,7.81265094483008e-5,5.154869919810068e-9,6.598106015757988e-5,0.559442875,0.361488583,0.6461581676234592,true,true,true,true
gaussian_rectangle_d4,4,65536,18,271845,5.9202592114199204e-5,9.84221398825369e-10,1.6624633545214526e-5,0.380218542,0.538575417,1.4164890911606305,true,false,false,true
gaussian_rectangle_d4,4,65536,19,271846,3.2350142260800796e-5,4.535514352976833e-9,0.00014020075449475196,0.544035667,0.358246334,0.6584978811692507,true,true,true,true
gaussian_rectangle_d4,4,65536,2,271829,0.0003527847125733008,5.627147053877124e-9,1.595065447374772e-5,0.411912916,0.511687,1.2422213048546407,true,false,false,true
gaussian_rectangle_d4,4,65536,20,271847,0.0003375259235108008,8.563433018249356e-10,2.5371186097874127e-6,0.40494725,0.541652792,1.3375885180106795,true,false,false,true
gaussian_rectangle_d4,4,65536,21,271848,0.0001660141155516992,8.585904459623706e-9,5.171791826912411e-5,0.509041875,0.388953708,0.7640898069535046,true,true,true,true
gaussian_rectangle_d4,4,65536,22,271849,0.0001965316936766992,1.7658833839639954e-9,8.985234650594976e-6,0.380439875,0.517887459,1.3612859561579869,true,false,false,true
gaussian_rectangle_d4,4,65536,23,271850,0.0005017074749266992,2.654650943512138e-10,5.291232593056322e-7,0.561329708,0.392364208,0.6989906331485309,true,true,true,true
gaussian_rectangle_d4,4,65536,24,271851,8.97201702391992e-5,4.3595473897539705e-9,4.8590493956165745e-5,0.383161292,0.516208917,1.3472366018642616,true,false,false,true
gaussian_rectangle_d4,4,65536,25,271852,1.7091353198300796e-5,3.222078159836883e-9,0.0001885209510594643,0.504584916,0.360164958,0.713784630850915,true,true,true,true
gaussian_rectangle_d4,4,65536,26,271853,0.0002880844280516992,4.552528132251155e-9,1.5802756723227556e-5,0.406891042,0.548032208,1.3468770541279205,true,false,false,true
gaussian_rectangle_d4,4,65536,27,271854,0.0002459731891358008,3.3495731188715183e-10,1.3617635038354657e-6,0.536642583,0.387893708,0.7228157441989653,true,true,true,true
gaussian_rectangle_d4,4,65536,28,271855,0.0003222671344483008,9.353851859739137e-10,2.9025149820977833e-6,0.382581083,0.51547775,1.3473686308739943,true,false,false,true
gaussian_rectangle_d4,4,65536,29,271856,0.0001965316936766992,3.1051044790952886e-9,1.5799510099390295e-5,0.561955375,0.393260459,0.6998072738426961,true,true,true,true
gaussian_rectangle_d4,4,65536,3,271830,0.0004595962360108008,7.380302369242031e-9,1.6058230661986078e-5,0.53449825,0.384282459,0.7189592463586177,true,true,true,true
gaussian_rectangle_d4,4,65536,30,271857,1.3426224926699204e-5,2.0423069624353474e-9,0.00015211326888871378,0.384098584,0.519977917,1.353761608764483,true,false,false,true
gaussian_rectangle_d4,4,65536,4,271831,0.0002117904827391992,3.79753170576258e-9,1.793060602462905e-5,0.383459584,0.503702167,1.313573028337714,true,false,false,true
gaussian_rectangle_d4,4,65536,5,271832,0.0002270492718016992,9.872280770650832e-10,4.348078587661407e-6,0.561487,0.389457125,0.6936173500009796,true,true,true,true
gaussian_rectangle_d4,4,65536,6,271833,0.0001507553264891992,7.532406504084932e-9,4.996444689219381e-5,0.380101083,0.511057708,1.3445310493893017,true,false,false,true
gaussian_rectangle_d4,4,65536,7,271834,8.97201702391992e-5,2.9470573204015693e-10,3.284721052740474e-6,0.46269225,0.357914333,0.7735472833184476,true,true,true,true
gaussian_rectangle_d4,4,65536,8,271835,0.0001696792438233008,5.6625721889247416e-9,3.3372214899905994e-5,0.4048,0.508335625,1.255769824604743,true,false,false,true
gaussian_rectangle_d4,4,65536,9,271836,6.28677203858008e-5,2.8233499982377452e-9,4.4909374491578074e-5,0.43579375,0.545181167,1.25100731022416,true,false,false,true
gaussian_rectangle_d5,5,1024,1,271828,0.003113456325188252,3.190876989217495e-6,0.0010248664686261697,0.006288542,0.007838541,1.2464798676704392,true,false,false,true
gaussian_rectangle_d5,5,1024,10,271837,0.0007927936748117481,7.109331951471454e-7,0.0008967442825725863,0.006714209,0.008079166,1.2032937908248016,true,false,false,true
gaussian_rectangle_d5,5,1024,11,271838,0.0007927936748117481,3.7691605059841926e-6,0.004754276712511858,0.00782225,0.007764791,0.9926544152897185,true,true,true,true
gaussian_rectangle_d5,5,1024,12,271839,0.00018376882518825188,3.5405260919996184e-6,0.01926619538636502,0.00626575,0.007973875,1.272613015201692,true,false,false,true
gaussian_rectangle_d5,5,1024,13,271840,0.00018376882518825188,7.685237940951994e-6,0.04182013969496336,0.006263958,0.0077605,1.238913160017995,true,false,false,true
gaussian_rectangle_d5,5,1024,14,271841,0.002745918674811748,2.203503681019736e-6,0.000802465018804973,0.006226375,0.007740208,1.2431323201702436,true,false,false,true
gaussian_rectangle_d5,5,1024,15,271842,0.005675606174811748,9.615062390472273e-6,0.0016941031661329446,0.006167625,0.00773275,1.2537646176607689,true,false,false,true
gaussian_rectangle_d5,5,1024,16,271843,0.0007927936748117481,2.2565561818843616e-6,0.002846334744560354,0.006165292,0.007759167,1.2585238460724975,true,false,false,true
gaussian_rectangle_d5,5,1024,17,271844,0.010925956325188252,8.313357508837882e-6,0.0007608814516009558,0.006183916,0.007736667,1.2510950989631813,true,false,false,true
gaussian_rectangle_d5,5,1024,18,271845,0.0017693561748117481,4.7633661826029794e-7,0.0002692146584398012,0.006215583,0.007754083,1.247523040075243,true,false,false,true
gaussian_rectangle_d5,5,1024,19,271846,0.0007927936748117481,1.7788647210803532e-7,0.00022437927768567925,0.006178959,0.00779275,1.261175223852432,true,false,false,true
gaussian_rectangle_d5,5,1024,2,271829,0.002136893825188252,1.0225266760865992e-5,0.00478510754270404,0.00623875,0.007846,1.2576237227008615,true,false,false,true
gaussian_rectangle_d5,5,1024,20,271847,0.002745918674811748,7.391380958343685e-6,0.002691769798626835,0.006214583,0.007772375,1.2506671807263656,true,false,false,true
gaussian_rectangle_d5,5,1024,21,271848,0.002745918674811748,1.1531321314484089e-6,0.0004199440216587857,0.006187041,0.007730958,1.2495404507582866,true,false,false,true
gaussian_rectangle_d5,5,1024,22,271849,0.006043143825188252,8.366735401887926e-6,0.0013845004593494499,0.006739166,0.007804083,1.1580191080023847,true,false,false,true
gaussian_rectangle_d5,5,1024,23,271850,0.0007927936748117481,1.749612832752101e-6,0.0022068955496744513,0.006797291,0.008096959,1.1912038192862424,true,false,false,true
gaussian_rectangle_d5,5,1024,24,271851,0.00018376882518825188,7.392037245090854e-7,0.004022465310706801,0.006826667,0.00813875,1.1921996488183766,true,false,false,true
gaussian_rectangle_d5,5,1024,25,271852,0.007019706325188252,2.20285089438943e-6,0.00031380955161686977,0.006776333,0.0080545,1.1886222238487985,true,false,false,true
gaussian_rectangle_d5,5,1024,26,271853,0.002136893825188252,1.8379835010906564e-6,0.000860119243841578,0.006856583,0.008211708,1.1976385321959933,true,false,false,true
gaussian_rectangle_d5,5,1024,27,271854,0.0011603313251882519,3.669142808138126e-6,0.0031621509550669464,0.006775791,0.008100333,1.1954815312337703,true,false,false,true
gaussian_rectangle_d5,5,1024,28,271855,0.009949393825188252,3.014651192234652e-6,0.00030299847862114474,0.006804959,0.008116125,1.192678016134998,true,false,false,true
gaussian_rectangle_d5,5,1024,29,271856,0.003722481174811748,2.041948429620799e-6,0.0005485449982763347,0.006791583,0.008149291,1.1999103890801304,true,false,false,true
gaussian_rectangle_d5,5,1024,3,271830,0.00018376882518825188,1.156387057860142e-6,0.0062926182211566345,0.00622675,0.007885292,1.266357570160999,true,false,false,true
gaussian_rectangle_d5,5,1024,30,271857,0.0007927936748117481,2.859629842366651e-6,0.0036070290836334954,0.006771083,0.008132209,1.2010204276036787,true,false,false,true
gaussian_rectangle_d5,5,1024,4,271831,0.0007927936748117481,3.7119186941381166e-6,0.004682074052898474,0.006171708,0.007843125,1.270819196241948,true,false,false,true
gaussian_rectangle_d5,5,1024,5,271832,0.002745918674811748,5.2859903814928e-6,0.0019250353005648253,0.006187208,0.0077785,1.2571906423705168,true,false,false,true
gaussian_rectangle_d5,5,1024,6,271833,0.010925956325188252,2.6393173643279866e-6,0.00024156396802021006,0.006122875,0.007838125,1.2801380070636752,true,false,false,true
gaussian_rectangle_d5,5,1024,7,271834,0.0007927936748117481,2.320594364224604e-6,0.002927110089236822,0.0066925,0.008221667,1.22848965259619,true,false,false,true
gaussian_rectangle_d5,5,1024,8,271835,0.009581856174811748,9.784306086113581e-6,0.0010211284648410839,0.006714167,0.008105417,1.2072111104772938,true,false,false,true
gaussian_rectangle_d5,5,1024,9,271836,0.005066581325188252,2.3900425906719924e-6,0.0004717268780015465,0.006736334,0.008111834,1.2041911817317847,true,false,false,true
gaussian_rectangle_d5,5,16384,1,271828,0.00024347726856174812,2.557651230528091e-7,0.0010504681794881589,0.109008959,0.129777625,1.1905225606273335,true,false,false,true
gaussian_rectangle_d5,5,16384,10,271837,0.0002448039814382519,8.37151172827788e-8,0.00034196795652972125,0.107197541,0.129107541,1.2043890167219413,true,false,false,true
gaussian_rectangle_d5,5,16384,11,271838,0.0012200397685617481,2.8200624557772613e-8,2.311451256299383e-5,0.107654167,0.127198375,1.1815462284892326,true,false,false,true
gaussian_rectangle_d5,5,16384,12,271839,0.0008551555439382519,1.720530246052121e-8,2.011950057797152e-5,0.256676916,0.147251458,0.5736840706002562,true,true,true,true
gaussian_rectangle_d5,5,16384,13,271840,0.0003058391376882519,2.7905978305931e-8,9.124397392977264e-5,0.110565584,0.129664542,1.172738724918235,true,false,false,true
gaussian_rectangle_d5,5,16384,14,271841,6.037179981174812e-5,2.39104587240746e-8,0.00039605343552175695,0.10594175,0.133176792,1.2570756288243303,true,false,false,true
gaussian_rectangle_d5,5,16384,15,271842,0.0006110149189382519,1.2487028994145888e-8,2.0436536992982662e-5,0.10769425,0.158544458,1.4721719868980934,true,false,false,true
gaussian_rectangle_d5,5,16384,16,271843,0.0014031452373117481,1.9263625339327461e-7,0.00013728889089367665,0.106537959,0.282469291,2.6513488117413626,true,false,false,true
gaussian_rectangle_d5,5,16384,17,271844,0.00018376882518825188,3.403094009368779e-8,0.00018518342302524196,0.1061385,0.129160583,1.2169060519980968,true,false,false,true
gaussian_rectangle_d5,5,16384,18,271845,0.0006707233623117481,6.481266567881505e-8,9.663099471506185e-5,0.107313416,0.129869167,1.2101857516118955,true,false,false,true
gaussian_rectangle_d5,5,16384,19,271846,0.0004876178935617481,8.130945322593064e-8,0.00016674829676986463,0.113686709,0.127840458,1.1244978337793206,true,false,false,true
gaussian_rectangle_d5,5,16384,2,271829,0.00018244211231174812,5.898256077996322e-8,0.00032329466060542384,0.114194417,0.131054542,1.14764403937541,true,false,false,true
gaussian_rectangle_d5,5,16384,20,271847,0.0007330852314382519,5.880428005644589e-8,8.02147929526241e-5,0.106174833,0.299376833,2.8196590900218323,true,false,false,true
gaussian_rectangle_d5,5,16384,21,271848,0.0003045124248117481,1.0397609592760482e-7,0.0003414510786936974,0.106053,0.129660792,1.22260371700942,true,false,false,true
gaussian_rectangle_d5,5,16384,22,271849,0.00012273366893825188,4.18140054525562e-8,0.00034068895531504974,0.107200541,0.129170416,1.2049418295379686,true,false,false,true
gaussian_rectangle_d5,5,16384,23,271850,0.0009772258564382519,7.44996731527614e-8,7.623588002910034e-5,0.107265167,0.130274125,1.214505404163497,true,false,false,true
gaussian_rectangle_d5,5,16384,24,271851,0.00018244211231174812,5.8304138073062006e-8,0.0003195760964082391,0.259057959,0.158653708,0.6124255306126302,true,true,true,true
gaussian_rectangle_d5,5,16384,25,271852,6.037179981174812e-5,4.0531984518699105e-8,0.0006713728039430049,0.106415542,0.129880333,1.2205015410249,true,false,false,true
gaussian_rectangle_d5,5,16384,26,271853,0.0009161907001882519,1.444777826820065e-7,0.00015769400699256205,0.106705458,0.130890542,1.226652735982821,true,false,false,true
gaussian_rectangle_d5,5,16384,27,271854,0.0004265827373117481,9.392329097801522e-8,0.000220176023928919,0.106962542,0.1520065,1.4211189932266195,true,false,false,true
gaussian_rectangle_d5,5,16384,28,271855,0.00012140695606174812,7.680928199027548e-9,6.326596472051399e-5,0.106563625,0.280179042,2.629218384791246,true,false,false,true
gaussian_rectangle_d5,5,16384,29,271856,0.00018376882518825188,1.1675318462023299e-8,6.35326391735005e-5,0.106284959,0.129818334,1.2214177360693155,true,false,false,true
gaussian_rectangle_d5,5,16384,3,271830,0.00012140695606174812,5.356823923330367e-8,0.00044122874809626744,0.110429125,0.129750417,1.1749655446423215,true,false,false,true
gaussian_rectangle_d5,5,16384,30,271857,0.0002448039814382519,6.408907632371452e-8,0.00026179752448135746,0.107794417,0.12959475,1.2022399082134283,true,false,false,true
gaussian_rectangle_d5,5,16384,4,271831,0.00012273366893825188,5.800521998833297e-8,0.00047261049465991095,0.113657667,0.129841916,1.1423946965232006,true,false,false,true
gaussian_rectangle_d5,5,16384,5,271832,6.633564382518831e-7,1.1315583989257583e-7,0.17058075171588133,0.249564375,0.130628208,0.523424899888055,true,true,true,true
gaussian_rectangle_d5,5,16384,6,271833,0.00012140695606174812,2.1181625009525362e-8,0.00017446796869490983,0.109434084,0.132479583,1.2105879462563054,true,false,false,true
gaussian_rectangle_d5,5,16384,7,271834,6.037179981174812e-5,1.3055806244444135e-7,0.0021625670073038847,0.107447333,0.129754834,1.2076133523016341,true,false,false,true
gaussian_rectangle_d5,5,16384,8,271835,0.0006096882060617481,9.711014115065808e-8,0.00015927836586824667,0.28511975,0.130081583,0.45623490831483965,true,true,true,true
gaussian_rectangle_d5,5,16384,9,271836,0.0004889446064382519,2.1625075491416013e-7,0.00044228068387838966,0.106102666,0.13314775,1.2548954236456227,true,false,false,true
gaussian_rectangle_d5,5,256,1,271828,0.018370918674811748,2.3804827471080037e-5,0.0012957886261680907,0.0017155,0.002031375,1.1841299912561936,true,false,false,true
gaussian_rectangle_d5,5,256,10,271837,0.002745918674811748,2.7704314954662967e-5,0.010089270016914209,0.001618666,0.002027375,1.2524974268935039,true,false,false,true
gaussian_rectangle_d5,5,256,11,271838,0.005066581325188252,3.62971076225127e-5,0.007164023488987234,0.001616667,0.002003166,1.2390714970986603,true,false,false,true
gaussian_rectangle_d5,5,256,12,271839,0.014464668674811748,1.0314301279928939e-5,0.0007130686164896325,0.0016985,0.00202225,1.19060936120106,true,false,false,true
gaussian_rectangle_d5,5,256,13,271840,0.010558418674811748,2.5342832271652016e-5,0.0024002488490165756,0.001724416,0.002059791,1.1944861332764252,true,false,false,true
gaussian_rectangle_d5,5,256,14,271841,0.002745918674811748,1.9270953608346852e-5,0.00701803508789932,0.001730042,0.002036708,1.1772592804105333,true,false,false,true
gaussian_rectangle_d5,5,256,15,271842,0.016785331325188252,3.2464537003562555e-5,0.0019341016495066686,0.001699875,0.002038459,1.1991817045370983,true,false,false,true
gaussian_rectangle_d5,5,256,16,271843,0.005066581325188252,4.043488178229193e-5,0.007980703197493735,0.001718792,0.002036709,1.1849653710280241,true,false,false,true
gaussian_rectangle_d5,5,256,17,271844,0.016785331325188252,1.1162769679107232e-5,0.00066503123845737,0.001716125,0.002070834,1.20669182023454,true,false,false,true
gaussian_rectangle_d5,5,256,18,271845,0.026183418674811748,7.979995869364376e-5,0.0030477287815135735,0.001727292,0.002036834,1.179206526748228,true,false,false,true
gaussian_rectangle_d5,5,256,19,271846,0.0011603313251882519,2.410269322730696e-5,0.02077225073915551,0.001755542,0.002060792,1.1738779248801796,true,false,false,true
gaussian_rectangle_d5,5,256,2,271829,0.0011603313251882519,1.816269558896355e-5,0.015653025299490936,0.00166375,0.001971375,1.1848985725018784,true,false,false,true
gaussian_rectangle_d5,5,256,20,271847,0.020691581325188252,2.3054732854937976e-5,0.001114208358105188,0.001730833,0.002049209,1.1839438004706406,true,false,false,true
gaussian_rectangle_d5,5,256,21,271848,0.006652168674811748,6.6222485473055315e-6,0.0009955021995128434,0.001722458,0.002067208,1.2001500181717057,true,false,false,true
gaussian_rectangle_d5,5,256,22,271849,0.016785331325188252,3.163671778994015e-7,1.884783635010275e-5,0.001778667,0.002049333,1.1521735097126107,true,false,false,true
gaussian_rectangle_d5,5,256,23,271850,0.002745918674811748,1.7527267478500974e-5,0.006383024974220182,0.001788,0.002062,1.1532438478747202,true,false,false,true
gaussian_rectangle_d5,5,256,24,271851,0.008972831325188252,2.4779303205962888e-5,0.0027615924458986767,0.001748125,0.002049375,1.1723274937432964,true,false,false,true
gaussian_rectangle_d5,5,256,25,271852,0.0011603313251882519,1.4086062561646795e-6,0.0012139689979809409,0.001763416,0.002063583,1.1702190521124907,true,false,false,true
gaussian_rectangle_d5,5,256,26,271853,0.002745918674811748,1.4445868732754219e-5,0.005260850900380211,0.001728834,0.002052458,1.1871920612389621,true,false,false,true
gaussian_rectangle_d5,5,256,27,271854,0.0011603313251882519,1.0495240988228627e-5,0.00904503805111517,0.001785084,0.002048209,1.147402027019457,true,false,false,true
gaussian_rectangle_d5,5,256,28,271855,0.022277168674811748,9.21576870002716e-6,0.0004136867137181219,0.001721167,0.002037625,1.183862460760635,true,false,false,true
gaussian_rectangle_d5,5,256,29,271856,0.0011603313251882519,6.272608102042554e-6,0.005405876723206526,0.001723625,0.002053458,1.1913600696207123,true,false,false,true
gaussian_rectangle_d5,5,256,3,271830,0.006652168674811748,1.155861849130857e-5,0.0017375714682453796,0.001620542,0.001956583,1.207363338932283,true,false,false,true
gaussian_rectangle_d5,5,256,30,271857,0.012879081325188252,3.615344434235168e-5,0.0028071446580312073,0.001737209,0.002040542,1.1746093878168946,true,false,false,true
gaussian_rectangle_d5,5,256,4,271831,0.014464668674811748,3.519071425137077e-5,0.0024328738557731783,0.001566333,0.001963625,1.25364465921359,true,false,false,true
gaussian_rectangle_d5,5,256,5,271832,0.016785331325188252,1.1351759071215328e-5,0.0006762904378408519,0.001588625,0.001965541,1.237259265087733,true,false,false,true
gaussian_rectangle_d5,5,256,6,271833,0.024597831325188252,4.013962784932268e-5,0.0016318360476039032,0.001625583,0.001995875,1.2277902758579535,true,false,false,true
gaussian_rectangle_d5,5,256,7,271834,0.024597831325188252,2.970103628890941e-5,0.0012074656459041355,0.00161975,0.001998833,1.2340379688223493,true,false,false,true
gaussian_rectangle_d5,5,256,8,271835,0.010558418674811748,4.447582091698932e-6,0.00042123562520864235,0.001638208,0.001989875,1.2146656590616087,true,false,false,true
gaussian_rectangle_d5,5,256,9,271836,0.014464668674811748,1.0826550233711263e-5,0.0007484824213474193,0.001622083,0.001997042,1.231158948093285,true,false,false,true
gaussian_rectangle_d5,5,4096,1,271828,0.0003045124248117481,1.074638603326683e-6,0.0035290468163689304,0.024978875,0.031343125,1.2547852935730692,true,false,false,true
gaussian_rectangle_d5,5,4096,10,271837,0.0004279094501882519,7.701171589324929e-8,0.00017997199140932555,0.025759125,0.031364875,1.2176219106821369,true,false,false,true
gaussian_rectangle_d5,5,4096,11,271838,0.002136893825188252,9.079633509212481e-7,0.0004248986731202053,0.025706417,0.032175417,1.2516492282841285,true,false,false,true
gaussian_rectangle_d5,5,4096,12,271839,6.037179981174812e-5,5.969768098468275e-7,0.00988833878910892,0.025523875,0.03125525,1.2245495638887118,true,false,false,true
gaussian_rectangle_d5,5,4096,13,271840,6.037179981174812e-5,3.052823535076854e-7,0.005056704528598113,0.025436541,0.032496917,1.2775682432607485,true,false,false,true
gaussian_rectangle_d5,5,4096,14,271841,0.0009161907001882519,4.3098677016129017e-7,0.00047041164036344647,0.025792125,0.031557917,1.2235485443715863,true,false,false,true
gaussian_rectangle_d5,5,4096,15,271842,0.003113456325188252,3.228727856185998e-7,0.00010370236544078633,0.02619025,0.03148425,1.2021362911770601,true,false,false,true
gaussian_rectangle_d5,5,4096,16,271843,0.0006720500751882519,1.4104441820039781e-7,0.00020987188813406356,0.026306291,0.031665916,1.2037392880661133,true,false,false,true
gaussian_rectangle_d5,5,4096,17,271844,0.0015252155498117481,9.744548537526931e-8,6.388964850725306e-5,0.02545425,0.032448875,1.274792028836049,true,false,false,true
gaussian_rectangle_d5,5,4096,18,271845,6.037179981174812e-5,3.7127635357792066e-7,0.006149830794106485,0.025948667,0.031814917,1.2260713430867178,true,false,false,true
gaussian_rectangle_d5,5,4096,19,271846,0.0017693561748117481,2.7190068155324987e-7,0.00015367210142535543,0.025976375,0.03174075,1.221908368661909,true,false,false,true
gaussian_rectangle_d5,5,4096,2,271829,0.0006720500751882519,1.5806581085686666e-7,0.00023519945416655138,0.025180209,0.031384042,1.2463773434128367,true,false,false,true
gaussian_rectangle_d5,5,4096,20,271847,0.0010369342998117481,7.294528986401261e-7,0.0007034707008655763,0.026243792,0.032032208,1.2205632478721062,true,false,false,true
gaussian_rectangle_d5,5,4096,21,271848,0.0015252155498117481,4.0811886120595275e-8,2.6758110436018397e-5,0.025966208,0.031499667,1.2131023135915726,true,false,false,true
gaussian_rectangle_d5,5,4096,22,271849,0.002745918674811748,3.208599224369113e-7,0.00011684975428447767,0.054268792,0.0316895,0.5839359755787451,true,true,true,true
gaussian_rectangle_d5,5,4096,23,271850,0.003966621799811748,6.898923237963484e-7,0.00017392440182451726,0.1772695,0.031763875,0.17918409540276245,true,true,true,true
gaussian_rectangle_d5,5,4096,24,271851,0.00018376882518825188,5.864301680924555e-7,0.00319112976584423,0.025778083,0.031766583,1.2323097493324078,true,false,false,true
gaussian_rectangle_d5,5,4096,25,271852,0.0016486125751882519,2.5408178783159485e-7,0.00015411855499317768,0.025605834,0.032639375,1.2746850971540313,true,false,false,true
gaussian_rectangle_d5,5,4096,26,271853,0.0003045124248117481,6.487277633138167e-7,0.0021303819169771645,0.025680333,0.031631,1.2317207880442984,true,false,false,true
gaussian_rectangle_d5,5,4096,27,271854,0.0018927532001882519,8.916559931515522e-7,0.00047108941253559564,0.025820417,0.031371625,1.2149929646759772,true,false,false,true
gaussian_rectangle_d5,5,4096,28,271855,0.0018927532001882519,1.158660496991537e-6,0.0006121561421089118,0.02538575,0.0314385,1.2384310095230593,true,false,false,true
gaussian_rectangle_d5,5,4096,29,271856,0.0018927532001882519,9.635406811314695e-8,5.090683143664142e-5,0.025574792,0.03181525,1.2440081624124257,true,false,false,true
gaussian_rectangle_d5,5,4096,3,271830,6.037179981174812e-5,3.5375083207167535e-7,0.005859537618138673,0.025660416,0.032533625,1.2678525944396224,true,false,false,true
gaussian_rectangle_d5,5,4096,30,271857,0.0015252155498117481,4.2347035303369474e-7,0.000277646233731332,0.026241125,0.031649583,1.2061061787556746,true,false,false,true
gaussian_rectangle_d5,5,4096,4,271831,0.002501778049811748,4.1735278485943716e-7,0.0001668224664817256,0.025967,0.031655083,1.219050448646359,true,false,false,true
gaussian_rectangle_d5,5,4096,5,271832,0.0004279094501882519,1.1835069706478407e-6,0.0027657883464064087,0.025768167,0.031724834,1.2311637843700718,true,false,false,true
gaussian_rectangle_d5,5,4096,6,271833,0.0015252155498117481,2.256872377315311e-7,0.00014797071650586493,0.026301333,0.031589334,1.2010544864779287,true,false,false,true
gaussian_rectangle_d5,5,4096,7,271834,0.00018376882518825188,1.086966184532523e-6,0.005914856251701234,0.025627667,0.034097959,1.3305135812791697,true,false,false,true
gaussian_rectangle_d5,5,4096,8,271835,0.0006720500751882519,1.2252236430976282e-7,0.00018231136165774905,0.027420875,0.031671417,1.1550111730570232,true,false,false,true
gaussian_rectangle_d5,5,4096,9,271836,0.002501778049811748,4.820747834255457e-7,0.00019269286636431254,0.025598541,0.031652583,1.23649949424852,true,false,false,true
gaussian_rectangle_d5,5,65536,1,271828,0.0004113239482492481,1.0991872162469107e-8,2.6723151446091858e-5,0.56273825,0.719743667,1.2790025682455388,true,false,false,true
gaussian_rectangle_d5,5,65536,10,271837,0.00010747487987575188,3.5932729569587707e-9,3.343360756590594e-5,0.664755416,0.6017585,0.905232940591792,true,true,true,true
gaussian_rectangle_d5,5,65536,11,271838,0.00018376882518825188,1.4774665296757306e-8,8.039810496487754e-5,0.664030584,0.7054925,1.0624397685875262,true,false,false,true
gaussian_rectangle_d5,5,65536,12,271839,0.0004889446064382519,1.630311211031632e-8,3.3343474691493946e-5,0.656329333,0.605711292,0.9228770703137231,true,true,true,true
gaussian_rectangle_d5,5,65536,13,271840,0.0005028766826242481,1.756111325801335e-8,3.4921311456262324e-5,0.658891667,0.748095875,1.1353852423208746,true,false,false,true
gaussian_rectangle_d5,5,65536,14,271841,0.0004736858173757519,1.8507042010007524e-9,3.907028948541812e-6,0.689107792,0.569925041,0.827047738563374,true,true,true,true
gaussian_rectangle_d5,5,65536,15,271842,0.0003363567158132519,9.137371054235288e-9,2.7165716112261112e-5,0.707378833,0.549215042,0.7764086460868133,true,true,true,true
gaussian_rectangle_d5,5,65536,16,271843,0.00018244211231174812,8.712587568071584e-9,4.7755353507330274e-5,0.465598542,0.75822725,1.628500052304717,true,false,false,true
gaussian_rectangle_d5,5,65536,17,271844,0.0002448039814382519,2.73980516052319e-8,0.00011191832520151494,0.762277583,0.534200333,0.7007950186566092,true,true,true,true
gaussian_rectangle_d5,5,65536,18,271845,7.695730175075188e-5,4.813267145964417e-9,6.254464536131416e-5,0.440585709,0.6894575,1.5648657818812728,true,false,false,true
gaussian_rectangle_d5,5,65536,19,271846,0.0002587360576242481,5.7524935925812315e-9,2.2233057291671904e-5,0.70780225,0.708226375,1.0005992139753723,true,false,false,true
gaussian_rectangle_d5,5,65536,2,271829,0.00018376882518825188,7.415032865498716e-9,4.034978652066145e-5,0.706586208,0.549747625,0.7780333365918174,true,true,true,true
gaussian_rectangle_d5,5,65536,20,271847,0.0004736858173757519,5.595399421576275e-10,1.1812469819288926e-6,0.659864333,0.59344,0.899336379194782,true,true,true,true
gaussian_rectangle_d5,5,65536,21,271848,0.00010614816699924812,1.9156207897719213e-8,0.0001804666857587367,0.699254583,0.713409625,1.020243045014122,true,false,false,true
gaussian_rectangle_d5,5,65536,22,271849,0.00018244211231174812,9.652523502712285e-10,5.290732156300913e-6,0.675758333,0.571139292,0.8451827585528272,true,true,true,true
gaussian_rectangle_d5,5,65536,23,271850,0.00013799245800075188,1.4536277431753675e-8,0.00010534110082794866,0.66558375,0.718552,1.0795816454353038,true,false,false,true
gaussian_rectangle_d5,5,65536,24,271851,0.0006707233623117481,2.684299948985114e-9,4.002096989335922e-6,0.660862958,0.59831975,0.9053613048773723,true,true,true,true
gaussian_rectangle_d5,5,65536,25,271852,0.0003197712138742481,7.324515494122608e-9,2.2905487349474228e-5,0.68409975,0.721686041,1.0549427053583926,true,false,false,true
gaussian_rectangle_d5,5,65536,26,271853,6.037179981174812e-5,6.991001666456498e-9,0.00011579912621879588,0.647703125,0.597201875,0.9220302511277833,true,true,true,true
gaussian_rectangle_d5,5,65536,27,271854,0.00016851003612575188,7.838227233936124e-9,4.6514898543412495e-5,0.718606375,0.665320875,0.9258488348367352,true,true,true,true
gaussian_rectangle_d5,5,65536,28,271855,0.0004736858173757519,4.966096756042759e-9,1.0483946476496249e-5,0.6555855,0.57623025,0.8789551477267268,true,true,true,true
gaussian_rectangle_d5,5,65536,29,271856,6.633564382518831e-7,2.176343483206722e-8,0.03280805548434796,0.682496291,0.57383,0.8407811259446096,true,true,true,true
gaussian_rectangle_d5,5,65536,3,271830,0.0006567912861257519,2.4170169754533788e-9,3.680038128567082e-6,0.6659705,0.691258417,1.0379715272673489,true,false,false,true
gaussian_rectangle_d5,5,65536,30,271857,0.0004418415263742481,1.962470130845162e-9,4.441570141560014e-6,0.534815834,0.746441208,1.3956976599163293,true,false,false,true
gaussian_rectangle_d5,5,65536,4,271831,0.00015192453418674812,2.72745077078973e-8,0.00017952668312526157,0.659955959,0.585954334,0.887868843381411,true,true,true,true
gaussian_rectangle_d5,5,65536,5,271832,0.0003960651591867481,3.575740176176012e-9,9.028161385157385e-6,0.694879916,0.747940666,1.0763595964975334,true,false,false,true
gaussian_rectangle_d5,5,65536,6,271833,0.00018376882518825188,6.3635174629705915e-9,3.4627839931238804e-5,0.6869665,0.574625875,0.8364685541434698,true,true,true,true
gaussian_rectangle_d5,5,65536,7,271834,0.00012140695606174812,1.0487990059759866e-8,8.638706051097787e-5,0.685899166,0.568783917,0.829252964859269,true,true,true,true
gaussian_rectangle_d5,5,65536,8,271835,0.0002448039814382519,2.03276497579008e-8,8.30364344504264e-5,0.684834208,0.753777583,1.100671628541079,true,false,false,true
gaussian_rectangle_d5,5,65536,9,271836,0.00010747487987575188,2.3075911154135653e-8,0.00021470981108155638,0.684256542,0.569343083,0.8320608544506982,true,true,true,true
gaussian_strong_d10,10,1024,1,271828,0.0017422071332970912,0.00045491638675465573,0.2611149834369785,0.022900125,0.028511084,1.2450187062297695,true,false,false,false
gaussian_strong_d10,10,1024,10,271837,0.003695332133297091,9.874973374568441e-6,0.0026722830366421434,0.02540275,0.030635042,1.2059734477566404,true,false,false,false
gaussian_strong_d10,10,1024,11,271838,0.008578144633297091,0.00033131370084216183,0.03862300240965024,0.022980959,0.028977166,1.2609206604476342,true,false,false,false
gaussian_strong_d10,10,1024,12,271839,0.004117167866702909,0.0005974608051837471,0.1451145118506433,0.023942959,0.028836208,1.2043711055095572,true,false,false,false
gaussian_strong_d10,10,1024,13,271840,0.004117167866702909,0.0010531813569522042,0.2558023843209502,0.022499458,0.028669584,1.2742344282248934,true,false,false,false
gaussian_strong_d10,10,1024,14,271841,0.010531269633297091,5.5502408971008776e-5,0.005270248593343848,0.022429209,0.028856792,1.2865719874472614,true,false,false,false
gaussian_strong_d10,10,1024,15,271842,0.003695332133297091,0.0011678406712726241,0.3160313144114167,0.022365083,0.028428125,1.2710940978846355,true,false,false,false
gaussian_strong_d10,10,1024,16,271843,0.0017422071332970912,0.0002018732948741997,0.11587215493266786,0.022400125,0.028409666,1.2682815832500935,true,false,false,false
gaussian_strong_d10,10,1024,17,271844,0.005093730366702909,2.5918448818162965e-5,0.005088304042865851,0.02341175,0.028469,1.216013326641537,true,false,false,false
gaussian_strong_d10,10,1024,18,271845,0.005648457133297091,0.001087040533151118,0.1924491073399712,0.0226305,0.028277375,1.2495249773535715,true,false,false,false
gaussian_strong_d10,10,1024,19,271846,0.005648457133297091,0.00020468965011766205,0.036238152346246374,0.022461791,0.028355,1.2623659440157735,true,false,false,false
gaussian_strong_d10,10,1024,2,271829,0.004671894633297091,1.7226965327465926e-5,0.0036873616979046374,0.02220875,0.02847775,1.2822761299037542,true,false,false,false
gaussian_strong_d10,10,1024,20,271847,0.0017422071332970912,0.0002413980816388106,0.13855877239003705,0.022436,0.029369042,1.3090141736494918,true,false,false,false
gaussian_strong_d10,10,1024,21,271848,0.004117167866702909,1.638129631453822e-5,0.003978777850429648,0.022517958,0.028530083,1.266992459973502,true,false,false,false
gaussian_strong_d10,10,1024,22,271849,0.004117167866702909,0.00031054821809184396,0.07542763087300003,0.023468209,0.028487375,1.2138708582320874,true,false,false,false
gaussian_strong_d10,10,1024,23,271850,0.0002109178667029088,0.0010330293906201105,4.89778038612157,0.022391583,0.028368625,1.266932534425994,false,false,false,false
gaussian_strong_d10,10,1024,24,271851,0.002718769633297091,0.0010125496610403628,0.37242936975591756,0.022498708,0.029202416,1.2979596872851542,true,false,false,false
gaussian_strong_d10,10,1024,25,271852,0.004117167866702909,0.001278986488204903,0.3106471559123323,0.022598291,0.029020834,1.2842048100008978,true,false,false,false
gaussian_strong_d10,10,1024,26,271853,0.008023417866702909,0.00043219179305264976,0.05386629491731207,0.025452875,0.028287792,1.1113790485357744,true,false,false,false
gaussian_strong_d10,10,1024,27,271854,0.008023417866702909,0.0003715130787037557,0.04630359341566026,0.023050042,0.028635333,1.2423115324475331,true,false,false,false
gaussian_strong_d10,10,1024,28,271855,0.0002109178667029088,0.0016759737583472711,7.946096670454128,0.023127459,0.028904416,1.2497877955377632,false,false,false,false
gaussian_strong_d10,10,1024,29,271856,0.0017422071332970912,0.0009411899248681355,0.5402284876924782,0.023278208,0.028381834,1.21924479753768,true,false,false,false
gaussian_strong_d10,10,1024,3,271830,0.005648457133297091,0.00015449915715359808,0.027352452803941975,0.022374958,0.028604459,1.2784139751234394,true,false,false,false
gaussian_strong_d10,10,1024,30,271857,0.006625019633297091,0.0006820755064730344,0.10295448832256276,0.023009084,0.029137,1.2663259432665812,true,false,false,false
gaussian_strong_d10,10,1024,4,271831,0.005093730366702909,6.276713484365537e-5,0.012322429796040332,0.022774083,0.028500167,1.2514298380312392,true,false,false,false
gaussian_strong_d10,10,1024,5,271832,0.007046855366702909,0.00028093380026117387,0.03986654835979946,0.023357333,0.030079125,1.2877808010015528,true,false,false,false
gaussian_strong_d10,10,1024,6,271833,0.002718769633297091,0.0009517276897835769,0.3500582315351974,0.022377041,0.028413125,1.2697445117967117,true,false,false,false
gaussian_strong_d10,10,1024,7,271834,0.003140605366702909,0.00014136452798796384,0.04501187238827529,0.02263075,0.028259375,1.2487157959855506,true,false,false,false
gaussian_strong_d10,10,1024,8,271835,0.0002109178667029088,0.0009098320587191955,4.313679409628923,0.022258208,0.028081292,1.2616151309215908,false,false,false,false
gaussian_strong_d10,10,1024,9,271836,0.0011874803667029088,0.0016966254900082633,1.4287608768800264,0.022062708,0.028261125,1.2809454306334471,false,false,false,false
gaussian_strong_d10,10,16384,1,271828,8.88475542029088e-5,0.00023039509783917556,2.5931507052293465,0.38743425,0.474372334,1.2243944204726351,false,false,false,false
gaussian_strong_d10,10,16384,10,271837,0.002474629008297091,4.153084020419584e-5,0.016782653102727172,0.55679575,0.466831083,0.8384242929296783,true,true,true,false
gaussian_strong_d10,10,16384,11,271838,0.0002719530229529088,0.00012140746759292664,0.44642808627264086,0.3797955,0.473912541,1.2478097844761193,true,false,false,false
gaussian_strong_d10,10,16384,12,271839,0.0007656446332970912,0.0004568826238011692,0.5967293492722572,0.377449417,0.652462625,1.7286094390761768,true,false,false,false
gaussian_strong_d10,10,16384,13,271840,0.0008823045854529088,5.239911454579804e-5,0.05938891785187796,0.380907791,0.651632375,1.7107352235806592,true,false,false,false
gaussian_strong_d10,10,16384,14,271841,0.0007602342729529088,3.380123430296589e-5,0.04446160283155195,0.383105042,0.466403167,1.2174289447226851,true,false,false,false
gaussian_strong_d10,10,16384,15,271842,0.0011874803667029088,8.531134158662468e-6,0.007184231754794847,0.558663417,0.469603125,0.8405832755646501,true,true,true,false
gaussian_strong_d10,10,16384,16,271843,0.0001498827104529088,6.862018274644832e-5,0.4578258729048531,0.55453525,0.466130125,0.8405779885047884,true,true,true,false
gaussian_strong_d10,10,16384,17,271844,0.0006435743207970912,0.0001332667352067496,0.20707279781097182,0.379247416,0.469500833,1.2379803083483634,true,false,false,false
gaussian_strong_d10,10,16384,18,271845,3.3222758297091204e-5,0.0002560357774823441,7.706638178346592,0.376830583,0.6477315,1.7188931292235377,false,false,false,false
gaussian_strong_d10,10,16384,19,271846,0.0002719530229529088,4.7504552194821414e-5,0.17467925775933468,0.408410542,0.620197792,1.5185646015964007,true,false,false,false
gaussian_strong_d10,10,16384,2,271829,0.0012485155229529088,9.50033324421673e-5,0.07609303264205439,0.522310708,0.502620584,0.9623018948330655,true,true,true,false
gaussian_strong_d10,10,16384,20,271847,0.0010043748979529088,3.5056860162918646e-5,0.034904158033390364,0.408337083,0.468999791,1.1485603696688993,true,false,false,false
gaussian_strong_d10,10,16384,21,271848,0.0003383985395470912,8.950743917379711e-5,0.2645030303428403,0.530928209,0.466905,0.8794126815740544,true,true,true,false
gaussian_strong_d10,10,16384,22,271849,0.0012539258832970912,5.799529905281542e-5,0.04625097848711897,0.557642375,0.4673705,0.8381186956963232,true,true,true,false
gaussian_strong_d10,10,16384,23,271850,0.0002109178667029088,2.7589918730308582e-5,0.13080882696946075,0.378740708,0.468371167,1.23665388247624,true,false,false,false
gaussian_strong_d10,10,16384,24,271851,0.0005215040082970912,4.0495334064138966e-5,0.07765105046147512,0.378912875,0.648244917,1.7108020333170257,true,false,false,false
gaussian_strong_d10,10,16384,25,271852,0.0011318555707970912,0.0004421178104563328,0.3906132742227689,0.560572333,0.468228875,0.8352693264296367,true,true,true,false
gaussian_strong_d10,10,16384,26,271853,0.0004550584917029088,1.98153920282218e-5,0.043544714337862646,0.557112709,0.467320416,0.8388256244213593,true,true,true,false
gaussian_strong_d10,10,16384,27,271854,0.0017367967729529088,0.00023409573748678358,0.13478591227963482,0.37745075,0.467284667,1.238001691611422,true,false,false,false
gaussian_strong_d10,10,16384,28,271855,3.3222758297091204e-5,6.385703958122768e-5,1.922087233401648,0.376142584,0.646032667,1.7175206809341215,false,false,false,false
gaussian_strong_d10,10,16384,29,271856,0.0007602342729529088,0.00027530024570854295,0.3621255388016371,0.380087292,0.64727375,1.7029607767049468,true,false,false,false
gaussian_strong_d10,10,16384,3,271830,0.0004550584917029088,9.20585750535663e-5,0.202300532199865,0.38205725,0.650629791,1.7029641264496354,true,false,false,false
gaussian_strong_d10,10,16384,30,271857,0.0003994336957970912,0.00010330733196739494,0.2586344944215076,0.411312083,0.469772791,1.1421322407394485,true,false,false,false
gaussian_strong_d10,10,16384,4,271831,0.0005825391645470912,0.00039519958894063123,0.6784086169517691,0.380878708,0.471806583,1.2387318405837482,true,false,false,false
gaussian_strong_d10,10,16384,5,271832,0.0011928907270470912,0.00021855421666516772,0.18321394551048426,0.56023775,0.469120084,0.8373589319891421,true,true,true,false
gaussian_strong_d10,10,16384,6,271833,0.0004604688520470912,5.796070588282021e-5,0.12587323903700806,0.554956209,0.471418167,0.8494691281127733,true,true,true,false
gaussian_strong_d10,10,16384,7,271834,0.0003329881792029088,8.867064565010185e-5,0.26628766781558855,0.378435792,0.471299167,1.2453873998260714,true,false,false,false
gaussian_strong_d10,10,16384,8,271835,0.0013149610395470912,4.5410686176694526e-5,0.0345338643587001,0.379529792,0.6483035,1.7081755205135518,true,false,false,false
gaussian_strong_d10,10,16384,9,271836,8.88475542029088e-5,0.00011185767946952918,1.2589843409090382,0.407585625,0.623882708,1.5306788800512776,false,false,false,false
gaussian_strong_d10,10,256,1,271828,0.004117167866702909,0.0032661231572675975,0.7932936579248976,0.005805292,0.007231,1.245587646581774,true,false,false,false
gaussian_strong_d10,10,256,10,271837,0.011507832133297091,3.617781525466768e-5,0.003143755907769088,0.005701,0.007352042,1.2896056832134712,true,false,false,false
gaussian_strong_d10,10,256,11,271838,0.011929667866702909,0.0024693042595984593,0.20698851696370985,0.005745625,0.0073685,1.2824540411182421,true,false,false,false
gaussian_strong_d10,10,256,12,271839,0.01932033213329709,0.0007614206188174544,0.03941032760535235,0.005741334,0.007332791,1.2771928962850794,true,false,false,false
gaussian_strong_d10,10,256,13,271840,0.008023417866702909,0.0008986004723012808,0.11199721705016293,0.005786042,0.007403875,1.2796096191489796,true,false,false,false
gaussian_strong_d10,10,256,14,271841,0.008023417866702909,0.002518138980909801,0.31384866434042386,0.005743959,0.007403459,1.288912229352612,true,false,false,false
gaussian_strong_d10,10,256,15,271842,0.011929667866702909,0.005198774707213194,0.43578536848654265,0.005750833,0.007346542,1.2774744110983574,true,false,false,false
gaussian_strong_d10,10,256,16,271843,0.015414082133297091,0.0005468502353378479,0.035477314225318454,0.005730875,0.007492709,1.3074284467904116,true,false,false,false
gaussian_strong_d10,10,256,17,271844,0.015414082133297091,0.0038874374816724178,0.25220038715603305,0.005758416,0.007460375,1.2955602721303914,true,false,false,false
gaussian_strong_d10,10,256,18,271845,0.011929667866702909,0.000845554095032286,0.07087825951905383,0.005932084,0.007405417,1.248366847131632,true,false,false,false
gaussian_strong_d10,10,256,19,271846,0.0002109178667029088,0.0008869441671418565,4.205163749314674,0.008194959,0.007200042,0.8785940234722346,false,true,false,false
gaussian_strong_d10,10,256,2,271829,0.008023417866702909,0.0023950490442609107,0.2985073299248611,0.005505125,0.007207458,1.3092269476169933,true,false,false,false
gaussian_strong_d10,10,256,20,271847,0.007601582133297091,0.0034003744354290655,0.44732456688647204,0.005587417,0.0071485,1.2793926066373784,true,false,false,false
gaussian_strong_d10,10,256,21,271848,0.004117167866702909,0.004738145846963415,1.1508264905306849,0.005688833,0.007187167,1.263381610956061,false,false,false,false
gaussian_strong_d10,10,256,22,271849,0.011507832133297091,0.001154009069150197,0.1002803182895894,0.005461375,0.007173458,1.3134893685198323,true,false,false,false
gaussian_strong_d10,10,256,23,271850,0.007601582133297091,0.0015552153579010408,0.20459100890178578,0.005476625,0.00723725,1.3214799260493462,true,false,false,false
gaussian_strong_d10,10,256,24,271851,0.007601582133297091,0.0003343881998486564,0.04398928985900725,0.005637875,0.007309292,1.2964622308937321,true,false,false,false
gaussian_strong_d10,10,256,25,271852,0.011929667866702909,0.0045029575467167016,0.377458752165681,0.005516708,0.007284333,1.3204130071774687,true,false,false,false
gaussian_strong_d10,10,256,26,271853,0.004117167866702909,0.005548188754909589,1.3475740932935687,0.005432333,0.007222083,1.3294624979727863,false,false,false,false
gaussian_strong_d10,10,256,27,271854,0.004117167866702909,0.0002570892251247958,0.06244322151738661,0.005457833,0.007170958,1.3138837337089648,true,false,false,false
gaussian_strong_d10,10,256,28,271855,0.007601582133297091,0.0017689192263831144,0.23270408651308852,0.005479958,0.007148666,1.3045110929682306,true,false,false,false
gaussian_strong_d10,10,256,29,271856,0.004117167866702909,0.004984081874461421,1.2105607630841515,0.00542825,0.007202125,1.3267857965274261,false,false,false,false
gaussian_strong_d10,10,256,3,271830,0.004117167866702909,0.0038189860544384224,0.9275759886605559,0.005483916,0.007272541,1.3261583510761288,true,false,false,false
gaussian_strong_d10,10,256,30,271857,0.015414082133297091,0.0005854799118559795,0.03798344311343984,0.005481709,0.007168167,1.3076518655039877,true,false,false,false
gaussian_strong_d10,10,256,4,271831,0.011507832133297091,0.0020286070250465915,0.1762805541086198,0.005675459,0.0072515,1.2776940155853473,true,false,false,false
gaussian_strong_d10,10,256,5,271832,0.01583591786670291,0.005898006767979247,0.37244489505597766,0.005695834,0.007426625,1.30386963524569,true,false,false,false
gaussian_strong_d10,10,256,6,271833,0.007601582133297091,0.0020963371335009917,0.2757764234787965,0.005790041,0.007456417,1.2878003799973092,true,false,false,false
gaussian_strong_d10,10,256,7,271834,0.003695332133297091,0.0050139871589236495,1.3568434387114245,0.00579675,0.00742275,1.2805020054340794,false,false,false,false
gaussian_strong_d10,10,256,8,271835,0.011507832133297091,0.005683791591947096,0.49390636968899215,0.005893417,0.007532625,1.2781422051078348,true,false,false,false
gaussian_strong_d10,10,256,9,271836,0.003695332133297091,0.005710254247572322,1.5452614383750816,0.005630083,0.007347208,1.3049910631868127,false,false,false,false
gaussian_strong_d10,10,4096,1,271828,0.0007656446332970912,0.00018144417229581933,0.23698222962063653,0.093265834,0.115597708,1.239443245636982,true,false,false,false
gaussian_strong_d10,10,4096,10,271837,0.0019199022417029088,6.582247789777007e-5,0.034284286182918906,0.092203958,0.115102208,1.248343460483551,true,false,false,false
gaussian_strong_d10,10,4096,11,271838,0.0004550584917029088,0.00018723430866296464,0.41145108173303385,0.094523834,0.115697625,1.2240047838093406,true,false,false,false
gaussian_strong_d10,10,4096,12,271839,0.0002773633832970912,0.0005083345782208593,1.8327385979293769,0.092748458,0.114910917,1.238952317676268,false,false,false,false
gaussian_strong_d10,10,4096,13,271840,0.0006991991167029088,0.00015650458898797126,0.22383407708804415,0.09361525,0.115984208,1.2389456632332874,true,false,false,false
gaussian_strong_d10,10,4096,14,271841,0.003451191508297091,0.00014350547835284555,0.041581430067801406,0.092552208,0.119713416,1.2934690439800205,true,false,false,false
gaussian_strong_d10,10,4096,15,271842,0.0011874803667029088,0.0004631519918851801,0.39002917847908664,0.092607916,0.115769125,1.2500996675057454,true,false,false,false
gaussian_strong_d10,10,4096,16,271843,0.0004550584917029088,8.837406720874075e-5,0.19420375362742812,0.232454875,0.14466375,0.6223304630629923,true,true,true,false
gaussian_strong_d10,10,4096,17,271844,0.0014980665082970912,0.00012044828924440143,0.0804024978712858,0.091086334,0.120076209,1.3182681059488024,true,false,false,false
gaussian_strong_d10,10,4096,18,271845,3.3222758297091204e-5,0.00042453032378142463,12.778298538161838,0.092448916,0.115554541,1.2499285659552783,false,false,false,false
gaussian_strong_d10,10,4096,19,271846,0.004427754008297091,5.776406746149654e-5,0.013045907101716459,0.09715975,0.115489458,1.1886553639753088,true,false,false,false
gaussian_strong_d10,10,4096,2,271829,0.003384745991702909,0.0001884994736264245,0.055690877273655626,0.09142875,0.116325666,1.2723094868955334,true,false,false,false
gaussian_strong_d10,10,4096,20,271847,0.003628886616702909,0.00027373686898535254,0.07543274229770815,0.092811875,0.114627334,1.235050299328615,true,false,false,false
gaussian_strong_d10,10,4096,21,271848,0.0005215040082970912,3.085356119636451e-5,0.05916265398824663,0.092816334,0.115922458,1.2489445877058665,true,false,false,false
gaussian_strong_d10,10,4096,22,271849,0.002718769633297091,0.0006273593023988777,0.23075118050295054,0.09350425,0.114940708,1.2292565097308412,true,false,false,false
gaussian_strong_d10,10,4096,23,271850,0.0002109178667029088,0.00014993522240802637,0.7108701825588803,0.120280875,0.266850209,2.2185589271777415,true,false,false,false
gaussian_strong_d10,10,4096,24,271851,0.003873027241702909,0.0003698364460043013,0.09549027748167609,0.0936505,0.115280292,1.2309629099684467,true,false,false,false
gaussian_strong_d10,10,4096,25,271852,0.0017422071332970912,0.00035456383482102005,0.20351416777293024,0.093623041,0.114823458,1.2264444390350449,true,false,false,false
gaussian_strong_d10,10,4096,26,271853,0.0010097852582970912,0.0006156965527123193,0.609730185357067,0.09341425,0.115346708,1.2347870694246328,true,false,false,false
gaussian_strong_d10,10,4096,27,271854,0.0014316209917029088,0.0004245373110276507,0.2965430889097713,0.092513583,0.115252333,1.245788231983189,true,false,false,false
gaussian_strong_d10,10,4096,28,271855,0.0011874803667029088,0.0005303849468636379,0.4466473398093098,0.099129167,0.115925292,1.16943676123093,true,false,false,false
gaussian_strong_d10,10,4096,29,271856,0.0012539258832970912,0.00021608660969685278,0.17232805588849595,0.091950666,0.114595333,1.246269744256121,true,false,false,false
gaussian_strong_d10,10,4096,3,271830,0.0002773633832970912,0.00032077500934524217,1.1565153465180067,0.093229958,0.117053291,1.2555330229795878,false,false,false,false
gaussian_strong_d10,10,4096,30,271857,0.006136738383297091,0.00013639432136380858,0.022225865410043417,0.094224209,0.116275709,1.2340322114033349,true,false,false,false
gaussian_strong_d10,10,4096,4,271831,0.0010097852582970912,0.000591610552652666,0.585877589112721,0.092499792,0.120899417,1.3070236633613186,true,false,false,false
gaussian_strong_d10,10,4096,5,271832,0.002230488383297091,6.9920547980384384e-6,0.0031347640500610165,0.093417458,0.115707208,1.2386036879744684,true,false,false,false
gaussian_strong_d10,10,4096,6,271833,0.0010097852582970912,0.0003248391162185005,0.3216912839134841,0.093077583,0.116369292,1.250239727432544,true,false,false,false
gaussian_strong_d10,10,4096,7,271834,0.0005215040082970912,0.0002898684395576945,0.555831661781901,0.094466917,0.115822625,1.2260654700946787,true,false,false,false
gaussian_strong_d10,10,4096,8,271835,0.002652324116702909,0.00013013234881564806,0.049063516783693445,0.246159417,0.137321917,0.5578576626219423,true,true,true,false
gaussian_strong_d10,10,4096,9,271836,0.0004550584917029088,0.00016749101103219477,0.3680647962538046,0.092322208,0.116662375,1.2636436836519334,true,false,false,false
gaussian_strong_d10,10,65536,1,271828,0.0006229051713904088,1.3947576645967352e-5,0.02239117170087779,1.993782667,2.350499625,1.1789146650255236,true,false,false,false
gaussian_strong_d10,10,65536,10,271837,0.0003994336957970912,2.3763238902074768e-5,0.05949232413818759,1.824409625,2.381444042,1.305323108016381,true,false,false,false
gaussian_strong_d10,10,65536,11,271838,0.0006381639604529088,2.6227005458290265e-5,0.04109759730035021,2.049204792,2.363177417,1.1532168118217052,true,false,false,false
gaussian_strong_d10,10,65536,12,271839,0.0002109178667029088,2.3953312575430985e-5,0.11356701520772892,2.033255166,2.198834916,1.0814357945666717,true,false,false,false
gaussian_strong_d10,10,65536,13,271840,0.0009585985307654088,9.892801776711924e-5,0.10320067743910324,2.002399916,2.213312334,1.1053298176426811,true,false,false,false
gaussian_strong_d10,10,65536,14,271841,0.0004245409135779088,8.808841129270828e-5,0.20749098255412998,2.03353125,2.260276958,1.1115034293178432,true,false,false,false
gaussian_strong_d10,10,65536,15,271842,7.35887651404088e-5,6.064474277334142e-5,0.8241032806791916,2.037406667,2.212134458,1.0857598994987485,true,false,false,false
gaussian_strong_d10,10,65536,16,271843,2.7812397952908796e-5,3.974415289120792e-5,1.4290084932087355,1.955098791,2.337372375,1.1955264796642189,false,false,false,false
gaussian_strong_d10,10,65536,17,271844,2.7812397952908796e-5,0.00016833122852133453,6.052380985140096,2.016628042,2.311216541,1.1460797394783029,false,false,false,false
gaussian_strong_d10,10,65536,18,271845,0.0001193651323279088,3.4740075044448204e-6,0.029104039317791312,2.171106042,2.207238458,1.0166424003715246,true,false,false,false
gaussian_strong_d10,10,65536,19,271846,0.0001193651323279088,0.00012625337978799944,1.0577073666803125,1.853542875,2.217294167,1.1962464947027458,false,false,false,false
gaussian_strong_d10,10,65536,2,271829,0.0002414354448279088,4.616911356447595e-5,0.19122757057226844,2.033778375,2.207736083,1.0855342500138443,true,false,false,false
gaussian_strong_d10,10,65536,20,271847,0.0002621045942345912,8.691767683144391e-6,0.03316144727842888,2.107174291,2.281286667,1.0826283695390813,true,false,false,false
gaussian_strong_d10,10,65536,21,271848,0.0001095167036095912,3.9677783262637156e-5,0.3622989183830974,1.967176625,2.33598425,1.1874806869464505,true,false,false,false
gaussian_strong_d10,10,65536,22,271849,0.0005160936479529088,9.179119592517271e-5,0.17785763550716718,1.882930791,2.338181125,1.2417775184175637,true,false,false,false
gaussian_strong_d10,10,65536,23,271850,0.0001498827104529088,9.5229420190579e-6,0.06353596082084388,2.008014042,2.344551833,1.1675973294812247,true,false,false,false
gaussian_strong_d10,10,65536,24,271851,0.0003078809614220912,4.8285642226364445e-5,0.1568321795649032,2.131059958,2.230978875,1.0468869571805826,true,false,false,false
gaussian_strong_d10,10,65536,25,271852,1.7963969234591204e-5,3.461820876127231e-5,1.9270912964275122,1.852134292,2.377541125,1.2836764241499181,false,false,false,false
gaussian_strong_d10,10,65536,26,271853,0.0007503858442345912,1.9484744961939526e-5,0.025966301352358747,2.012619708,2.188929541,1.0876021596624452,true,false,false,false
gaussian_strong_d10,10,65536,27,271854,0.0007198682661095912,1.7192503656948688e-5,0.023882846996246584,1.94275525,2.343190167,1.2061170170560598,true,false,false,false
gaussian_strong_d10,10,65536,28,271855,0.0004299512739220912,3.8851339331902324e-5,0.09036219145833332,1.976141125,2.35789125,1.1931795863010544,true,false,false,false
gaussian_strong_d10,10,65536,29,271856,0.0002109178667029088,3.192755650438528e-5,0.15137435724853632,1.7838705,2.189867958,1.227593571394336,true,false,false,false
gaussian_strong_d10,10,65536,3,271830,0.0003994336957970912,5.363678490022394e-6,0.013428207350706576,1.9797465,2.302954833,1.1632574337168924,true,false,false,false
gaussian_strong_d10,10,65536,30,271857,0.0005672803754845912,1.54417887426872e-5,0.02722073494873901,1.933364083,2.34120725,1.2109500070815167,true,false,false,false
gaussian_strong_d10,10,65536,4,271831,0.0004757276411095912,6.738326561239738e-5,0.14164252776069955,1.969055041,2.358992209,1.1980326399621453,true,false,false,false
gaussian_strong_d10,10,65536,5,271832,1.7963969234591204e-5,6.406247142320964e-6,0.3566164614658308,2.035661458,2.357507166,1.1581037488994892,true,false,false,false
gaussian_strong_d10,10,65536,6,271833,0.0002010694379845912,9.726717082236824e-5,0.48374915550230085,2.004025834,2.210581416,1.103070319002684,true,false,false,false
gaussian_strong_d10,10,65536,7,271834,6.37403364220912e-5,9.88412447773257e-5,1.5506859600300005,1.958624,2.200705166,1.1235975695181926,false,false,false,false
gaussian_strong_d10,10,65536,8,271835,4.8481547359591204e-5,3.749532037611303e-5,0.7733936398111941,2.029069,2.373657,1.1698256688165856,true,false,false,false
gaussian_strong_d10,10,65536,9,271836,0.0001095167036095912,0.0001280267596287521,1.1690158250667053,2.03338075,2.208746166,1.0862432753924713,false,false,false,false
gaussian_strong_d20,20,1024,1,271828,0.0013508919596254554,0.00019438201875987549,0.14389160981739008,0.130209292,0.122058,0.9373985383470175,true,true,true,false
gaussian_strong_d20,20,1024,10,271837,0.0033040169596254554,0.0015819235661370668,0.47878796793960593,0.130962209,0.123475875,0.9428359214680015,true,true,true,false
gaussian_strong_d20,20,1024,11,271838,0.0035319205403745446,0.002687100772363449,0.7608044240085009,0.131009041,0.123865708,0.9454745035497207,true,true,true,false
gaussian_strong_d20,20,1024,12,271839,0.007210266959625455,0.0010082117110498667,0.1398300113845215,0.131640667,0.125474125,0.9531562537585745,true,true,true,false
gaussian_strong_d20,20,1024,13,271840,0.0006022330403745446,0.0009011843596402058,1.4964047125008875,0.130426583,0.123010458,0.9431394672050865,false,true,false,false
gaussian_strong_d20,20,1024,14,271841,0.0025553580403745446,0.001307214534015777,0.5115582682981582,0.130817625,0.122688125,0.937856233057281,true,true,true,false
gaussian_strong_d20,20,1024,15,271842,0.0035319205403745446,0.0041345023194806485,1.1706102309544604,0.131246875,0.122211542,0.9311577285173456,false,true,false,false
gaussian_strong_d20,20,1024,16,271843,0.004280579459625455,0.0032812841660949665,0.7665513973152771,0.130264834,0.123157417,0.9454387129530293,true,true,true,false
gaussian_strong_d20,20,1024,17,271844,0.010139954459625455,0.0015267080956258283,0.15056360476812447,0.130742709,0.123567584,0.9451202667064209,true,true,true,false
gaussian_strong_d20,20,1024,18,271845,0.009391295540374545,0.0007309608036065729,0.07783386226789117,0.129680542,0.123071292,0.9490343740235138,true,true,true,false
gaussian_strong_d20,20,1024,19,271846,0.0035319205403745446,0.0017161638715325056,0.48590104219913,0.131249834,0.123588083,0.9416246804548339,true,true,true,false
gaussian_strong_d20,20,1024,2,271829,0.0013508919596254554,0.0032626551074077526,2.4151858216051174,0.130187958,0.122914542,0.9441314226619947,false,true,false,false
gaussian_strong_d20,20,1024,20,271847,0.0025553580403745446,0.0006119799135324011,0.23948891069789258,0.129963458,0.123564667,0.9507646911026328,true,true,true,false
gaussian_strong_d20,20,1024,21,271848,0.007210266959625455,0.0010646432983412168,0.14765657142832347,0.129725958,0.123259417,0.950152297198684,true,true,true,false
gaussian_strong_d20,20,1024,22,271849,0.005257141959625455,0.001742946102324061,0.3315387173695871,0.279844417,0.146082291,0.5220125259815349,true,true,true,false
gaussian_strong_d20,20,1024,23,271850,0.004508483040374545,0.0011992500122345873,0.26599856348466133,0.130617083,0.123276417,0.9438001076781052,true,true,true,false
gaussian_strong_d20,20,1024,24,271851,0.0015787955403745446,0.002568436099156912,1.6268326287187198,0.131877375,0.123383125,0.9355897855867998,false,true,false,false
gaussian_strong_d20,20,1024,25,271852,0.005257141959625455,0.0030592847298662185,0.5819292599213313,0.129731625,0.121894291,0.9395880996634399,true,true,true,false
gaussian_strong_d20,20,1024,26,271853,0.0013508919596254554,0.0015003299416447846,1.1106217125318905,0.129698416,0.1217905,0.939028430385765,false,true,false,false
gaussian_strong_d20,20,1024,27,271854,0.0003743294596254554,0.00027223230277445554,0.7272532144460239,0.131192792,0.121857917,0.9288461289855009,true,true,true,false
gaussian_strong_d20,20,1024,28,271855,0.0033040169596254554,0.0010231983138295764,0.3096831300604361,0.130478333,0.123693791,0.9480025392415152,true,true,true,false
gaussian_strong_d20,20,1024,29,271856,0.0025553580403745446,0.000598657056948837,0.23427521603238444,0.130183292,0.122589708,0.9416700570146898,true,true,true,false
gaussian_strong_d20,20,1024,3,271830,0.004508483040374545,0.004462302451394118,0.9897569562607049,0.130134167,0.122386708,0.9404656042405835,true,true,true,false
gaussian_strong_d20,20,1024,30,271857,0.0006022330403745446,0.0001950598822763605,0.32389435517361786,0.130345958,0.122813708,0.9422133979789383,true,true,true,false
gaussian_strong_d20,20,1024,4,271831,0.006461608040374545,0.0008735472741188133,0.13519038429142763,0.129038792,0.124409292,0.9641231917298171,true,true,true,false
gaussian_strong_d20,20,1024,5,271832,0.004280579459625455,0.0023859993137695934,0.5574010099040108,0.131232875,0.12175325,0.9277648607484976,true,true,true,false
gaussian_strong_d20,20,1024,6,271833,0.010139954459625455,0.003113598398768014,0.3070623651383758,0.12994375,0.1217715,0.9371093261507384,true,true,true,false
gaussian_strong_d20,20,1024,7,271834,0.0025553580403745446,0.0011418189713431892,0.44683326301148396,0.1294805,0.121864292,0.9411787257540711,true,true,true,false
gaussian_strong_d20,20,1024,8,271835,0.0023274544596254554,0.0010785170377472508,0.4633891044728801,0.130613459,0.123523375,0.9457170489604751,true,true,true,false
gaussian_strong_d20,20,1024,9,271836,0.012320983040374545,0.0011677459596963757,0.09477701218074865,0.129610791,0.122924916,0.9484157534383074,true,true,true,false
gaussian_strong_d20,20,16384,1,271828,0.0009236458658754554,0.0005666661021807573,0.6135101375067127,2.1674355,2.1743495,1.0031899449833686,true,false,false,false
gaussian_strong_d20,20,16384,10,271837,0.0018229361653745446,0.00018742361140106079,0.10281413850964567,2.183009667,2.170663208,0.994344294857399,true,true,true,false
gaussian_strong_d20,20,16384,11,271838,0.0009236458658754554,0.0003781131744041155,0.40937028830387295,2.486251916,2.02258475,0.8135075681526392,true,true,true,false
gaussian_strong_d20,20,16384,12,271839,0.0015177603841245446,6.96455079866043e-5,0.04588702453633769,2.3549025,2.154622375,0.9149518398320101,true,true,true,false
gaussian_strong_d20,20,16384,13,271840,0.0012288216471254554,7.294285076220319e-5,0.05935999820058196,2.3212265,2.175401417,0.9371775727185606,true,true,true,false
gaussian_strong_d20,20,16384,14,271841,0.0019612435221254554,0.00033488180391860745,0.17074973104598787,2.321909125,2.174305708,0.9364301490481459,true,true,true,false
gaussian_strong_d20,20,16384,15,271842,0.00019122399087545539,0.00038769510495140214,2.0274396699727326,2.327807041,2.176831542,0.9351426057483088,false,true,false,false
gaussian_strong_d20,20,16384,16,271843,0.0004353646158754554,1.0777587860777427e-5,0.024755314207392014,2.330417417,2.022301667,0.8677851668321958,true,true,true,false
gaussian_strong_d20,20,16384,17,271844,0.0020670767903745446,0.0006553022152315235,0.31701880563072155,2.2821975,2.175396042,0.9532023595679164,true,true,true,false
gaussian_strong_d20,20,16384,18,271845,0.0003743294596254554,0.00014803442493327434,0.39546560156230787,2.320112583,2.171198625,0.9358160638017626,true,true,true,false
gaussian_strong_d20,20,16384,19,271846,0.0007853385091245446,1.116733443395912e-5,0.014219771861700625,2.325382875,2.1711535,0.9336757070596385,true,true,true,false
gaussian_strong_d20,20,16384,2,271829,0.0019002083658754554,0.00021029428319263577,0.11066906501895646,2.304315792,2.160755458,0.9376993663375458,true,true,true,false
gaussian_strong_d20,20,16384,20,271847,0.0015950325846254554,0.0002208578095403424,0.13846601735236908,2.317404958,2.182724958,0.9418832692425784,true,true,true,false
gaussian_strong_d20,20,16384,21,271848,0.0014567252278745446,0.0003123657585483719,0.2144301152827109,2.324984584,2.174822625,0.9354137829414528,true,true,true,false
gaussian_strong_d20,20,16384,22,271849,0.0004963997721254554,0.0001629260936412691,0.3282154883828043,2.305399625,2.174063708,0.9430311710057642,true,true,true,false
gaussian_strong_d20,20,16384,23,271850,0.0006184700846254554,0.0003953470112552093,0.6392338466857793,2.1735705,2.150311625,0.9892992313798886,true,true,true,false
gaussian_strong_d20,20,16384,24,271851,0.0014729622721254554,0.00020808603474664622,0.14127044438577654,2.33212625,2.174949459,0.9326036525681232,true,true,true,false
gaussian_strong_d20,20,16384,25,271852,0.00011395179037454461,0.0003156673788302089,2.7701835819573484,2.323866209,2.167938917,0.9329017774792213,false,true,false,false
gaussian_strong_d20,20,16384,26,271853,0.0011067513346254554,0.0003084520578092165,0.27870041639805404,2.170617542,2.184442709,1.0063692321344004,true,false,false,false
gaussian_strong_d20,20,16384,27,271854,8.118522125455385e-6,0.0001677065617158302,20.65727716501397,2.350470667,2.1380405,0.9096222854501165,false,true,false,false
gaussian_strong_d20,20,16384,28,271855,0.00019122399087545539,0.00021114060357896314,1.1041533157650678,2.32146375,2.163204375,0.9318277638408095,false,true,false,false
gaussian_strong_d20,20,16384,29,271856,0.0007853385091245446,0.00037326949637950246,0.47529758447170034,2.328059333,2.174365041,0.9339817977053251,true,true,true,false
gaussian_strong_d20,20,16384,3,271830,0.0003132943033754554,0.00034893804073277135,1.1137707802959957,2.317755625,2.171395292,0.9368525605455061,false,true,false,false
gaussian_strong_d20,20,16384,30,271857,0.0005411978841245446,0.0005162595376149159,0.9539200960662114,2.314754708,2.174922458,0.9395908994085952,true,true,true,false
gaussian_strong_d20,20,16384,4,271831,0.0013346549153745446,0.0005951970303765819,0.4459557474521806,2.319527583,2.164490792,0.9331601865240677,true,true,true,false
gaussian_strong_d20,20,16384,5,271832,0.0015950325846254554,0.00021245601751745946,0.13319854375724133,2.328567416,2.165056292,0.9297803778939421,true,true,true,false
gaussian_strong_d20,20,16384,6,271833,0.0021281119466245446,0.00025399235199569103,0.11935102962912976,2.317015041,1.982521333,0.8556359358566633,true,true,true,false
gaussian_strong_d20,20,16384,7,271834,0.0007243033528745446,0.0008606007405191907,1.188177214841989,2.35311125,2.136810667,0.9080788963972699,false,true,false,false
gaussian_strong_d20,20,16384,8,271835,0.00019122399087545539,0.000364100309079185,1.904051408049131,2.312442875,2.169203708,0.9380572084402301,false,true,false,false
gaussian_strong_d20,20,16384,9,271836,0.0011515494466245446,0.0009110564628261875,0.7911570497443273,2.313370584,2.177178167,0.941128145251803,true,true,true,false
gaussian_strong_d20,20,256,1,271828,0.0025553580403745446,0.0004902969486010877,0.1918701570795237,0.03128125,0.030878416,0.9871221898101898,true,true,true,false
gaussian_strong_d20,20,256,10,271837,0.006461608040374545,0.00028872794768641796,0.04468360598203074,0.031702917,0.030709667,0.9686700753750831,true,true,true,false
gaussian_strong_d20,20,256,11,271838,0.0013508919596254554,0.00486652883465527,3.6024559921169055,0.031833042,0.031019667,0.9744487190385387,false,true,false,false
gaussian_strong_d20,20,256,12,271839,0.0025553580403745446,0.0030758606594242788,1.2036906808462124,0.031894292,0.031099834,0.9750909034130621,false,true,false,false
gaussian_strong_d20,20,256,13,271840,0.006461608040374545,6.926214710456513e-5,0.010719026389683391,0.031765791,0.031212958,0.9825965926678797,true,true,true,false
gaussian_strong_d20,20,256,14,271841,0.005257141959625455,0.00012332688164073957,0.023458921708388866,0.031480708,0.032210208,1.0231729222862458,true,false,false,false
gaussian_strong_d20,20,256,15,271842,0.013069641959625455,0.006019037872093347,0.460535789020638,0.03123775,0.032531459,1.0414149226496785,true,false,false,false
gaussian_strong_d20,20,256,16,271843,0.0025553580403745446,0.0005513921415538081,0.2157788195790322,0.03072825,0.030796959,1.0022360205999366,true,false,false,false
gaussian_strong_d20,20,256,17,271844,0.0013508919596254554,0.004504869491544716,3.3347370671994554,0.030957708,0.031105125,1.004761883534789,false,false,false,false
gaussian_strong_d20,20,256,18,271845,0.020882141959625455,0.0018585298609524181,0.08900092071712709,0.030844875,0.030765375,0.9974225864102221,true,true,true,false
gaussian_strong_d20,20,256,19,271846,0.005257141959625455,0.0036396198413060077,0.6923191097478585,0.030852833,0.030892416,1.0012829616003172,true,false,false,false
gaussian_strong_d20,20,256,2,271829,0.006461608040374545,0.0004185191364652341,0.06477012128407819,0.032004667,0.030893125,0.9652693777441896,true,true,true,false
gaussian_strong_d20,20,256,20,271847,0.010367858040374545,0.0008844628176654101,0.08530815277573557,0.032393458,0.030659125,0.946460393330036,true,true,true,false
gaussian_strong_d20,20,256,21,271848,0.009163391959625455,0.0020315508965069173,0.22170293549136308,0.030574875,0.030838333,1.00861681364192,true,false,false,false
gaussian_strong_d20,20,256,22,271849,0.018180358040374545,0.0021024118073990072,0.11564193635405952,0.031467209,0.030740083,0.976892580463682,true,true,true,false
gaussian_strong_d20,20,256,23,271850,0.006461608040374545,0.004249893324795084,0.6577145036096527,0.030587167,0.030917083,1.0107860920888816,true,false,false,false
gaussian_strong_d20,20,256,24,271851,0.016975891959625455,0.0037357991953851366,0.22006497238967823,0.031845125,0.030716917,0.9645720341810559,true,true,true,false
gaussian_strong_d20,20,256,25,271852,0.0025553580403745446,0.0007638449903291655,0.2989189687943718,0.030910125,0.030701541,0.9932519198806216,true,true,true,false
gaussian_strong_d20,20,256,26,271853,0.005257141959625455,0.009437364462917042,1.7951511553987798,0.03083525,0.030632,0.9934085178488904,false,true,false,false
gaussian_strong_d20,20,256,27,271854,0.0013508919596254554,0.010121967272587906,7.492802959160624,0.030797875,0.03188625,1.035339288830804,false,false,false,false
gaussian_strong_d20,20,256,28,271855,0.005257141959625455,0.00048187170745034313,0.0916603947831521,0.030742542,0.030727333,0.9995052783858926,true,true,true,false
gaussian_strong_d20,20,256,29,271856,0.0025553580403745446,0.0007229557759816929,0.28291760471880006,0.030607125,0.030754167,1.004804175498352,true,false,false,false
gaussian_strong_d20,20,256,3,271830,0.013069641959625455,0.0005978850157874471,0.04574608988022967,0.031498292,0.031353625,0.9954071477907439,true,true,true,false
gaussian_strong_d20,20,256,30,271857,0.006461608040374545,0.0028217567470188998,0.4366957465366992,0.030801542,0.034436917,1.1180257468928014,true,false,false,false
gaussian_strong_d20,20,256,4,271831,0.018180358040374545,0.005367738687536705,0.29524933863327374,0.031947791,0.031338333,0.9809233132894853,true,true,true,false
gaussian_strong_d20,20,256,5,271832,0.009163391959625455,0.0007024233784499456,0.07665538935198582,0.032170625,0.031390084,0.9757374623589066,true,true,true,false
gaussian_strong_d20,20,256,6,271833,0.009163391959625455,0.003278708279318865,0.357805089399764,0.032055416,0.031245417,0.9747312903379571,true,true,true,false
gaussian_strong_d20,20,256,7,271834,0.006461608040374545,0.0023465274123393165,0.3631491414640652,0.03238875,0.031351541,0.9679762571880667,true,true,true,false
gaussian_strong_d20,20,256,8,271835,0.022086608040374545,0.005927708557578126,0.2683847400534394,0.030591042,0.033411541,1.0922001610798353,true,false,false,false
gaussian_strong_d20,20,256,9,271836,0.0013508919596254554,0.007506551558831787,5.556737165652413,0.031563167,0.030780542,0.9752044843915694,false,true,false,false
gaussian_strong_d20,20,4096,1,271828,0.0023112174153745446,0.0015478335797760034,0.6697048791167789,0.53894725,0.543948959,1.0092805167852696,true,false,false,false
gaussian_strong_d20,20,4096,10,271837,0.0018391732096254554,0.00034553945455456647,0.1878776032328869,0.712965667,0.494666542,0.6938153755445843,true,true,true,false
gaussian_strong_d20,20,4096,11,271838,0.0003743294596254554,0.0011332024535798957,3.027286323426827,0.535214542,0.493653125,0.9223462485815642,false,true,false,false
gaussian_strong_d20,20,4096,12,271839,0.0018229361653745446,0.00045199367818249403,0.2479481655846278,0.534990875,0.491504667,0.9187159818380081,true,true,true,false
gaussian_strong_d20,20,4096,13,271840,0.0025715950846254554,4.171297648020156e-5,0.01622066270447741,0.534553833,0.675244583,1.263192856013063,true,false,false,false
gaussian_strong_d20,20,4096,14,271841,0.00013018883462545539,0.0008794745072851495,6.755375833997894,0.533135917,0.498136083,0.9343510109074119,false,true,false,false
gaussian_strong_d20,20,4096,15,271842,0.004280579459625455,0.00021237986074723603,0.04961474556199898,0.535708541,0.495427292,0.9248075288760423,true,true,true,false
gaussian_strong_d20,20,4096,16,271843,0.00013018883462545539,0.0006741377988036534,5.178153723728329,0.533000167,0.494136167,0.9270844506133148,false,true,false,false
gaussian_strong_d20,20,4096,17,271844,0.0037760611653745446,0.0016610788515208363,0.4398972312081378,0.7091505,0.495735625,0.6990555953919514,true,true,true,false
gaussian_strong_d20,20,4096,18,271845,0.0023274544596254554,0.0008881296427851182,0.38158840836268826,0.530199417,0.493457834,0.9307023323264048,true,true,true,false
gaussian_strong_d20,20,4096,19,271846,0.00011395179037454461,0.0008947835065730714,7.8522987978691265,0.534050584,0.493845667,0.924717024558108,false,true,false,false
gaussian_strong_d20,20,4096,2,271829,0.0008626107096254554,0.00021456052771834377,0.24873390200720522,0.530894792,0.495108042,0.9325916348412776,true,true,true,false
gaussian_strong_d20,20,4096,20,271847,0.00013018883462545539,0.001364788121680005,10.483142625912658,0.706163708,0.4952005,0.7012545311943446,false,true,false,false
gaussian_strong_d20,20,4096,21,271848,0.0032877799153745446,0.0002756991504569428,0.08385571952906559,0.534851834,0.491820458,0.9195452398878752,true,true,true,false
gaussian_strong_d20,20,4096,22,271849,0.0015787955403745446,0.00045592002035604873,0.28877711438676146,0.532618958,0.49354,0.9266286762552676,true,true,true,false
gaussian_strong_d20,20,4096,23,271850,0.0023274544596254554,0.000749217549819603,0.3219042790380399,0.533483459,0.494350167,0.926645725673755,true,true,true,false
gaussian_strong_d20,20,4096,24,271851,0.00011395179037454461,8.791277543995779e-5,0.7714909537708886,0.532764042,0.675807875,1.2684937828443006,true,false,false,false
gaussian_strong_d20,20,4096,25,271852,0.00011395179037454461,6.438366208727508e-5,0.5650079026898517,0.53397575,0.492806708,0.9229009145078217,true,true,true,false
gaussian_strong_d20,20,4096,26,271853,0.0008626107096254554,0.0006840919676999735,0.7930483126009478,0.533394041,0.494388917,0.9268737162363612,true,true,true,false
gaussian_strong_d20,20,4096,27,271854,0.0006022330403745446,0.00015479139335133896,0.25702906179818713,0.533694417,0.667822417,1.251319848451778,true,false,false,false
gaussian_strong_d20,20,4096,28,271855,0.0015950325846254554,0.00045757929839351785,0.2868777119691046,0.532446458,0.49338675,0.9266410595598328,true,true,true,false
gaussian_strong_d20,20,4096,29,271856,0.00013018883462545539,0.0012745726021462511,9.790183665236052,0.531272167,0.494363542,0.9305278399799928,false,true,false,false
gaussian_strong_d20,20,4096,3,271830,0.00013018883462545539,0.001888709345625239,14.507460267686781,0.531517,0.493891417,0.9292109509197259,false,true,false,false
gaussian_strong_d20,20,4096,30,271857,0.006461608040374545,0.0013311122024033395,0.20600324162128877,0.71648325,0.494055292,0.6895559554253361,true,true,true,false
gaussian_strong_d20,20,4096,4,271831,0.0006022330403745446,0.0009878215073749752,1.6402645506806186,0.535694458,0.675109166,1.2602504205858334,false,false,false,false
gaussian_strong_d20,20,4096,5,271832,0.0008463736653745446,0.00018180947333473751,0.21480993652405478,0.536184458,0.493876208,0.921093852369738,true,true,true,false
gaussian_strong_d20,20,4096,6,271833,0.0032877799153745446,0.002094314702464628,0.6369996643239556,0.533781291,0.494560875,0.9265234344828319,true,true,true,false
gaussian_strong_d20,20,4096,7,271834,0.0008463736653745446,0.0008424651790447379,0.9953820794647751,0.53499225,0.667703,1.2480610700435382,true,false,false,false
gaussian_strong_d20,20,4096,8,271835,0.0013346549153745446,0.0004387470720843001,0.3287344668874009,0.531293,0.49348375,0.9288354072046874,true,true,true,false
gaussian_strong_d20,20,4096,9,271836,0.0006022330403745446,0.0012522762762483541,2.0793881974152906,0.533884584,0.492050125,0.9216413804523712,false,true,false,false
gaussian_strong_d20,20,65536,1,271828,0.0010304573893129554,0.00013227761806072769,0.1283678679318532,10.005006708,9.001537334,0.899703278239921,true,true,true,false
gaussian_strong_d20,20,65536,10,271837,0.0006632681966245446,2.5951890353870244e-5,0.03912729494033135,10.304449791,9.030343792,0.8763538058953118,true,true,true,false
gaussian_strong_d20,20,65536,11,271838,0.0009236458658754554,3.14686028141109e-6,0.003406998718527706,10.31914575,9.16056525,0.8877251539934882,true,true,true,false
gaussian_strong_d20,20,65536,12,271839,0.0002980355143129554,6.718307518310818e-5,0.22541969650154467,10.341026166,9.06921225,0.8770127939351352,true,true,true,false
gaussian_strong_d20,20,65536,13,271840,0.0009236458658754554,0.0003131709977933772,0.3390595999653456,10.182052625,9.0130875,0.8851935687181737,true,true,true,false
gaussian_strong_d20,20,65536,14,271841,0.0002512808919370446,0.00014070368727486793,0.5599458287107622,10.370477042,9.124370708,0.879840982343115,true,true,true,false
gaussian_strong_d20,20,65536,15,271842,8.441246743795539e-5,0.00011671431446791392,1.3826667790951728,10.292225041,9.052310042,0.879528965402458,false,true,false,false
gaussian_strong_d20,20,65536,16,271843,0.0005116585611879554,0.0003827481339088168,0.7480538056866717,10.311635791,9.0039575,0.8731842049598627,true,true,true,false
gaussian_strong_d20,20,65536,17,271844,0.0004201058268129554,2.409491152099985e-6,0.005735438545042528,10.325168667,9.218541583,0.8928223722352487,true,true,true,false
gaussian_strong_d20,20,65536,18,271845,0.00012921057943704461,1.1176039653060243e-5,0.08649477234567743,10.239774833,9.021516042,0.8810267988438687,true,true,true,false
gaussian_strong_d20,20,65536,19,271846,0.0003895882486879554,3.2708389124669335e-5,0.08395630318630952,10.226159417,8.970963375,0.8772563588326857,true,true,true,false
gaussian_strong_d20,20,65536,2,271829,0.00017596520181295539,9.568869348242082e-5,0.543793275582603,10.310619708,8.999790792,0.872866136748024,true,true,true,false
gaussian_strong_d20,20,65536,20,271847,0.00016070641275045539,0.00023188104792914999,1.4428860924748188,10.220711375,9.154623125,0.8956933415997181,false,true,false,false
gaussian_strong_d20,20,65536,21,271848,8.118522125455385e-6,0.00013831224005395049,17.036627838985197,10.252217833,9.238015708,0.9010748560437851,false,true,false,false
gaussian_strong_d20,20,65536,22,271849,0.0005421761393129554,3.3641100798731394e-5,0.062048287188295186,10.137029291,9.09900075,0.8976003214352358,true,true,true,false
gaussian_strong_d20,20,65536,23,271850,6.817542318704461e-5,3.4221837395653765e-5,0.5019673629566401,11.219687333,9.085840125,0.8098122394441597,true,true,true,false
gaussian_strong_d20,20,65536,24,271851,0.0004038687825620446,5.492372631421549e-5,0.13599398786356506,10.318422875,9.034286959,0.8755492063509753,true,true,true,false
gaussian_strong_d20,20,65536,25,271852,0.0012125846028745446,7.690299202761652e-5,0.06342072284714058,10.283927041,9.188812959,0.8935120720290999,true,true,true,false
gaussian_strong_d20,20,65536,26,271853,0.0006937857747495446,0.00011601772907926522,0.1672241393550443,10.264223125,8.94789275,0.8717554793022877,true,true,true,false
gaussian_strong_d20,20,65536,27,271854,0.00014446936849954461,0.00024011514469923778,1.6620488287106665,10.249473083,9.039222375,0.88192069014676,false,true,false,false
gaussian_strong_d20,20,65536,28,271855,0.0008311148763120446,6.0220622699225235e-5,0.07245764023193253,10.279875459,8.994618417,0.8749734812327166,true,true,true,false
gaussian_strong_d20,20,65536,29,271856,0.0003275748372495446,8.367553645804993e-6,0.025543945060195937,10.210802834,9.028148708,0.8841761862189728,true,true,true,false
gaussian_strong_d20,20,65536,3,271830,0.0015635367513120446,2.6170794981406065e-5,0.016738202641827765,10.069644292,8.9759685,0.8913888355650369,true,true,true,false
gaussian_strong_d20,20,65536,30,271857,8.441246743795539e-5,5.9147873482878754e-5,0.7007006817607062,10.288097042,9.0156185,0.8763154607887883,true,true,true,false
gaussian_strong_d20,20,65536,4,271831,0.00022076331381204461,2.2891984140571697e-5,0.10369469340391255,10.248796625,8.990543333,0.8772291676731364,true,true,true,false
gaussian_strong_d20,20,65536,5,271832,0.0003886099934995446,7.0924312768894104e-6,0.01825076914008317,10.270708916,9.028554333,0.8790585349892512,true,true,true,false
gaussian_strong_d20,20,65536,6,271833,0.00014446936849954461,0.0001634963866713468,1.1317027849530759,10.361860208,8.839651041,0.8530949910109037,false,true,false,false
gaussian_strong_d20,20,65536,7,271834,7.140266937044615e-6,0.00031771772673599985,44.49661749865958,10.111785834,8.939413291,0.8840588040286612,false,true,false,false
gaussian_strong_d20,20,65536,8,271835,0.0007853385091245446,0.0005073917025676944,0.6460802528750421,10.280858042,9.136634583,0.8887035056485025,true,true,true,false
gaussian_strong_d20,20,65536,9,271836,0.0005106803059995446,0.00019599677445031327,0.3837954433482462,10.035867709,9.108541166,0.907598767750955,true,true,true,false
gaussian_strong_d4,4,1024,1,271828,0.0015921151631317354,4.580159894129743e-6,0.002876776755973129,0.004544375,0.00392125,0.8628799339843214,true,true,true,true
gaussian_strong_d4,4,1024,10,271837,0.007451490163131735,2.3835697858243243e-5,0.003198782704723521,0.005059958,0.003995458,0.7896227597146064,true,true,true,true
gaussian_strong_d4,4,1024,11,271838,0.008428052663131735,1.3296723134992305e-5,0.0015776744245035894,0.005101209,0.00406575,0.7970169424542299,true,true,true,true
gaussian_strong_d4,4,1024,12,271839,0.0003610098368682646,3.230960269884342e-6,0.008949784576267227,0.005291042,0.004058958,0.7671377395983626,true,true,true,true
gaussian_strong_d4,4,1024,13,271840,0.006220384836868265,1.5473876061711245e-5,0.0024876075142485515,0.004934583,0.00396275,0.8030567121882437,true,true,true,true
gaussian_strong_d4,4,1024,14,271841,0.004521802663131735,1.7711720105340056e-5,0.00391695998804892,0.004935833,0.003970167,0.8043560225801806,true,true,true,true
gaussian_strong_d4,4,1024,15,271842,0.0015921151631317354,3.0415364892011354e-5,0.019103746761750244,0.006110667,0.003818041,0.624815752519324,true,true,true,true
gaussian_strong_d4,4,1024,16,271843,0.0006155526631317354,1.2863887889458248e-5,0.020898111014597667,0.004510042,0.003831666,0.8495854362331882,true,true,true,true
gaussian_strong_d4,4,1024,17,271844,0.0003610098368682646,1.4594730946670964e-5,0.04042751597374533,0.004548375,0.003807541,0.8371211696485007,true,true,true,true
gaussian_strong_d4,4,1024,18,271845,0.0006155526631317354,2.7872740864798295e-5,0.045280838723027676,0.004530875,0.003759875,0.8298341931746076,true,true,true,true
gaussian_strong_d4,4,1024,19,271846,0.0023141348368682646,8.432864744611912e-6,0.0036440680163754716,0.004589292,0.003772541,0.8220311542608315,true,true,true,true
gaussian_strong_d4,4,1024,2,271829,0.0025686776631317354,8.59663626728846e-6,0.003346716635830215,0.004482583,0.003754667,0.8376123766141085,true,true,true,true
gaussian_strong_d4,4,1024,20,271847,0.004267259836868265,9.435349637154644e-7,0.0002211102674281778,0.004513834,0.003787083,0.8389947437145451,true,true,true,true
gaussian_strong_d4,4,1024,21,271848,0.0006155526631317354,2.0593159359427737e-5,0.03345474821708401,0.004541167,0.00376325,0.8286966764270066,true,true,true,true
gaussian_strong_d4,4,1024,22,271849,0.0023141348368682646,4.929562176869684e-5,0.02130196606668303,0.004621625,0.00380025,0.8222757147107348,true,true,true,true
gaussian_strong_d4,4,1024,23,271850,0.004267259836868265,9.949724234625812e-6,0.002331642462608487,0.004793959,0.003804042,0.7935074121409882,true,true,true,true
gaussian_strong_d4,4,1024,24,271851,0.0035452401631317354,2.5560535016566632e-5,0.007209817626004606,0.00479475,0.003790208,0.7904912664893894,true,true,true,true
gaussian_strong_d4,4,1024,25,271852,0.0006155526631317354,3.6075298038951154e-5,0.05860635523110493,0.004914833,0.004001083,0.8140832048616911,true,true,true,true
gaussian_strong_d4,4,1024,26,271853,0.0013375723368682646,1.4284112203943877e-5,0.010679132492668093,0.004748542,0.003975,0.8370990506138517,true,true,true,true
gaussian_strong_d4,4,1024,27,271854,0.0035452401631317354,2.407105347490557e-6,0.0006789682043329353,0.004697459,0.003999042,0.8513202563343288,true,true,true,true
gaussian_strong_d4,4,1024,28,271855,0.0013375723368682646,4.380623086208679e-5,0.032750550870880635,0.0047775,0.0039845,0.834013605442177,true,true,true,true
gaussian_strong_d4,4,1024,29,271856,0.0003610098368682646,4.296225547117949e-5,0.1190057751441736,0.00489925,0.0040675,0.830229116701536,true,true,true,true
gaussian_strong_d4,4,1024,3,271830,0.004267259836868265,7.94826513805802e-6,0.0018626156929527962,0.004529042,0.0037505,0.8281000706109592,true,true,true,true
gaussian_strong_d4,4,1024,30,271857,0.006220384836868265,3.0936747119847396e-5,0.00497344584477878,0.004975166,0.003967208,0.7974021369337224,true,true,true,true
gaussian_strong_d4,4,1024,4,271831,0.006220384836868265,1.4812896445448587e-5,0.00238134726932849,0.004477166,0.003783792,0.845131049418315,true,true,true,true
gaussian_strong_d4,4,1024,5,271832,0.0023141348368682646,1.3020921506790017e-5,0.0056266909340560835,0.004517125,0.003775916,0.8359113374104102,true,true,true,true
gaussian_strong_d4,4,1024,6,271833,0.0006155526631317354,1.1459730873131235e-5,0.018616978789154748,0.004549167,0.003829541,0.8418114788927292,true,true,true,true
gaussian_strong_d4,4,1024,7,271834,0.008173509836868265,2.1223440897388812e-5,0.0025966128775738668,0.004594083,0.003873041,0.8430498534745672,true,true,true,true
gaussian_strong_d4,4,1024,8,271835,0.007451490163131735,5.108980809076513e-6,0.0006856320946855139,0.004905584,0.003982416,0.8118128239165815,true,true,true,true
gaussian_strong_d4,4,1024,9,271836,0.0023141348368682646,3.053958541809898e-5,0.013196977519005946,0.004935791,0.003953542,0.8009946126162959,true,true,true,true
gaussian_strong_d4,4,16384,1,271828,0.0007376229756317354,5.50538871380013e-7,0.0007463689304261507,0.082188666,0.065867791,0.801421828649707,true,true,true,true
gaussian_strong_d4,4,16384,10,271837,0.0002493417256317354,7.261676826519903e-8,0.0002912339203605664,0.080987416,0.065581125,0.8097693226809459,true,true,true,true
gaussian_strong_d4,4,16384,11,271838,0.0007882559306182646,5.404955097931818e-7,0.0006856853070160181,0.078883958,0.063451458,0.804364532520034,true,true,true,true
gaussian_strong_d4,4,16384,12,271839,5.2011006317354e-6,4.673668188015512e-7,0.08985921478808409,0.229711708,0.095752791,0.41683896669298204,true,true,true,true
gaussian_strong_d4,4,16384,13,271840,0.0003103768818817354,1.4264690981757866e-6,0.004595925732378876,0.077795125,0.064997833,0.8355000779290476,true,true,true,true
gaussian_strong_d4,4,16384,14,271841,0.0006155526631317354,2.1133729977140803e-7,0.00034332935657558744,0.077961917,0.062952,0.8074711656974776,true,true,true,true
gaussian_strong_d4,4,16384,15,271842,0.0010427987568817354,1.2666561838292623e-6,0.0012146698252852967,0.081927292,0.063831375,0.7791222368243295,true,true,true,true
gaussian_strong_d4,4,16384,16,271843,0.0003610098368682646,1.3151534103972295e-6,0.003642984971839257,0.077422458,0.064588125,0.8342298432323086,true,true,true,true
gaussian_strong_d4,4,16384,17,271844,6.62362568817354e-5,6.738653254290128e-7,0.010173662540022407,0.103119292,0.216621459,2.1006879973535892,true,false,false,true
gaussian_strong_d4,4,16384,18,271845,0.0006765878193817354,2.5743741074446547e-6,0.0038049371178409813,0.079389417,0.064079917,0.8071594353690744,true,true,true,true
gaussian_strong_d4,4,16384,19,271846,0.0007376229756317354,7.633499958803469e-7,0.0010348782794171747,0.0784685,0.063733042,0.8122118047369328,true,true,true,true
gaussian_strong_d4,4,16384,2,271829,0.0001883065693817354,5.055841924006543e-7,0.0026848993854045166,0.079987791,0.064083667,0.8011681057675414,true,true,true,true
gaussian_strong_d4,4,16384,20,271847,0.0007882559306182646,1.5695957824579665e-6,0.001991226099912578,0.078635625,0.065175792,0.8288328858580318,true,true,true,true
gaussian_strong_d4,4,16384,21,271848,0.0006661856181182646,6.235831946366233e-7,0.0009360502203545343,0.078643833,0.064231584,0.8167402522204125,true,true,true,true
gaussian_strong_d4,4,16384,22,271849,0.0003103768818817354,7.490149147582059e-7,0.0024132432487146615,0.188564834,0.092854875,0.49242943676337875,true,true,true,true
gaussian_strong_d4,4,16384,23,271850,0.0001272714131317354,6.792512516895499e-7,0.005337029227344826,0.077707625,0.0630685,0.8116127600090725,true,true,true,true
gaussian_strong_d4,4,16384,24,271851,0.0001883065693817354,1.601570002174313e-7,0.0008505120174153921,0.076044084,0.062783042,0.8256137584614734,true,true,true,true
gaussian_strong_d4,4,16384,25,271852,0.0006051504618682646,1.204334277860042e-7,0.00019901402275095904,0.07807625,0.064232167,0.8226850930980933,true,true,true,true
gaussian_strong_d4,4,16384,26,271853,0.0007376229756317354,4.2800553434751976e-8,5.802497325696172e-5,0.107206708,0.063590792,0.5931605697658396,true,true,true,true
gaussian_strong_d4,4,16384,27,271854,0.0001168692118682646,4.864892432232537e-7,0.004162680961446254,0.238277709,0.063430458,0.2662039108324648,true,true,true,true
gaussian_strong_d4,4,16384,28,271855,0.0001779043681182646,2.699298130570682e-7,0.001517274791575822,0.079357958,0.064127625,0.808080583424286,true,true,true,true
gaussian_strong_d4,4,16384,29,271856,0.0001883065693817354,5.364975615984591e-7,0.0028490644981740932,0.078208958,0.065915208,0.8428089273354084,true,true,true,true
gaussian_strong_d4,4,16384,3,271830,0.0004220449931182646,4.4293711976006733e-7,0.0010495021312477658,0.083098834,0.063497667,0.7641222378643724,true,true,true,true
gaussian_strong_d4,4,16384,30,271857,0.0002493417256317354,7.117140889967288e-7,0.002854372196203908,0.078614292,0.063009708,0.8015044897942984,true,true,true,true
gaussian_strong_d4,4,16384,4,271831,0.0001883065693817354,9.892651861020951e-7,0.00525348207101928,0.079467875,0.06396275,0.804888138760474,true,true,true,true
gaussian_strong_d4,4,16384,5,271832,0.0015310800068817354,6.253807141032297e-7,0.0004084572401783937,0.079705583,0.064138125,0.8046879852820349,true,true,true,true
gaussian_strong_d4,4,16384,6,271833,0.0006051504618682646,8.630881284110714e-7,0.0014262372464303884,0.084863833,0.063414625,0.7472514822657138,true,true,true,true
gaussian_strong_d4,4,16384,7,271834,0.0004220449931182646,4.4675781463165976e-7,0.0010585549453644867,0.07879825,0.092214625,1.1702623471967968,true,false,false,true
gaussian_strong_d4,4,16384,8,271835,0.0014090096943817354,1.3996838220675656e-6,0.0009933812575233828,0.080037041,0.216592,2.7061470201028546,true,false,false,true
gaussian_strong_d4,4,16384,9,271836,0.0001779043681182646,7.001978260534614e-7,0.0039358101965658,0.077811875,0.064610208,0.830338659748271,true,true,true,true
gaussian_strong_d4,4,256,1,271828,0.0023141348368682646,8.690566771318853e-5,0.037554280039618866,0.001209167,0.000979583,0.8101304451742398,true,true,true,true
gaussian_strong_d4,4,256,10,271837,0.0023141348368682646,2.6930743882824792e-5,0.011637499878473099,0.00117675,0.0009535,0.8102825578925005,true,true,true,true
gaussian_strong_d4,4,256,11,271838,0.013310865163131735,0.00015081763050195374,0.011330415315128161,0.001159292,0.001018459,0.8785180955272701,true,true,true,true
gaussian_strong_d4,4,256,12,271839,0.009404615163131735,6.101733848262736e-5,0.006488020766849603,0.001171583,0.001089167,0.9296541516904907,true,true,true,true
gaussian_strong_d4,4,256,13,271840,0.0015921151631317354,3.1955590385601695e-5,0.020071155105855627,0.001157625,0.000959958,0.8292478134110787,true,true,true,true
gaussian_strong_d4,4,256,14,271841,0.009404615163131735,0.00010085490084354998,0.010723979566853994,0.001156917,0.000956625,0.8268743565873784,true,true,true,true
gaussian_strong_d4,4,256,15,271842,0.010126634836868265,9.515196831288986e-5,0.009396208103255385,0.0012055,0.000958917,0.7954516798009125,true,true,true,true
gaussian_strong_d4,4,256,16,271843,0.005498365163131735,1.6207175204008273e-5,0.002947635292156016,0.001176292,0.000951417,0.80882722997351,true,true,true,true
gaussian_strong_d4,4,256,17,271844,0.0015921151631317354,5.418056075012778e-5,0.03403055382222043,0.001173,0.000956584,0.8155021312872975,true,true,true,true
gaussian_strong_d4,4,256,18,271845,0.006220384836868265,0.000282983515903501,0.045492927419258006,0.001170542,0.000957458,0.8179612521378986,true,true,true,true
gaussian_strong_d4,4,256,19,271846,0.005498365163131735,0.00010111192291650806,0.018389452121968044,0.001172541,0.000970791,0.8279377863972347,true,true,true,true
gaussian_strong_d4,4,256,2,271829,0.009404615163131735,5.616252418361167e-5,0.005971804609696497,0.001162167,0.000959583,0.8256842605236596,true,true,true,true
gaussian_strong_d4,4,256,20,271847,0.006220384836868265,1.3362560097873732e-5,0.002148188648823421,0.001177083,0.00098525,0.8370267857067004,true,true,true,true
gaussian_strong_d4,4,256,21,271848,0.010126634836868265,9.593263435125898e-5,0.00947329847443446,0.001180041,0.000962333,0.8155081052268524,true,true,true,true
gaussian_strong_d4,4,256,22,271849,0.0015921151631317354,0.0002752266442097584,0.17286855284286085,0.001171542,0.000951958,0.8125683927678222,true,true,true,true
gaussian_strong_d4,4,256,23,271850,0.006220384836868265,0.00011460014478414937,0.018423320709180808,0.001211083,0.000956458,0.7897542942969227,true,true,true,true
gaussian_strong_d4,4,256,24,271851,0.0023141348368682646,0.0002024915748167766,0.08750206409355554,0.001175583,0.000968459,0.823811674717991,true,true,true,true
gaussian_strong_d4,4,256,25,271852,0.0023141348368682646,0.00011557701319986347,0.04994394075855782,0.001178917,0.000965666,0.8191127958965728,true,true,true,true
gaussian_strong_d4,4,256,26,271853,0.0023141348368682646,4.351502618249459e-5,0.018804014999136257,0.001162791,0.0009635,0.828609784561456,true,true,true,true
gaussian_strong_d4,4,256,27,271854,0.009404615163131735,0.00010943654326589503,0.011636472239173759,0.001182042,0.000961625,0.8135286225024154,true,true,true,true
gaussian_strong_d4,4,256,28,271855,0.017939134836868265,5.6669301800926775e-5,0.0031589763004880706,0.001175292,0.000955125,0.8126703831898796,true,true,true,true
gaussian_strong_d4,4,256,29,271856,0.0023141348368682646,8.81771981444679e-5,0.03810374259081581,0.00116825,0.000962584,0.8239537770169056,true,true,true,true
gaussian_strong_d4,4,256,3,271830,0.0015921151631317354,4.9302135519457835e-5,0.030966438019771853,0.001152334,0.000965791,0.8381172472564378,true,true,true,true
gaussian_strong_d4,4,256,30,271857,0.0015921151631317354,2.3376566850585867e-5,0.014682711019850789,0.001197333,0.000964458,0.8055052353856446,true,true,true,true
gaussian_strong_d4,4,256,4,271831,0.0015921151631317354,7.088380014752538e-5,0.044521779447219724,0.00115925,0.000974708,0.840809143843002,true,true,true,true
gaussian_strong_d4,4,256,5,271832,0.0023141348368682646,8.310811343559266e-5,0.035913254539680785,0.00115275,0.0009405,0.8158750813272609,true,true,true,true
gaussian_strong_d4,4,256,6,271833,0.013310865163131735,0.0003753493232931948,0.028198717265413564,0.001145958,0.000950667,0.8295827595775761,true,true,true,true
gaussian_strong_d4,4,256,7,271834,0.005498365163131735,4.726823121470325e-5,0.00859677919023123,0.001164042,0.000964542,0.8286144314380409,true,true,true,true
gaussian_strong_d4,4,256,8,271835,0.0023141348368682646,0.0002134081337704652,0.09221940328216655,0.001153625,0.000959417,0.8316541337089609,true,true,true,true
gaussian_strong_d4,4,256,9,271836,0.0015921151631317354,0.0001500699429296537,0.09425822101616185,0.001172375,0.000953333,0.8131638767459217,true,true,true,true
gaussian_strong_d4,4,4096,1,271828,0.0001168692118682646,1.0925330803379651e-6,0.009348339591521097,0.018801375,0.015428166,0.820587111314997,true,true,true,true
gaussian_strong_d4,4,4096,10,271837,0.0008492910868682646,1.9486276473523745e-6,0.0022944166935012595,0.019366875,0.01593725,0.822912834414432,true,true,true,true
gaussian_strong_d4,4,4096,11,271838,0.0028024160868682646,2.811639309152625e-7,0.00010032911680487344,0.020122375,0.015441625,0.767385808086769,true,true,true,true
gaussian_strong_d4,4,4096,12,271839,0.0003610098368682646,4.418489525703784e-6,0.012239249667083521,0.018169666,0.015291792,0.8416110675892446,true,true,true,true
gaussian_strong_d4,4,4096,13,271840,0.0003610098368682646,6.588727210932177e-6,0.018250824598268375,0.018136584,0.015195084,0.8378140006960516,true,true,true,true
gaussian_strong_d4,4,4096,14,271841,0.0006155526631317354,1.3263360334914154e-5,0.02154707652052777,0.018668625,0.015363834,0.8229761966936504,true,true,true,true
gaussian_strong_d4,4,4096,15,271842,0.0003610098368682646,7.6138931168756585e-6,0.021090541972278803,0.019781333,0.015861417,0.8018376213574686,true,true,true,true
gaussian_strong_d4,4,4096,16,271843,0.0001272714131317354,2.3194410587734637e-6,0.018224367921276,0.018872583,0.015450958,0.8186986381249457,true,true,true,true
gaussian_strong_d4,4,4096,17,271844,0.0001272714131317354,7.481662352648577e-6,0.058785096892925194,0.018659584,0.016149,0.8654533777387534,true,true,true,true
gaussian_strong_d4,4,4096,18,271845,0.0006051504618682646,7.747583472217379e-6,0.012802739087893075,0.018877416,0.015523292,0.8223208091615928,true,true,true,true
gaussian_strong_d4,4,4096,19,271846,0.0003714120381317354,4.312371496006939e-6,0.011610747776778826,0.018804084,0.016069542,0.8545772290742798,true,true,true,true
gaussian_strong_d4,4,4096,2,271829,0.0010934317118682646,6.3335606882430895e-6,0.005792369673842192,0.018714667,0.015395083,0.8226212627774782,true,true,true,true
gaussian_strong_d4,4,4096,20,271847,0.0008492910868682646,1.7120863678998788e-6,0.002015900548554143,0.018858792,0.015476667,0.8206605704119331,true,true,true,true
gaussian_strong_d4,4,4096,21,271848,0.0030465567118682646,2.8531180233937192e-6,0.0009365057976039049,0.019184208,0.01558625,0.8124520960156395,true,true,true,true
gaussian_strong_d4,4,4096,22,271849,0.0006155526631317354,4.070446179116338e-6,0.006612669269282677,0.019206625,0.015346416,0.7990167975893734,true,true,true,true
gaussian_strong_d4,4,4096,23,271850,0.0003714120381317354,5.4571135005287985e-6,0.01469288267547544,0.018395583,0.015481125,0.8415675110704565,true,true,true,true
gaussian_strong_d4,4,4096,24,271851,0.0001272714131317354,8.397507891388933e-6,0.06598110042745331,0.019013708,0.015973917,0.8401263446351442,true,true,true,true
gaussian_strong_d4,4,4096,25,271852,0.0018362557881317354,8.087158087644042e-7,0.0004404156621269073,0.018908125,0.015371125,0.8129375599114137,true,true,true,true
gaussian_strong_d4,4,4096,26,271853,0.0018258535868682646,6.80118303508781e-6,0.0037249334141590813,0.019288625,0.01568825,0.8133420604112528,true,true,true,true
gaussian_strong_d4,4,4096,27,271854,0.0008492910868682646,3.7926132862020623e-6,0.004465622381823422,0.019190167,0.015628083,0.8143797289518117,true,true,true,true
gaussian_strong_d4,4,4096,28,271855,0.0013479745381317354,7.062855970074722e-7,0.0005239606365164503,0.019109209,0.015775125,0.8255247509198315,true,true,true,true
gaussian_strong_d4,4,4096,29,271856,0.0023141348368682646,2.6136873455540055e-6,0.0011294447081964885,0.018693708,0.02113375,1.130527448058994,true,false,false,true
gaussian_strong_d4,4,4096,3,271830,0.0006051504618682646,7.21663914182713e-8,0.00011925363354342317,0.018684167,0.015458209,0.8273426907391697,true,true,true,true
gaussian_strong_d4,4,4096,30,271857,0.0001272714131317354,4.291272035161775e-6,0.03371748556543478,0.128744125,0.016984792,0.13192673452089562,true,true,true,true
gaussian_strong_d4,4,4096,4,271831,0.0003610098368682646,3.974559258268506e-6,0.01100955944233413,0.019976791,0.0158025,0.7910429658096738,true,true,true,true
gaussian_strong_d4,4,4096,5,271832,0.0020699942118682646,6.919851741393757e-6,0.0033429328940723334,0.018819542,0.015395667,0.8180681017635817,true,true,true,true
gaussian_strong_d4,4,4096,6,271833,0.0015817129618682646,9.548284018001674e-6,0.006036673055219558,0.018729959,0.015379208,0.8211020643451489,true,true,true,true
gaussian_strong_d4,4,4096,7,271834,0.0018362557881317354,2.668933113181282e-6,0.0014534647789438632,0.018540042,0.015623041,0.8426648116546878,true,true,true,true
gaussian_strong_d4,4,4096,8,271835,0.0035348379618682646,8.614555993879947e-6,0.002437044098430725,0.020166458,0.015595167,0.7733220677622218,true,true,true,true
gaussian_strong_d4,4,4096,9,271836,0.0001168692118682646,4.096360345484662e-6,0.035050808335236265,0.019266291,0.015775375,0.8188070552863548,true,true,true,true
gaussian_strong_d4,4,65536,1,271828,0.0002847158915557646,3.2072571487518076e-8,0.00011264763379474491,0.411675334,0.316906916,0.769798163326443,true,true,true,true
gaussian_strong_d4,4,65536,10,271837,0.0003152334696807646,5.2777280101778956e-8,0.00016742283157694597,0.52985725,0.30516875,0.5759452192076262,true,true,true,true
gaussian_strong_d4,4,65536,11,271838,4.05752665557646e-5,1.389445990485072e-7,0.0034243668826561807,0.558006375,0.28770125,0.5155877475414147,true,true,true,true
gaussian_strong_d4,4,65536,12,271839,0.0002847158915557646,1.9621048674700603e-7,0.0006891448372440993,0.534196208,0.308230333,0.5769983545072264,true,true,true,true
gaussian_strong_d4,4,65536,13,271840,0.0002035653584442354,1.2759586609512041e-8,6.268054008318609e-5,0.55955825,0.288177209,0.5150084178010064,true,true,true,true
gaussian_strong_d4,4,65536,14,271841,4.05752665557646e-5,1.1795844967465996e-7,0.0029071515651670167,0.543353291,0.283396875,0.5215701822260611,true,true,true,true
gaussian_strong_d4,4,65536,15,271842,2.04598896942354e-5,2.4674402410163054e-7,0.012059890243257322,0.406053042,0.437317792,1.076996714138642,true,false,false,true
gaussian_strong_d4,4,65536,16,271843,0.0001168692118682646,8.738556167564582e-8,0.000747720980390859,0.559172292,0.288324625,0.5156275250491131,true,true,true,true
gaussian_strong_d4,4,65536,17,271844,0.0003103768818817354,1.9195809064509461e-7,0.0006184677463131337,0.408357959,0.441673834,1.0815849777523254,true,false,false,true
gaussian_strong_d4,4,65536,18,271845,0.0003610098368682646,1.2208710342687112e-7,0.00033818220712756285,0.547560458,0.283188917,0.5171829208309998,true,true,true,true
gaussian_strong_d4,4,65536,19,271846,0.0001425302021942354,3.4935429993332434e-8,0.0002451089625602551,0.406183333,0.440819625,1.0852725584385314,true,false,false,true
gaussian_strong_d4,4,65536,2,271829,0.0001168692118682646,1.639364279881761e-7,0.0014027340936718716,0.415019875,0.441174625,1.0630204758266095,true,false,false,true
gaussian_strong_d4,4,65536,20,271847,0.0004067862040557646,8.436022658209197e-9,2.0738222127741426e-5,0.549866667,0.281473458,0.5118940188458451,true,true,true,true
gaussian_strong_d4,4,65536,21,271848,0.0003714120381317354,8.487635227982793e-8,0.0002285234283378917,0.405497625,0.441837209,1.0896172548482868,true,false,false,true
gaussian_strong_d4,4,65536,22,271849,0.0001626455790557646,4.7536644176560117e-8,0.00029227135746654213,0.51761375,0.288155833,0.5567004991656423,true,true,true,true
gaussian_strong_d4,4,65536,23,271850,0.0003408944600067354,7.924163492045722e-8,0.0002324521053199033,0.379997417,0.311462833,0.8196446056368851,true,true,true,true
gaussian_strong_d4,4,65536,24,271851,7.10928446807646e-5,6.930244711433886e-9,9.748160651825744e-5,0.409720625,0.439207875,1.0719691619136822,true,false,false,true
gaussian_strong_d4,4,65536,25,271852,0.0004067862040557646,1.8802201728895795e-7,0.00046221335781383287,0.548425792,0.429933125,0.7839403822203899,true,true,true,true
gaussian_strong_d4,4,65536,26,271853,0.0004782235615692354,6.991588052951414e-8,0.00014619915484735476,0.381570458,0.278213375,0.7291271354136121,true,true,true,true
gaussian_strong_d4,4,65536,27,271854,0.0004477059834442354,1.6504426758601198e-7,0.000368644319462327,0.55531175,0.310106208,0.5584362441457433,true,true,true,true
gaussian_strong_d4,4,65536,28,271855,0.0003610098368682646,2.0422236091111046e-7,0.0005656974964525214,0.37986325,0.415810333,1.0946316417816149,true,false,false,true
gaussian_strong_d4,4,65536,29,271856,0.0004019296162567354,3.2853940790111835e-8,8.174053232525704e-5,0.555335334,0.290084584,0.5223593138051611,true,true,true,true
gaussian_strong_d4,4,65536,3,271830,6.62362568817354e-5,6.475210745371385e-8,0.0009775930963207735,0.528953166,0.313875459,0.593389886241838,true,true,true,true
gaussian_strong_d4,4,65536,30,271857,0.0002188241475067354,2.1078551692976788e-7,0.000963264426396451,0.526311083,0.317316625,0.6029069788750773,true,true,true,true
gaussian_strong_d4,4,65536,4,271831,0.0006613290303192354,1.3887270955414976e-7,0.00020999034245799465,0.384307167,0.446541833,1.1619399047012828,true,false,false,true
gaussian_strong_d4,4,65536,5,271832,0.0001120126240692354,1.1522078391390522e-7,0.0010286410560535288,0.529913917,0.318105792,0.6002971082565473,true,true,true,true
gaussian_strong_d4,4,65536,6,271833,0.0001931631571807646,1.56054481559309e-8,8.078894745609858e-5,0.380410167,0.438239375,1.1520180400436038,true,false,false,true
gaussian_strong_d4,4,65536,7,271834,0.0002340829365692354,1.0808983519350335e-7,0.0004617587115818384,0.552570792,0.29079775,0.5262633389424608,true,true,true,true
gaussian_strong_d4,4,65536,8,271835,0.0005135977274932646,1.2692757844767755e-8,2.4713422909244102e-5,0.494185,0.318280458,0.644051231826138,true,true,true,true
gaussian_strong_d4,4,65536,9,271836,6.62362568817354e-5,6.519765038959235e-8,0.0009843196680936021,0.550787084,0.28246725,0.5128429082770576,true,true,true,true
gaussian_strong_d5,5,1024,1,271828,0.000529537506383071,0.0001607043111029327,0.30348050735933735,0.006585583,0.006743292,1.023947614053304,true,false,false,true
gaussian_strong_d5,5,1024,10,271837,0.008342037506383071,0.00015459757554026066,0.018532352008962718,0.00677325,0.006650917,0.9819388033809472,true,true,true,true
gaussian_strong_d5,5,1024,11,271838,0.004435787506383071,0.00013173594622151175,0.029698434839798914,0.008474041,0.006484708,0.7652438783338433,true,true,true,true
gaussian_strong_d5,5,1024,12,271839,0.00044702499361692905,1.7583504449913967e-5,0.03933449963869776,0.006423125,0.006589625,1.0259219616619637,true,false,false,true
gaussian_strong_d5,5,1024,13,271840,0.007282962493616929,3.553050303417571e-6,0.00048785783347526533,0.006381416,0.006349417,0.9949855956734368,true,true,true,true
gaussian_strong_d5,5,1024,14,271841,0.006388912506383071,4.486890125454668e-5,0.00702293249590111,0.006198167,0.006358875,1.0259283107409012,true,false,false,true
gaussian_strong_d5,5,1024,15,271842,0.002482662506383071,1.543761046929326e-5,0.006218167161103154,0.006329,0.00634575,1.0026465476378574,true,false,false,true
gaussian_strong_d5,5,1024,16,271843,0.006306399993616929,0.0001188511390761704,0.018846114930303578,0.006275042,0.006286583,1.001839190877129,true,false,false,true
gaussian_strong_d5,5,1024,17,271844,0.002400149993616929,3.776886561313031e-5,0.015736043877913712,0.006161334,0.006397875,1.0383911990487773,true,false,false,true
gaussian_strong_d5,5,1024,18,271845,0.001423587493616929,0.00012890491429851103,0.09054934443895715,0.00663,0.006299667,0.9501760180995475,true,true,true,true
gaussian_strong_d5,5,1024,19,271846,0.003376712493616929,2.4719661773753288e-5,0.007320629701368235,0.006552958,0.006300292,0.9614424508748568,true,true,true,true
gaussian_strong_d5,5,1024,2,271829,0.003459225006383071,0.00020119396981965743,0.05816157360345395,0.006203708,0.006438208,1.0377999738221078,true,false,false,true
gaussian_strong_d5,5,1024,20,271847,0.006306399993616929,3.75301449102583e-5,0.005951120282291755,0.006187292,0.006386125,1.0321357065417311,true,false,false,true
gaussian_strong_d5,5,1024,21,271848,0.001423587493616929,0.00016891697711196585,0.11865584508809927,0.0064595,0.006642083,1.0282658100472173,true,false,false,true
gaussian_strong_d5,5,1024,22,271849,0.000529537506383071,0.00022269667703600504,0.4205493932943529,0.006794291,0.00663575,0.9766655564208245,true,true,true,true
gaussian_strong_d5,5,1024,23,271850,0.001423587493616929,0.00017068796661190433,0.11989987786295803,0.006792334,0.00667125,0.9821734325785512,true,true,true,true
gaussian_strong_d5,5,1024,24,271851,0.007365475006383071,0.0001399472661257617,0.019000440026540114,0.006878333,0.006606916,0.9605402937019769,true,true,true,true
gaussian_strong_d5,5,1024,25,271852,0.001506100006383071,0.00010617148386704578,0.07049431207560958,0.006904834,0.006605958,0.9567149623003247,true,true,true,true
gaussian_strong_d5,5,1024,26,271853,0.003376712493616929,1.3284077522657256e-5,0.00393402682276576,0.006812917,0.006664875,0.9782703943112766,true,true,true,true
gaussian_strong_d5,5,1024,27,271854,0.006306399993616929,0.000139200530364203,0.022072899039879468,0.0068715,0.006713166,0.9769578694608163,true,true,true,true
gaussian_strong_d5,5,1024,28,271855,0.00044702499361692905,7.166194019680994e-5,0.1603085760753223,0.008168583,0.006663959,0.8158035487917549,true,true,true,true
gaussian_strong_d5,5,1024,29,271856,0.005329837493616929,0.00017182594075915159,0.032238495257112844,0.006504708,0.00640125,0.9840949047981862,true,true,true,true
gaussian_strong_d5,5,1024,3,271830,0.002400149993616929,9.365213495649005e-5,0.03901928429704515,0.006239834,0.006351542,1.0179023993266487,true,false,false,true
gaussian_strong_d5,5,1024,30,271857,0.005329837493616929,5.470221286918431e-5,0.01026339225814976,0.006220583,0.006376375,1.0250445979098743,true,false,false,true
gaussian_strong_d5,5,1024,4,271831,0.006306399993616929,0.00011771733571386278,0.01866632878234988,0.00625,0.0064225,1.0276,true,false,false,true
gaussian_strong_d5,5,1024,5,271832,0.005329837493616929,1.7501834806976646e-6,0.00032837464234016574,0.006241,0.006393084,1.0243685306841852,true,false,false,true
gaussian_strong_d5,5,1024,6,271833,0.005412350006383071,0.00015625056399648507,0.028869264517669867,0.006442417,0.006435291,0.9988938933943581,true,true,true,true
gaussian_strong_d5,5,1024,7,271834,0.008259524993616929,0.00013102978864698578,0.015864082831427637,0.0069265,0.006666791,0.9625050169638345,true,true,true,true
gaussian_strong_d5,5,1024,8,271835,0.006388912506383071,0.0001953754343309022,0.03058038971980058,0.006889542,0.006669958,0.9681279249041518,true,true,true,true
gaussian_strong_d5,5,1024,9,271836,0.002400149993616929,0.0001250564728880743,0.052103607366479315,0.006974583,0.006715792,0.9628951293575544,true,true,true,true
gaussian_strong_d5,5,16384,1,271828,0.001017818756383071,3.5335137748004897e-6,0.0034716532316197563,0.111959542,0.107976583,0.9644250152434529,true,true,true,true
gaussian_strong_d5,5,16384,10,271837,0.00016332656888307095,9.380542777992495e-6,0.05743427319965455,0.107835667,0.107382792,0.9958003227262461,true,true,true,true
gaussian_strong_d5,5,16384,11,271838,0.000569095306116929,6.600418188673629e-7,0.0011598089314265889,0.107093834,0.106527292,0.9947098541639662,true,true,true,true
gaussian_strong_d5,5,16384,12,271839,0.00014184921236692905,1.404101925839285e-7,0.000989855285348514,0.135862084,0.107047416,0.7879123656015758,true,true,true,true
gaussian_strong_d5,5,16384,13,271840,0.00032495468111692905,9.183362557396713e-6,0.028260440889270485,0.244021459,0.104832333,0.4296029268475114,true,true,true,true
gaussian_strong_d5,5,16384,14,271841,0.00022436172513307095,2.329896395703024e-6,0.010384553757202309,0.108931333,0.106225583,0.9751609575915131,true,true,true,true
gaussian_strong_d5,5,16384,15,271842,0.00046850235013307095,1.7536909971971326e-6,0.003743185059155036,0.108098541,0.105794625,0.9786868908804236,true,true,true,true
gaussian_strong_d5,5,16384,16,271843,0.00026391952486692905,6.073122885585924e-6,0.02301126788041944,0.107103083,0.10801875,1.008549399086859,true,false,false,true
gaussian_strong_d5,5,16384,17,271844,0.00014184921236692905,1.584389412223608e-6,0.011169532673365729,0.285989667,0.106073708,0.3709004913104081,true,true,true,true
gaussian_strong_d5,5,16384,18,271845,0.001139889068883071,8.396579097347256e-6,0.0073661370448746466,0.107162542,0.107044375,0.9988973105919791,true,true,true,true
gaussian_strong_d5,5,16384,19,271846,0.00010229141263307095,2.269326436765695e-6,0.02218491639084099,0.109319833,0.106390792,0.9732066824507497,true,true,true,true
gaussian_strong_d5,5,16384,2,271829,0.00044702499361692905,6.859926082736223e-7,0.0015345732745795256,0.111405416,0.107356917,0.9636597649794693,true,true,true,true
gaussian_strong_d5,5,16384,20,271847,0.00044702499361692905,5.606183692274946e-6,0.012541096744758473,0.117579333,0.105866709,0.9003853508847512,true,true,true,true
gaussian_strong_d5,5,16384,21,271848,0.000569095306116929,1.0868936199170953e-5,0.019098622115392688,0.250018958,0.106295958,0.42515159190448265,true,true,true,true
gaussian_strong_d5,5,16384,22,271849,0.001200924225133071,1.4010758758842279e-5,0.01166664679221521,0.106419292,0.107616666,1.0112514749675274,true,false,false,true
gaussian_strong_d5,5,16384,23,271850,0.000834713287633071,4.480565427456007e-6,0.005367789747496634,0.107330208,0.106887792,0.9958779917765556,true,true,true,true
gaussian_strong_d5,5,16384,24,271851,4.1256256383070955e-5,7.735872722625103e-6,0.18750786912889733,0.108299333,0.106015667,0.9789133881369334,true,true,true,true
gaussian_strong_d5,5,16384,25,271852,0.00010229141263307095,1.703840325817385e-5,0.16656728868621873,0.109146833,0.286087,2.621120486381863,true,false,false,true
gaussian_strong_d5,5,16384,26,271853,0.00040746719388307095,6.19363903109349e-6,0.015200337902223486,0.107550833,0.106239959,0.9878115867312715,true,true,true,true
gaussian_strong_d5,5,16384,27,271854,0.00020288436861692905,6.3721810393824185e-6,0.0314079447461716,0.106588292,0.107749167,1.010891205574436,true,false,false,true
gaussian_strong_d5,5,16384,28,271855,0.000508060149866929,1.7342372486295332e-5,0.03413448681388934,0.108865541,0.106328792,0.9766983291802133,true,true,true,true
gaussian_strong_d5,5,16384,29,271856,0.00044702499361692905,1.623816735296657e-6,0.003632496523646642,0.135490458,0.257994666,1.9041537670497797,true,false,false,true
gaussian_strong_d5,5,16384,3,271830,0.000935306243616929,5.9621193843062414e-6,0.006374510407682183,0.106577333,0.106827583,1.0023480602578037,true,false,false,true
gaussian_strong_d5,5,16384,30,271857,0.00046850235013307095,2.2203411932375516e-6,0.004739231708457594,0.107442875,0.107259541,0.9982936607010936,true,true,true,true
gaussian_strong_d5,5,16384,4,271831,0.00032495468111692905,8.147678155934202e-6,0.025073275226961286,0.107605792,0.106101708,0.9860222765703913,true,true,true,true
gaussian_strong_d5,5,16384,5,271832,0.001811275787633071,2.502520157765531e-6,0.001381633970294364,0.292189791,0.107941375,0.36942213015238445,true,true,true,true
gaussian_strong_d5,5,16384,6,271833,0.00040746719388307095,1.0980390280357355e-5,0.02694791248276137,0.104322708,0.112122416,1.074765198771489,true,false,false,true
gaussian_strong_d5,5,16384,7,271834,0.000508060149866929,2.5919940316310175e-6,0.005101746382411437,0.108411542,0.106793625,0.9850761554521565,true,true,true,true
gaussian_strong_d5,5,16384,8,271835,0.001078853912633071,1.2938796662975705e-6,0.0011993094256290025,0.135580459,0.106311208,0.7841189562575535,true,true,true,true
gaussian_strong_d5,5,16384,9,271836,0.00040746719388307095,1.0118543538606417e-6,0.002483278087293106,0.261846292,0.107712959,0.41135949712054737,true,true,true,true
gaussian_strong_d5,5,256,1,271828,0.00044702499361692905,0.0009723701662919249,2.1752031322105045,0.001672625,0.00167825,1.0033629773559525,false,false,false,true
gaussian_strong_d5,5,256,10,271837,0.004353274993616929,0.00032447978968119795,0.07453693831815644,0.00164025,0.001621375,0.9884926078341716,true,true,true,true
gaussian_strong_d5,5,256,11,271838,0.004353274993616929,0.00032482830672542207,0.07461699690502155,0.001617041,0.001678,1.03769786913257,true,false,false,true
gaussian_strong_d5,5,256,12,271839,0.015177975006383071,0.00024831859226404074,0.016360456000198365,0.001728792,0.001680667,0.9721626430478624,true,true,true,true
gaussian_strong_d5,5,256,13,271840,0.004353274993616929,0.00012652757862041675,0.02906491751748745,0.001737,0.001700667,0.9790829015544041,true,true,true,true
gaussian_strong_d5,5,256,14,271841,0.00044702499361692905,0.00023183925306946573,0.5186270485541055,0.001744209,0.001682375,0.9645489732021794,true,true,true,true
gaussian_strong_d5,5,256,15,271842,0.012165774993616929,0.00065898854137314,0.05416741158856665,0.001729875,0.0016985,0.9818628513620925,true,true,true,true
gaussian_strong_d5,5,256,16,271843,0.00044702499361692905,0.0008331737995737054,1.8638192751425449,0.001741042,0.001690708,0.9710897267268682,false,true,false,true
gaussian_strong_d5,5,256,17,271844,0.003459225006383071,0.000409184675225438,0.11828796174588167,0.00172325,0.001677958,0.973717104308719,true,true,true,true
gaussian_strong_d5,5,256,18,271845,0.007365475006383071,6.908792469961789e-5,0.009379968656433547,0.001724917,0.001688,0.978597810793215,true,true,true,true
gaussian_strong_d5,5,256,19,271846,0.003459225006383071,0.000204182146330667,0.05902540191918816,0.001725334,0.001691083,0.9801481915965256,true,true,true,true
gaussian_strong_d5,5,256,2,271829,0.007365475006383071,0.00016640625530039976,0.02259273911814088,0.001602791,0.001648167,1.0283106156697912,true,false,false,true
gaussian_strong_d5,5,256,20,271847,0.004353274993616929,0.0006054209646138009,0.13907252941785453,0.001713209,0.001666667,0.9728334371346402,true,true,true,true
gaussian_strong_d5,5,256,21,271848,0.012165774993616929,2.239450542651511e-5,0.001840779189017135,0.001722666,0.001699583,0.9866004205109986,true,true,true,true
gaussian_strong_d5,5,256,22,271849,0.00044702499361692905,0.0008077499217422623,1.8069457709884804,0.001719541,0.001689375,0.9824569463595226,false,true,false,true
gaussian_strong_d5,5,256,23,271850,0.004353274993616929,0.0005834430219634479,0.1340239297583847,0.0017355,0.001685583,0.9712376836646499,true,true,true,true
gaussian_strong_d5,5,256,24,271851,0.007365475006383071,0.00024443656344086406,0.03318680237581831,0.001727083,0.0016815,0.973606943036322,true,true,true,true
gaussian_strong_d5,5,256,25,271852,0.008259524993616929,0.00036325891195898574,0.043980605693392426,0.001725542,0.00169025,0.97954729586414,true,true,true,true
gaussian_strong_d5,5,256,26,271853,0.007365475006383071,0.0005628636660541808,0.07641919435832606,0.001729709,0.001673458,0.9674795008871434,true,true,true,true
gaussian_strong_d5,5,256,27,271854,0.003459225006383071,0.0004142560073703283,0.11975399304928996,0.001730208,0.001690417,0.977002187020289,true,true,true,true
gaussian_strong_d5,5,256,28,271855,0.008259524993616929,0.0002620049791037804,0.03172155533232981,0.001726333,0.001686584,0.9769748941832196,true,true,true,true
gaussian_strong_d5,5,256,29,271856,0.004353274993616929,0.0009136546810902813,0.20987754792195407,0.001730583,0.001676917,0.9689896410631562,true,true,true,true
gaussian_strong_d5,5,256,3,271830,0.003459225006383071,0.00025777972718066255,0.07451950269352219,0.001646208,0.0016175,0.9825611344374466,true,true,true,true
gaussian_strong_d5,5,256,30,271857,0.015177975006383071,0.0006359603657002388,0.04190021168388977,0.001762333,0.001692709,0.9604932779446336,true,true,true,true
gaussian_strong_d5,5,256,4,271831,0.011271725006383071,0.0001434374610594924,0.012725422326952186,0.001628125,0.001615083,0.9919895585412668,true,true,true,true
gaussian_strong_d5,5,256,5,271832,0.004353274993616929,0.00032902741939278,0.07558158395121435,0.0016755,0.001670834,0.9972151596538347,true,true,true,true
gaussian_strong_d5,5,256,6,271833,0.007365475006383071,0.00042926128748088654,0.05828019063385321,0.001741208,0.001676292,0.9627178372715954,true,true,true,true
gaussian_strong_d5,5,256,7,271834,0.011271725006383071,3.85500884637624e-5,0.0034200699930074458,0.001844542,0.001714666,0.9295890253515507,true,true,true,true
gaussian_strong_d5,5,256,8,271835,0.003459225006383071,0.0008534533892072815,0.24671809079561532,0.001751542,0.001699083,0.9700498189595226,true,true,true,true
gaussian_strong_d5,5,256,9,271836,0.011271725006383071,0.00046119679302281114,0.04091625662989824,0.001649,0.001632167,0.9897919951485747,true,true,true,true
gaussian_strong_d5,5,4096,1,271828,0.001179446868616929,1.7931627849576692e-5,0.015203421473833835,0.025743458,0.025813875,1.0027353357113096,true,false,false,true
gaussian_strong_d5,5,4096,10,271837,0.00020288436861692905,2.56576675220499e-5,0.12646448662831572,0.025697833,0.02561275,0.9966890982597638,true,true,true,true
gaussian_strong_d5,5,4096,11,271838,0.001667728118616929,2.5030277136739443e-5,0.01500860773247465,0.026618625,0.025866792,0.9717553780482651,true,true,true,true
gaussian_strong_d5,5,4096,12,271839,0.00020288436861692905,5.068660658358315e-5,0.2498300235208646,0.026677708,0.02570125,0.9633979800663535,true,true,true,true
gaussian_strong_d5,5,4096,13,271840,0.001179446868616929,9.64765798716627e-6,0.008179815677902927,0.025289292,0.025806292,1.0204434351107972,true,false,false,true
gaussian_strong_d5,5,4096,14,271841,0.000773678131383071,3.450833235496553e-6,0.004460295690829012,0.0263935,0.026390125,0.999872127607176,true,true,true,true
gaussian_strong_d5,5,4096,15,271842,0.001179446868616929,3.243959470677904e-5,0.027504074638664416,0.025567667,0.026266334,1.0273261928825965,true,false,false,true
gaussian_strong_d5,5,4096,16,271843,0.001994381256383071,3.097592330258969e-5,0.015531595678334027,0.026051125,0.026404583,1.0135678593534827,true,false,false,true
gaussian_strong_d5,5,4096,17,271844,0.00028539688138307095,3.2371973369249574e-5,0.11342791558327729,0.026298916,0.026187041,0.9957460223835842,true,true,true,true
gaussian_strong_d5,5,4096,18,271845,0.001179446868616929,6.872131629065414e-5,0.05826571600570678,0.0267415,0.026013959,0.9727935605706486,true,true,true,true
gaussian_strong_d5,5,4096,19,271846,0.001994381256383071,1.4336263696623774e-5,0.007188326530215914,0.206615,0.026039333,0.12602827965055782,true,true,true,true
gaussian_strong_d5,5,4096,2,271829,0.001423587493616929,2.2156546205520655e-6,0.0015563880902906221,0.02506475,0.025498208,1.017293529757927,true,false,false,true
gaussian_strong_d5,5,4096,20,271847,0.002644290618616929,2.6191393637242655e-5,0.009904884679786752,0.025788958,0.025868875,1.0030988844140194,true,false,false,true
gaussian_strong_d5,5,4096,21,271848,0.001911868743616929,3.160707100569038e-5,0.016532029780399672,0.026211458,0.0256705,0.9793617737708448,true,true,true,true
gaussian_strong_d5,5,4096,22,271849,0.001994381256383071,2.75385094010705e-5,0.013808046637488573,0.025838917,0.026627042,1.0305014718689642,true,false,false,true
gaussian_strong_d5,5,4096,23,271850,0.00020288436861692905,3.017502978552855e-5,0.14873018552997921,0.025633208,0.025779541,1.0057087275225167,true,false,false,true
gaussian_strong_d5,5,4096,24,271851,0.001179446868616929,2.5040252112917827e-5,0.02123050455191858,0.025845709,0.025832125,0.9994744195255003,true,true,true,true
gaussian_strong_d5,5,4096,25,271852,0.001506100006383071,1.9940183109690146e-5,0.013239614252161708,0.025810709,0.025795917,0.9994269045457063,true,true,true,true
gaussian_strong_d5,5,4096,26,271853,0.001179446868616929,4.812658181740925e-5,0.04080436609564667,0.027209875,0.025766458,0.946952457517721,true,true,true,true
gaussian_strong_d5,5,4096,27,271854,4.1256256383070955e-5,1.0517586815028679e-5,0.25493313589510397,0.02780325,0.025695,0.9241725337865176,true,true,true,true
gaussian_strong_d5,5,4096,28,271855,0.00044702499361692905,3.8213088658145544e-5,0.08548311437568443,0.025865,0.025988875,1.0047892905470714,true,false,false,true
gaussian_strong_d5,5,4096,29,271856,0.001667728118616929,6.30987065501909e-5,0.03783512782798167,0.025826917,0.026697208,1.0336970533494183,true,false,false,true
gaussian_strong_d5,5,4096,3,271830,0.000691165618616929,1.033833283770047e-5,0.014957822784050227,0.025539625,0.02623675,1.0272958197311042,true,false,false,true
gaussian_strong_d5,5,4096,30,271857,0.000773678131383071,1.7496702865549274e-5,0.022614963711422444,0.02579825,0.025812209,1.0005410832130086,true,false,false,true
gaussian_strong_d5,5,4096,4,271831,0.00044702499361692905,3.5076334616745974e-5,0.07846615987383489,0.025139667,0.025403792,1.010506304638005,true,false,false,true
gaussian_strong_d5,5,4096,5,271832,0.00020288436861692905,4.2725780503904964e-5,0.21059178090046238,0.025225958,0.025807458,1.0230516517945523,true,false,false,true
gaussian_strong_d5,5,4096,6,271833,0.001423587493616929,6.704507902510759e-5,0.04709586121381637,0.025634458,0.025979208,1.0134486947217687,true,false,false,true
gaussian_strong_d5,5,4096,7,271834,0.002238521881383071,3.475611396708267e-5,0.015526367759071714,0.026852792,0.025785833,0.9602663663428369,true,true,true,true
gaussian_strong_d5,5,4096,8,271835,0.003864993743616929,8.369000376262647e-6,0.0021653334860073513,0.025704292,0.025595625,0.9957724180848864,true,true,true,true
gaussian_strong_d5,5,4096,9,271836,0.000529537506383071,1.3758126951812777e-5,0.025981402234915643,0.025889583,0.026497542,1.0234827652496372,true,false,false,true
gaussian_strong_d5,5,65536,1,271828,0.00018762557955442905,3.551303135118644e-6,0.018927606478563508,0.562121209,0.6218085,1.1061822433389095,true,false,false,true
gaussian_strong_d5,5,65536,10,271837,0.00046228378267942905,5.782323458936034e-7,0.0012508168522419895,0.663322083,0.511643042,0.7713342509056796,true,true,true,true
gaussian_strong_d5,5,65536,11,271838,0.00014184921236692905,1.5185775447124072e-6,0.010705576149300148,0.695739542,0.643083,0.9243157261859352,true,true,true,true
gaussian_strong_d5,5,65536,12,271839,3.5037688929429045e-5,1.5157597178516724e-6,0.0432608360929464,0.691108875,0.474457375,0.6865161078997865,true,true,true,true
gaussian_strong_d5,5,65536,13,271840,0.00038598983736692905,3.539325539314575e-6,0.009169478563110529,0.692202125,0.478308917,0.6909960251855627,true,true,true,true
gaussian_strong_d5,5,65536,14,271841,0.00030969589205442905,2.575869373466766e-6,0.008317415372800802,0.6625405,0.492008292,0.7426086284536568,true,true,true,true
gaussian_strong_d5,5,65536,15,271842,7.177383450807095e-5,4.223609824105523e-6,0.05884609416584227,0.68858625,0.632146542,0.9180353833670074,true,true,true,true
gaussian_strong_d5,5,65536,16,271843,0.00030065567044557095,1.185989903729201e-6,0.00394467831580082,0.671011041,0.475436041,0.7085368376226167,true,true,true,true
gaussian_strong_d5,5,65536,17,271844,0.00010229141263307095,4.400984625285709e-6,0.043023989130665935,0.677836,0.463799625,0.6842357517157542,true,true,true,true
gaussian_strong_d5,5,65536,18,271845,0.00046228378267942905,2.5443592877039123e-7,0.0005503890430584928,0.495668125,0.587989792,1.1862570182417924,true,false,false,true
gaussian_strong_d5,5,65536,19,271846,7.177383450807095e-5,2.2000942301314552e-7,0.0030653151600588584,0.725970084,0.630736666,0.8688190875920447,true,true,true,true
gaussian_strong_d5,5,65536,2,271829,0.00029443710299192905,2.2229731597711577e-6,0.007549908408900806,0.698240334,0.506783792,0.7258013714229233,true,true,true,true
gaussian_strong_d5,5,65536,20,271847,0.00029443710299192905,2.8964771503492415e-7,0.0009837337485380157,0.683199291,0.477427083,0.6988108583970998,true,true,true,true
gaussian_strong_d5,5,65536,21,271848,0.00019384414700807095,3.350259712209258e-6,0.017283264746032107,0.6872415,0.486077292,0.7072874557197143,true,true,true,true
gaussian_strong_d5,5,65536,22,271849,0.00024866073580442905,1.965092853328798e-6,0.007902706661635306,0.683694958,0.630180459,0.9217275213546331,true,true,true,true
gaussian_strong_d5,5,65536,23,271850,3.5037688929429045e-5,3.032593440366327e-6,0.08655232502561476,0.682916208,0.47763325,0.699402422148985,true,true,true,true
gaussian_strong_d5,5,65536,24,271851,0.00034021347017942905,8.482394810993554e-7,0.002493256603426057,0.511367334,0.647953959,1.2671008019452412,true,false,false,true
gaussian_strong_d5,5,65536,25,271852,0.000584354095179429,5.293736494715873e-7,0.0009059124490417754,0.693112625,0.625489417,0.9024354692716786,true,true,true,true
gaussian_strong_d5,5,65536,26,271853,0.00042272598294557095,4.266406720909721e-6,0.010092605832225487,0.684600167,0.473205708,0.691214713069154,true,true,true,true
gaussian_strong_d5,5,65536,27,271854,0.00037694961575807095,4.77878047255853e-6,0.012677504559722344,0.686747209,0.475763833,0.6927786917296377,true,true,true,true
gaussian_strong_d5,5,65536,28,271855,0.00037073104830442905,1.4639229609647586e-6,0.00394874658505172,0.536716875,0.656278459,1.222764719294507,true,false,false,true
gaussian_strong_d5,5,65536,29,271856,0.00025487930325807095,2.0924811716671599e-7,0.0008209694333433092,0.660314291,0.594080167,0.8996930326925181,true,true,true,true
gaussian_strong_d5,5,65536,3,271830,0.000508060149866929,2.834867451229073e-6,0.005579787062558597,0.685757667,0.634747833,0.9256153646474653,true,true,true,true
gaussian_strong_d5,5,65536,30,271857,0.00027013809232057095,8.093107503048813e-7,0.0029959149535433824,0.660555084,0.506408167,0.766640329120531,true,true,true,true
gaussian_strong_d5,5,65536,4,271831,0.000743160553258071,1.734991744939407e-6,0.002334612268281833,0.696415459,0.471247542,0.6766758777535983,true,true,true,true
gaussian_strong_d5,5,65536,5,271832,8.703262357057095e-5,1.7052801632999603e-6,0.019593574148861814,0.694771083,0.623660084,0.8976483035348205,true,true,true,true
gaussian_strong_d5,5,65536,6,271833,0.00012659042330442905,5.089666653690372e-7,0.00402057795592528,0.654979958,0.5087645,0.7767634624325406,true,true,true,true
gaussian_strong_d5,5,65536,7,271834,0.00027013809232057095,2.880768830149094e-7,0.0010664060019830548,0.689862125,0.480327084,0.6962653356277532,true,true,true,true
gaussian_strong_d5,5,65536,8,271835,0.00043176620455442905,5.956544214535953e-7,0.0013795762965475595,0.540872709,0.657065083,1.2148238801229663,true,false,false,true
gaussian_strong_d5,5,65536,9,271836,1.9778899866929045e-5,1.0088039194000586e-6,0.051004046038314356,0.659914125,0.6108475,0.9256469544427466,true,true,true,true
gaussian_tail_d10,10,1024,1,271828,0.0016934478690521157,1.2460498856718683e-5,0.007358064623325711,0.02226475,0.027727833,1.2453691597704892,true,false,false,true
gaussian_tail_d10,10,1024,10,271837,0.0031893646309478843,1.0119894713601224e-5,0.003173012773579788,0.02323175,0.028387125,1.221910747145609,true,false,false,true
gaussian_tail_d10,10,1024,11,271838,0.0007168853690521157,1.543075459314522e-5,0.021524716864494194,0.023322125,0.028473958,1.2208989532471848,true,false,false,true
gaussian_tail_d10,10,1024,12,271839,0.0007168853690521157,7.642518156018852e-5,0.10660725530113672,0.023242959,0.028372875,1.220708387430361,true,false,false,true
gaussian_tail_d10,10,1024,13,271840,0.0022128021309478843,6.738774011123827e-5,0.030453577013852477,0.024844708,0.027912375,1.1234736588572505,true,false,false,true
gaussian_tail_d10,10,1024,14,271841,0.0036465728690521157,9.816349039973304e-6,0.0026919382643585976,0.022910834,0.028103583,1.2266503698643183,true,false,false,true
gaussian_tail_d10,10,1024,15,271842,0.0036465728690521157,3.295135828134538e-5,0.009036253892249985,0.021997959,0.027620375,1.255588075239162,true,false,false,true
gaussian_tail_d10,10,1024,16,271843,0.0036465728690521157,7.902003222610629e-5,0.02166967041759586,0.022042458,0.027570125,1.2507736206188984,true,false,false,true
gaussian_tail_d10,10,1024,17,271844,0.0012362396309478843,4.7816629962962875e-5,0.03867909486634041,0.022002792,0.029135333,1.3241652695712434,true,false,false,true
gaussian_tail_d10,10,1024,18,271845,0.0002596771309478843,5.192403278606039e-6,0.019995612473275994,0.022154792,0.027595541,1.245578879729496,true,false,false,true
gaussian_tail_d10,10,1024,19,271846,0.0002596771309478843,2.293228353253407e-5,0.08831075516286586,0.024978125,0.027534041,1.1023261754034779,true,false,false,true
gaussian_tail_d10,10,1024,2,271829,0.0002596771309478843,7.298263315136735e-5,0.2810514460205375,0.022166708,0.027750958,1.251920582884928,true,false,false,true
gaussian_tail_d10,10,1024,20,271847,0.0012362396309478843,4.0549976541688626e-5,0.03280106504157047,0.022035208,0.027579042,1.2515898193472919,true,false,false,true
gaussian_tail_d10,10,1024,21,271848,0.0026700103690521157,8.266812925134676e-5,0.03096172592044835,0.022852125,0.027677875,1.2111729215554352,true,false,false,true
gaussian_tail_d10,10,1024,22,271849,0.0022128021309478843,1.7745495334078876e-6,0.0008019467753529932,0.022170791,0.027681791,1.2485702923274142,true,false,false,true
gaussian_tail_d10,10,1024,23,271850,0.0026700103690521157,3.535866867093382e-5,0.013242895638448982,0.022758166,0.027555541,1.2107979614877578,true,false,false,true
gaussian_tail_d10,10,1024,24,271851,0.0026700103690521157,4.5333111567728845e-5,0.016978627533878313,0.0219955,0.027581208,1.253947762042236,true,false,false,true
gaussian_tail_d10,10,1024,25,271852,0.0016934478690521157,1.3629465593672369e-5,0.008048352619972457,0.022857292,0.027626125,1.2086350824060872,true,false,false,true
gaussian_tail_d10,10,1024,26,271853,0.0026700103690521157,4.8818562480658356e-5,0.01828403479121675,0.021976333,0.027515542,1.2520533794241286,true,false,false,true
gaussian_tail_d10,10,1024,27,271854,0.0007168853690521157,1.9175291211679518e-5,0.026748057694403197,0.022825209,0.027521292,1.2057410733895142,true,false,false,true
gaussian_tail_d10,10,1024,28,271855,0.0002596771309478843,3.809882212952795e-5,0.14671612394382993,0.022001167,0.0281425,1.279136693067236,true,false,false,true
gaussian_tail_d10,10,1024,29,271856,0.0026700103690521157,0.00013310300250169924,0.04985111819957176,0.022613167,0.027505,1.2163267533468445,true,false,false,true
gaussian_tail_d10,10,1024,3,271830,0.006576260369052116,5.993828842220869e-5,0.009114342355463647,0.022053709,0.027782583,1.2597691844034034,true,false,false,true
gaussian_tail_d10,10,1024,30,271857,0.004165927130947884,7.350993042903875e-5,0.01764551518026981,0.022493541,0.02819675,1.2535487409474568,true,false,false,true
gaussian_tail_d10,10,1024,4,271831,0.0002596771309478843,4.4518492025833606e-5,0.17143786156035515,0.022351417,0.0275955,1.2346197111350927,true,false,false,true
gaussian_tail_d10,10,1024,5,271832,0.0002596771309478843,4.112308238272272e-6,0.01583623564871251,0.023004125,0.029343792,1.2755882694951448,true,false,false,true
gaussian_tail_d10,10,1024,6,271833,0.0016934478690521157,2.5858200916061697e-5,0.01526955827139543,0.021862625,0.027676584,1.2659314240627555,true,false,false,true
gaussian_tail_d10,10,1024,7,271834,0.0007168853690521157,3.290679678275357e-5,0.04590245275372796,0.0217855,0.027434208,1.259287507745978,true,false,false,true
gaussian_tail_d10,10,1024,8,271835,0.0022128021309478843,4.908809052905916e-5,0.022183678261386886,0.021802166,0.027346,1.254279047320344,true,false,false,true
gaussian_tail_d10,10,1024,9,271836,0.0007168853690521157,1.4810742978838692e-5,0.020659848307996352,0.022566292,0.028111917,1.2457481716535441,true,false,false,true
gaussian_tail_d10,10,16384,1,271828,0.0005648529121978843,6.774858385457522e-6,0.011994022229780224,0.376394125,0.459654417,1.221205078586176,true,false,false,true
gaussian_tail_d10,10,16384,10,271837,0.0004427825996978843,5.249877421883986e-7,0.0011856557654853733,0.366381125,0.639692916,1.7459767230094074,true,false,false,true
gaussian_tail_d10,10,16384,11,271838,0.0002596771309478843,2.4757549018684932e-6,0.009533973564908814,0.372004333,0.634904459,1.7067125371359586,true,false,false,true
gaussian_tail_d10,10,16384,12,271839,0.0001986419746978843,2.40518368719439e-6,0.012108134198990154,0.371104416,0.457372708,1.2324636632726031,true,false,false,true
gaussian_tail_d10,10,16384,13,271840,0.0002896392753021157,3.5776229056726228e-6,0.012351995087478695,0.550331792,0.457397458,0.8311303556309899,true,true,true,true
gaussian_tail_d10,10,16384,14,271841,0.0005038177559478843,3.6728112231473875e-6,0.007289959870980229,0.556314167,0.457327792,0.8220674919465065,true,true,true,true
gaussian_tail_d10,10,16384,15,271842,1.5536505947884305e-5,3.136913217183235e-6,0.20190596442377098,0.369811375,0.484181708,1.3092666714213428,true,false,false,true
gaussian_tail_d10,10,16384,16,271843,0.0005648529121978843,2.714373466029818e-7,0.0004805451839608989,0.37393075,0.612285292,1.637429636369836,true,false,false,true
gaussian_tail_d10,10,16384,17,271844,0.0006869232246978843,3.5098042535583462e-6,0.005109456380808777,0.552329209,0.457700792,0.8286738860482752,true,true,true,true
gaussian_tail_d10,10,16384,18,271845,0.0001675689628021157,4.032938293534183e-6,0.024067334583294703,0.555771917,0.458151292,0.8243512814988095,true,true,true,true
gaussian_tail_d10,10,16384,19,271846,0.0001065338065521157,4.194316220122035e-6,0.039370753339881846,0.37000825,0.45582825,1.2319407742935462,true,false,false,true
gaussian_tail_d10,10,16384,2,271829,0.0005038177559478843,2.8651364323908912e-6,0.005686850847486338,0.555343291,0.4595515,0.827508871445068,true,true,true,true
gaussian_tail_d10,10,16384,20,271847,0.0001675689628021157,5.1001498744887575e-6,0.030436124859897766,0.36996125,0.639003125,1.7272163638759463,true,false,false,true
gaussian_tail_d10,10,16384,21,271848,1.5536505947884305e-5,2.503301980150141e-7,0.01611238710008044,0.369081333,0.639398708,1.7324059789282271,true,false,false,true
gaussian_tail_d10,10,16384,22,271849,0.0001376068184478843,7.017131571560725e-6,0.05099406883110459,0.551199667,0.459984792,0.8345157291250686,true,true,true,true
gaussian_tail_d10,10,16384,23,271850,1.5536505947884305e-5,5.6691956773526064e-6,0.3648951505807915,0.374271167,0.458470708,1.2249693495625325,true,false,false,true
gaussian_tail_d10,10,16384,24,271851,1.5536505947884305e-5,5.597234609050483e-6,0.360263409792772,0.369209417,0.629618833,1.7053162893729767,true,false,false,true
gaussian_tail_d10,10,16384,25,271852,0.0004727447440521157,5.125456920621052e-7,0.0010841912015114902,0.37155,0.641484875,1.7265102274256492,true,false,false,true
gaussian_tail_d10,10,16384,26,271853,7.65716621978843e-5,1.962497658651585e-6,0.025629555403667462,0.400036958,0.456868417,1.1420655213561544,true,false,false,true
gaussian_tail_d10,10,16384,27,271854,0.0003207122871978843,4.678377371652304e-6,0.01458745909777281,0.522087625,0.45394375,0.8694780880891401,true,true,true,true
gaussian_tail_d10,10,16384,28,271855,4.5498650302115695e-5,2.513722803323265e-6,0.05524829388634362,0.551482208,0.456383542,0.8275580524258725,true,true,true,true
gaussian_tail_d10,10,16384,29,271856,7.65716621978843e-5,4.8555944455880296e-6,0.06341242055108726,0.371827917,0.45742025,1.230193401535259,true,false,false,true
gaussian_tail_d10,10,16384,3,271830,0.0006258880684478843,2.8082672218626703e-6,0.004486852144069121,0.368876917,0.456356542,1.237151258233922,true,false,false,true
gaussian_tail_d10,10,16384,30,271857,0.0009920990059478843,8.072859457624454e-6,0.008137151039589417,0.370241167,0.633413916,1.7108143892599603,true,false,false,true
gaussian_tail_d10,10,16384,4,271831,0.0001376068184478843,2.8435796462743246e-6,0.020664525772400376,0.371903834,0.637353125,1.7137578769892434,true,false,false,true
gaussian_tail_d10,10,16384,5,271832,0.0001675689628021157,2.063885675238075e-6,0.01231663454094028,0.373878959,0.637940542,1.7062755917216514,true,false,false,true
gaussian_tail_d10,10,16384,6,271833,1.5536505947884305e-5,6.376803729848946e-7,0.041044001471368864,0.370161792,0.45776775,1.2366693697009117,true,false,false,true
gaussian_tail_d10,10,16384,7,271834,0.0002896392753021157,6.238093051037785e-7,0.0021537455666297265,0.530873833,0.457055542,0.8609494640509056,true,true,true,true
gaussian_tail_d10,10,16384,8,271835,0.0006258880684478843,1.6969298935951005e-6,0.002711235409556938,0.553026959,0.45927175,0.8304690079313113,true,true,true,true
gaussian_tail_d10,10,16384,9,271836,0.0001065338065521157,1.977434215656715e-6,0.01856156538149574,0.370498916,0.458863459,1.238501488625138,true,false,false,true
gaussian_tail_d10,10,256,1,271828,0.007095614630947884,0.00027475895007180937,0.038722360833046685,0.005588583,0.007055,1.2623951366562864,true,false,false,true
gaussian_tail_d10,10,256,10,271837,0.0031893646309478843,3.7091374661367416e-5,0.011629706525698755,0.005675417,0.007192042,1.2672270601437745,true,false,false,true
gaussian_tail_d10,10,256,11,271838,0.004623135369052116,5.4291972576118314e-5,0.011743539447180373,0.005650791,0.007209541,1.2758463372649953,true,false,false,true
gaussian_tail_d10,10,256,12,271839,0.004623135369052116,1.1793381552747256e-5,0.002550948785037471,0.005716292,0.007153833,1.2514813798875215,true,false,false,true
gaussian_tail_d10,10,256,13,271840,0.007095614630947884,0.0001938127226581883,0.027314437541867655,0.005681167,0.0071775,1.2633847940044713,true,false,false,true
gaussian_tail_d10,10,256,14,271841,0.004623135369052116,0.00011157892601629249,0.024134903503630175,0.005687625,0.007223125,1.269972088525527,true,false,false,true
gaussian_tail_d10,10,256,15,271842,0.0031893646309478843,8.665270552643892e-5,0.027169268977779312,0.005795167,0.007212041,1.2444923502635903,true,false,false,true
gaussian_tail_d10,10,256,16,271843,0.004623135369052116,0.0001291638510761868,0.02793858296705453,0.005672167,0.007244333,1.27717202261499,true,false,false,true
gaussian_tail_d10,10,256,17,271844,0.0007168853690521157,5.698917176105017e-5,0.07949551521242891,0.005689,0.007216625,1.268522587449464,true,false,false,true
gaussian_tail_d10,10,256,18,271845,0.008529385369052116,3.940950639863203e-5,0.004620439186817006,0.00581525,0.007213709,1.2404813206654914,true,false,false,true
gaussian_tail_d10,10,256,19,271846,0.0007168853690521157,0.00019406278748621691,0.2707026755795166,0.007759375,0.007028875,0.9058558195730971,true,true,true,true
gaussian_tail_d10,10,256,2,271829,0.0007168853690521157,0.0004408755923927775,0.614987571828554,0.005503917,0.0070305,1.2773630125599642,true,false,false,true
gaussian_tail_d10,10,256,20,271847,0.004623135369052116,0.0002607318042867138,0.056397181452242824,0.005465584,0.006981416,1.2773412685634327,true,false,false,true
gaussian_tail_d10,10,256,21,271848,0.0007168853690521157,0.00017301547106433196,0.2413432865746688,0.005525916,0.006978125,1.262799687870753,true,false,false,true
gaussian_tail_d10,10,256,22,271849,0.007095614630947884,3.323742092440837e-5,0.004684220134988965,0.005374542,0.006975083,1.297800445135604,true,false,false,true
gaussian_tail_d10,10,256,23,271850,0.0031893646309478843,0.0001314296613049333,0.041208728544115135,0.005360541,0.006956166,1.2976611875555097,true,false,false,true
gaussian_tail_d10,10,256,24,271851,0.0007168853690521157,0.00016035820808139173,0.22368737737446293,0.005357125,0.007000291,1.306725342417808,true,false,false,true
gaussian_tail_d10,10,256,25,271852,0.0031893646309478843,4.4151182428151664e-5,0.013843253292437078,0.005371833,0.006988667,1.3009836679584044,true,false,false,true
gaussian_tail_d10,10,256,26,271853,0.0031893646309478843,0.00010459041121264542,0.03279349441508072,0.005365,0.006980667,1.301149487418453,true,false,false,true
gaussian_tail_d10,10,256,27,271854,0.007095614630947884,2.7883008765310774e-5,0.003929611487593705,0.005406917,0.007008417,1.2961946706413285,true,false,false,true
gaussian_tail_d10,10,256,28,271855,0.007095614630947884,0.00011669635685271351,0.016446264759607494,0.005398458,0.006982167,1.293363215940552,true,false,false,true
gaussian_tail_d10,10,256,29,271856,0.0007168853690521157,3.616234212946989e-5,0.050443688336511416,0.00538025,0.00700125,1.3012871149110172,true,false,false,true
gaussian_tail_d10,10,256,3,271830,0.0031893646309478843,0.00030332270349903503,0.09510442943894033,0.005463417,0.00704025,1.2886166294829773,true,false,false,true
gaussian_tail_d10,10,256,30,271857,0.0007168853690521157,7.502346874536589e-5,0.10465197364058895,0.005339,0.006949542,1.3016561153774115,true,false,false,true
gaussian_tail_d10,10,256,4,271831,0.004623135369052116,0.00017959685327878852,0.03884741391762694,0.00570275,0.007025458,1.2319421331813598,true,false,false,true
gaussian_tail_d10,10,256,5,271832,0.0007168853690521157,0.0003042114520508017,0.42435159815444123,0.0057035,0.007197833,1.2620028052949943,true,false,false,true
gaussian_tail_d10,10,256,6,271833,0.0007168853690521157,4.3697192436551596e-5,0.0609542254912095,0.005721875,0.007264584,1.2696159912616056,true,false,false,true
gaussian_tail_d10,10,256,7,271834,0.0031893646309478843,0.0002612090805045597,0.08190003675651471,0.005681959,0.007153959,1.259065579318682,true,false,false,true
gaussian_tail_d10,10,256,8,271835,0.0031893646309478843,6.400711738761486e-5,0.02006892431380348,0.005699709,0.007184,1.2604152247070861,true,false,false,true
gaussian_tail_d10,10,256,9,271836,0.0007168853690521157,0.00011435621042004546,0.1595181257099028,0.005695125,0.00718075,1.2608590680625975,true,false,false,true
gaussian_tail_d10,10,4096,1,271828,0.0014803802559478843,1.921143860599689e-5,0.012977367489743942,0.09118175,0.111762,1.2257058018737301,true,false,false,true
gaussian_tail_d10,10,4096,10,271837,0.0019375884940521157,1.5034343618502283e-5,0.007759306821161326,0.090329958,0.115353458,1.2770232661903818,true,false,false,true
gaussian_tail_d10,10,4096,11,271838,0.0005038177559478843,5.591415147748746e-6,0.01109809069199842,0.094086292,0.11360125,1.2074155287148525,true,false,false,true
gaussian_tail_d10,10,4096,12,271839,0.0005038177559478843,9.432944390281445e-6,0.01872292962865962,0.091886667,0.112868,1.2283392540508624,true,false,false,true
gaussian_tail_d10,10,4096,13,271840,0.0014493072440521157,5.58662133444722e-5,0.038546839239053235,0.091550333,0.111395125,1.2167637336720556,true,false,false,true
gaussian_tail_d10,10,4096,14,271841,0.0014493072440521157,9.177375676069216e-6,0.006332249917146765,0.091295666,0.112677,1.2341987844198432,true,false,false,true
gaussian_tail_d10,10,4096,15,271842,0.0005038177559478843,6.85225490494254e-6,0.013600661794959341,0.090961917,0.113208292,1.2445680097089422,true,false,false,true
gaussian_tail_d10,10,4096,16,271843,0.0009610259940521157,3.730371092233731e-7,0.0003881654726637327,0.09152525,0.113249541,1.2373584448007515,true,false,false,true
gaussian_tail_d10,10,4096,17,271844,0.0005038177559478843,3.7832109666680047e-6,0.007509086216205818,0.233623875,0.111486792,0.4772063300465331,true,true,true,true
gaussian_tail_d10,10,4096,18,271845,0.0009920990059478843,1.889454672991675e-6,0.001904502133016883,0.091057875,0.112215042,1.2323485695224055,true,false,false,true
gaussian_tail_d10,10,4096,19,271846,0.0012362396309478843,4.636891643924196e-6,0.0037508032648725783,0.090549583,0.111681667,1.233375829019555,true,false,false,true
gaussian_tail_d10,10,4096,2,271829,0.0007168853690521157,5.602229110522605e-6,0.007814679099853882,0.089834417,0.114929459,1.279347747088958,true,false,false,true
gaussian_tail_d10,10,4096,20,271847,0.0002286041190521157,1.1850988239445887e-5,0.05184065925226909,0.090258167,0.113239083,1.2546131476390385,true,false,false,true
gaussian_tail_d10,10,4096,21,271848,1.5536505947884305e-5,2.1632246033815444e-5,1.3923494836212662,0.091694792,0.112138042,1.222948867150492,false,false,false,true
gaussian_tail_d10,10,4096,22,271849,0.0019375884940521157,2.482890428933543e-5,0.012814333056556436,0.092337834,0.112841125,1.2220464798860238,true,false,false,true
gaussian_tail_d10,10,4096,23,271850,0.0009610259940521157,1.5224206726116574e-6,0.0015841618041905928,0.0916975,0.112922958,1.2314725919463454,true,false,false,true
gaussian_tail_d10,10,4096,24,271851,1.5536505947884305e-5,1.952491420172814e-5,1.25671204756221,0.116157,0.113486292,0.9770077739611044,false,true,false,true
gaussian_tail_d10,10,4096,25,271852,0.0005038177559478843,1.951055028759363e-6,0.003872541222944082,0.206349416,0.113941666,0.5521782819099424,true,true,true,true
gaussian_tail_d10,10,4096,26,271853,0.0014803802559478843,2.283597346538005e-5,0.015425748468090873,0.090977375,0.115336625,1.2677506358036819,true,false,false,true
gaussian_tail_d10,10,4096,27,271854,0.0016934478690521157,1.2709179880832089e-5,0.0075049135630882325,0.090865792,0.113082709,1.2445025406260697,true,false,false,true
gaussian_tail_d10,10,4096,28,271855,0.0002596771309478843,2.3594986862489342e-5,0.09086278324302928,0.091359125,0.113028459,1.2371885019695623,true,false,false,true
gaussian_tail_d10,10,4096,29,271856,0.0005038177559478843,1.1498604249628175e-5,0.022822943641584575,0.090076375,0.112250334,1.2461684209649866,true,false,false,true
gaussian_tail_d10,10,4096,3,271830,0.0019686615059478843,2.705559211044206e-8,1.3743140722109642e-5,0.091514875,0.114326042,1.2492618495080718,true,false,false,true
gaussian_tail_d10,10,4096,30,271857,0.0012362396309478843,3.899558891976018e-6,0.0031543713648672137,0.091876375,0.112306833,1.2223690040013007,true,false,false,true
gaussian_tail_d10,10,4096,4,271831,0.0009610259940521157,2.9003772900538377e-5,0.03018000874070585,0.090216417,0.114248125,1.2663784353129433,true,false,false,true
gaussian_tail_d10,10,4096,5,271832,0.0002286041190521157,1.0384380147061834e-6,0.004542516639734943,0.091215709,0.112414,1.2323973713782128,true,false,false,true
gaussian_tail_d10,10,4096,6,271833,0.0012362396309478843,1.2030636695536251e-5,0.009731638101839354,0.091209791,0.112348375,1.231757838366278,true,false,false,true
gaussian_tail_d10,10,4096,7,271834,0.0002286041190521157,9.938105972238931e-6,0.04347299608356272,0.095597125,0.112847,1.1804434495284246,true,false,false,true
gaussian_tail_d10,10,4096,8,271835,0.0002596771309478843,9.352814417731836e-6,0.036017089312377265,0.091644417,0.113242834,1.2356762987536927,true,false,false,true
gaussian_tail_d10,10,4096,9,271836,0.0002596771309478843,1.260160215849071e-5,0.048527962830195386,0.269966083,0.111364542,0.41251308594939307,true,true,true,true
gaussian_tail_d10,10,65536,1,271828,0.0004580413887603843,3.405769047407081e-7,0.0007435505024173143,1.830286375,2.138684959,1.1684974483842725,true,false,false,true
gaussian_tail_d10,10,65536,10,271837,0.0001833831856353843,8.47598665393301e-7,0.004622008623399954,1.974372958,2.164785333,1.0964419484315082,true,false,false,true
gaussian_tail_d10,10,65536,11,271838,0.0003354156424896157,5.748316103636186e-7,0.0017137889160354683,1.963260333,2.182566375,1.1117050236862296,true,false,false,true
gaussian_tail_d10,10,65536,12,271839,0.0002286041190521157,6.530526771332534e-7,0.002856696895231248,2.021672333,2.219011,1.0976115979720438,true,false,false,true
gaussian_tail_d10,10,65536,13,271840,9.18304512603843e-5,2.585012451355312e-6,0.028149839360208907,1.839391916,2.31044275,1.2560905209501856,true,false,false,true
gaussian_tail_d10,10,65536,14,271841,4.6054084072884305e-5,8.681944494957905e-7,0.018851627754051144,1.859227667,2.144418416,1.1533920530884614,true,false,false,true
gaussian_tail_d10,10,65536,15,271842,4.5498650302115695e-5,2.2716461570738977e-6,0.04992777020834541,1.984231083,2.146511042,1.0817848084279809,true,false,false,true
gaussian_tail_d10,10,65536,16,271843,1.5536505947884305e-5,5.001054300401986e-7,0.03218905407160101,2.0127155,2.2975455,1.1415152812208182,true,false,false,true
gaussian_tail_d10,10,65536,17,271844,7.65716621978843e-5,5.666788685694535e-7,0.007400634285631467,1.970719167,2.169987959,1.1011147581739638,true,false,false,true
gaussian_tail_d10,10,65536,18,271845,0.0001986419746978843,2.1546273406836125e-6,0.010846787764572907,2.02519925,2.210172875,1.0913360129873642,true,false,false,true
gaussian_tail_d10,10,65536,19,271846,0.0002444183418853843,6.305162746980675e-7,0.0025796602244922235,1.837530708,2.3066245,1.2552848722242957,true,false,false,true
gaussian_tail_d10,10,65536,2,271829,0.0001681243965728843,3.347844143748724e-6,0.019912899091342678,1.985661875,2.317087666,1.166909479993919,true,false,false,true
gaussian_tail_d10,10,65536,20,271847,0.0001528656075103843,2.102624779547896e-6,0.013754727526955744,1.905811542,2.295891,1.2046789251735994,true,false,false,true
gaussian_tail_d10,10,65536,21,271848,9.12750174896157e-5,4.0551447252901163e-7,0.004442776169011929,1.985636041,2.300962875,1.1588039436679425,true,false,false,true
gaussian_tail_d10,10,65536,22,271849,4.5498650302115695e-5,4.145360595248643e-6,0.09110952891400127,1.828299708,2.319475,1.2686514086562444,true,false,false,true
gaussian_tail_d10,10,65536,23,271850,3.0239861239615695e-5,1.7502925477065612e-6,0.057880310158751405,2.004715458,2.167458958,1.0811803487375513,true,false,false,true
gaussian_tail_d10,10,65536,24,271851,4.6054084072884305e-5,1.5563464930319626e-6,0.03379388656538948,1.946310167,2.109897166,1.08404980962112,true,false,false,true
gaussian_tail_d10,10,65536,25,271852,0.0002596771309478843,2.0071639832142107e-7,0.0007729459948542935,1.877561792,2.26099675,1.20421962123098,true,false,false,true
gaussian_tail_d10,10,65536,26,271853,1.4981072177115695e-5,1.6480376955028964e-6,0.11000799382172077,1.760944541,2.322686167,1.3190001802561027,true,false,false,true
gaussian_tail_d10,10,65536,27,271854,0.0003659332206146157,2.006217796713533e-6,0.005482469706751197,1.976050458,2.321438917,1.174787266995993,true,false,false,true
gaussian_tail_d10,10,65536,28,271855,9.12750174896157e-5,7.681126263855975e-7,0.008415365425407727,2.011728334,2.155504042,1.071468749318714,true,false,false,true
gaussian_tail_d10,10,65536,29,271856,1.4981072177115695e-5,7.839394147481082e-7,0.05232865882227129,1.927138209,2.138275917,1.109560231338862,true,false,false,true
gaussian_tail_d10,10,65536,3,271830,0.0002444183418853843,1.9651938130277324e-6,0.008040287802743035,2.001219042,2.128365375,1.0635344409240337,true,false,false,true
gaussian_tail_d10,10,65536,30,271857,7.60162284271157e-5,4.517522049878042e-7,0.005942838974455881,1.994474334,2.286706875,1.1465210837854785,true,false,false,true
gaussian_tail_d10,10,65536,4,271831,0.0001681243965728843,1.5183679422416108e-6,0.009031217201028743,1.938546917,2.140708292,1.1042850050350366,true,false,false,true
gaussian_tail_d10,10,65536,5,271832,0.0002596771309478843,2.296170128261027e-6,0.008842404103432023,1.935124583,2.167826208,1.1202514954563008,true,false,false,true
gaussian_tail_d10,10,65536,6,271833,3.0795295010384305e-5,4.7514153920374946e-8,0.0015429030280227213,1.968302541,2.225282458,1.1305591552350693,true,false,false,true
gaussian_tail_d10,10,65536,7,271834,7.65716621978843e-5,2.403940566452628e-6,0.031394650415712794,1.843145459,2.299021459,1.2473358777919437,true,false,false,true
gaussian_tail_d10,10,65536,8,271835,7.65716621978843e-5,2.449080456108643e-7,0.003198416210137217,1.763278458,2.334626667,1.3240260813076865,true,false,false,true
gaussian_tail_d10,10,65536,9,271836,0.0001528656075103843,1.1511834813356103e-6,0.0075306898659818515,2.029477917,2.304498,1.1355127250689865,true,false,false,true
gaussian_tail_d20,20,1024,1,271828,0.0008229061901539204,7.28347455614814e-7,0.0008850917204530692,0.127584417,0.123317125,0.9665531880746847,true,true,true,true
gaussian_tail_d20,20,1024,10,271837,0.00015365630984607963,2.134757325680456e-6,0.01389306646644633,0.127398542,0.123646709,0.97055042435258,true,true,true,true
gaussian_tail_d20,20,1024,11,271838,0.00405990630984608,5.916328347584446e-5,0.014572573591750564,0.12793475,0.124214167,0.9709181203699541,true,true,true,true
gaussian_tail_d20,20,1024,12,271839,0.0017994686901539204,1.0948606719820425e-5,0.006084355220920192,0.127820958,0.124088417,0.9707986776315665,true,true,true,true
gaussian_tail_d20,20,1024,13,271840,0.0017994686901539204,2.9100375269644138e-5,0.016171648569864805,0.127049208,0.124626084,0.9809276733153661,true,true,true,true
gaussian_tail_d20,20,1024,14,271841,0.00405990630984608,8.073638272392859e-5,0.01988626745600676,0.127311833,0.124340458,0.9766606533738305,true,true,true,true
gaussian_tail_d20,20,1024,15,271842,0.0021067813098460796,5.1891183703974e-5,0.02463055062310437,0.127598667,0.123849959,0.970621103745543,true,true,true,true
gaussian_tail_d20,20,1024,16,271843,0.0021067813098460796,9.664368490666653e-5,0.04587267053063389,0.126636333,0.124694333,0.9846647486231302,true,true,true,true
gaussian_tail_d20,20,1024,17,271844,0.0017994686901539204,5.207208292503165e-6,0.0028937476495119003,0.127645791,0.124695292,0.9768852621235273,true,true,true,true
gaussian_tail_d20,20,1024,18,271845,0.00015365630984607963,1.3797288091489321e-5,0.08979317611694775,0.127358375,0.123922333,0.973020682778027,true,true,true,true
gaussian_tail_d20,20,1024,19,271846,0.00015365630984607963,3.1872612618645546e-5,0.20742794520168376,0.127271584,0.124604041,0.9790405452956412,true,true,true,true
gaussian_tail_d20,20,1024,2,271829,0.00015365630984607963,1.3480555478520562e-5,0.08773187051038961,0.126346666,0.124112542,0.9823175072937818,true,true,true,true
gaussian_tail_d20,20,1024,20,271847,0.00015365630984607963,3.281674978663704e-5,0.21357241898826143,0.127026583,0.124009667,0.9762497271929295,true,true,true,true
gaussian_tail_d20,20,1024,21,271848,0.0008229061901539204,3.528720497263452e-5,0.04288120006246912,0.133929417,0.124288125,0.9280121409025472,true,true,true,true
gaussian_tail_d20,20,1024,22,271849,0.0030833438098460796,4.880990551046384e-5,0.015830185837401124,0.127696416,0.124097458,0.9718162959248596,true,true,true,true
gaussian_tail_d20,20,1024,23,271850,0.0030833438098460796,1.4380605427062251e-5,0.0046639642913451585,0.299133084,0.122913834,0.410900166428933,true,true,true,true
gaussian_tail_d20,20,1024,24,271851,0.0011302188098460796,5.112176060243119e-5,0.04523173756893435,0.126401875,0.1237845,0.9792932264651929,true,true,true,true
gaussian_tail_d20,20,1024,25,271852,0.0008229061901539204,4.0942720726137166e-5,0.049753813029987104,0.125850791,0.124607875,0.990123892030206,true,true,true,true
gaussian_tail_d20,20,1024,26,271853,0.0017994686901539204,4.1142522249777366e-5,0.022863705534247544,0.126548875,0.123551291,0.9763128356534184,true,true,true,true
gaussian_tail_d20,20,1024,27,271854,0.00015365630984607963,8.559014744828966e-5,0.5570233173894837,0.126362792,0.12472375,0.9870290773568852,true,true,true,true
gaussian_tail_d20,20,1024,28,271855,0.0008229061901539204,2.36756845849017e-5,0.028770818433718773,0.126759792,0.123025125,0.9705374477105484,true,true,true,true
gaussian_tail_d20,20,1024,29,271856,0.0017994686901539204,2.705007104152231e-5,0.015032254347925631,0.127242667,0.122913708,0.9659787152999552,true,true,true,true
gaussian_tail_d20,20,1024,3,271830,0.0008229061901539204,1.5459821537658e-5,0.018786857751995182,0.12744325,0.123157917,0.9663745784888568,true,true,true,true
gaussian_tail_d20,20,1024,30,271857,0.0021067813098460796,4.3575494818790667e-5,0.02068344474822319,0.126408209,0.124427208,0.9843285415110976,true,true,true,true
gaussian_tail_d20,20,1024,4,271831,0.00405990630984608,2.402678803428357e-5,0.005918064654845318,0.126856167,0.123041208,0.9699268936605976,true,true,true,true
gaussian_tail_d20,20,1024,5,271832,0.0008229061901539204,2.07352734947798e-5,0.025197615163037444,0.127278333,0.124832708,0.9807852213149273,true,true,true,true
gaussian_tail_d20,20,1024,6,271833,0.0011302188098460796,5.3538011679272676e-5,0.0473695988890539,0.132381208,0.123625208,0.9338576816733686,true,true,true,true
gaussian_tail_d20,20,1024,7,271834,0.00015365630984607963,8.016228968307434e-6,0.052169865177274136,0.126378291,0.122909542,0.972552651467648,true,true,true,true
gaussian_tail_d20,20,1024,8,271835,0.0008229061901539204,8.256741021988104e-5,0.10033635815090566,0.126681333,0.124297833,0.9811850732577939,true,true,true,true
gaussian_tail_d20,20,1024,9,271836,0.00015365630984607963,5.593284328949538e-5,0.36401266791792897,0.125135291,0.12366825,0.9882763608229431,true,true,true,true
gaussian_tail_d20,20,16384,1,271828,0.00027572662234607963,1.3342633558907982e-5,0.048390806246343926,2.250049625,2.216612584,0.9851394206472224,true,true,true,true
gaussian_tail_d20,20,16384,10,271837,9.048431515392037e-5,1.134519965209635e-6,0.01253830526627443,2.275568417,2.188293459,0.9616469637440921,true,true,true,true
gaussian_tail_d20,20,16384,11,271838,0.00045669525265392037,2.598279233479578e-6,0.00568930642125271,2.257097666,2.161365291,0.9575860732824842,true,true,true,true
gaussian_tail_d20,20,16384,12,271839,0.00027358978390392037,4.2842203660693745e-6,0.015659284878758166,2.286474708,2.18847675,0.9571401521927527,true,true,true,true
gaussian_tail_d20,20,16384,13,271840,0.0005177304089039204,7.302856727989596e-6,0.014105520174969766,2.268135459,2.195547375,0.9679965833998277,true,true,true,true
gaussian_tail_d20,20,16384,14,271841,0.0005198672473460796,9.144866802899415e-6,0.017590773124454225,2.205485708,2.195802292,0.9956093952616084,true,true,true,true
gaussian_tail_d20,20,16384,15,271842,0.00033676177859607963,7.78940900671675e-6,0.023130323872233606,2.202011334,2.255567709,1.0243215709987805,true,false,false,true
gaussian_tail_d20,20,16384,16,271843,0.00027358978390392037,9.56468038763869e-7,0.0034959932535337753,2.287422166,2.238389417,0.9785641890994949,true,true,true,true
gaussian_tail_d20,20,16384,17,271844,0.0006419375598460796,4.197151257684384e-6,0.0065382546842885384,2.293791334,2.191296084,0.9553162275570792,true,true,true,true
gaussian_tail_d20,20,16384,18,271845,0.00039566009640392037,7.085889430534856e-6,0.017909032260107,2.358647083,2.042831916,0.866103255007396,true,true,true,true
gaussian_tail_d20,20,16384,19,271846,0.0005177304089039204,1.4144291544638046e-5,0.027319800617048404,2.378756458,2.230028417,0.9374765581824015,true,true,true,true
gaussian_tail_d20,20,16384,2,271829,0.00027358978390392037,5.771073247489572e-6,0.021093891610792986,2.267755,2.014240458,0.8882090252253881,true,true,true,true
gaussian_tail_d20,20,16384,20,271847,9.048431515392037e-5,1.4385916650011543e-6,0.015898795968715747,2.270707417,2.194326542,0.9663625201432106,true,true,true,true
gaussian_tail_d20,20,16384,21,271848,0.00033462494015392037,2.3488280018503505e-6,0.0070192855343356635,2.26792075,2.18658025,0.9641343287678813,true,true,true,true
gaussian_tail_d20,20,16384,22,271849,0.0006419375598460796,9.079904627878194e-7,0.001414452930602055,2.254027291,2.192212958,0.9725760494352417,true,true,true,true
gaussian_tail_d20,20,16384,23,271850,0.00021469146609607963,1.4248460721221282e-5,0.06636714993992705,2.262149334,2.0073225,0.8873518957524312,true,true,true,true
gaussian_tail_d20,20,16384,24,271851,0.00033462494015392037,9.374231457711865e-6,0.028014144592450035,2.288290834,2.20404325,0.9631831833837603,true,true,true,true
gaussian_tail_d20,20,16384,25,271852,0.0007029727160960796,1.6255099085250163e-5,0.02312337123910294,2.267724125,2.1972805,0.968936422105577,true,true,true,true
gaussian_tail_d20,20,16384,26,271853,3.158599734607963e-5,2.20905801913418e-6,0.0699378903547069,2.255181667,2.194355667,0.973028336967232,true,true,true,true
gaussian_tail_d20,20,16384,27,271854,0.00015365630984607963,6.634523574994278e-6,0.043177683894922395,2.270430166,2.193827125,0.966260560598982,true,true,true,true
gaussian_tail_d20,20,16384,28,271855,9.048431515392037e-5,1.7724215008400185e-6,0.019588162852589436,2.263375208,2.193246791,0.9690160001964642,true,true,true,true
gaussian_tail_d20,20,16384,29,271856,9.262115359607963e-5,7.520299024682195e-6,0.08119418440282206,2.267333167,2.015184042,0.8887904395040326,true,true,true,true
gaussian_tail_d20,20,16384,3,271830,0.00027572662234607963,8.176486357763454e-6,0.029654323141494465,2.266077792,2.160352208,0.9533442389430556,true,true,true,true
gaussian_tail_d20,20,16384,30,271857,0.0009449765026539204,5.081184987903997e-6,0.0053770490309904394,2.267334167,2.187074875,0.9646019130447832,true,true,true,true
gaussian_tail_d20,20,16384,4,271831,0.00027358978390392037,1.1450237922086201e-5,0.04185184753136583,2.27295075,2.18874175,0.9629516829610144,true,true,true,true
gaussian_tail_d20,20,16384,5,271832,0.00015365630984607963,3.230307879657432e-6,0.021022943235414746,2.268271292,2.188380292,0.964778904409817,true,true,true,true
gaussian_tail_d20,20,16384,6,271833,9.048431515392037e-5,1.7597362109243037e-6,0.01944796960590203,2.254928667,2.197229833,0.9744121244967081,true,true,true,true
gaussian_tail_d20,20,16384,7,271834,0.0008229061901539204,5.95333969728544e-6,0.00723453021561534,2.26582975,2.192533708,0.9676515669370128,true,true,true,true
gaussian_tail_d20,20,16384,8,271835,0.0005787655651539204,6.925093824567546e-6,0.01196528308094115,2.265083042,2.006961,0.8860430115744957,true,true,true,true
gaussian_tail_d20,20,16384,9,271836,0.00033462494015392037,8.130334318866284e-6,0.024296856997946724,2.272511041,2.195292792,0.9660207375863746,true,true,true,true
gaussian_tail_d20,20,256,1,271828,0.00503646880984608,0.0002263276947523079,0.04493777352692962,0.031078208,0.031016666,0.9980197699944604,true,true,true,true
gaussian_tail_d20,20,256,10,271837,0.0027760311901539204,0.00028260732755906737,0.10180264852982357,0.031525541,0.030971875,0.9824375416745427,true,true,true,true
gaussian_tail_d20,20,256,11,271838,0.0011302188098460796,3.652854846552568e-5,0.032319890756817585,0.031323292,0.031204375,0.996203559957874,true,true,true,true
gaussian_tail_d20,20,256,12,271839,0.0011302188098460796,7.932459232444164e-6,0.007018516382260933,0.031035625,0.031114542,1.0025427875224036,true,false,false,true
gaussian_tail_d20,20,256,13,271840,0.0011302188098460796,0.00010436247353115546,0.09233829115387684,0.032175584,0.031100291,0.9665804667290576,true,true,true,true
gaussian_tail_d20,20,256,14,271841,0.00503646880984608,9.159979665510076e-5,0.018187305454175972,0.032375917,0.03086825,0.9534324541294075,true,true,true,true
gaussian_tail_d20,20,256,15,271842,0.00503646880984608,3.607268055230879e-5,0.007162296028079883,0.031418083,0.031192125,0.9928080271479327,true,true,true,true
gaussian_tail_d20,20,256,16,271843,0.00503646880984608,1.6122583189039086e-5,0.0032011680798102295,0.037916083,0.031319583,0.8260236955383813,true,true,true,true
gaussian_tail_d20,20,256,17,271844,0.00668228119015392,0.00014216654371876185,0.021275151355234598,0.029808791,0.031140292,1.0446680645317015,true,false,false,true
gaussian_tail_d20,20,256,18,271845,0.00503646880984608,2.3756249949494906e-5,0.004716846434758508,0.030252417,0.031236375,1.0325249384206228,true,false,false,true
gaussian_tail_d20,20,256,19,271846,0.00668228119015392,7.948005662371076e-5,0.011894150270243268,0.03024525,0.031016541,1.0255012274654698,true,false,false,true
gaussian_tail_d20,20,256,2,271829,0.0027760311901539204,0.000369558030719681,0.13312459601694548,0.031140375,0.031232167,1.0029476844771459,true,false,false,true
gaussian_tail_d20,20,256,20,271847,0.0011302188098460796,8.722495922683371e-5,0.07717528541107235,0.02997625,0.030973542,1.033269404945582,true,false,false,true
gaussian_tail_d20,20,256,21,271848,0.0011302188098460796,0.00012095585976249455,0.10701986085240175,0.030890833,0.03240725,1.049089547051062,true,false,false,true
gaussian_tail_d20,20,256,22,271849,0.0027760311901539204,0.00011824650416331767,0.042595524352434,0.029976917,0.030746208,1.0256627791310229,true,false,false,true
gaussian_tail_d20,20,256,23,271850,0.0011302188098460796,5.38012156898332e-7,0.000476024776982434,0.029961833,0.030820375,1.0286545219045844,true,false,false,true
gaussian_tail_d20,20,256,24,271851,0.00668228119015392,0.0001597021348126084,0.02389934369237907,0.030009666,0.030791916,1.0260666013410478,true,false,false,true
gaussian_tail_d20,20,256,25,271852,0.0027760311901539204,7.70337576909419e-6,0.002774960092817641,0.031135792,0.030833292,0.9902844931646513,true,true,true,true
gaussian_tail_d20,20,256,26,271853,0.00503646880984608,1.41511136196662e-5,0.0028097292277480964,0.030100959,0.030736792,1.0211233469338967,true,false,false,true
gaussian_tail_d20,20,256,27,271854,0.0011302188098460796,1.5001891590267491e-5,0.013273440027343505,0.030096708,0.030835292,1.0245403583674335,true,false,false,true
gaussian_tail_d20,20,256,28,271855,0.0027760311901539204,9.514147209733342e-5,0.03427247951492151,0.031151084,0.030716917,0.9860625395893126,true,true,true,true
gaussian_tail_d20,20,256,29,271856,0.00503646880984608,0.00014520624936736025,0.028830963686995992,0.030551959,0.030836625,1.0093174385315193,true,false,false,true
gaussian_tail_d20,20,256,3,271830,0.0011302188098460796,0.00012088057714923321,0.10695325196870109,0.030833917,0.031394667,1.0181861422277294,true,false,false,true
gaussian_tail_d20,20,256,30,271857,0.0027760311901539204,7.880307600218253e-5,0.028386956271126477,0.030584291,0.0307945,1.0068731035811815,true,false,false,true
gaussian_tail_d20,20,256,4,271831,0.00668228119015392,0.00017237787425871363,0.025796261688703803,0.033145917,0.031371125,0.946455184812054,true,true,true,true
gaussian_tail_d20,20,256,5,271832,0.0027760311901539204,0.0001499682909096526,0.05402255257129781,0.032317042,0.031687084,0.9805069411983931,true,true,true,true
gaussian_tail_d20,20,256,6,271833,0.0027760311901539204,4.885404370348449e-5,0.017598521182600878,0.031524583,0.031600708,1.0024147821400207,true,false,false,true
gaussian_tail_d20,20,256,7,271834,0.0011302188098460796,0.00011312067653072855,0.10008741276048488,0.031612125,0.03144075,0.9945788206265794,true,true,true,true
gaussian_tail_d20,20,256,8,271835,0.00503646880984608,4.814357652592992e-5,0.009558994276269774,0.030172541,0.035352542,1.171679309342889,true,false,false,true
gaussian_tail_d20,20,256,9,271836,0.0011302188098460796,0.00017703361935339848,0.15663658913755651,0.0310355,0.03092625,0.9964798376053229,true,true,true,true
gaussian_tail_d20,20,4096,1,271828,0.0008860781848460796,2.1526827224787812e-5,0.02429450086114831,0.518518041,0.495993084,0.9565589714939157,true,true,true,true
gaussian_tail_d20,20,4096,10,271837,0.0005787655651539204,1.7424652862623596e-5,0.030106581855797832,0.704143875,0.498928375,0.7085602711519716,true,true,true,true
gaussian_tail_d20,20,4096,11,271838,9.048431515392037e-5,1.9087195098620516e-5,0.21094479265441546,0.519689708,0.497971584,0.9582094398529054,true,true,true,true
gaussian_tail_d20,20,4096,12,271839,0.0005787655651539204,6.212638788255162e-6,0.010734292366898048,0.519493541,0.499045833,0.9606391487358261,true,true,true,true
gaussian_tail_d20,20,4096,13,271840,0.00033462494015392037,4.245439207749974e-6,0.012687157167057428,0.520210625,0.678173125,1.3036510451896286,true,false,false,true
gaussian_tail_d20,20,4096,14,271841,0.00015365630984607963,1.769717367339392e-5,0.11517375167424955,0.519913708,0.498420334,0.9586597282024347,true,true,true,true
gaussian_tail_d20,20,4096,15,271842,0.0013111874401539204,1.2745203214059933e-5,0.00972035181527042,0.520481166,0.498592459,0.9579452467642219,true,true,true,true
gaussian_tail_d20,20,4096,16,271843,0.0010670468151539204,2.0906856967074783e-5,0.019593195603192903,0.697314333,0.499231958,0.7159353169354687,true,true,true,true
gaussian_tail_d20,20,4096,17,271844,0.0022877499401539204,6.894529324183787e-6,0.003013672606071589,0.519889083,0.4970285,0.9560279610641487,true,true,true,true
gaussian_tail_d20,20,4096,18,271845,0.0010670468151539204,1.9467487102563588e-5,0.01824426709877338,0.521659209,0.500527042,0.959490474556158,true,true,true,true
gaussian_tail_d20,20,4096,19,271846,9.048431515392037e-5,1.5211118310364327e-5,0.1681077906650353,0.522025208,0.529058458,1.0134730083762544,true,false,false,true
gaussian_tail_d20,20,4096,2,271829,0.0010670468151539204,1.9239496841317108e-5,0.01803060237665564,0.518533083,0.4975245,0.959484585094448,true,true,true,true
gaussian_tail_d20,20,4096,20,271847,0.0013111874401539204,7.846889335944018e-7,0.0005984567191265096,0.522952166,0.648204958,1.2395109919097265,true,false,false,true
gaussian_tail_d20,20,4096,21,271848,0.00039779693484607963,2.54271245873558e-6,0.006391986051173161,0.519546292,0.498167125,0.9588503135732128,true,true,true,true
gaussian_tail_d20,20,4096,22,271849,0.0005787655651539204,2.2700313797793803e-6,0.003922194955008553,0.526765917,0.49979375,0.9487966739503384,true,true,true,true
gaussian_tail_d20,20,4096,23,271850,0.00015365630984607963,1.7019232540136514e-5,0.11076168988559594,0.702613292,0.498181208,0.7090403977156754,true,true,true,true
gaussian_tail_d20,20,4096,24,271851,0.00033462494015392037,1.8384754749764184e-5,0.05494137628028439,0.518872292,0.497195083,0.9582224579453936,true,true,true,true
gaussian_tail_d20,20,4096,25,271852,0.0006419375598460796,1.3624981968853728e-5,0.02122477764367091,0.518429875,0.497658208,0.9599335069183657,true,true,true,true
gaussian_tail_d20,20,4096,26,271853,0.0013111874401539204,1.664900699757839e-5,0.012697655947363225,0.695749,0.4987195,0.7168095103262815,true,true,true,true
gaussian_tail_d20,20,4096,27,271854,9.048431515392037e-5,2.058382472264371e-5,0.2274850032033633,0.520152416,0.497767583,0.9569648581618817,true,true,true,true
gaussian_tail_d20,20,4096,28,271855,0.0013111874401539204,2.608249459322247e-5,0.01989227000996947,0.519913959,0.501527583,0.9646357331213721,true,true,true,true
gaussian_tail_d20,20,4096,29,271856,0.0011302188098460796,3.460438086598169e-5,0.03061741723330046,0.519230292,0.676960625,1.3037772168346449,true,false,false,true
gaussian_tail_d20,20,4096,3,271830,0.0008229061901539204,2.3454376539347455e-6,0.0028501883714060327,0.518389709,0.50009525,0.9647090621546269,true,true,true,true
gaussian_tail_d20,20,4096,30,271857,0.0005787655651539204,1.3984160236266835e-5,0.0241620460480364,0.517599584,0.49627325,0.9587976214447654,true,true,true,true
gaussian_tail_d20,20,4096,4,271831,0.00039779693484607963,4.3548090083242105e-5,0.10947316650414175,0.520567875,0.661704416,1.2711203433365916,true,false,false,true
gaussian_tail_d20,20,4096,5,271832,0.0008229061901539204,1.6036877415092493e-5,0.019488099138120323,0.520721875,0.496224875,0.9529556925181989,true,true,true,true
gaussian_tail_d20,20,4096,6,271833,0.0008229061901539204,4.319861630969202e-5,0.052495189398942224,0.517515417,0.49694925,0.9602597984051942,true,true,true,true
gaussian_tail_d20,20,4096,7,271834,9.048431515392037e-5,4.500086018925653e-6,0.049733326834277086,0.558976667,0.647216166,1.157859002368698,true,false,false,true
gaussian_tail_d20,20,4096,8,271835,0.00015365630984607963,5.564714451055178e-6,0.036215333145963584,0.518738584,0.49483475,0.9539193059138243,true,true,true,true
gaussian_tail_d20,20,4096,9,271836,0.0005787655651539204,3.390144710650224e-5,0.05857543908557567,0.518704209,0.49859625,0.9612342474745563,true,true,true,true
gaussian_tail_d20,20,65536,1,271828,0.00010574310421642037,9.331617246855634e-7,0.008824799797589608,9.838860333,9.083319417,0.9232084926070269,true,true,true,true
gaussian_tail_d20,20,65536,10,271837,9.048431515392037e-5,9.048692479786402e-7,0.010000288408431805,9.968564459,9.229392709,0.9258497296135105,true,true,true,true
gaussian_tail_d20,20,65536,11,271838,9.048431515392037e-5,2.8156354684536616e-6,0.03111738718101653,10.173000584,9.049272791,0.8895382160139272,true,true,true,true
gaussian_tail_d20,20,65536,12,271839,4.684478640857963e-5,2.7428734078807637e-7,0.005855237302092611,10.23713075,9.198177458,0.8985112804190764,true,true,true,true
gaussian_tail_d20,20,65536,13,271840,4.470794796642037e-5,2.04946439258738e-7,0.004584116439713828,10.185893875,9.070324167,0.890478958283865,true,true,true,true
gaussian_tail_d20,20,65536,14,271841,3.158599734607963e-5,6.66231158966829e-7,0.021092611123438847,10.058288708,8.996332667,0.8944198091912636,true,true,true,true
gaussian_tail_d20,20,65536,15,271842,7.736236453357963e-5,2.4723877367575225e-6,0.031958533734893366,9.9728095,9.082082959,0.910684492569521,true,true,true,true
gaussian_tail_d20,20,65536,16,271843,9.048431515392037e-5,3.4436486251142318e-6,0.038057961971158606,10.164965583,9.230703084,0.9080899496047019,true,true,true,true
gaussian_tail_d20,20,65536,17,271844,0.00010574310421642037,9.217299352052427e-7,0.008716690719791744,10.19266825,8.894769083,0.8726634542432007,true,true,true,true
gaussian_tail_d20,20,65536,18,271845,0.00015365630984607963,1.4455942455218057e-6,0.009407971901511134,10.030970209,9.079283208,0.9051251293572654,true,true,true,true
gaussian_tail_d20,20,65536,19,271846,0.00028884857296642037,2.513947560487534e-7,0.0008703340766650728,10.167874208,9.078419209,0.8928532182132204,true,true,true,true
gaussian_tail_d20,20,65536,2,271829,0.00010787994265857963,3.093918486424957e-6,0.028679274480304884,10.435775625,9.032339125,0.8655168000509785,true,true,true,true
gaussian_tail_d20,20,65536,20,271847,0.00015365630984607963,2.5088771930335124e-6,0.016327850093150756,10.042242917,9.236413084,0.9197559908020299,true,true,true,true
gaussian_tail_d20,20,65536,21,271848,0.00026046783328357963,5.879769328833578e-7,0.0022573878911305283,10.129530333,9.022310875,0.8906938997563492,true,true,true,true
gaussian_tail_d20,20,65536,22,271849,4.684478640857963e-5,2.7235337469681126e-6,0.05813952748580143,9.918695917,9.044288,0.911842451435443,true,true,true,true
gaussian_tail_d20,20,65536,23,271850,0.00018417388797107963,2.949056002029757e-6,0.016012345911342436,9.996451291,9.050187458,0.9053400246293463,true,true,true,true
gaussian_tail_d20,20,65536,24,271851,0.00018203704952892037,2.760399981994663e-6,0.015163945961210033,9.924142458,9.08160225,0.9151019635635302,true,true,true,true
gaussian_tail_d20,20,65536,25,271852,0.00019943267703357963,6.427546057514999e-7,0.0032229151978102146,10.154747166,8.939087875,0.88028660181021,true,true,true,true
gaussian_tail_d20,20,65536,26,271853,9.262115359607963e-5,2.2229494998551175e-6,0.02400045144707859,9.936349958,9.052838,0.9110828461422433,true,true,true,true
gaussian_tail_d20,20,65536,27,271854,7.522552609142037e-5,1.2526362549291487e-6,0.01665174469377376,9.99668,8.927959042,0.8930924108804122,true,true,true,true
gaussian_tail_d20,20,65536,28,271855,0.00031936615109142037,1.243684379873683e-7,0.00038942272862150357,10.018496625,9.068649292,0.9051906320325781,true,true,true,true
gaussian_tail_d20,20,65536,29,271856,7.736236453357963e-5,2.991721090962046e-6,0.03867153116375432,10.059775083,9.105412125,0.9051307857157984,true,true,true,true
gaussian_tail_d20,20,65536,3,271830,0.00026046783328357963,1.2982347930064891e-6,0.0049842423021696485,9.892779916,8.97344675,0.9070702902716835,true,true,true,true
gaussian_tail_d20,20,65536,30,271857,0.0005787655651539204,4.239970133632781e-6,0.007325885278791903,10.0975085,9.069909167,0.8982323874250763,true,true,true,true
gaussian_tail_d20,20,65536,4,271831,3.158599734607963e-5,2.3008102336338765e-6,0.0728427286441043,9.962607333,9.054119208,0.9088102045344358,true,true,true,true
gaussian_tail_d20,20,65536,5,271832,0.00015365630984607963,5.026446776173338e-6,0.03271227052900348,9.747473875,9.273197208,0.9513436329163795,true,true,true,true
gaussian_tail_d20,20,65536,6,271833,0.00016891509890857963,5.175032513035291e-6,0.030636885313823404,10.124456083,8.95027875,0.8840256381800536,true,true,true,true
gaussian_tail_d20,20,65536,7,271834,3.158599734607963e-5,4.824051778417118e-6,0.15272754333387756,9.878944083,9.219062166,0.933203193432834,true,true,true,true
gaussian_tail_d20,20,65536,8,271835,3.158599734607963e-5,4.1190454751725836e-7,0.013040732670370559,9.928299166,9.035524209,0.9100777542988071,true,true,true,true
gaussian_tail_d20,20,65536,9,271836,1.0684192210796278e-6,3.751152379723177e-7,0.35109368174158007,10.014149792,9.057678125,0.9044879808204891,true,true,true,true
gaussian_tail_d4,4,1024,1,271828,0.002372162712248549,7.954885384653387e-5,0.03353431593700852,0.004629875,0.003629833,0.7840023758740786,true,true,true,true
gaussian_tail_d4,4,1024,10,271837,0.001395600212248549,8.648468101932205e-6,0.006196952412323049,0.00477225,0.003790542,0.7942882288228824,true,true,true,true
gaussian_tail_d4,4,1024,11,271838,0.002372162712248549,1.5330427160190063e-5,0.006462637272322061,0.004793709,0.00373925,0.7800327470858159,true,true,true,true
gaussian_tail_d4,4,1024,12,271839,0.002372162712248549,1.7986055352955943e-5,0.0075821339152182966,0.004807917,0.003726084,0.7749892521023137,true,true,true,true
gaussian_tail_d4,4,1024,13,271840,0.0004190377122485489,2.7628102406973554e-5,0.06593225764507363,0.004832958,0.0037705,0.7801640320482818,true,true,true,true
gaussian_tail_d4,4,1024,14,271841,0.0005575247877514511,1.5403582453998865e-7,0.00027628515883792244,0.004897208,0.003761708,0.7681331893601415,true,true,true,true
gaussian_tail_d4,4,1024,15,271842,0.001534087287751451,1.2655768469677087e-5,0.008249705587631165,0.00535175,0.003645375,0.681155696734713,true,true,true,true
gaussian_tail_d4,4,1024,16,271843,0.004463774787751451,2.9362784218403548e-5,0.006578016502753388,0.00450075,0.003723125,0.8272232405710158,true,true,true,true
gaussian_tail_d4,4,1024,17,271844,0.0005575247877514511,1.3291093401424092e-6,0.0023839466322256807,0.004534833,0.003745041,0.8258387905353957,true,true,true,true
gaussian_tail_d4,4,1024,18,271845,0.001395600212248549,1.2940286151216784e-5,0.009272201335056969,0.004625875,0.003844375,0.8310589888399492,true,true,true,true
gaussian_tail_d4,4,1024,19,271846,0.0005575247877514511,6.247918079085868e-6,0.011206529676078257,0.004596708,0.00370075,0.80508703184975,true,true,true,true
gaussian_tail_d4,4,1024,2,271829,0.001395600212248549,1.7721510759405312e-6,0.0012698128449588689,0.004594166,0.003612292,0.7862780752806929,true,true,true,true
gaussian_tail_d4,4,1024,20,271847,0.001534087287751451,1.612466480005459e-5,0.010510917422234103,0.004565792,0.0036685,0.8034750597486701,true,true,true,true
gaussian_tail_d4,4,1024,21,271848,0.0005575247877514511,1.6135277136661297e-5,0.028940914361379983,0.004573,0.003640625,0.7961130548873825,true,true,true,true
gaussian_tail_d4,4,1024,22,271849,0.0005575247877514511,3.3151420168742174e-6,0.005946178698609063,0.004598375,0.003655084,0.7948642727050317,true,true,true,true
gaussian_tail_d4,4,1024,23,271850,0.001534087287751451,1.6452575473530073e-5,0.010724667106553638,0.004591375,0.003738333,0.8142077264436035,true,true,true,true
gaussian_tail_d4,4,1024,24,271851,0.0004190377122485489,1.0424852692564324e-5,0.024878077528212795,0.004607625,0.003695083,0.8019495944222892,true,true,true,true
gaussian_tail_d4,4,1024,25,271852,0.0004190377122485489,3.984564331094287e-6,0.009508844227201378,0.004672791,0.003693708,0.7904714762547693,true,true,true,true
gaussian_tail_d4,4,1024,26,271853,0.0004190377122485489,8.564443089581486e-6,0.020438358742521853,0.005046625,0.0039405,0.780818864092339,true,true,true,true
gaussian_tail_d4,4,1024,27,271854,0.0005575247877514511,3.925541186972081e-6,0.007041016423330972,0.005042958,0.003835125,0.7604911641143948,true,true,true,true
gaussian_tail_d4,4,1024,28,271855,0.002510649787751451,2.8081866681683998e-5,0.01118509910011553,0.004527292,0.003654542,0.8072247162321318,true,true,true,true
gaussian_tail_d4,4,1024,29,271856,0.001534087287751451,2.139811939833036e-6,0.0013948436682305154,0.004822417,0.00403375,0.8364581495129932,true,true,true,true
gaussian_tail_d4,4,1024,3,271830,0.0004190377122485489,3.289475644485673e-5,0.07850070645991276,0.004541,0.003611833,0.7953827350803788,true,true,true,true
gaussian_tail_d4,4,1024,30,271857,0.001534087287751451,1.8746170730554734e-5,0.012219754951513517,0.004899625,0.003953208,0.8068388907314334,true,true,true,true
gaussian_tail_d4,4,1024,4,271831,0.0004190377122485489,1.1214875901652266e-5,0.026763404757708897,0.004503709,0.003617875,0.8033101161731364,true,true,true,true
gaussian_tail_d4,4,1024,5,271832,0.002372162712248549,2.732481767095396e-5,0.011518947469270792,0.004545417,0.003607625,0.7936840558303011,true,true,true,true
gaussian_tail_d4,4,1024,6,271833,0.001395600212248549,5.385571151136914e-6,0.0038589641244463875,0.004519334,0.00361725,0.8003944829038969,true,true,true,true
gaussian_tail_d4,4,1024,7,271834,0.0005575247877514511,1.447988054598115e-7,0.00025971725139576024,0.004499833,0.003671708,0.8159653924934548,true,true,true,true
gaussian_tail_d4,4,1024,8,271835,0.0005575247877514511,1.760000279495133e-5,0.031568108148040855,0.004819125,0.003856417,0.8002317848157083,true,true,true,true
gaussian_tail_d4,4,1024,9,271836,0.001395600212248549,4.930599098187938e-6,0.0035329595502453424,0.004788333,0.003757208,0.7846588781523759,true,true,true,true
gaussian_tail_d4,4,16384,1,271828,0.00011386193099854891,4.4019090862656984e-7,0.003866006001884684,0.081664666,0.063604292,0.7788471454717026,true,true,true,true
gaussian_tail_d4,4,16384,10,271837,0.0003580025559985489,1.3952246970261317e-7,0.00038972478649895086,0.077894792,0.060903417,0.7818676375694026,true,true,true,true
gaussian_tail_d4,4,16384,11,271838,6.924353775145109e-5,4.7614223043501713e-7,0.006876341762665628,0.0792375,0.062934958,0.7942572393121943,true,true,true,true
gaussian_tail_d4,4,16384,12,271839,0.0002359322434985489,5.684258991278668e-7,0.0024092760306895604,0.230434208,0.089727709,0.3893853685126472,true,true,true,true
gaussian_tail_d4,4,16384,13,271840,0.0002969673997485489,7.642550782782642e-7,0.0025735319059444965,0.078717583,0.061628417,0.7829053516544074,true,true,true,true
gaussian_tail_d4,4,16384,14,271841,0.00011386193099854891,1.5613019486993007e-7,0.0013712238454125624,0.077807375,0.061009709,0.7841121616042181,true,true,true,true
gaussian_tail_d4,4,16384,15,271842,0.0003580025559985489,5.719788550018201e-7,0.0015976948918882538,0.079809625,0.061581875,0.7716096272849297,true,true,true,true
gaussian_tail_d4,4,16384,16,271843,0.0001302786940014511,9.348022274729972e-7,0.0071754037345706356,0.106988041,0.062427209,0.5834970751544091,true,true,true,true
gaussian_tail_d4,4,16384,17,271844,6.924353775145109e-5,6.124242888233544e-7,0.008844497388646498,0.229810416,0.061557041,0.2678600999529978,true,true,true,true
gaussian_tail_d4,4,16384,18,271845,0.0002969673997485489,1.1798242347538235e-6,0.003972908257784577,0.078780542,0.062500875,0.793354214293169,true,true,true,true
gaussian_tail_d4,4,16384,19,271846,0.0001302786940014511,8.569702811961344e-7,0.006577977218489688,0.078208,0.062561584,0.7999384206219313,true,true,true,true
gaussian_tail_d4,4,16384,2,271829,5.282677474854891e-5,5.43723692750242e-7,0.010292577870565105,0.080622375,0.061923917,0.7680735899928526,true,true,true,true
gaussian_tail_d4,4,16384,20,271847,0.0002969673997485489,9.254675390757416e-7,0.0031163943916381475,0.07827025,0.061753333,0.7889757985952517,true,true,true,true
gaussian_tail_d4,4,16384,21,271848,0.0002969673997485489,6.045595229015044e-7,0.002035777406588746,0.077980292,0.060745333,0.7789831435871001,true,true,true,true
gaussian_tail_d4,4,16384,22,271849,6.924353775145109e-5,2.631028425126303e-7,0.003799673602135047,0.078412625,0.062064542,0.7915121066282375,true,true,true,true
gaussian_tail_d4,4,16384,23,271850,0.0001302786940014511,2.99994644417656e-7,0.0023027145514239998,0.258579959,0.061797417,0.23898765101126804,true,true,true,true
gaussian_tail_d4,4,16384,24,271851,0.0002359322434985489,5.69069213529616e-7,0.0024120027220150436,0.082879541,0.061128625,0.7375598882720646,true,true,true,true
gaussian_tail_d4,4,16384,25,271852,0.0001302786940014511,4.0345272199482363e-7,0.0030968434638309304,0.073688875,0.060550291,0.8217019326187297,true,true,true,true
gaussian_tail_d4,4,16384,26,271853,0.0002523490065014511,2.9880474550214586e-7,0.0011840932114009636,0.078656458,0.061152708,0.7774658248658998,true,true,true,true
gaussian_tail_d4,4,16384,27,271854,6.924353775145109e-5,2.9781655223881653e-7,0.004301001391751902,0.078886333,0.061437083,0.7788051575423084,true,true,true,true
gaussian_tail_d4,4,16384,28,271855,0.0004354544752514511,6.764452965685175e-7,0.001553423687235979,0.229965375,0.0901785,0.3921394688222085,true,true,true,true
gaussian_tail_d4,4,16384,29,271856,0.0001748970872485489,3.3661063821022186e-7,0.001924621178692698,0.079096084,0.061256459,0.7744562802881619,true,true,true,true
gaussian_tail_d4,4,16384,3,271830,0.0003133841627514511,1.292290606469404e-8,4.123662775819134e-5,0.086292917,0.063774416,0.7390457782299792,true,true,true,true
gaussian_tail_d4,4,16384,30,271857,0.0001913138502514511,5.007224541941913e-7,0.002617282823674672,0.078104209,0.061611709,0.7888398050353471,true,true,true,true
gaussian_tail_d4,4,16384,4,271831,0.00011386193099854891,1.911400809434527e-7,0.001678700503910202,0.075426416,0.063860875,0.8466645823394287,true,true,true,true
gaussian_tail_d4,4,16384,5,271832,0.0004354544752514511,8.274136269331711e-7,0.0019001151072230572,0.076439584,0.061871916,0.809422458395378,true,true,true,true
gaussian_tail_d4,4,16384,6,271833,0.0001302786940014511,1.3356836453537468e-7,0.0010252510248059976,0.107265833,0.061987125,0.5778832202794714,true,true,true,true
gaussian_tail_d4,4,16384,7,271834,0.0001302786940014511,1.2412525842719901e-6,0.009527671380081263,0.232901083,0.062248083,0.2672726214845467,true,true,true,true
gaussian_tail_d4,4,16384,8,271835,6.924353775145109e-5,1.4151576636645125e-6,0.020437396898237713,0.078221042,0.061006875,0.7799292037045479,true,true,true,true
gaussian_tail_d4,4,16384,9,271836,0.0002969673997485489,3.7435076119529676e-7,0.0012605786409965222,0.086897375,0.061231084,0.7046367511101457,true,true,true,true
gaussian_tail_d4,4,256,1,271828,0.007393462287751451,7.338229714495825e-5,0.009925295387862966,0.001188292,0.000930833,0.7833369239210565,true,true,true,true
gaussian_tail_d4,4,256,10,271837,0.004325287712248549,0.00012314650727883458,0.028471286876501332,0.001191667,0.000927625,0.7784263556849355,true,true,true,true
gaussian_tail_d4,4,256,11,271838,0.003487212287751451,5.300565000203317e-5,0.015200006660968473,0.00118825,0.000952833,0.801879234167894,true,true,true,true
gaussian_tail_d4,4,256,12,271839,0.004325287712248549,3.299433152878506e-5,0.0076282397204121685,0.001173167,0.000923583,0.7872562047858489,true,true,true,true
gaussian_tail_d4,4,256,13,271840,0.003487212287751451,6.539731059923559e-5,0.018753464143533308,0.001176458,0.000932791,0.7928808338249219,true,true,true,true
gaussian_tail_d4,4,256,14,271841,0.008231537712248549,7.108576029533908e-5,0.008635781403219875,0.001171083,0.000922292,0.7875547676808561,true,true,true,true
gaussian_tail_d4,4,256,15,271842,0.0004190377122485489,0.00010135364543766012,0.24187237204450707,0.00116475,0.00092125,0.7909422622880447,true,true,true,true
gaussian_tail_d4,4,256,16,271843,0.004325287712248549,3.553450992467566e-5,0.00821552513698624,0.001159958,0.000920417,0.7934916609049638,true,true,true,true
gaussian_tail_d4,4,256,17,271844,0.004325287712248549,6.40886450242878e-5,0.014817198135235864,0.001161375,0.000921208,0.7932046066085459,true,true,true,true
gaussian_tail_d4,4,256,18,271845,0.007393462287751451,4.50022198297817e-7,6.086758554829671e-5,0.001183042,0.000937167,0.7921671419949587,true,true,true,true
gaussian_tail_d4,4,256,19,271846,0.007393462287751451,7.55465620745771e-5,0.010218022238340629,0.00116425,0.000936792,0.8046313077088255,true,true,true,true
gaussian_tail_d4,4,256,2,271829,0.011299712287751451,5.4179216436772704e-5,0.004794743003810933,0.001172167,0.000926667,0.7905588538151987,true,true,true,true
gaussian_tail_d4,4,256,20,271847,0.0004190377122485489,0.00011539439279650843,0.27537949311842164,0.001147625,0.000921083,0.8025992811240605,true,true,true,true
gaussian_tail_d4,4,256,21,271848,0.004325287712248549,2.2415658467722643e-6,0.0005182466452866234,0.001166916,0.000915333,0.7844035046224407,true,true,true,true
gaussian_tail_d4,4,256,22,271849,0.0004190377122485489,0.00013503647995337376,0.3222537638170331,0.001163167,0.000917,0.7883648693609773,true,true,true,true
gaussian_tail_d4,4,256,23,271850,0.0004190377122485489,3.1709595795792467e-6,0.0075672415319469315,0.001170333,0.000921208,0.787133234728919,true,true,true,true
gaussian_tail_d4,4,256,24,271851,0.003487212287751451,0.00022835119336049592,0.0654824468709751,0.001165833,0.00093675,0.803502731523297,true,true,true,true
gaussian_tail_d4,4,256,25,271852,0.0004190377122485489,3.5215819817246974e-5,0.08403973863898671,0.001148833,0.000917167,0.798346670055613,true,true,true,true
gaussian_tail_d4,4,256,26,271853,0.003487212287751451,0.00010820645020592767,0.031029499002969797,0.001188959,0.00092625,0.7790428433612934,true,true,true,true
gaussian_tail_d4,4,256,27,271854,0.007393462287751451,5.6795016819335964e-5,0.007681788938509463,0.001167542,0.0009325,0.7986864712361526,true,true,true,true
gaussian_tail_d4,4,256,28,271855,0.004325287712248549,1.284397709527818e-5,0.0029695081459913094,0.001180417,0.000929959,0.7878224390194312,true,true,true,true
gaussian_tail_d4,4,256,29,271856,0.0004190377122485489,0.00010050806288013081,0.23985445687168902,0.001163917,0.000930292,0.7992769243855017,true,true,true,true
gaussian_tail_d4,4,256,3,271830,0.008231537712248549,7.499086065147764e-5,0.009110188554429029,0.00116925,0.000912541,0.7804498610220227,true,true,true,true
gaussian_tail_d4,4,256,30,271857,0.004325287712248549,8.78632848396177e-5,0.020313859027412767,0.001175667,0.00092625,0.787850641380595,true,true,true,true
gaussian_tail_d4,4,256,4,271831,0.004325287712248549,7.947715625543361e-5,0.018374998738318965,0.001156917,0.000913584,0.7896711691504231,true,true,true,true
gaussian_tail_d4,4,256,5,271832,0.0004190377122485489,9.487169129208939e-5,0.22640370668074142,0.001213042,0.000939958,0.7748767149035236,true,true,true,true
gaussian_tail_d4,4,256,6,271833,0.008231537712248549,0.00010104182382762728,0.012274963361617937,0.001195,0.00093925,0.7859832635983263,true,true,true,true
gaussian_tail_d4,4,256,7,271834,0.004325287712248549,4.1197375633544864e-5,0.009524771153807928,0.001176458,0.000925125,0.7863646641019059,true,true,true,true
gaussian_tail_d4,4,256,8,271835,0.0004190377122485489,3.729322522690037e-5,0.08899730056940601,0.001156625,0.000923083,0.7980832162541878,true,true,true,true
gaussian_tail_d4,4,256,9,271836,0.004325287712248549,8.212207780111669e-5,0.018986500613256223,0.001160083,0.000921916,0.794698310379516,true,true,true,true
gaussian_tail_d4,4,4096,1,271828,0.0003133841627514511,2.5397995417342223e-6,0.008104428505369524,0.018909458,0.015017833,0.7941969040043347,true,true,true,true
gaussian_tail_d4,4,4096,10,271837,6.924353775145109e-5,5.448586872264238e-6,0.07868729774931316,0.019359583,0.015341125,0.7924305497695896,true,true,true,true
gaussian_tail_d4,4,4096,11,271838,0.0008016654127514511,4.267317578895979e-6,0.005323065596967474,0.019601667,0.014743084,0.7521341934846664,true,true,true,true
gaussian_tail_d4,4,4096,12,271839,0.0009073189622485489,6.46273735864511e-6,0.007122894624211239,0.018267166,0.014628667,0.8008175433452567,true,true,true,true
gaussian_tail_d4,4,4096,13,271840,6.924353775145109e-5,5.382204728246465e-6,0.07772862137064442,0.018363917,0.014641208,0.7972813207552615,true,true,true,true
gaussian_tail_d4,4,4096,14,271841,6.924353775145109e-5,1.405235873774835e-6,0.020294108582650898,0.018595459,0.015109209,0.812521433324125,true,true,true,true
gaussian_tail_d4,4,4096,15,271842,6.924353775145109e-5,9.473683274571765e-6,0.13681685803774854,0.019994834,0.014975292,0.7489580558658301,true,true,true,true
gaussian_tail_d4,4,4096,16,271843,0.001045806037751451,1.7446960046685334e-6,0.0016682787645974388,0.018961209,0.0152005,0.8016630163192653,true,true,true,true
gaussian_tail_d4,4,4096,17,271844,6.924353775145109e-5,7.333939536294243e-6,0.1059151478166719,0.02169025,0.014921542,0.6879377600534802,true,true,true,true
gaussian_tail_d4,4,4096,18,271845,0.0004190377122485489,5.070518641445143e-6,0.012100387371429723,0.019679542,0.014812167,0.7526682785605477,true,true,true,true
gaussian_tail_d4,4,4096,19,271846,6.924353775145109e-5,4.800914859118266e-6,0.06933376044925804,0.019060959,0.01483175,0.7781219192591516,true,true,true,true
gaussian_tail_d4,4,4096,2,271829,0.0005575247877514511,5.277782255092012e-6,0.009466453099561357,0.018624333,0.015026417,0.8068163837061977,true,true,true,true
gaussian_tail_d4,4,4096,20,271847,0.0006631783372485489,1.4378322030772495e-6,0.0021680928376560833,0.01953925,0.015011917,0.7682954565809844,true,true,true,true
gaussian_tail_d4,4,4096,21,271848,0.0003133841627514511,1.993548324308314e-6,0.006361356320004665,0.018630625,0.015061708,0.8084381495521487,true,true,true,true
gaussian_tail_d4,4,4096,22,271849,0.0003133841627514511,2.9862518489826018e-6,0.009529045190937219,0.019425667,0.014815458,0.7626743524430847,true,true,true,true
gaussian_tail_d4,4,4096,23,271850,0.0001748970872485489,1.553827528949503e-6,0.008884239031044211,0.018780125,0.014929083,0.7949405555074845,true,true,true,true
gaussian_tail_d4,4,4096,24,271851,6.924353775145109e-5,3.376992932985212e-6,0.04876979199281947,0.018646083,0.015735458,0.8439015314905549,true,true,true,true
gaussian_tail_d4,4,4096,25,271852,6.924353775145109e-5,2.3963428888440497e-7,0.0034607458929173953,0.018897125,0.01477775,0.7820104910138447,true,true,true,true
gaussian_tail_d4,4,4096,26,271853,6.924353775145109e-5,2.264571383109315e-6,0.032704443716292615,0.01935625,0.015016667,0.775804559250888,true,true,true,true
gaussian_tail_d4,4,4096,27,271854,0.0004190377122485489,8.53136587944392e-7,0.0020359422624910686,0.018848542,0.015489,0.8217611738881447,true,true,true,true
gaussian_tail_d4,4,4096,28,271855,0.0005575247877514511,3.1690018562763322e-6,0.005684055536000846,0.019423792,0.014763666,0.7600815535915953,true,true,true,true
gaussian_tail_d4,4,4096,29,271856,0.0003133841627514511,8.398921118174529e-7,0.002680071974420679,0.019054042,0.015147125,0.794955999362235,true,true,true,true
gaussian_tail_d4,4,4096,3,271830,0.001045806037751451,3.6404897191255614e-7,0.0003481037197827662,0.018662416,0.015094375,0.8088114100553754,true,true,true,true
gaussian_tail_d4,4,4096,30,271857,0.0004190377122485489,9.822977994206061e-7,0.0023441751677900627,0.019371083,0.015285791,0.7891035829024118,true,true,true,true
gaussian_tail_d4,4,4096,4,271831,6.924353775145109e-5,2.3455768057845106e-6,0.033874306281171426,0.0198505,0.01549,0.7803329890934737,true,true,true,true
gaussian_tail_d4,4,4096,5,271832,6.924353775145109e-5,6.705778824445119e-6,0.09684338845475281,0.01869325,0.014934583,0.7989291856686236,true,true,true,true
gaussian_tail_d4,4,4096,6,271833,0.0001748970872485489,1.3603759559666084e-6,0.007778151010790463,0.01897925,0.014965916,0.788540959205448,true,true,true,true
gaussian_tail_d4,4,4096,7,271834,0.001045806037751451,1.5681541262746457e-7,0.00014994693754553912,0.018895084,0.014865125,0.7867191805021878,true,true,true,true
gaussian_tail_d4,4,4096,8,271835,0.0001748970872485489,1.0430275233216935e-5,0.05963664345303997,0.019250792,0.015072167,0.7829375019999177,true,true,true,true
gaussian_tail_d4,4,4096,9,271836,0.0003133841627514511,2.2789888352442444e-6,0.007272188917382335,0.019367334,0.01522475,0.7861045820761908,true,true,true,true
gaussian_tail_d4,4,65536,1,271828,2.230919662354891e-5,2.772087657892941e-7,0.012425761916351615,0.420126417,0.312540292,0.7439196378836611,true,true,true,true
gaussian_tail_d4,4,65536,10,271837,8.450232681395109e-5,1.446124548165617e-7,0.0017113428738471921,0.405227875,0.431308083,1.0643593632348218,true,false,false,true
gaussian_tail_d4,4,65536,11,271838,7.05040756104891e-6,6.262892675301668e-8,0.008883022181443817,0.529750125,0.306189292,0.5779881448824576,true,true,true,true
gaussian_tail_d4,4,65536,12,271839,0.0001302786940014511,2.6438477707113606e-7,0.002029378472800712,0.381858333,0.429568083,1.1249409686183278,true,false,false,true
gaussian_tail_d4,4,65536,13,271840,3.872595962645109e-5,2.854788662826069e-7,0.007371769971262779,0.55179525,0.274493958,0.4974561814368645,true,true,true,true
gaussian_tail_d4,4,65536,14,271841,6.808556381104891e-5,7.841653691664785e-8,0.0011517351480597189,0.5094385,0.301823,0.592462093069134,true,true,true,true
gaussian_tail_d4,4,65536,15,271842,2.230919662354891e-5,2.946715996210436e-9,0.00013208525819795644,0.550888,0.272097916,0.4939260176297178,true,true,true,true
gaussian_tail_d4,4,65536,16,271843,2.346717056395109e-5,2.0339043163564163e-7,0.00866701978755284,0.52749375,0.307798625,0.583511416012038,true,true,true,true
gaussian_tail_d4,4,65536,17,271844,0.0001901558763110489,1.1074103051234019e-7,0.0005823697519144489,0.550600916,0.282000166,0.5121679928334881,true,true,true,true
gaussian_tail_d4,4,65536,18,271845,5.398474868895109e-5,6.012472048011475e-8,0.0011137353037714577,0.528559209,0.307900084,0.5825271393578161,true,true,true,true
gaussian_tail_d4,4,65536,19,271846,0.0002359322434985489,1.259931282499016e-7,0.000534022507401268,0.509428292,0.274258917,0.5383660886270526,true,true,true,true
gaussian_tail_d4,4,65536,2,271829,2.346717056395109e-5,1.6023716079005546e-7,0.0068281414818794775,0.558718167,0.422381042,0.7559822947371604,true,true,true,true
gaussian_tail_d4,4,65536,20,271847,3.872595962645109e-5,4.414947532560554e-9,0.00011400485811447783,0.560626667,0.277184666,0.494419338778974,true,true,true,true
gaussian_tail_d4,4,65536,21,271848,2.230919662354891e-5,7.445782293502567e-8,0.0033375394099324157,0.407947833,0.435492042,1.06751894916917,true,false,false,true
gaussian_tail_d4,4,65536,22,271849,0.0002065726393139511,3.279328729538511e-7,0.0015874942298406496,0.546646208,0.273483459,0.5002933432952671,true,true,true,true
gaussian_tail_d4,4,65536,23,271850,5.398474868895109e-5,1.7717168616926404e-7,0.003281884059331099,0.405974584,0.433561541,1.0679524238394194,true,false,false,true
gaussian_tail_d4,4,65536,24,271851,7.05040756104891e-6,1.8995687096901026e-7,0.026942679458483648,0.553951375,0.274799459,0.4960714448989318,true,true,true,true
gaussian_tail_d4,4,65536,25,271852,8.450232681395109e-5,4.0636463820298285e-7,0.004808916553240913,0.411780833,0.431381708,1.0476002606949895,true,false,false,true
gaussian_tail_d4,4,65536,26,271853,2.346717056395109e-5,3.768979200957645e-8,0.0016060646044595308,0.5027675,0.275491125,0.5479493503458358,true,true,true,true
gaussian_tail_d4,4,65536,27,271854,8.334435287354891e-5,5.946445409688028e-8,0.0007134791026225915,0.406686875,0.437109167,1.074805197487625,true,false,false,true
gaussian_tail_d4,4,65536,28,271855,0.0001596382981860489,4.7244387707534585e-9,2.959464504718916e-5,0.531223208,0.305666125,0.5754005480122021,true,true,true,true
gaussian_tail_d4,4,65536,29,271856,3.756798568604891e-5,1.2930991515058832e-7,0.0034420241806738206,0.531105167,0.27298275,0.5139900098166433,true,true,true,true
gaussian_tail_d4,4,65536,3,271830,0.0002511910325610489,1.70933154131081e-7,0.0006804906703408601,0.408675792,0.4327265,1.0588503367970472,true,false,false,true
gaussian_tail_d4,4,65536,30,271857,6.808556381104891e-5,1.0998356597680115e-7,0.0016153727724430335,0.530447959,0.292469708,0.5513636220815396,true,true,true,true
gaussian_tail_d4,4,65536,4,271831,6.924353775145109e-5,8.594322170596413e-9,0.0001241173176541851,0.56145725,0.274437917,0.4887957489194413,true,true,true,true
gaussian_tail_d4,4,65536,5,271832,2.230919662354891e-5,5.8262905416883726e-8,0.002611609301761372,0.398159458,0.394572208,0.9909904187181207,true,true,true,true
gaussian_tail_d4,4,65536,6,271833,0.00011386193099854891,2.6666837237010466e-7,0.002342032758723398,0.55803975,0.276148875,0.49485520520715603,true,true,true,true
gaussian_tail_d4,4,65536,7,271834,0.00011501990493895109,3.7681272124778786e-7,0.003276065316240594,0.408546666,0.43522625,1.0653036390217414,true,false,false,true
gaussian_tail_d4,4,65536,8,271835,0.0001455374830639511,9.726873803628244e-8,0.0006683414883129542,0.405172375,0.274109458,0.676525535582232,true,true,true,true
gaussian_tail_d4,4,65536,9,271836,0.0001443795091235489,2.0507705690564482e-7,0.0014204027853436986,0.506719041,0.30677375,0.6054119249092912,true,true,true,true
gaussian_tail_d5,5,1024,1,271828,0.0011652806897294865,4.610395875551815e-5,0.039564680992200195,0.006330875,0.006146167,0.9708242541512825,true,true,true,true
gaussian_tail_d5,5,1024,10,271837,0.0007878443102705135,1.4528595574041236e-5,0.018440947512907355,0.006752583,0.006373917,0.9439227922115137,true,true,true,true
gaussian_tail_d5,5,1024,11,271838,0.0031184056897294865,1.9046037349028377e-5,0.006107620125167412,0.007753292,0.00601225,0.7754448046068689,true,true,true,true
gaussian_tail_d5,5,1024,12,271839,0.0021418431897294865,1.0978585563092835e-5,0.00512576532947747,0.006287875,0.006254958,0.9947650040753035,true,true,true,true
gaussian_tail_d5,5,1024,13,271840,0.0050715306897294865,2.868378283708839e-5,0.005655843293066688,0.006177,0.006064459,0.9817806378500891,true,true,true,true
gaussian_tail_d5,5,1024,14,271841,0.0011652806897294865,2.345402358668036e-6,0.0020127359694019375,0.006238542,0.006066708,0.9724560642534746,true,true,true,true
gaussian_tail_d5,5,1024,15,271842,0.0017644068102705135,1.5343577098578254e-5,0.008696167465044993,0.006191583,0.00605925,0.9786269521057863,true,true,true,true
gaussian_tail_d5,5,1024,16,271843,0.0001887181897294865,3.228152905710574e-5,0.1710567969276248,0.006177708,0.006090416,0.9858698404003557,true,true,true,true
gaussian_tail_d5,5,1024,17,271844,0.0007878443102705135,2.1095901942755346e-5,0.026776739601650328,0.006225791,0.006128583,0.9843862410414999,true,true,true,true
gaussian_tail_d5,5,1024,18,271845,0.0017644068102705135,2.026529373699848e-6,0.001148561296580547,0.00616925,0.00601825,0.9755237670705516,true,true,true,true
gaussian_tail_d5,5,1024,19,271846,0.0011652806897294865,9.726164361852085e-6,0.008346627939153408,0.006149666,0.006114458,0.9942748110222571,true,true,true,true
gaussian_tail_d5,5,1024,2,271829,0.0017644068102705135,8.727898371668763e-7,0.0004946647406292105,0.006214209,0.006169667,0.9928322333542371,true,true,true,true
gaussian_tail_d5,5,1024,20,271847,0.0007878443102705135,1.9703868903646338e-5,0.025009851117514366,0.0089495,0.006020666,0.6727376948432873,true,true,true,true
gaussian_tail_d5,5,1024,21,271848,0.0031184056897294865,1.6408699203475374e-5,0.005261887270638858,0.006135792,0.006097083,0.9936912789742546,true,true,true,true
gaussian_tail_d5,5,1024,22,271849,0.0040949681897294865,1.4634322907040864e-5,0.0035737329886334494,0.006767375,0.006130333,0.9058657160272632,true,true,true,true
gaussian_tail_d5,5,1024,23,271850,0.0001887181897294865,1.820889676410614e-5,0.09648723734689932,0.006726292,0.006394208,0.9506289646658218,true,true,true,true
gaussian_tail_d5,5,1024,24,271851,0.0017644068102705135,2.1342108251498626e-6,0.0012095911287163146,0.0067165,0.006399125,0.9527469664259659,true,true,true,true
gaussian_tail_d5,5,1024,25,271852,0.0017644068102705135,2.133426478197198e-5,0.012091465901053212,0.006739833,0.006372667,0.9455229825427426,true,true,true,true
gaussian_tail_d5,5,1024,26,271853,0.0001887181897294865,5.98407414978408e-6,0.031709048069832615,0.00664475,0.006425458,0.9669977049550398,true,true,true,true
gaussian_tail_d5,5,1024,27,271854,0.0017644068102705135,6.2999161215757105e-6,0.00357055758621212,0.006711917,0.006444334,0.9601331482495984,true,true,true,true
gaussian_tail_d5,5,1024,28,271855,0.0007878443102705135,1.7847720940718237e-5,0.022653867912798737,0.006718167,0.00639925,0.9525291645771832,true,true,true,true
gaussian_tail_d5,5,1024,29,271856,0.0011652806897294865,4.415725431715367e-6,0.003789409256185695,0.006691916,0.006403833,0.9569505953153029,true,true,true,true
gaussian_tail_d5,5,1024,3,271830,0.0017644068102705135,2.3222220016660966e-6,0.0013161488541919993,0.006192083,0.006070542,0.9803715486371871,true,true,true,true
gaussian_tail_d5,5,1024,30,271857,0.0011652806897294865,3.89920463735316e-5,0.03346150564168654,0.006711125,0.006410041,0.9551365829127009,true,true,true,true
gaussian_tail_d5,5,1024,4,271831,0.0001887181897294865,4.0078304402287046e-5,0.21237117873871256,0.006245708,0.006149542,0.9846028664804695,true,true,true,true
gaussian_tail_d5,5,1024,5,271832,0.0017644068102705135,2.3479331421487337e-5,0.013307209700628823,0.006255208,0.006077834,0.9716437886637822,true,true,true,true
gaussian_tail_d5,5,1024,6,271833,0.0031184056897294865,8.244680435032237e-7,0.0002643876793255672,0.006244875,0.006087625,0.9748193518685322,true,true,true,true
gaussian_tail_d5,5,1024,7,271834,0.0017644068102705135,1.6214449682964982e-5,0.009189745578276834,0.006712917,0.006440416,0.959406469646504,true,true,true,true
gaussian_tail_d5,5,1024,8,271835,0.0001887181897294865,2.5622875081128538e-5,0.13577321358294622,0.006744125,0.006447708,0.9560481159527737,true,true,true,true
gaussian_tail_d5,5,1024,9,271836,0.0001887181897294865,2.1498579523354655e-5,0.1139189579667507,0.006839666,0.006378583,0.932586912869722,true,true,true,true
gaussian_tail_d5,5,16384,1,271828,0.0001887181897294865,1.5651486044154783e-6,0.008293575763200159,0.110663375,0.102714125,0.9281672911204815,true,true,true,true
gaussian_tail_d5,5,16384,10,271837,0.0001887181897294865,1.7098516599117763e-6,0.009060343692161956,0.104548292,0.269172,2.5746188182586476,true,false,false,true
gaussian_tail_d5,5,16384,11,271838,0.00011645759152051349,1.12494684093023e-6,0.009659712400389762,0.106439625,0.104116208,0.9781715033287651,true,true,true,true
gaussian_tail_d5,5,16384,12,271839,0.0003718236584794865,6.049912667296931e-7,0.0016270919101912672,0.109482792,0.122386083,1.1178567952487,true,false,false,true
gaussian_tail_d5,5,16384,13,271840,0.00011645759152051349,1.534910038888948e-6,0.013179991264189766,0.118075583,0.221655542,1.877234364364731,true,false,false,true
gaussian_tail_d5,5,16384,14,271841,0.0001887181897294865,2.3961242397868565e-7,0.0012696837772879883,0.152949667,0.103217958,0.674849184209077,true,true,true,true
gaussian_tail_d5,5,16384,15,271842,0.0002497533459794865,5.052101770749995e-7,0.002022836471293942,0.106594,0.103427875,0.9702973431900483,true,true,true,true
gaussian_tail_d5,5,16384,16,271843,0.0001774927477705135,5.562931072733424e-7,0.0031341737296928488,0.109293083,0.104791292,0.9588099184648309,true,true,true,true
gaussian_tail_d5,5,16384,17,271844,5.612720979486507e-6,7.414298808447461e-7,0.1320981184624249,0.310059917,0.104509375,0.3370618685936112,true,true,true,true
gaussian_tail_d5,5,16384,18,271845,6.664787722948651e-5,5.611888446999114e-7,0.00842020583442722,0.108833708,0.105555667,0.9698802782681998,true,true,true,true
gaussian_tail_d5,5,16384,19,271846,0.0001276830334794865,7.694539029615144e-7,0.006026281503447633,0.111461666,0.103428541,0.9279292577593448,true,true,true,true
gaussian_tail_d5,5,16384,2,271829,0.0002497533459794865,3.958339656051635e-9,1.5848995498049315e-5,0.113207542,0.103031041,0.9101075703949124,true,true,true,true
gaussian_tail_d5,5,16384,20,271847,0.00011645759152051349,1.9044147595431715e-6,0.01635286059653498,0.108669083,0.104301333,0.9598068753373027,true,true,true,true
gaussian_tail_d5,5,16384,21,271848,0.0001276830334794865,1.5572508655498085e-6,0.012196223907853784,0.130104667,0.261404583,2.0091868264802524,true,false,false,true
gaussian_tail_d5,5,16384,22,271849,0.0003107885022294865,3.857329196471637e-7,0.0012411428250403492,0.108854792,0.102415541,0.940845498101728,true,true,true,true
gaussian_tail_d5,5,16384,23,271850,0.0007268091540205135,1.6394066975483623e-7,0.00022556219723975733,0.107426917,0.102814584,0.957065387997684,true,true,true,true
gaussian_tail_d5,5,16384,24,271851,0.0001774927477705135,9.838779348805837e-7,0.00554320076306821,0.110271417,0.105055084,0.952695511294645,true,true,true,true
gaussian_tail_d5,5,16384,25,271852,0.0004328588147294865,6.41531921495575e-7,0.0014820812229421687,0.1101575,0.291256792,2.6440032862038443,true,false,false,true
gaussian_tail_d5,5,16384,26,271853,0.0001887181897294865,1.5775411560392527e-8,8.359242732778122e-5,0.111263209,0.103432458,0.9296195834150353,true,true,true,true
gaussian_tail_d5,5,16384,27,271854,0.0006657739977705135,5.476142519306171e-7,0.0008225227385936075,0.107634833,0.104018042,0.9663975787466499,true,true,true,true
gaussian_tail_d5,5,16384,28,271855,0.00011645759152051349,3.134245929251045e-7,0.002691319551030695,0.110003709,0.104139166,0.9466877703187263,true,true,true,true
gaussian_tail_d5,5,16384,29,271856,0.0002385279040205135,8.501269301228187e-7,0.0035640565141163002,0.112090833,0.124277958,1.1087254387698233,true,false,false,true
gaussian_tail_d5,5,16384,3,271830,0.00011645759152051349,1.808384522336559e-7,0.0015528266545148499,0.106559791,0.104417875,0.9798993975128948,true,true,true,true
gaussian_tail_d5,5,16384,30,271857,5.542243527051349e-5,1.7401043999262789e-6,0.0313971118633264,0.109441917,0.270211166,2.4689915290866113,true,false,false,true
gaussian_tail_d5,5,16384,4,271831,0.0002497533459794865,8.130883466447858e-7,0.003255565379738972,0.113518583,0.151009667,1.3302638476380557,true,false,false,true
gaussian_tail_d5,5,16384,5,271832,0.00011645759152051349,1.6874278831804923e-6,0.014489634047457175,0.133978792,0.284396,2.1226941649093236,true,false,false,true
gaussian_tail_d5,5,16384,6,271833,5.542243527051349e-5,6.841338237237315e-7,0.012343987058391001,0.109451042,0.101232875,0.9249146755496398,true,true,true,true
gaussian_tail_d5,5,16384,7,271834,5.612720979486507e-6,1.417634310350857e-6,0.2525752332125643,0.113596708,0.107624666,0.947427684260005,true,true,true,true
gaussian_tail_d5,5,16384,8,271835,5.612720979486507e-6,4.5802164847646987e-7,0.08160420768295042,0.10881175,0.104972375,0.9647154374412691,true,true,true,true
gaussian_tail_d5,5,16384,9,271836,0.0003107885022294865,1.1556285219038731e-6,0.0037183760454901128,0.109368583,0.132799042,1.2142339084707716,true,false,false,true
gaussian_tail_d5,5,256,1,271828,0.0007878443102705135,7.647994877563874e-5,0.0970749522191493,0.001664791,0.001594875,0.958003136730076,true,true,true,true
gaussian_tail_d5,5,256,10,271837,0.0031184056897294865,6.42633298201592e-5,0.020607751593005166,0.001604083,0.001549875,0.9662062374577874,true,true,true,true
gaussian_tail_d5,5,256,11,271838,0.0031184056897294865,0.00013148110810425745,0.04216292592631304,0.001625375,0.001565084,0.9629064062139506,true,true,true,true
gaussian_tail_d5,5,256,12,271839,0.0007878443102705135,4.793827635777431e-5,0.06084739806182553,0.001615333,0.001559833,0.965641759315262,true,true,true,true
gaussian_tail_d5,5,256,13,271840,0.0007878443102705135,9.49810312854335e-5,0.12055812302918188,0.001593,0.001544542,0.9695806654111739,true,true,true,true
gaussian_tail_d5,5,256,14,271841,0.0046940943102705135,8.90299120252791e-5,0.01896636627655409,0.00170975,0.001541792,0.9017645854657114,true,true,true,true
gaussian_tail_d5,5,256,15,271842,0.010930905689729487,8.148460177182654e-5,0.007454515122968103,0.001719875,0.001607792,0.9348307289773966,true,true,true,true
gaussian_tail_d5,5,256,16,271843,0.0007878443102705135,1.3637017459287859e-5,0.017309279614655674,0.001701958,0.001605292,0.9432030637653808,true,true,true,true
gaussian_tail_d5,5,256,17,271844,0.0031184056897294865,0.0001368584631685349,0.04388731832400133,0.001725,0.001615333,0.936424927536232,true,true,true,true
gaussian_tail_d5,5,256,18,271845,0.0070246556897294865,0.00010368647219840404,0.014760363607571622,0.001715584,0.001599,0.9320441319107662,true,true,true,true
gaussian_tail_d5,5,256,19,271846,0.0070246556897294865,2.8004113346358217e-5,0.003986546043431295,0.001696167,0.001618541,0.9542344592248287,true,true,true,true
gaussian_tail_d5,5,256,2,271829,0.0031184056897294865,7.121608765810195e-5,0.022837338930163303,0.001597667,0.001556,0.9739200972417907,true,true,true,true
gaussian_tail_d5,5,256,20,271847,0.0046940943102705135,0.00010229618336480423,0.021792528356531688,0.001693875,0.001611917,0.9516150837576562,true,true,true,true
gaussian_tail_d5,5,256,21,271848,0.0046940943102705135,9.554016297493723e-5,0.020353268737251125,0.001696917,0.001616208,0.9524378623114743,true,true,true,true
gaussian_tail_d5,5,256,22,271849,0.008600344310270513,0.00017013191486847656,0.019781988805413916,0.001742,0.001617541,0.9285539609644087,true,true,true,true
gaussian_tail_d5,5,256,23,271850,0.0007878443102705135,1.779138690689852e-5,0.02258236389470108,0.001706083,0.001591708,0.9329604714424797,true,true,true,true
gaussian_tail_d5,5,256,24,271851,0.0007878443102705135,0.00019673362993940374,0.24971130383851278,0.001701208,0.001615916,0.9498638614443383,true,true,true,true
gaussian_tail_d5,5,256,25,271852,0.0031184056897294865,3.6645435934901105e-5,0.011751336926941023,0.001719166,0.001686875,0.9812170552465556,true,true,true,true
gaussian_tail_d5,5,256,26,271853,0.0007878443102705135,3.7040518748726603e-6,0.0047015023483521,0.001741167,0.001723917,0.9900928515185504,true,true,true,true
gaussian_tail_d5,5,256,27,271854,0.0070246556897294865,9.652579768502229e-5,0.013741000548418255,0.001726792,0.001619,0.9375767318820101,true,true,true,true
gaussian_tail_d5,5,256,28,271855,0.0031184056897294865,8.71744863208887e-5,0.027954825316025785,0.001762042,0.001673542,0.9497741824542208,true,true,true,true
gaussian_tail_d5,5,256,29,271856,0.0007878443102705135,1.2055212782344227e-5,0.015301516587972769,0.001745375,0.001628083,0.9327983957602235,true,true,true,true
gaussian_tail_d5,5,256,3,271830,0.0046940943102705135,0.00013752598080628287,0.029297660361314183,0.001592667,0.001569875,0.9856894127899931,true,true,true,true
gaussian_tail_d5,5,256,30,271857,0.008600344310270513,2.682104629622012e-5,0.00311860145694289,0.001745917,0.001619167,0.9274020471763548,true,true,true,true
gaussian_tail_d5,5,256,4,271831,0.0031184056897294865,5.6621386615572644e-5,0.018157158576915116,0.001599334,0.001555208,0.9724097655649164,true,true,true,true
gaussian_tail_d5,5,256,5,271832,0.0007878443102705135,5.333075121872338e-5,0.06769199259738486,0.001579292,0.001542625,0.976782634243699,true,true,true,true
gaussian_tail_d5,5,256,6,271833,0.0007878443102705135,7.193802968880059e-5,0.0913099564863266,0.00159525,0.001544167,0.9679780598652248,true,true,true,true
gaussian_tail_d5,5,256,7,271834,0.0031184056897294865,3.581643361914161e-5,0.011485495212218071,0.001601583,0.001547334,0.9661278872215802,true,true,true,true
gaussian_tail_d5,5,256,8,271835,0.0007878443102705135,5.2986593276328764e-5,0.06725515763150633,0.001624334,0.001552792,0.955956102624214,true,true,true,true
gaussian_tail_d5,5,256,9,271836,0.0031184056897294865,5.115208016256978e-6,0.0016403279512681715,0.001604583,0.001558042,0.9709949563219852,true,true,true,true
gaussian_tail_d5,5,4096,1,271828,0.0002995630602705135,1.687638342108555e-6,0.005633666382579255,0.025287417,0.02458025,0.9720348266491592,true,true,true,true
gaussian_tail_d5,5,4096,10,271837,0.0002995630602705135,4.002279446330137e-6,0.013360390439048029,0.025779167,0.024993958,0.9695409475410901,true,true,true,true
gaussian_tail_d5,5,4096,11,271838,0.0005437036852705135,8.83852355457182e-7,0.001625614060381863,0.025435875,0.025719709,1.0111588062136647,true,false,false,true
gaussian_tail_d5,5,4096,12,271839,0.0016535619397294865,6.947956277925105e-6,0.004201811925510182,0.025682334,0.024567125,0.956576804896315,true,true,true,true
gaussian_tail_d5,5,4096,13,271840,0.0005437036852705135,1.0967389365498792e-6,0.002017162962587258,0.025369583,0.025676416,1.012094522799212,true,false,false,true
gaussian_tail_d5,5,4096,14,271841,0.0001887181897294865,3.4239063612107046e-7,0.0018142958906709628,0.029236,0.024579583,0.8407300246271718,true,true,true,true
gaussian_tail_d5,5,4096,15,271842,0.0011652806897294865,1.0219244997181076e-5,0.008769771169514032,0.025897458,0.026003333,1.004088239085087,true,false,false,true
gaussian_tail_d5,5,4096,16,271843,0.0007878443102705135,1.4644251513443174e-6,0.0018587748013836564,0.025347042,0.025359292,1.0004832911074988,true,false,false,true
gaussian_tail_d5,5,4096,17,271844,0.0007878443102705135,1.215530538539733e-5,0.01542856275908586,0.026017041,0.024944417,0.9587722523864263,true,true,true,true
gaussian_tail_d5,5,4096,18,271845,0.0005437036852705135,3.376601582762151e-6,0.006210370969036492,0.025928875,0.025597375,0.9872150257193958,true,true,true,true
gaussian_tail_d5,5,4096,19,271846,0.0005437036852705135,2.491132415023689e-6,0.0045817832074915125,0.025369459,0.025426959,1.0022665047764716,true,false,false,true
gaussian_tail_d5,5,4096,2,271829,0.0001887181897294865,1.211129686556206e-5,0.06417662697444641,0.024997917,0.024681416,0.987338905077571,true,true,true,true
gaussian_tail_d5,5,4096,20,271847,0.0004328588147294865,2.301243411814702e-6,0.005316383387624566,0.025894208,0.025376,0.9799874937283273,true,true,true,true
gaussian_tail_d5,5,4096,21,271848,0.0010319849352705135,2.636131148529841e-6,0.0025544279363330373,0.025958208,0.025374042,0.9774959041856818,true,true,true,true
gaussian_tail_d5,5,4096,22,271849,0.0010319849352705135,1.6913838653820346e-6,0.0016389617789708075,0.0258285,0.025270917,0.9784121029095766,true,true,true,true
gaussian_tail_d5,5,4096,23,271850,0.0016535619397294865,2.8318771532961917e-6,0.0017125921232557342,0.210100334,0.024871584,0.11837955478928462,true,true,true,true
gaussian_tail_d5,5,4096,24,271851,0.0011652806897294865,7.627866046439058e-7,0.0006545947353001983,0.025473208,0.02477125,0.9724432823694605,true,true,true,true
gaussian_tail_d5,5,4096,25,271852,0.0012761255602705135,4.72648555055466e-6,0.003703777823831644,0.025506125,0.024953042,0.9783156790770845,true,true,true,true
gaussian_tail_d5,5,4096,26,271853,0.0011652806897294865,3.2543088823722144e-7,0.0002792725315930262,0.025681125,0.025803,1.004745703313231,true,false,false,true
gaussian_tail_d5,5,4096,27,271854,0.0010319849352705135,5.010424015516879e-6,0.004855132903857264,0.025496584,0.024836625,0.974115787432544,true,true,true,true
gaussian_tail_d5,5,4096,28,271855,5.542243527051349e-5,1.6111910475027913e-6,0.029071098006406018,0.025587334,0.02492825,0.9742417869716321,true,true,true,true
gaussian_tail_d5,5,4096,29,271856,0.0001887181897294865,2.5922187092547455e-6,0.013735923987881074,0.025801875,0.024982,0.9682242085119784,true,true,true,true
gaussian_tail_d5,5,4096,3,271830,0.0005437036852705135,1.2901219088520821e-6,0.00237284010353948,0.025082125,0.025258709,1.0070402328351367,true,false,false,true
gaussian_tail_d5,5,4096,30,271857,0.0001887181897294865,1.5148098601383553e-6,0.008026835475211597,0.03124025,0.025026875,0.8011099463032466,true,true,true,true
gaussian_tail_d5,5,4096,4,271831,5.542243527051349e-5,2.0894732286960704e-6,0.037700855592098764,0.025414666,0.024595958,0.967786001987986,true,true,true,true
gaussian_tail_d5,5,4096,5,271832,0.0005437036852705135,2.849677220244373e-6,0.0052412321222846765,0.025769167,0.024780042,0.9616159497899175,true,true,true,true
gaussian_tail_d5,5,4096,6,271833,0.0016535619397294865,8.230461378079534e-6,0.004977413413026422,0.025833,0.024914333,0.9644382379127473,true,true,true,true
gaussian_tail_d5,5,4096,7,271834,0.0006769994397294865,3.892503271499259e-6,0.0057496403144064855,0.026729333,0.025140083,0.9405428485626633,true,true,true,true
gaussian_tail_d5,5,4096,8,271835,0.0007878443102705135,4.8691337476078345e-6,0.006180324823233125,0.027936583,0.025133417,0.8996596684712658,true,true,true,true
gaussian_tail_d5,5,4096,9,271836,5.542243527051349e-5,1.9837039566261705e-6,0.035792435805894016,0.025244542,0.025101792,0.9943453123451399,true,true,true,true
gaussian_tail_d5,5,65536,1,271828,5.138908816698651e-5,2.2670814880942913e-7,0.0044116009233857445,0.567576958,0.669831833,1.1801603704285686,true,false,false,true
gaussian_tail_d5,5,65536,10,271837,0.0002039769787919865,3.335971049955866e-7,0.001635464487077168,0.695558084,0.467731166,0.6724545034545238,true,true,true,true
gaussian_tail_d5,5,65536,11,271838,5.542243527051349e-5,3.580797461669172e-7,0.006460916854684425,0.540572125,0.6118105,1.1317832934874326,true,false,false,true
gaussian_tail_d5,5,65536,12,271839,5.542243527051349e-5,4.797828045896568e-7,0.008656833685634103,0.674837916,0.488933625,0.7245200860942733,true,true,true,true
gaussian_tail_d5,5,65536,13,271840,8.190666629198651e-5,1.5834567870798288e-7,0.0019332453129456072,0.642870542,0.582259709,0.9057184471208823,true,true,true,true
gaussian_tail_d5,5,65536,14,271841,0.0001622339587080135,9.020049058366952e-8,0.0005559901965162001,0.687125625,0.480740417,0.6996397740223995,true,true,true,true
gaussian_tail_d5,5,65536,15,271842,2.4904857145513493e-5,3.693080304068008e-8,0.001482875522027759,0.689897875,0.609912292,0.8840617055096741,true,true,true,true
gaussian_tail_d5,5,65536,16,271843,0.0001887181897294865,2.840806043458155e-7,0.0015053164973287626,0.690127334,0.46269875,0.6704541715775598,true,true,true,true
gaussian_tail_d5,5,65536,17,271844,9.646068083013493e-6,2.3013312089315008e-10,2.3857712687971723e-5,0.631722167,0.624162875,0.9880338345005393,true,true,true,true
gaussian_tail_d5,5,65536,18,271845,3.613029910448651e-5,8.622370067934426e-9,0.00023864651778827197,0.630081,0.4609235,0.7315305492468428,true,true,true,true
gaussian_tail_d5,5,65536,19,271846,5.138908816698651e-5,3.914801989524097e-8,0.0007617963519420944,0.693136083,0.454397958,0.6555681765019294,true,true,true,true
gaussian_tail_d5,5,65536,2,271829,5.138908816698651e-5,2.760325266901176e-7,0.00537142293307798,0.698103917,0.469671417,0.672781523728365,true,true,true,true
gaussian_tail_d5,5,65536,20,271847,0.0001734594006669865,1.619135964678331e-7,0.0009334380024676814,0.504944042,0.624267875,1.2363110029526798,true,false,false,true
gaussian_tail_d5,5,65536,21,271848,0.0002385279040205135,1.3745716335999969e-8,5.76272884820127e-5,0.690050041,0.629928583,0.9128737708458451,true,true,true,true
gaussian_tail_d5,5,65536,22,271849,0.00011645759152051349,4.253447574570357e-7,0.0036523574968671158,0.623797417,0.458721875,0.7353699494398516,true,true,true,true
gaussian_tail_d5,5,65536,23,271850,8.594001339551349e-5,1.3121862471598966e-7,0.0015268629772268564,0.684622208,0.460195042,0.6721883056414086,true,true,true,true
gaussian_tail_d5,5,65536,24,271851,0.00010119880245801349,1.2000988527938183e-7,0.0011858824646583431,0.5067975,0.630431916,1.243952300475042,true,false,false,true
gaussian_tail_d5,5,65536,25,271852,2.0871510041986507e-5,5.313402614628981e-7,0.025457681806156766,0.680121875,0.637795708,0.9377667906946825,true,true,true,true
gaussian_tail_d5,5,65536,26,271853,2.4904857145513493e-5,1.0608703979869682e-7,0.004259692765104174,0.660497667,0.462316583,0.6999518788610649,true,true,true,true
gaussian_tail_d5,5,65536,27,271854,8.594001339551349e-5,8.152913617137658e-8,0.0009486749297578399,0.661382666,0.461273542,0.6974382089415087,true,true,true,true
gaussian_tail_d5,5,65536,28,271855,0.00011242424441698651,8.973996341171686e-8,0.0007982260754972687,0.538513625,0.63910525,1.1867949487814722,true,false,false,true
gaussian_tail_d5,5,65536,29,271856,8.190666629198651e-5,8.113021769673434e-8,0.000990520324774491,0.657513667,0.633657875,0.9637181807811761,true,true,true,true
gaussian_tail_d5,5,65536,3,271830,0.0003260472912919865,1.4938175513234953e-7,0.00045815977964550254,0.700651958,0.610502958,0.8713355483122762,true,true,true,true
gaussian_tail_d5,5,65536,30,271857,0.0001887181897294865,2.518175195795336e-7,0.0013343574349695452,0.646166208,0.462062667,0.7150833040777025,true,true,true,true
gaussian_tail_d5,5,65536,4,271831,2.0871510041986507e-5,1.1219322568201129e-7,0.005375424464081228,0.613927708,0.485125791,0.7902001891727617,true,true,true,true
gaussian_tail_d5,5,65536,5,271832,0.0002192357678544865,1.9531478272216685e-7,0.0008908892222906039,0.593124875,0.437432875,0.7375055295059072,true,true,true,true
gaussian_tail_d5,5,65536,6,271833,2.4904857145513493e-5,1.359461167596554e-7,0.0054586186126406085,0.647287708,0.571632125,0.8831190797153219,true,true,true,true
gaussian_tail_d5,5,65536,7,271834,0.0001276830334794865,3.790819116042399e-7,0.0029689293970693686,0.511685042,0.560650625,1.0956947711596385,true,false,false,true
gaussian_tail_d5,5,65536,8,271835,9.716545535448651e-5,7.500304773089272e-8,0.000771910628702977,0.856793542,0.494045833,0.5766217983468414,true,true,true,true
gaussian_tail_d5,5,65536,9,271836,2.0871510041986507e-5,3.749814586617717e-8,0.0017966187300652145,0.475066292,0.557903042,1.1743688226147604,true,false,false,true
genuine_rvine_d5,5,1024,1,271828,0.0008910836952717438,2.3210265756884452e-5,0.026047234260981822,0.007698792,0.005757125,0.7477958879782698,true,true,true,true
genuine_rvine_d5,5,1024,10,271837,0.002844208695271744,6.705994670314075e-6,0.0023577716647383237,0.007892042,0.005942458,0.7529683699098408,true,true,true,true
genuine_rvine_d5,5,1024,11,271838,0.005773896195271744,1.3258416206085588e-5,0.0022962685434045273,0.009543625,0.005736916,0.6011254633328531,true,true,true,true
genuine_rvine_d5,5,1024,12,271839,0.005773896195271744,1.4390045545098484e-5,0.0024922591363666226,0.007700333,0.005739375,0.7453411430388789,true,true,true,true
genuine_rvine_d5,5,1024,13,271840,0.013757353804728256,3.209810643933775e-5,0.0023331599154123644,0.007599375,0.005761583,0.7581653754420593,true,true,true,true
genuine_rvine_d5,5,1024,14,271841,0.0018676461952717438,3.679348784235703e-5,0.019700459292293075,0.007525875,0.005791584,0.7695562310030395,true,true,true,true
genuine_rvine_d5,5,1024,15,271842,0.009680146195271744,2.4797100244999815e-5,0.0025616452215475763,0.007643416,0.005740125,0.7509894790496814,true,true,true,true
genuine_rvine_d5,5,1024,16,271843,0.002844208695271744,2.23296456030031e-5,0.007850916720747055,0.007397625,0.005704,0.7710582788394924,true,true,true,true
genuine_rvine_d5,5,1024,17,271844,0.0008910836952717438,1.3988896835737119e-5,0.015698746268128137,0.007392458,0.005720584,0.7738405818470663,true,true,true,true
genuine_rvine_d5,5,1024,18,271845,0.004968291304728256,6.767791084494323e-7,0.0001362196914269803,0.007486583,0.005726042,0.7648405153592767,true,true,true,true
genuine_rvine_d5,5,1024,19,271846,0.005773896195271744,1.595119943992307e-5,0.002762640494469842,0.0076005,0.005690542,0.7487062693243866,true,true,true,true
genuine_rvine_d5,5,1024,2,271829,8.54788047282562e-5,3.8985453673090475e-5,0.4560832804930799,0.007479459,0.005668125,0.757825532568599,true,true,true,true
genuine_rvine_d5,5,1024,20,271847,0.0008910836952717438,8.056263364697447e-6,0.009040972702615346,0.007481083,0.005797416,0.7749434139415375,true,true,true,true
genuine_rvine_d5,5,1024,21,271848,0.003015166304728256,3.4966170606443026e-6,0.0011596763519017362,0.007524875,0.005768958,0.7666516719546836,true,true,true,true
genuine_rvine_d5,5,1024,22,271849,0.002844208695271744,3.228897638982153e-5,0.011352534166532584,0.007972625,0.005822416,0.7303009987300293,true,true,true,true
genuine_rvine_d5,5,1024,23,271850,0.0008910836952717438,1.0468222687298745e-5,0.011747743497995851,0.009439875,0.005673083,0.600970139964777,true,true,true,true
genuine_rvine_d5,5,1024,24,271851,0.013757353804728256,9.346800326659466e-6,0.0006794039362022564,0.007401167,0.005705416,0.7708805922093096,true,true,true,true
genuine_rvine_d5,5,1024,25,271852,0.002844208695271744,4.175221422231257e-5,0.014679729476856635,0.007404709,0.005697708,0.7694708867019623,true,true,true,true
genuine_rvine_d5,5,1024,26,271853,0.006921416304728256,4.613459492402994e-6,0.0006665484763936799,0.007504917,0.005683666,0.7573256306498793,true,true,true,true
genuine_rvine_d5,5,1024,27,271854,0.005944853804728256,1.4468357112135122e-5,0.00243376163441188,0.007457916,0.005829625,0.7816694368775405,true,true,true,true
genuine_rvine_d5,5,1024,28,271855,0.004968291304728256,2.253975855165402e-5,0.004536722420080972,0.0076645,0.005798042,0.7564801356905212,true,true,true,true
genuine_rvine_d5,5,1024,29,271856,0.003991728804728256,5.3159411163905546e-5,0.013317390475259119,0.00758225,0.005732084,0.7559872069636322,true,true,true,true
genuine_rvine_d5,5,1024,3,271830,0.012609833695271744,1.9734562449441606e-5,0.00156501369695632,0.007603958,0.00572475,0.7528644950432393,true,true,true,true
genuine_rvine_d5,5,1024,30,271857,0.003820771195271744,1.1610154363850267e-5,0.0030386939626790505,0.007409083,0.005644917,0.7618914513442486,true,true,true,true
genuine_rvine_d5,5,1024,4,271831,0.005773896195271744,4.1200025315074607e-5,0.007135567374559556,0.007517458,0.005686917,0.7564946821119585,true,true,true,true
genuine_rvine_d5,5,1024,5,271832,0.002844208695271744,1.7744673255937204e-5,0.006238878773360134,0.007359375,0.005957125,0.8094607218683652,true,true,true,true
genuine_rvine_d5,5,1024,6,271833,8.54788047282562e-5,2.5104310252210826e-5,0.2936904690235128,0.007633,0.00570475,0.7473797982444648,true,true,true,true
genuine_rvine_d5,5,1024,7,271834,8.54788047282562e-5,4.870076791868572e-6,0.05697408623518926,0.007884667,0.006094417,0.7729453888160401,true,true,true,true
genuine_rvine_d5,5,1024,8,271835,0.0008910836952717438,3.444703953389694e-5,0.03865746811066048,0.007982375,0.005985334,0.7498186943109038,true,true,true,true
genuine_rvine_d5,5,1024,9,271836,0.008874541304728256,4.128489098220722e-5,0.004652059139125433,0.007963166,0.00623825,0.7833881649585102,true,true,true,true
genuine_rvine_d5,5,16384,1,271828,0.0016113577109782562,5.264917358471788e-7,0.0003267379628124567,0.130649458,0.097135958,0.7434853499353974,true,true,true,true
genuine_rvine_d5,5,16384,10,271837,3.65915077717438e-5,2.906938482843957e-6,0.07944298171524689,0.128038042,0.0965665,0.7542016301686338,true,true,true,true
genuine_rvine_d5,5,16384,11,271838,0.0003906545859782562,2.4136553303522046e-6,0.006178489686248169,0.126223792,0.097129208,0.7695000004436564,true,true,true,true
genuine_rvine_d5,5,16384,12,271839,0.0005127248984782562,1.6004440569483691e-6,0.0031214478986653724,0.28473625,0.1040825,0.3655400392468468,true,true,true,true
genuine_rvine_d5,5,16384,13,271840,8.54788047282562e-5,2.6284747564608857e-7,0.0030750017677680596,0.127118541,0.095654458,0.7524823463793531,true,true,true,true
genuine_rvine_d5,5,16384,14,271841,0.0004028024452717438,4.819584797088883e-7,0.001196513291729754,0.129044666,0.098654875,0.764501765613466,true,true,true,true
genuine_rvine_d5,5,16384,15,271842,0.0011962594765217438,1.684636468934908e-7,0.0001408253394851403,0.127603125,0.098211625,0.7696647319569955,true,true,true,true
genuine_rvine_d5,5,16384,16,271843,0.0003906545859782562,1.6374337198088451e-6,0.004191512857089522,0.309869875,0.097201791,0.31368583667579814,true,true,true,true
genuine_rvine_d5,5,16384,17,271844,0.0005127248984782562,4.795627764064836e-7,0.0009353218028416481,0.127122667,0.098098667,0.771685092163776,true,true,true,true
genuine_rvine_d5,5,16384,18,271845,0.0005737600547282562,1.3440799326303043e-7,0.00023425819234956788,0.130644166,0.096677875,0.7400091252448272,true,true,true,true
genuine_rvine_d5,5,16384,19,271846,0.0002196969765217438,2.0154572235309143e-6,0.009173805008333561,0.126701834,0.096565667,0.762148928325694,true,true,true,true
genuine_rvine_d5,5,16384,2,271829,0.0002807321327717438,1.4738701387684294e-6,0.005250094188422655,0.132720167,0.097689708,0.7360577537549361,true,true,true,true
genuine_rvine_d5,5,16384,20,271847,0.0014404001015217438,2.7372109826784286e-6,0.0019003129615074582,0.287841209,0.119822,0.41627812923756863,true,true,true,true
genuine_rvine_d5,5,16384,21,271848,0.0010010061484782562,1.7302449578093793e-6,0.0017285058243045983,0.1281675,0.096123792,0.7499856984024812,true,true,true,true
genuine_rvine_d5,5,16384,22,271849,0.0004638376015217438,2.0487588223150333e-6,0.004416974422930633,0.1277315,0.096762875,0.7575490384126077,true,true,true,true
genuine_rvine_d5,5,16384,23,271850,0.0005737600547282562,6.196370327671286e-7,0.0010799584733388256,0.127176166,0.09568475,0.7523795771607079,true,true,true,true
genuine_rvine_d5,5,16384,24,271851,0.0003906545859782562,3.780964432653633e-7,0.000967853589427485,0.286335542,0.123525417,0.43140092262804036,true,true,true,true
genuine_rvine_d5,5,16384,25,271852,2.4443648478256197e-5,1.2723032403461065e-6,0.05205046380362905,0.129453333,0.096403958,0.7447004705548987,true,true,true,true
genuine_rvine_d5,5,16384,26,271853,0.0003906545859782562,9.150419910675112e-7,0.002342330088807513,0.128511083,0.096687584,0.7523676693316793,true,true,true,true
genuine_rvine_d5,5,16384,27,271854,0.0008179006797282562,7.332625249489855e-7,0.0008965178084857548,0.127553958,0.096376833,0.755576969238383,true,true,true,true
genuine_rvine_d5,5,16384,28,271855,0.0005737600547282562,1.561003074995737e-6,0.002720654848889852,0.313161875,0.09773775,0.31209977268146066,true,true,true,true
genuine_rvine_d5,5,16384,29,271856,0.0004028024452717438,4.822269190352113e-7,0.0011971797209669002,0.126436958,0.09638525,0.7623186410416487,true,true,true,true
genuine_rvine_d5,5,16384,3,271830,9.76266640217438e-5,1.1434627879558512e-6,0.011712607405095544,0.131507167,0.097265417,0.7396206550476446,true,true,true,true
genuine_rvine_d5,5,16384,30,271857,0.0001465139609782562,3.3571903895746047e-7,0.0022913791744889334,0.130820166,0.095190167,0.7276413867262637,true,true,true,true
genuine_rvine_d5,5,16384,4,271831,2.4443648478256197e-5,1.6821317796178459e-6,0.0688167227210039,0.127059167,0.096774791,0.7616513887581209,true,true,true,true
genuine_rvine_d5,5,16384,5,271832,0.0005859079140217438,3.958408540949421e-7,0.0006756025044581526,0.314522417,0.098223041,0.31229265607481327,true,true,true,true
genuine_rvine_d5,5,16384,6,271833,0.0008179006797282562,1.766706934080986e-6,0.0021600506979257755,0.130818666,0.0959415,0.7333930465244157,true,true,true,true
genuine_rvine_d5,5,16384,7,271834,0.0011230764609782562,4.081460035776363e-7,0.0003634178239495115,0.124289333,0.095329292,0.7669949600582376,true,true,true,true
genuine_rvine_d5,5,16384,8,271835,0.0012572946327717438,2.850544035315483e-6,0.0022672044889202885,0.312727417,0.097739417,0.31253868924450584,true,true,true,true
genuine_rvine_d5,5,16384,9,271836,0.0005127248984782562,6.895888218783064e-7,0.0013449489656636028,0.12856325,0.097287875,0.7567316087606684,true,true,true,true
genuine_rvine_d5,5,256,1,271828,0.011804228804728256,0.00014827591044047628,0.012561253504429146,0.002224166,0.001570083,0.7059198818793201,true,true,true,true
genuine_rvine_d5,5,256,10,271837,8.54788047282562e-5,4.2713637307345564e-5,0.49969857958514463,0.00203525,0.00156075,0.7668591082176637,true,true,true,true
genuine_rvine_d5,5,256,11,271838,0.011804228804728256,0.00013834663734041408,0.011720091132509942,0.002046417,0.001543125,0.7540618554282925,true,true,true,true
genuine_rvine_d5,5,256,12,271839,8.54788047282562e-5,0.00017975566803252185,2.1029267852303173,0.002030875,0.001544166,0.7603451714162615,false,true,false,true
genuine_rvine_d5,5,256,13,271840,0.019445771195271744,9.15759853831466e-5,0.004709300776171499,0.0020275,0.001542958,0.761015043156597,true,true,true,true
genuine_rvine_d5,5,256,14,271841,8.54788047282562e-5,0.00010041164258869917,1.1746963812598412,0.002050209,0.001505208,0.7341729550499486,false,true,false,true
genuine_rvine_d5,5,256,15,271842,0.007727021195271744,3.3195376617889405e-5,0.0042960121085473466,0.002070458,0.0015025,0.7256848484731397,true,true,true,true
genuine_rvine_d5,5,256,16,271843,0.003820771195271744,8.245503040477109e-5,0.021580729698446825,0.002045583,0.001513959,0.7401112543465603,true,true,true,true
genuine_rvine_d5,5,256,17,271844,0.003820771195271744,0.00017792585790696314,0.0465680483895892,0.002047292,0.001558584,0.7612905242632707,true,true,true,true
genuine_rvine_d5,5,256,18,271845,0.003991728804728256,3.942120174035835e-5,0.009875721440209918,0.002018041,0.001493709,0.740177726815263,true,true,true,true
genuine_rvine_d5,5,256,19,271846,0.007897978804728256,1.8842487816972397e-6,0.00023857354245736934,0.00205825,0.001509042,0.7331674966597836,true,true,true,true
genuine_rvine_d5,5,256,2,271829,0.007727021195271744,0.0001198435608625037,0.015509671558276221,0.002139792,0.001548583,0.7237072575278345,true,true,true,true
genuine_rvine_d5,5,256,20,271847,0.003820771195271744,9.413369718430653e-5,0.024637355228389037,0.00202675,0.00150475,0.7424448007894413,true,true,true,true
genuine_rvine_d5,5,256,21,271848,0.015710478804728256,0.0001740847804501955,0.011080806805060746,0.002073208,0.001496792,0.7219690450741074,true,true,true,true
genuine_rvine_d5,5,256,22,271849,0.015710478804728256,6.39120555985806e-5,0.004068116344063652,0.00202825,0.001515959,0.7474221619622827,true,true,true,true
genuine_rvine_d5,5,256,23,271850,0.007727021195271744,5.847175074180644e-5,0.007567178769690187,0.0021145,0.001527291,0.7222941593757389,true,true,true,true
genuine_rvine_d5,5,256,24,271851,0.007727021195271744,0.0003914463619820452,0.050659413516501786,0.002270208,0.001539708,0.6782233169824087,true,true,true,true
genuine_rvine_d5,5,256,25,271852,0.011804228804728256,5.299376104550557e-6,0.0004489387822123424,0.002340042,0.001554209,0.6641799591631261,true,true,true,true
genuine_rvine_d5,5,256,26,271853,0.003991728804728256,0.00012666104802744327,0.031730875072828485,0.0021105,0.001515542,0.7180961857379767,true,true,true,true
genuine_rvine_d5,5,256,27,271854,0.003820771195271744,0.00023877328731422565,0.06249347974820131,0.002055458,0.001535709,0.7471371344002163,true,true,true,true
genuine_rvine_d5,5,256,28,271855,0.007897978804728256,9.530210952146678e-5,0.012066645388363488,0.0020985,0.001508459,0.7188272575649273,true,true,true,true
genuine_rvine_d5,5,256,29,271856,0.011804228804728256,0.00019738745540065494,0.016721757826448618,0.002016291,0.00148975,0.7388566432127108,true,true,true,true
genuine_rvine_d5,5,256,3,271830,0.019616728804728256,0.0002599174297424067,0.013249784524714352,0.002080792,0.001471708,0.7072826116209596,true,true,true,true
genuine_rvine_d5,5,256,30,271857,0.015710478804728256,6.0894549251261365e-5,0.0038760466824814036,0.00208575,0.001502084,0.7201649286827281,true,true,true,true
genuine_rvine_d5,5,256,4,271831,0.007727021195271744,0.00022458613679643413,0.029065034393054474,0.002072292,0.001464625,0.7067657453679308,true,true,true,true
genuine_rvine_d5,5,256,5,271832,0.003991728804728256,2.9638250050589843e-5,0.007424915744647517,0.002129166,0.001519167,0.7135033153826428,true,true,true,true
genuine_rvine_d5,5,256,6,271833,8.54788047282562e-5,7.631869089119725e-5,0.8928376003129704,0.002064917,0.001522792,0.7374591811680566,true,true,true,true
genuine_rvine_d5,5,256,7,271834,0.007727021195271744,0.00015447102047938532,0.01999101808778627,0.002046334,0.001517209,0.7414278412028535,true,true,true,true
genuine_rvine_d5,5,256,8,271835,0.015539521195271744,5.678709806261617e-5,0.0036543660096744132,0.002035542,0.00152675,0.7500459337120039,true,true,true,true
genuine_rvine_d5,5,256,9,271836,0.015710478804728256,0.00025024170190859896,0.01592833070328103,0.002083584,0.001507125,0.7233329685772208,true,true,true,true
genuine_rvine_d5,5,4096,1,271828,0.003747588179728256,4.131958398267965e-6,0.001102564689636624,0.03040325,0.02358025,0.7755832024536851,true,true,true,true
genuine_rvine_d5,5,4096,10,271837,0.0013061819297282562,1.119969695373424e-6,0.0008574377503495454,0.03115875,0.023360084,0.7497118465920488,true,true,true,true
genuine_rvine_d5,5,4096,11,271838,0.0008910836952717438,2.7437306377997572e-6,0.003079094199970781,0.031102459,0.023234416,0.747028265514312,true,true,true,true
genuine_rvine_d5,5,4096,12,271839,0.004235869429728256,3.4162824013028725e-6,0.0008065126789146656,0.031215209,0.023266917,0.7453711746732178,true,true,true,true
genuine_rvine_d5,5,4096,13,271840,0.0008910836952717438,1.3400204917912717e-8,1.5038099102269184e-5,0.031045167,0.023179375,0.746633928559637,true,true,true,true
genuine_rvine_d5,5,4096,14,271841,0.002355927445271744,2.3381867197969086e-7,9.924697487987417e-5,0.030747209,0.023942334,0.778683164380871,true,true,true,true
genuine_rvine_d5,5,4096,15,271842,0.0008910836952717438,5.409084238017225e-7,0.0006070231412289142,0.031179458,0.023873833,0.7656910841747153,true,true,true,true
genuine_rvine_d5,5,4096,16,271843,0.002526885054728256,1.699349565231767e-7,6.72507663952493e-5,0.030781667,0.02367575,0.7691510014711029,true,true,true,true
genuine_rvine_d5,5,4096,17,271844,0.0010620413047282562,6.83834693898655e-7,0.0006438870982269633,0.030841292,0.023460583,0.7606874251571563,true,true,true,true
genuine_rvine_d5,5,4096,18,271845,0.0015503225547282562,5.656547895360742e-7,0.00036486264604156733,0.188902042,0.050693625,0.2683593277408828,true,true,true,true
genuine_rvine_d5,5,4096,19,271846,0.002282744429728256,3.487751517095017e-6,0.0015278764769607641,0.030529708,0.023219,0.7605378996746383,true,true,true,true
genuine_rvine_d5,5,4096,2,271829,0.0004028024452717438,7.5178276177090275e-6,0.01866380829102776,0.030408292,0.023118208,0.7602599975033126,true,true,true,true
genuine_rvine_d5,5,4096,20,271847,0.0006469430702717438,8.846971670778414e-6,0.013675038928946726,0.030498167,0.023260834,0.7626961318691711,true,true,true,true
genuine_rvine_d5,5,4096,21,271848,0.0016235055702717438,6.429853099371163e-6,0.003960474923590763,0.03128375,0.02331175,0.7451712150877052,true,true,true,true
genuine_rvine_d5,5,4096,22,271849,0.0013061819297282562,3.81671050256327e-6,0.0029220359091610727,0.030308708,0.023222166,0.7661879219661887,true,true,true,true
genuine_rvine_d5,5,4096,23,271850,0.0010620413047282562,5.754173421912423e-7,0.0005418031668160721,0.03026075,0.023305292,0.7701491866526771,true,true,true,true
genuine_rvine_d5,5,4096,24,271851,8.54788047282562e-5,2.2164428051252294e-6,0.025929735589675994,0.031947208,0.023820708,0.745627223511989,true,true,true,true
genuine_rvine_d5,5,4096,25,271852,0.0013793649452717438,5.919544582178027e-6,0.004291499941671954,0.035169625,0.023303041,0.6625899764356316,true,true,true,true
genuine_rvine_d5,5,4096,26,271853,0.0018676461952717438,1.3646168459946484e-6,0.0007306613262455182,0.030407833,0.0232415,0.764326086636953,true,true,true,true
genuine_rvine_d5,5,4096,27,271854,0.0018676461952717438,3.5065328789773975e-6,0.001877514535598213,0.031028708,0.024456875,0.7882015261479789,true,true,true,true
genuine_rvine_d5,5,4096,28,271855,0.004797333695271744,3.0126029182675484e-6,0.0006279744353070066,0.030813125,0.023130667,0.750675791566094,true,true,true,true
genuine_rvine_d5,5,4096,29,271856,0.0011352243202717438,1.4981092790466999e-6,0.0013196592535016257,0.031369792,0.023264834,0.7416317583489237,true,true,true,true
genuine_rvine_d5,5,4096,3,271830,0.0008179006797282562,5.7559459687439585e-6,0.007037463241449249,0.030486084,0.024531916,0.8046922654939874,true,true,true,true
genuine_rvine_d5,5,4096,30,271857,0.0013793649452717438,3.6335768752171482e-6,0.002634238957335044,0.030453166,0.023203333,0.761934998810961,true,true,true,true
genuine_rvine_d5,5,4096,4,271831,0.0001586618202717438,3.648188454580259e-6,0.02299348670229499,0.030453167,0.023398375,0.7683396278620217,true,true,true,true
genuine_rvine_d5,5,4096,5,271832,0.003332489945271744,2.3780319655664073e-6,0.0007135901396913272,0.030592083,0.023218125,0.7589586168421418,true,true,true,true
genuine_rvine_d5,5,4096,6,271833,0.0013061819297282562,1.2266774805064218e-5,0.009391321779819946,0.032168209,0.023935083,0.744060168223851,true,true,true,true
genuine_rvine_d5,5,4096,7,271834,0.002282744429728256,9.913061947697255e-7,0.00043426070034819145,0.030498167,0.0233935,0.76704609821305,true,true,true,true
genuine_rvine_d5,5,4096,8,271835,0.0017944631797282562,9.571623739074164e-6,0.005333976114530051,0.03109175,0.0230375,0.7409521818488827,true,true,true,true
genuine_rvine_d5,5,4096,9,271836,0.0011352243202717438,1.1207718150774149e-6,0.0009872690313832693,0.030072875,0.02318,0.7707942788975115,true,true,true,true
genuine_rvine_d5,5,65536,1,271828,2.4443648478256197e-5,1.5178038481611367e-7,0.006209399752705887,0.642074292,0.609024209,0.9485260764808817,true,true,true,true
genuine_rvine_d5,5,65536,10,271837,9.184859415756197e-6,2.1547578829550496e-7,0.02345988964467614,0.604095083,0.614938958,1.0179506096062694,true,false,false,true
genuine_rvine_d5,5,65536,11,271838,0.0002196969765217438,8.163653444914765e-8,0.0003715869728460643,0.795044958,0.623237667,0.7839024205219852,true,true,true,true
genuine_rvine_d5,5,65536,12,271839,0.0003722848671467438,4.553015812980288e-7,0.0012229924487329811,0.772281416,0.444721417,0.5758540964295327,true,true,true,true
genuine_rvine_d5,5,65536,13,271840,0.0001281442421467438,3.270561179102849e-7,0.002552249811862464,0.7787195,0.430516667,0.5528520436434429,true,true,true,true
genuine_rvine_d5,5,65536,14,271841,0.0002654733437092438,1.8500910980989715e-7,0.0006969027745871388,0.590960333,0.608401917,1.0295139673951688,true,false,false,true
genuine_rvine_d5,5,65536,15,271842,0.0004974661094157562,1.1102605168566981e-7,0.00022318314671940806,0.737561833,0.616196041,0.8354500103315406,true,true,true,true
genuine_rvine_d5,5,65536,16,271843,0.0002380666953532562,8.982207166940981e-8,0.0003772979313050361,0.788807084,0.461682583,0.5852921358906051,true,true,true,true
genuine_rvine_d5,5,65536,17,271844,0.0005096139687092438,4.1987682170008256e-7,0.0008239115241749583,0.784724625,0.595955708,0.7594456564938306,true,true,true,true
genuine_rvine_d5,5,65536,18,271845,3.65915077717438e-5,2.560839172938145e-7,0.0069984521788840895,0.764614792,0.464226041,0.6071371439018668,true,true,true,true
genuine_rvine_d5,5,65536,19,271846,0.0001617727500407562,1.5214963886012178e-7,0.0009405146343978821,0.787426041,0.441966917,0.5612805444416334,true,true,true,true
genuine_rvine_d5,5,65536,2,271829,0.0001739206093342438,2.347750318321129e-7,0.0013498977075276797,0.78495225,0.452394333,0.5763335706089128,true,true,true,true
genuine_rvine_d5,5,65536,20,271847,0.0001739206093342438,1.612908838155569e-7,0.0009273822374068684,0.590738167,0.626552375,1.0606261961739811,true,false,false,true
genuine_rvine_d5,5,65536,21,271848,0.0006622018593342438,2.154825365918711e-7,0.0003254030980953606,0.748083417,0.636823209,0.8512729924609463,true,true,true,true
genuine_rvine_d5,5,65536,22,271849,0.0003417672890217438,1.0528192043168794e-7,0.0003080514836075776,0.788006083,0.465276083,0.5904473239961017,true,true,true,true
genuine_rvine_d5,5,65536,23,271850,0.0001739206093342438,3.252487987270847e-7,0.0018700992364971284,0.7765435,0.55643625,0.716555157566833,true,true,true,true
genuine_rvine_d5,5,65536,24,271851,0.0001281442421467438,3.453981750889401e-7,0.0026953858347643035,0.7620965,0.61303175,0.8044017391498322,true,true,true,true
genuine_rvine_d5,5,65536,25,271852,0.0001007375937907562,1.762107991465367e-7,0.0017492059569394441,0.785028625,0.422775916,0.5385484077093367,true,true,true,true
genuine_rvine_d5,5,65536,26,271853,0.0002380666953532562,2.1739718650271023e-7,0.0009131776546069351,0.766379917,0.441957042,0.5766813980852268,true,true,true,true
genuine_rvine_d5,5,65536,27,271854,0.0002502145546467438,5.645784869612314e-7,0.002256377482749997,0.793241125,0.615482625,0.7759086179501851,true,true,true,true
genuine_rvine_d5,5,65536,28,271855,2.4443648478256197e-5,1.9352146643503154e-7,0.007917045060076781,0.781144458,0.434651208,0.5564287162874553,true,true,true,true
genuine_rvine_d5,5,65536,29,271856,0.0001281442421467438,1.5473413314537332e-7,0.001207499693729354,0.787945458,0.436930291,0.5545184461232087,true,true,true,true
genuine_rvine_d5,5,65536,3,271830,0.0002533254844157562,1.4581900131815928e-9,5.7561915515314695e-6,0.787851958,0.441480709,0.5603599819955007,true,true,true,true
genuine_rvine_d5,5,65536,30,271857,0.0004516897422282562,1.104132265894453e-7,0.0002444448396033073,0.78523,0.465883834,0.5933087553965081,true,true,true,true
genuine_rvine_d5,5,65536,4,271831,0.0003448782187907562,6.222685045020881e-8,0.00018043137275643075,0.803539625,0.617093125,0.767968505597966,true,true,true,true
genuine_rvine_d5,5,65536,5,271832,9.76266640217438e-5,2.635435725761859e-7,0.002699504026046495,0.63038075,0.59725175,0.9474460474879665,true,true,true,true
genuine_rvine_d5,5,65536,6,271833,0.0005401315468342438,1.539358786273315e-7,0.0002849970151337439,0.605121417,0.634673292,1.0488362734647683,true,false,false,true
genuine_rvine_d5,5,65536,7,271834,0.0003417672890217438,5.859482319070519e-7,0.0017144655171190855,0.786737125,0.4341305,0.5518113817242322,true,true,true,true
genuine_rvine_d5,5,65536,8,271835,0.0003570260780842438,2.979254272728049e-7,0.0008344640505574119,0.761660875,0.623869875,0.8190914033755509,true,true,true,true
genuine_rvine_d5,5,65536,9,271836,0.0007537545937092438,3.808413112649234e-9,5.0525902520977615e-6,0.788050333,0.438485125,0.5564176634895223,true,true,true,true
mixed_d10,10,1024,1,271828,0.0009880501675165604,0.00019537300972838345,0.19773592085860242,0.105697041,0.074364291,0.7035607647710781,true,true,true,false
mixed_d10,10,1024,10,271837,0.0009650748324834396,0.0001164205811230723,0.12063373450894549,0.112801416,0.074983625,0.6647401039717444,true,true,true,false
mixed_d10,10,1024,11,271838,0.00391773766751656,8.635315032985702e-5,0.02204158564414446,0.106177542,0.07428225,0.6996041592298303,true,true,true,false
mixed_d10,10,1024,12,271839,0.00684742516751656,2.9475564145869937e-5,0.004304620119939215,0.105905625,0.079916583,0.7546018731299683,true,true,true,false
mixed_d10,10,1024,13,271840,0.0029181998324834396,0.00032544904643046213,0.11152390689896628,0.111253792,0.074405875,0.6687940578241144,true,true,true,false
mixed_d10,10,1024,14,271841,0.0009650748324834396,7.042555558280095e-5,0.07297419144334533,0.109321042,0.07411775,0.6779824692852818,true,true,true,false
mixed_d10,10,1024,15,271842,0.00391773766751656,2.5456466497278396e-5,0.00649774657153478,0.111271792,0.074555084,0.6700268114671866,true,true,true,false
mixed_d10,10,1024,16,271843,1.1487667516560385e-5,0.0002629905109241132,22.893290613172038,0.106349292,0.075983083,0.7144672199604301,false,true,false,false
mixed_d10,10,1024,17,271844,0.00684742516751656,9.343509781575832e-5,0.013645289364972436,0.111021334,0.074550042,0.6714929402667779,true,true,true,false
mixed_d10,10,1024,18,271845,0.0029181998324834396,7.420361062764058e-5,0.02542787159455492,0.109109083,0.076663167,0.7026286436666322,true,true,true,false
mixed_d10,10,1024,19,271846,0.0019646126675165604,0.0001462778240072099,0.07445631723026487,0.110848625,0.07403525,0.6678950686127139,true,true,true,false
mixed_d10,10,1024,2,271829,0.0009880501675165604,6.891833934401237e-5,0.06975186241528293,0.1058145,0.073907959,0.6984672138506537,true,true,true,false
mixed_d10,10,1024,20,271847,0.0029181998324834396,6.248665848647417e-5,0.0214127414411154,0.108507666,0.074862333,0.6899266730149739,true,true,true,false
mixed_d10,10,1024,21,271848,1.1487667516560385e-5,0.00020138280291512323,17.530347446495465,0.111310792,0.074259917,0.6671403164573655,false,true,false,false
mixed_d10,10,1024,22,271849,0.0019646126675165604,1.7920578638641604e-5,0.009121685375924385,0.108637208,0.07586425,0.6983265807052036,true,true,true,false
mixed_d10,10,1024,23,271850,0.0038947623324834396,0.0001060535582770028,0.027229789451460384,0.1123245,0.074079875,0.6595166237107667,true,true,true,false
mixed_d10,10,1024,24,271851,1.1487667516560385e-5,1.548002102158552e-5,1.3475338661455725,0.108456208,0.075283042,0.694133082727731,false,true,false,false
mixed_d10,10,1024,25,271852,0.00584788733248344,7.774940137077191e-5,0.013295297421154973,0.111413333,0.074284458,0.6667465733208071,true,true,true,false
mixed_d10,10,1024,26,271853,0.0009880501675165604,2.7926588736265634e-5,0.028264342899165153,0.109279791,0.076395958,0.6990858721536172,true,true,true,false
mixed_d10,10,1024,27,271854,0.0019646126675165604,0.00013567081582051277,0.06905728445292596,0.111678708,0.074218541,0.6645719880641886,true,true,true,false
mixed_d10,10,1024,28,271855,0.0009650748324834396,0.00016735783907489976,0.173414364815872,0.1090905,0.075424167,0.6913907902154632,true,true,true,false
mixed_d10,10,1024,29,271856,0.0019416373324834396,0.00014633875185207645,0.07536873617118947,0.119018,0.0749715,0.6299173234300693,true,true,true,false
mixed_d10,10,1024,3,271830,0.0019646126675165604,2.5871096262647386e-5,0.013168548024965492,0.106435958,0.074966375,0.7043331634220834,true,true,true,false
mixed_d10,10,1024,30,271857,0.0019416373324834396,0.00013280383994160316,0.06839786077441208,0.108940125,0.07522275,0.6904962703136241,true,true,true,false
mixed_d10,10,1024,4,271831,0.0019416373324834396,1.8494319723047492e-5,0.009525115434092134,0.10590525,0.082512667,0.7791178152169037,true,true,true,false
mixed_d10,10,1024,5,271832,1.1487667516560385e-5,7.458970491940053e-5,6.493024350841766,0.106061375,0.074218458,0.6997689592464741,false,true,false,false
mixed_d10,10,1024,6,271833,0.0019646126675165604,0.00015388830754825555,0.07833010042777726,0.106298042,0.074183833,0.6978852253929569,true,true,true,false
mixed_d10,10,1024,7,271834,0.0009650748324834396,3.8120129765006894e-5,0.03949966207999837,0.105799041,0.0745705,0.704831530561794,true,true,true,false
mixed_d10,10,1024,8,271835,1.1487667516560385e-5,7.181739917352936e-5,6.251695487356235,0.105785458,0.080828959,0.7640838403327611,false,true,false,false
mixed_d10,10,1024,9,271836,0.0038947623324834396,0.00020860488050350456,0.05356036201841632,0.105955041,0.073986667,0.698283595586547,true,true,true,false
mixed_d10,10,16384,1,271828,0.0005608040737665604,2.8041671520123712e-5,0.05000261737006623,1.745178584,1.378992042,0.7901724526319307,true,true,true,false
mixed_d10,10,16384,10,271837,0.00011058264498343962,1.892121067766095e-5,0.17110470345952122,1.918265,1.358869,0.7083843994442895,true,true,true,false
mixed_d10,10,16384,11,271838,0.00019459313626656038,9.437273383011702e-6,0.04849746277835925,1.925189084,1.199798,0.6232104731796827,true,true,true,false
mixed_d10,10,16384,12,271839,0.0005608040737665604,1.881960846504549e-5,0.03355825919495606,1.917899209,1.199034125,0.6251809893728363,true,true,true,false
mixed_d10,10,16384,13,271840,0.0012321907925165604,1.2080811312098483e-5,0.009804334998661434,1.930125208,1.378404916,0.7141531079366122,true,true,true,false
mixed_d10,10,16384,14,271841,0.0007819693637334396,1.0606996544842984e-6,0.0013564465613078332,1.932924875,1.198183541,0.6198810706494735,true,true,true,false
mixed_d10,10,16384,15,271842,0.00013355798001656038,5.419386605984289e-5,0.40577033325244344,1.933293709,1.226825542,0.6345779414109706,true,true,true,false
mixed_d10,10,16384,16,271843,0.0019035775112665604,4.592416709055247e-5,0.02412518892387863,1.921753125,1.350174083,0.7025741576457694,true,true,true,false
mixed_d10,10,16384,17,271844,0.0004157584262334396,8.998983536942506e-6,0.021644741198557853,1.756257291,1.386114292,0.7892432954460543,true,true,true,false
mixed_d10,10,16384,18,271845,0.0005988638949834396,1.3109275984760083e-5,0.02189024266544336,1.933629875,1.197517042,0.6193103744841552,true,true,true,false
mixed_d10,10,16384,19,271846,0.0005608040737665604,3.193653164340615e-6,0.005694775258836656,1.929410333,1.202172125,0.6230774783561812,true,true,true,false
mixed_d10,10,16384,2,271829,0.0013542611050165604,2.4192082960158845e-5,0.017863677004784848,1.936845334,1.204756917,0.622020197406222,true,true,true,false
mixed_d10,10,16384,20,271847,0.0009040396762334396,1.5095184800209549e-5,0.016697480428183878,1.747100541,1.374397292,0.7866732679352997,true,true,true,false
mixed_d10,10,16384,21,271848,0.0003166634487665604,7.034734699651324e-6,0.022215177429073054,1.928563458,1.382309834,0.7167562095330337,true,true,true,false
mixed_d10,10,16384,22,271849,0.0004997689175165604,1.966812058633305e-5,0.03935442941123149,1.934301209,1.196077834,0.6183513862447263,true,true,true,false
mixed_d10,10,16384,23,271850,0.0009880501675165604,1.588959441406468e-5,0.01608176885795463,1.927730666,1.210604208,0.627994475240661,true,true,true,false
mixed_d10,10,16384,24,271851,7.252282376656038e-5,1.2762398411983455e-5,0.17597768190967877,1.8986675,1.22794525,0.6467405430387364,true,true,true,false
mixed_d10,10,16384,25,271852,7.252282376656038e-5,6.7045904776630305e-6,0.09244800642683271,1.928155792,1.380016375,0.7157182945100943,true,true,true,false
mixed_d10,10,16384,26,271853,7.252282376656038e-5,2.1263569860152653e-5,0.2931983168305299,1.939573667,1.195640625,0.6164450700391985,true,true,true,false
mixed_d10,10,16384,27,271854,0.0002936881137334396,4.834792614892558e-5,0.1646233670621333,1.91532275,1.208467042,0.6309469471920595,true,true,true,false
mixed_d10,10,16384,28,271855,0.0011481803012334396,4.897758226526938e-6,0.004265669966002284,1.90053,1.228658166,0.6464818582184969,true,true,true,false
mixed_d10,10,16384,29,271856,7.252282376656038e-5,2.1351502222100027e-5,0.294410795294281,1.924018458,1.206090208,0.6268599986580794,true,true,true,false
mixed_d10,10,16384,3,271830,0.0006598990512334396,8.999622435057475e-7,0.0013637877518138533,1.926320583,1.228228625,0.637603437267534,true,true,true,false
mixed_d10,10,16384,30,271857,1.1487667516560385e-5,2.1911568771071366e-6,0.19073992818371616,1.753641791,1.379125041,0.7864348626258303,true,true,true,false
mixed_d10,10,16384,4,271831,0.0005378287387334396,2.5816608285586518e-5,0.048001541060047045,1.912425375,1.353365583,0.7076697478980062,true,true,true,false
mixed_d10,10,16384,5,271832,0.00017161780123343962,1.8064805726483724e-5,0.10526184111816839,1.757993625,1.385449291,0.7880855034386146,true,true,true,false
mixed_d10,10,16384,6,271833,0.0004767935824834396,5.567796009381398e-6,0.011677581691391124,1.918791792,1.209612333,0.6304031203610652,true,true,true,false
mixed_d10,10,16384,7,271834,0.00019459313626656038,6.88412330446253e-7,0.003537700988092623,1.763054167,1.376339083,0.7806561526932372,true,true,true,false
mixed_d10,10,16384,8,271835,0.0005988638949834396,6.487877249938823e-6,0.010833642342252462,1.928680458,1.1996225,0.621991317962532,true,true,true,false
mixed_d10,10,16384,9,271836,0.0005608040737665604,2.759827435806772e-5,0.04921197196858407,1.935452042,1.238302541,0.639800167675764,true,true,true,false
mixed_d10,10,256,1,271828,1.1487667516560385e-5,0.00021259589914893184,18.506446051163824,0.0277635,0.019300083,0.6951603003944027,false,true,false,false
mixed_d10,10,256,10,271837,0.00391773766751656,0.00064474487440766,0.16457071124324704,0.02692875,0.018770458,0.6970415633848581,true,true,true,false
mixed_d10,10,256,11,271838,0.00391773766751656,0.00024476566944306444,0.06247627845848609,0.027037084,0.01876675,0.6941114655707694,true,true,true,false
mixed_d10,10,256,12,271839,0.0038947623324834396,0.0008668776395611422,0.22257523452230524,0.026949708,0.018828042,0.6986362152792156,true,true,true,false
mixed_d10,10,256,13,271840,0.0038947623324834396,0.00027424581914167745,0.07041400622944007,0.0334115,0.018605833,0.556869131885728,true,true,true,false
mixed_d10,10,256,14,271841,0.0038947623324834396,0.00023992918948415043,0.06160303736201613,0.026614042,0.018658417,0.7010741547638648,true,true,true,false
mixed_d10,10,256,15,271842,0.00391773766751656,0.0001586847251579815,0.04050417323081541,0.02657575,0.018753542,0.7056636971675306,true,true,true,false
mixed_d10,10,256,16,271843,1.1487667516560385e-5,6.704709291031896e-5,5.836440932301118,0.026609583,0.018519,0.695952281552101,false,true,false,false
mixed_d10,10,256,17,271844,0.0038947623324834396,0.000335891014165729,0.08624172298378804,0.026591708,0.018564417,0.698128040515487,true,true,true,false
mixed_d10,10,256,18,271845,0.00391773766751656,0.00038986938016173645,0.09951390655742226,0.026626792,0.018512833,0.695270876040944,true,true,true,false
mixed_d10,10,256,19,271846,0.0038947623324834396,0.0003155421219100396,0.08101704159925946,0.026550459,0.018544583,0.6984656272797394,true,true,true,false
mixed_d10,10,256,2,271829,1.1487667516560385e-5,0.0005368268578217761,46.73070987194725,0.026722416,0.019284583,0.7216631535112694,false,true,false,false
mixed_d10,10,256,20,271847,1.1487667516560385e-5,0.0009567294789056546,83.2831797687784,0.026620625,0.018507542,0.6952331885521095,false,true,false,false
mixed_d10,10,256,21,271848,0.00391773766751656,0.000270923647971974,0.06915308552134669,0.026624541,0.018535209,0.6961700860871178,true,true,true,false
mixed_d10,10,256,22,271849,0.01173023766751656,0.0005902847246325449,0.050321633829054004,0.02671275,0.018554625,0.6945980851840414,true,true,true,false
mixed_d10,10,256,23,271850,0.0038947623324834396,0.0007868794554020397,0.20203529464153394,0.026630375,0.018537416,0.6961004492050901,true,true,true,false
mixed_d10,10,256,24,271851,0.00391773766751656,0.0007270416983858191,0.1855769222155929,0.026622042,0.018532834,0.6961462234940506,true,true,true,false
mixed_d10,10,256,25,271852,0.00780101233248344,0.00021141578986248744,0.027101071098445957,0.026627916,0.018571458,0.6974431645345432,true,true,true,false
mixed_d10,10,256,26,271853,0.0038947623324834396,8.168682234563351e-5,0.020973506307263447,0.027012292,0.018834917,0.6972720789483543,true,true,true,false
mixed_d10,10,256,27,271854,0.00780101233248344,0.00017902019297925953,0.022948328415508187,0.033810041,0.01892075,0.5596192563031793,true,true,true,false
mixed_d10,10,256,28,271855,0.00780101233248344,0.0004286260862164937,0.05494493124074337,0.027070125,0.018875542,0.6972831488587511,true,true,true,false
mixed_d10,10,256,29,271856,0.00391773766751656,0.0006213243290736359,0.1585926322288677,0.029949541,0.01879775,0.627647348585409,true,true,true,false
mixed_d10,10,256,3,271830,0.01170726233248344,0.0007139109840896968,0.06098018168678519,0.026994334,0.019198458,0.7112032473184929,true,true,true,false
mixed_d10,10,256,30,271857,0.0038947623324834396,4.8986071926340746e-5,0.012577422637007346,0.02654775,0.018719708,0.7051335047226226,true,true,true,false
mixed_d10,10,256,4,271831,0.0038947623324834396,0.00023745568638224024,0.060967952884259824,0.026862958,0.01889475,0.7033756297426367,true,true,true,false
mixed_d10,10,256,5,271832,0.00391773766751656,0.0008341457224287641,0.2129151549234602,0.026862917,0.018846917,0.7015960701512796,true,true,true,false
mixed_d10,10,256,6,271833,0.00780101233248344,0.0003085761617224736,0.03955591256247109,0.026825666,0.018616458,0.693979340531564,true,true,true,false
mixed_d10,10,256,7,271834,0.0038947623324834396,3.10000305876329e-5,0.007959415220046603,0.030236792,0.018820209,0.6224274387309342,true,true,true,false
mixed_d10,10,256,8,271835,0.01170726233248344,1.6685065005184185e-5,0.0014251892997126352,0.02701725,0.018748375,0.6939409081235137,true,true,true,false
mixed_d10,10,256,9,271836,0.00391773766751656,0.0004923544021316895,0.1256731419803795,0.026927875,0.018808584,0.6984800694447668,true,true,true,false
mixed_d10,10,4096,1,271828,0.0029181998324834396,4.0763441118613075e-5,0.01396869421513285,0.425400792,0.307041292,0.7217694413695402,true,true,true,false
mixed_d10,10,4096,10,271837,0.0004997689175165604,2.4493496655661473e-5,0.04900964385175045,0.437648417,0.29857125,0.6822171368667375,true,true,true,false
mixed_d10,10,4096,11,271838,0.0009880501675165604,1.9027862477274948e-5,0.0192579922587342,0.603313958,0.29987875,0.49705256446263096,true,true,true,false
mixed_d10,10,4096,12,271839,0.0036735970425165604,6.606808302431211e-5,0.017984575406521135,0.425352209,0.306055083,0.7195333103348243,true,true,true,false
mixed_d10,10,4096,13,271840,0.00023265295748343962,7.102786526380633e-6,0.03052953464770038,0.439194792,0.303664792,0.691412552086911,true,true,true,false
mixed_d10,10,4096,14,271841,1.1487667516560385e-5,1.1988618070502e-8,0.0010436076821704193,0.434411041,0.297654625,0.6851912058100752,true,true,true,false
mixed_d10,10,4096,15,271842,0.0004767935824834396,5.8060136776186266e-5,0.12177206008892298,0.438332667,0.300658334,0.6859135917424106,true,true,true,false
mixed_d10,10,4096,16,271843,0.0007209342074834396,5.4760193116440425e-5,0.07595726842757466,0.604393375,0.298613292,0.49407108739403366,true,true,true,false
mixed_d10,10,4096,17,271844,1.1487667516560385e-5,5.388608903367231e-6,0.469077721443376,0.434428292,0.296950791,0.6835438586030211,true,true,true,false
mixed_d10,10,4096,18,271845,0.0002556282925165604,7.983420582184653e-5,0.31230582904540827,0.427301459,0.306825792,0.7180546322450071,true,true,true,false
mixed_d10,10,4096,19,271846,0.0004997689175165604,1.113001015992654e-5,0.022270312878266856,0.439870208,0.301718792,0.6859268632259815,true,true,true,false
mixed_d10,10,4096,2,271829,0.0007209342074834396,3.549960645680972e-5,0.049241118105253966,0.43182825,0.297381208,0.6886562145945755,true,true,true,false
mixed_d10,10,4096,20,271847,0.0007209342074834396,7.82724587929523e-5,0.10857087648285892,0.436485125,0.299213625,0.685507037610961,true,true,true,false
mixed_d10,10,4096,21,271848,0.0004767935824834396,4.289208126234678e-5,0.08995943493815071,0.440308875,0.299856084,0.6810130365871004,true,true,true,false
mixed_d10,10,4096,22,271849,0.0004767935824834396,7.589307696877212e-5,0.15917386424010457,0.425394833,0.479106958,1.126264168798684,true,false,false,false
mixed_d10,10,4096,23,271850,0.0004997689175165604,2.4848396995860722e-5,0.04971977272883791,0.434695417,0.3068925,0.7059943307384813,true,true,true,false
mixed_d10,10,4096,24,271851,0.0022087532925165604,4.821138375457612e-5,0.02182741907750417,0.429650834,0.29681275,0.6908231673536098,true,true,true,false
mixed_d10,10,4096,25,271852,0.0012321907925165604,3.540297101395362e-6,0.0028731728259102224,0.441720083,0.301515125,0.6825932000922856,true,true,true,false
mixed_d10,10,4096,26,271853,0.0004767935824834396,5.8407083522518666e-5,0.12249972664962895,0.608006042,0.298238875,0.4905195909220916,true,true,true,false
mixed_d10,10,4096,27,271854,0.0016974967074834396,9.989815898503451e-5,0.058850281443629304,0.439940292,0.296794125,0.6746236487018561,true,true,true,false
mixed_d10,10,4096,28,271855,0.0014533560824834396,8.244114431293914e-5,0.05672467009741126,0.437236083,0.298351167,0.6823571489181052,true,true,true,false
mixed_d10,10,4096,29,271856,0.0002556282925165604,0.00012229147954194441,0.4783957140973431,0.435553417,0.303865208,0.6976531376862094,true,true,true,false
mixed_d10,10,4096,3,271830,0.0017204720425165604,7.551483765974587e-5,0.04389192953655276,0.438366083,0.300216459,0.684853301025116,true,true,true,false
mixed_d10,10,4096,30,271857,0.0016974967074834396,5.0003953651664435e-5,0.029457467240567393,0.437253333,0.29864325,0.6829982242811171,true,true,true,false
mixed_d10,10,4096,4,271831,0.0031853157925165604,2.2107508470176063e-5,0.0069404448130745665,0.441953958,0.298603042,0.6756428731881614,true,true,true,false
mixed_d10,10,4096,5,271832,0.0007439095425165604,3.2690200300805605e-5,0.04394378406575942,0.437272333,0.300493083,0.6871989383330136,true,true,true,false
mixed_d10,10,4096,6,271833,0.0014763314175165604,4.524082171070143e-5,0.030644082469506853,0.581579583,0.331086333,0.5692880951771652,true,true,true,false
mixed_d10,10,4096,7,271834,0.0022087532925165604,2.9230858156314987e-5,0.01323409828311363,0.442470583,0.305130834,0.6896070512330534,true,true,true,false
mixed_d10,10,4096,8,271835,0.0004767935824834396,7.803586465954249e-5,0.16366802642997588,0.433158709,0.297918708,0.6877818725791798,true,true,true,false
mixed_d10,10,4096,9,271836,1.1487667516560385e-5,2.21864948597994e-5,1.9313315629840266,0.437099334,0.301568792,0.6899319411911984,false,true,false,false
mixed_d10,10,65536,1,271828,0.00014110022310843962,6.255552353479077e-6,0.04433410674816229,7.704650417,5.311283334,0.6893607167796825,true,true,true,false
mixed_d10,10,65536,10,271837,0.0005150277065790604,1.4661695831572064e-5,0.028467780750978666,7.651104125,5.111969875,0.668134924251864,true,true,true,false
mixed_d10,10,65536,11,271838,0.0005683463168584396,5.069860331691212e-7,0.0008920371578573954,7.711278625,5.29428325,0.6865636047484927,true,true,true,false
mixed_d10,10,65536,12,271839,0.0004462760043584396,2.209424950577743e-6,0.004950803827676065,7.711724834,5.248004125,0.6805227414056874,true,true,true,false
mixed_d10,10,65536,13,271840,0.00014881676907906038,5.447506152875259e-6,0.03660545909299521,7.735775,5.48750575,0.7093672902844254,true,true,true,false
mixed_d10,10,65536,14,271841,3.7711215459396152e-6,1.0713879200083265e-5,2.841032586610461,7.886532792,5.2562705,0.6664868629382859,false,true,false,false
mixed_d10,10,65536,15,271842,0.00017161780123343962,3.4112019652865477e-6,0.019876737382543027,7.976408042,5.165254583,0.6475664930633197,true,true,true,false
mixed_d10,10,65536,16,271843,4.2005245641560385e-5,3.742259226433009e-6,0.08909028311288775,7.890588208,5.306055875,0.6724537810274233,true,true,true,false
mixed_d10,10,65536,17,271844,0.00013355798001656038,3.922078447238242e-6,0.02936611085875908,7.720155,5.307472417,0.687482623988767,true,true,true,false
mixed_d10,10,65536,18,271845,0.0002556282925165604,3.2340952383358434e-6,0.012651554358468865,7.739602458,5.318437917,0.6871719763206473,true,true,true,false
mixed_d10,10,65536,19,271846,8.006506685843962e-5,1.205347575655713e-5,0.15054600251403624,7.922590292,5.234278791,0.6606777074267518,true,true,true,false
mixed_d10,10,65536,2,271829,0.00014110022310843962,8.298445234755647e-6,0.05881241752805771,7.547242166,5.30203725,0.702513200634458,true,true,true,false
mixed_d10,10,65536,20,271847,0.00013355798001656038,5.105130871291275e-6,0.03822407968927255,7.93292275,5.286609833,0.6664138804326564,true,true,true,false
mixed_d10,10,65536,21,271848,0.00016407555814156038,2.6030774376087362e-5,0.15865114018767285,7.740742958,5.284634125,0.6827037344701351,true,true,true,false
mixed_d10,10,65536,22,271849,0.0002784293246709396,6.285688117627086e-6,0.022575524776550736,7.932957208,5.259724,0.6630218545356359,true,true,true,false
mixed_d10,10,65536,23,271850,0.0004462760043584396,1.9824159447345835e-7,0.0004442129815122993,7.89454375,5.303957917,0.671851101844866,true,true,true,false
mixed_d10,10,65536,24,271851,0.00011058264498343962,2.1150824044413596e-6,0.019126712014874533,7.719048083,5.146373375,0.6667108845110169,true,true,true,false
mixed_d10,10,65536,25,271852,0.00014110022310843962,2.0855122591229014e-6,0.014780361172924047,7.853659208,5.364278834,0.6830292341353145,true,true,true,false
mixed_d10,10,65536,26,271853,0.0003319222378290604,4.9600682651834704e-6,0.014943464763388046,7.558031792,5.269092833,0.6971514513311801,true,true,true,false
mixed_d10,10,65536,27,271854,6.480627779593962e-5,1.780322786039401e-5,0.27471455645782294,7.737047375,5.285044375,0.6830828504523665,true,true,true,false
mixed_d10,10,65536,28,271855,0.0005455452847040604,9.292232128893518e-7,0.001703292538571612,7.882356166,5.415799375,0.6870787440893216,true,true,true,false
mixed_d10,10,65536,29,271856,4.2005245641560385e-5,9.50159139989637e-6,0.22620011512313135,7.971725209,5.309386041,0.6660272277079691,true,true,true,false
mixed_d10,10,65536,3,271830,1.1487667516560385e-5,1.1700141669498954e-5,1.0184958480589963,7.73045225,5.296058375,0.6850903677724677,false,true,false,false
mixed_d10,10,65536,30,271857,0.0002708870815790604,9.698237481342575e-6,0.035801771811374006,7.72940725,5.135826,0.6644527625323403,true,true,true,false
mixed_d10,10,65536,4,271831,0.00014881676907906038,1.996144927213228e-6,0.013413440834431477,7.711846542,5.131049042,0.6653463621268204,true,true,true,false
mixed_d10,10,65536,5,271832,0.00017161780123343962,8.353965025853505e-7,0.004867773019938761,7.733677417,5.307545333,0.6862899817017284,true,true,true,false
mixed_d10,10,65536,6,271833,0.00019459313626656038,1.0554740005760954e-5,0.054240042625669525,7.72398725,5.115569708,0.6622964982237638,true,true,true,false
mixed_d10,10,65536,7,271834,0.00018687659029593962,7.957251022330802e-6,0.04258024512181874,7.717053625,5.29424825,0.6860452845434257,true,true,true,false
mixed_d10,10,65536,8,271835,0.00016407555814156038,5.120438594324872e-6,0.03120780847752523,7.702688333,5.277642625,0.68516891724535,true,true,true,false
mixed_d10,10,65536,9,271836,2.6746456579060385e-5,9.921946498347989e-6,0.37096302715911206,7.677321791,5.293979333,0.6895606927934227,true,true,true,false
mixed_d20,20,1024,1,271828,0.0007064800768504347,0.0001727264503838255,0.24448877759420887,0.599745417,0.453580042,0.7562876332909103,true,true,true,false
mixed_d20,20,1024,10,271837,0.00027008242314956535,0.00022791300697775144,0.8438646407268737,0.610977584,0.456023541,0.7463834237820417,true,true,true,false
mixed_d20,20,1024,11,271838,0.0012466449231495653,0.00013271498937976814,0.1064577305977973,0.617830625,0.454905541,0.7362949044489338,true,true,true,false
mixed_d20,20,1024,12,271839,0.0016830425768504347,7.91465793595382e-5,0.047025892540193084,0.794939042,0.455006792,0.5723794756076404,true,true,true,false
mixed_d20,20,1024,13,271840,0.0026596050768504347,1.219754893390032e-5,0.00458622561675395,0.59894225,0.466447417,0.7787852952434061,true,true,true,false
mixed_d20,20,1024,14,271841,0.00027008242314956535,0.00014788813917902127,0.5475666926208088,0.60614475,0.454345958,0.7495667627245802,true,true,true,false
mixed_d20,20,1024,15,271842,0.0022232074231495653,8.884346738624593e-5,0.039961843623382426,0.616599333,0.46119775,0.7479699138759853,true,true,true,false
mixed_d20,20,1024,16,271843,0.0026596050768504347,0.0003224294748560702,0.1212320872984265,0.611496084,0.454006291,0.7424516736561799,true,true,true,false
mixed_d20,20,1024,17,271844,0.0016830425768504347,9.768950108202112e-5,0.058043392618642234,0.615628041,0.454187041,0.7377621075580604,true,true,true,false
mixed_d20,20,1024,18,271845,0.0016830425768504347,1.432835615151895e-5,0.008513365228307148,0.613701084,0.455191291,0.7417149861185515,true,true,true,false
mixed_d20,20,1024,19,271846,0.0022232074231495653,0.0002930129070860196,0.13179737708455255,0.61249625,0.458051625,0.7478439663916311,true,true,true,false
mixed_d20,20,1024,2,271829,0.00027008242314956535,0.00010279373690027724,0.38060135754688657,0.610923541,0.47302025,0.7742707855482688,true,true,true,false
mixed_d20,20,1024,20,271847,0.0022232074231495653,0.00034599350162934153,0.15562807951548702,0.613641041,0.454120542,0.7400426497875001,true,true,true,false
mixed_d20,20,1024,21,271848,0.005589292576850435,7.292701979941599e-5,0.013047629694939025,0.613424916,0.4578095,0.7463170928648747,true,true,true,false
mixed_d20,20,1024,22,271849,0.0007064800768504347,7.051520220765009e-5,0.09981201808551285,0.612101334,0.4543105,0.7422145235840967,true,true,true,false
mixed_d20,20,1024,23,271850,0.0026596050768504347,0.00019139043046381699,0.0719619736515415,0.617753083,0.454880167,0.7363462514682424,true,true,true,false
mixed_d20,20,1024,24,271851,0.0036361675768504347,5.187207013084352e-5,0.01426558843467108,0.616460166,0.454088875,0.7366070024384999,true,true,true,false
mixed_d20,20,1024,25,271852,0.0016830425768504347,2.011374504132246e-6,0.001195082365590677,0.613290959,0.480056417,0.7827547593115587,true,true,true,false
mixed_d20,20,1024,26,271853,0.004176332423149565,3.599480114486325e-5,0.008618758637445318,0.601857833,0.614321083,1.0207079634369403,true,false,false,false
mixed_d20,20,1024,27,271854,0.0026596050768504347,0.00039744992675670027,0.14943945257743665,0.607819125,0.454489292,0.747737728719872,true,true,true,false
mixed_d20,20,1024,28,271855,0.004176332423149565,0.0004268332766618685,0.10220289800110638,0.608913833,0.459718,0.754980384884769,true,true,true,false
mixed_d20,20,1024,29,271856,0.0026596050768504347,0.00029485150355986617,0.1108628894290712,0.614333041,0.457215,0.7442461490525625,true,true,true,false
mixed_d20,20,1024,3,271830,0.004612730076850435,0.00010929036794648378,0.02369320687004237,0.610140417,0.460927834,0.7554455026374691,true,true,true,false
mixed_d20,20,1024,30,271857,0.0016830425768504347,0.00027058733830075815,0.16077272317562064,0.613945625,0.454582791,0.7404284231197183,true,true,true,false
mixed_d20,20,1024,4,271831,0.0026596050768504347,0.0003616397903701829,0.13597499625713041,0.609837,0.457941542,0.7509244962178419,true,true,true,false
mixed_d20,20,1024,5,271832,0.0031997699231495653,7.761591783502636e-6,0.002425671835762124,0.623142084,0.459967541,0.7381423158702919,true,true,true,false
mixed_d20,20,1024,6,271833,0.0016830425768504347,7.874804966186491e-5,0.04678910132459646,0.613394417,0.457442625,0.745756094809712,true,true,true,false
mixed_d20,20,1024,7,271834,0.0031997699231495653,0.00029078235313654416,0.0908760192515105,0.617105583,0.457970792,0.7421271247840907,true,true,true,false
mixed_d20,20,1024,8,271835,0.00027008242314956535,0.0002988096863682996,1.1063648010993508,0.6162595,0.455134334,0.7385433149509257,false,true,false,false
mixed_d20,20,1024,9,271836,0.005152894923149565,0.0003117778417414882,0.06050537540379779,0.609583833,0.45844625,0.7520643186086597,true,true,true,false
mixed_d20,20,16384,1,271828,0.00027923398310043465,6.079233907229156e-5,0.21771110520751275,10.054653334,7.485908167,0.7445217570740367,true,true,true,false
mixed_d20,20,16384,10,271837,0.00046233945185043465,4.7548380180503086e-5,0.1028430085085727,10.266002417,7.7965655,0.7594548669781401,true,true,true,false
mixed_d20,20,16384,11,271838,8.697695439956535e-5,3.824586180528958e-5,0.43972408633200777,10.266774083,7.714092833,0.7513648172869803,true,true,true,false
mixed_d20,20,16384,12,271839,0.0005752582043995653,5.374779175035954e-5,0.09343246448168371,10.031365542,7.566629875,0.7542970937824489,true,true,true,false
mixed_d20,20,16384,13,271840,0.0005142230481495653,7.41502899741335e-5,0.14419869012282463,10.054276583,7.493555167,0.7453102274578635,true,true,true,false
mixed_d20,20,16384,14,271841,0.00039215273564956535,2.1273997162354896e-5,0.05424926368833423,10.223367583,7.487900167,0.7324299068979295,true,true,true,false
mixed_d20,20,16384,15,271842,0.0010025042981495653,1.4971090113821695e-5,0.014933691697337872,10.112600416,7.585342958,0.7500882706685995,true,true,true,false
mixed_d20,20,16384,16,271843,0.00014801211064956535,5.150984092519226e-5,0.34801098841936906,10.221622625,7.500262583,0.7337643795081898,true,true,true,false
mixed_d20,20,16384,17,271844,0.0005142230481495653,9.862739809012727e-5,0.19179886713564967,10.047523291,7.49969375,0.7464221313841392,true,true,true,false
mixed_d20,20,16384,18,271845,0.00015716367060043465,3.513281031973514e-5,0.22354282122269278,10.229979667,7.494612041,0.7326126038330473,true,true,true,false
mixed_d20,20,16384,19,271846,3.509335810043465e-5,0.0001019845192109757,2.906091771528487,10.064294792,7.504711292,0.7456768156240231,false,true,false,false
mixed_d20,20,16384,2,271829,9.612851435043465e-5,7.988832095410375e-5,0.8310574806438016,10.067907458,7.48174575,0.743128180429884,true,true,true,false
mixed_d20,20,16384,20,271847,2.5941798149565348e-5,4.740969048264154e-5,1.8275406434551988,10.082440958,7.4754535,0.7414329060928978,false,true,false,false
mixed_d20,20,16384,21,271848,2.5941798149565348e-5,3.0639459358772214e-5,1.1810846411695473,10.040948875,7.495147709,0.7464581089205078,false,true,false,false
mixed_d20,20,16384,22,271849,0.0005142230481495653,7.887821390955077e-5,0.15339299588650196,10.08486825,7.490040625,0.7427008900190639,true,true,true,false
mixed_d20,20,16384,23,271850,0.00033111757939956535,5.810244042713658e-5,0.175473741178276,10.2801585,7.530954792,0.7325718559689522,true,true,true,false
mixed_d20,20,16384,24,271851,0.00040130429560043465,7.637358598853311e-6,0.019031340263692506,10.252764292,7.488736125,0.7304114199565956,true,true,true,false
mixed_d20,20,16384,25,271852,0.00034026913935043465,1.5517009105611712e-6,0.004560216402590402,10.070738416,7.525553541,0.7472692895134374,true,true,true,false
mixed_d20,20,16384,26,271853,0.0005752582043995653,6.688142509251455e-5,0.11626331372765568,10.067211875,7.490884583,0.7440873079866515,true,true,true,false
mixed_d20,20,16384,27,271854,0.0006362933606495653,6.360429050317196e-5,0.0999606383417878,10.245453458,7.495724709,0.7316147342553279,true,true,true,false
mixed_d20,20,16384,28,271855,9.612851435043465e-5,8.378850446843014e-5,0.8716300780742409,10.092513708,7.485802833,0.7417183716150173,true,true,true,false
mixed_d20,20,16384,29,271856,2.5941798149565348e-5,8.786329336670645e-5,3.386939211389192,10.233780125,7.476526,0.7305732494423707,false,true,false,false
mixed_d20,20,16384,3,271830,0.00027923398310043465,5.240780206827028e-5,0.18768418330164452,10.209747917,7.492713958,0.7338784482155595,true,true,true,false
mixed_d20,20,16384,30,271857,0.00020904726689956535,3.444453365744268e-5,0.16476911737856498,10.045427792,7.475303291,0.7441498207725109,true,true,true,false
mixed_d20,20,16384,4,271831,0.0006454449206004347,1.9319664306231832e-5,0.029932320620417043,10.0513205,7.476895292,0.7438719412041433,true,true,true,false
mixed_d20,20,16384,5,271832,0.0014907855481495653,2.8747190728754812e-5,0.019283250206199816,10.04670425,7.481438041,0.7446658978739222,true,true,true,false
mixed_d20,20,16384,6,271833,0.00046233945185043465,9.84348239033532e-5,0.21290595796959277,10.219993666,7.486029417,0.7324886552429689,true,true,true,false
mixed_d20,20,16384,7,271834,0.0006973285168995653,3.4810992117009776e-6,0.004992050557717766,10.07998525,7.541523083,0.748168067309424,true,true,true,false
mixed_d20,20,16384,8,271835,0.0006362933606495653,4.187759478802705e-5,0.0658149171087939,10.067996208,7.538601708,0.7487688267115008,true,true,true,false
mixed_d20,20,16384,9,271836,0.00034026913935043465,4.723391324453624e-6,0.013881339146625113,10.46826275,7.690288833,0.7346289462403874,true,true,true,false
mixed_d20,20,256,1,271828,0.004176332423149565,0.00012115278654780195,0.029009373362198748,0.14721025,0.1144525,0.7774764325174368,true,true,true,false
mixed_d20,20,256,10,271837,0.00027008242314956535,0.000335996118723942,1.2440502969638834,0.151133917,0.113406708,0.7503723204633146,false,true,false,false
mixed_d20,20,256,11,271838,0.00027008242314956535,0.00016204383634098665,0.5999792006133274,0.151758625,0.119286625,0.7860286359342014,true,true,true,false
mixed_d20,20,256,12,271839,0.007542417576850435,0.0003664547748171952,0.04858585076778784,0.152327959,0.113354417,0.744147152920233,true,true,true,false
mixed_d20,20,256,13,271840,0.007542417576850435,0.0006192143529044312,0.08209759624088633,0.157821042,0.114348583,0.7245458625219316,true,true,true,false
mixed_d20,20,256,14,271841,0.00027008242314956535,0.0003504495526001593,1.2975651969994675,0.154270833,0.114193625,0.7402152615588716,false,true,false,false
mixed_d20,20,256,15,271842,0.008082582423149565,0.001246926333064221,0.15427325918667553,0.1563225,0.114171792,0.7303605814901885,true,true,true,false
mixed_d20,20,256,16,271843,0.007542417576850435,0.0003082481865150401,0.040868618499873416,0.15252,0.11683075,0.7660028193023866,true,true,true,false
mixed_d20,20,256,17,271844,0.004176332423149565,0.0002897636832361501,0.06938233212231366,0.157968083,0.114329791,0.7237524747325065,true,true,true,false
mixed_d20,20,256,18,271845,0.004176332423149565,0.0010761519764956214,0.25767871602616477,0.154440458,0.11593075,0.7506501308096354,true,true,true,false
mixed_d20,20,256,19,271846,0.0036361675768504347,0.00029762692715088954,0.08185181811908877,0.154277167,0.114437625,0.7417664403961994,true,true,true,false
mixed_d20,20,256,2,271829,0.0036361675768504347,0.000711523399979045,0.19567948532101218,0.1473215,0.113404209,0.7697736515036842,true,true,true,false
mixed_d20,20,256,20,271847,0.00027008242314956535,0.0003399652784058099,1.258746402084615,0.152364167,0.119333584,0.7832129190848397,false,true,false,false
mixed_d20,20,256,21,271848,0.00027008242314956535,0.00024635768859243914,0.9121574285343701,0.157235833,0.113949459,0.7247041391640034,true,true,true,false
mixed_d20,20,256,22,271849,0.0036361675768504347,0.00010793670996702212,0.029684195704894997,0.155458542,0.115296333,0.7416532505495902,true,true,true,false
mixed_d20,20,256,23,271850,0.011988832423149565,6.721300701417049e-5,0.005606301317915417,0.153960916,0.11402725,0.7406246530775381,true,true,true,false
mixed_d20,20,256,24,271851,0.00027008242314956535,5.702876733572684e-5,0.21115319786710313,0.153438125,0.117576959,0.7662825585231832,true,true,true,false
mixed_d20,20,256,25,271852,0.00027008242314956535,0.0005404782021692436,2.001160223114332,0.157382,0.114374292,0.7267304520211969,false,true,false,false
mixed_d20,20,256,26,271853,0.00027008242314956535,0.00026184427568836863,0.9694976542155999,0.154428292,0.115950125,0.7508347304650628,true,true,true,false
mixed_d20,20,256,27,271854,0.0036361675768504347,0.00046430283162356145,0.12769016328607438,0.156094917,0.11356475,0.7275365026780469,true,true,true,false
mixed_d20,20,256,28,271855,0.00027008242314956535,0.0010844300612964167,4.015181916136337,0.156238292,0.120008416,0.7681114179102777,false,true,false,false
mixed_d20,20,256,29,271856,0.00027008242314956535,0.0012979299929312751,4.80568108726021,0.154225291,0.117165083,0.7597008392093098,false,true,false,false
mixed_d20,20,256,3,271830,0.00027008242314956535,0.0005956865891012172,2.2055733288920467,0.168133,0.118443458,0.7044628835505224,false,true,false,false
mixed_d20,20,256,30,271857,0.00027008242314956535,0.0008483085651671274,3.14092474169396,0.155577333,0.113000334,0.726329034063079,false,true,false,false
mixed_d20,20,256,4,271831,0.00027008242314956535,0.001349853710877976,4.9979324649736965,0.146991167,0.114384042,0.7781694936812088,false,true,false,false
mixed_d20,20,256,5,271832,0.011988832423149565,0.00020467291733867674,0.017071964150859945,0.158784417,0.113659666,0.7158112121292104,true,true,true,false
mixed_d20,20,256,6,271833,0.008082582423149565,0.0005206762339775052,0.06441953904314306,0.147315583,0.113401375,0.7697853322143117,true,true,true,false
mixed_d20,20,256,7,271834,0.004176332423149565,0.001261778307287291,0.3021259275945581,0.159119584,0.115025833,0.7228892265077816,true,true,true,false
mixed_d20,20,256,8,271835,0.007542417576850435,0.0005126144259444583,0.06796420653210718,0.154593583,0.116536625,0.7538257587315251,true,true,true,false
mixed_d20,20,256,9,271836,0.0036361675768504347,2.017278923185581e-5,0.005547816156847484,0.153225834,0.11386575,0.7431237084994428,true,true,true,false
mixed_d20,20,4096,1,271828,0.0019790667981495653,0.00015944770743356665,0.08056711758423254,2.440214542,1.817105042,0.7446497062961933,true,true,true,false
mixed_d20,20,4096,10,271837,0.0024154644518504347,0.00027090414400702395,0.1121540595637788,2.447564833,2.007534417,0.8202170540828325,true,true,true,false
mixed_d20,20,4096,11,271838,0.0024673480481495653,5.204053140550613e-5,0.02109168645442418,2.445500417,1.820399375,0.7443872682848126,true,true,true,false
mixed_d20,20,4096,12,271839,0.0016830425768504347,4.326345237993384e-6,0.002570550084412897,2.442434584,2.004465834,0.8206835291028617,true,true,true,false
mixed_d20,20,4096,13,271840,0.0012466449231495653,7.044239412928519e-5,0.05650557975346915,2.465042083,1.824173583,0.7400172173855744,true,true,true,false
mixed_d20,20,4096,14,271841,0.00021819882685043465,2.8010641279819365e-5,0.12837209843946312,2.437577042,2.003487167,0.8219174748036537,true,true,true,false
mixed_d20,20,4096,15,271842,0.0017349261731495653,0.00014555564515725608,0.08389731356292586,2.452307625,1.828205375,0.745504094332374,true,true,true,false
mixed_d20,20,4096,16,271843,0.0011947613268504347,0.00029212651183872784,0.2445061664397993,2.444021541,2.012551333,0.8234589177051775,true,true,true,false
mixed_d20,20,4096,17,271844,0.0007064800768504347,1.6339141736106122e-5,0.02312753362974905,2.470019667,1.823953458,0.7384368158555233,true,true,true,false
mixed_d20,20,4096,18,271845,0.0014389019518504347,9.237571624279642e-5,0.06419875664495472,2.447093625,2.021038167,0.8258932745166218,true,true,true,false
mixed_d20,20,4096,19,271846,0.0011947613268504347,0.00029520328466656545,0.24708138607462665,2.459642458,1.829158166,0.7436683165273285,true,true,true,false
mixed_d20,20,4096,2,271829,0.0014389019518504347,6.626413087458538e-5,0.04605187364529557,2.452592083,1.82717725,0.744998429484044,true,true,true,false
mixed_d20,20,4096,20,271847,0.0007583636731495653,0.00011873664939093115,0.15656953727464973,2.44079,2.017903541,0.8267419732955315,true,true,true,false
mixed_d20,20,4096,21,271848,0.0009506207018504347,0.00010416048009469214,0.10957102016812607,2.450970167,1.83810025,0.7499480306811911,true,true,true,false
mixed_d20,20,4096,22,271849,0.0009506207018504347,0.0001428903129264726,0.15031264588318863,2.435097333,2.012837291,0.8265941832067211,true,true,true,false
mixed_d20,20,4096,23,271850,0.0009506207018504347,7.074923436246189e-5,0.07442425167550494,2.461968125,1.830051541,0.7433286899276976,true,true,true,false
mixed_d20,20,4096,24,271851,0.00046233945185043465,5.1171171527267245e-5,0.11067879092399183,2.460636166,1.988113292,0.8079671913592446,true,true,true,false
mixed_d20,20,4096,25,271852,2.5941798149565348e-5,4.973042787047993e-5,1.9170000315229945,2.475118792,1.823183584,0.7366044772852259,false,true,false,false
mixed_d20,20,4096,26,271853,0.0011947613268504347,0.00012124384393641385,0.10147955178297437,2.444744375,1.997674333,0.8171301480139411,true,true,true,false
mixed_d20,20,4096,27,271854,0.0019790667981495653,0.0001166898191066329,0.05896204171366944,2.456933417,1.822076959,0.7416061609129069,true,true,true,false
mixed_d20,20,4096,28,271855,0.0022232074231495653,0.00013466197801530536,0.06057103651828084,2.428474125,2.014256125,0.8294328130838124,true,true,true,false
mixed_d20,20,4096,29,271856,0.0009506207018504347,1.881072403412537e-5,0.019787833357204694,2.470333875,1.825594584,0.7390072258957304,true,true,true,false
mixed_d20,20,4096,3,271830,0.00021819882685043465,0.00010312644683849875,0.4726260371197469,2.629192167,1.833299,0.6972860420818378,true,true,true,false
mixed_d20,20,4096,30,271857,0.0029037457018504347,0.00017384130926298771,0.0598679523321226,2.441114375,2.007277708,0.8222792543262132,true,true,true,false
mixed_d20,20,4096,4,271831,0.004124448826850435,4.4763298236438764e-5,0.010853158837861372,2.641010292,1.826118625,0.6914469930433729,true,true,true,false
mixed_d20,20,4096,5,271832,0.0014907855481495653,6.614199282295799e-5,0.0443672082178799,2.45609325,1.823731333,0.742533424982948,true,true,true,false
mixed_d20,20,4096,6,271833,0.0007583636731495653,9.799143168762181e-5,0.12921430068063905,2.623665041,1.835549042,0.6996125699416216,true,true,true,false
mixed_d20,20,4096,7,271834,0.0010025042981495653,5.416376811507098e-5,0.05402846473082173,2.46532875,1.832748916,0.7434095416280688,true,true,true,false
mixed_d20,20,4096,8,271835,0.0024673480481495653,0.00019718248325161988,0.07991676869402378,2.597860167,1.8448565,0.7101446503683199,true,true,true,false
mixed_d20,20,4096,9,271836,0.0016830425768504347,4.478945165739198e-5,0.026612191678007824,2.455533333,1.828491375,0.7446412355421281,true,true,true,false
mixed_d20,20,65536,1,271828,0.00023345761591293465,2.909479058113562e-5,0.12462557911148288,40.839277417,30.253657166,0.7407980522546277,true,true,true,false
mixed_d20,20,65536,10,271837,0.00013275332158706535,1.451392567033971e-7,0.001093300378237305,41.627954625,30.813773125,0.740218283664952,true,true,true,false
mixed_d20,20,65536,11,271838,0.00036163515752456535,3.40133279913557e-6,0.009405426237919146,40.957392708,30.214710083,0.7377107790628067,true,true,true,false
mixed_d20,20,65536,12,271839,0.0005844097643504347,2.4428626984991653e-5,0.04180051134522678,41.660845292,30.384561708,0.7293313780609885,true,true,true,false
mixed_d20,20,65536,13,271840,0.00045318789189956535,4.852308604873928e-6,0.010707057032206166,40.942026791,30.029393833,0.7334613400136104,true,true,true,false
mixed_d20,20,65536,14,271841,0.00025482363408706535,1.1052827673760368e-5,0.04337442134580013,41.430409375,30.48575975,0.7358305218291123,true,true,true,false
mixed_d20,20,65536,15,271842,1.0683009087065348e-5,2.7554726370043053e-5,2.579303840844379,41.155894292,30.270684167,0.7355127300170002,false,true,false,false
mixed_d20,20,65536,16,271843,4.120058721206535e-5,1.1768667354014606e-5,0.2856431946816579,41.509221,31.343038916,0.7550861750934811,true,true,true,false
mixed_d20,20,65536,17,271844,0.00020294003778793465,3.5070810087089316e-5,0.17281365702581125,40.876217208,30.154026375,0.7376912159351788,true,true,true,false
mixed_d20,20,65536,18,271845,0.00035552792841293465,1.9464080775605241e-7,0.0005474698109510631,41.502295042,30.6266785,0.7379514426613285,true,true,true,false
mixed_d20,20,65536,19,271846,0.00014801211064956535,1.0024037215030507e-5,0.06772443937890661,41.12948925,30.213028209,0.7345831120185865,true,true,true,false
mixed_d20,20,65536,2,271829,3.509335810043465e-5,3.474902511308581e-5,0.9901880866925477,41.396592333,30.470692833,0.7360676595766499,true,true,true,false
mixed_d20,20,65536,20,271847,0.00046844668096206535,1.1615849322292593e-5,0.02479652390414362,41.317586625,30.390860167,0.7355429648597004,true,true,true,false
mixed_d20,20,65536,21,271848,0.00038604550653793465,1.6983942369284966e-5,0.043994664052943826,40.954130375,30.070205041,0.734241083027758,true,true,true,false
mixed_d20,20,65536,22,271849,0.00014801211064956535,3.288869730139893e-5,0.22220274514743235,41.675194333,30.723056417,0.7372024752065119,true,true,true,false
mixed_d20,20,65536,23,271850,4.575779975434652e-6,2.3794002215356963e-5,5.199988273714315,40.942909958,30.274078209,0.7394217518993084,false,true,false,false
mixed_d20,20,65536,24,271851,0.00011138730341293465,1.6975857239968917e-5,0.1524038801535223,41.249950416,30.433080333,0.7377725312657744,true,true,true,false
mixed_d20,20,65536,25,271852,7.171816533706535e-5,2.1533631467986203e-5,0.3002535182931848,40.844575459,30.26385975,0.7409517520968978,true,true,true,false
mixed_d20,20,65536,26,271853,0.00040741152471206535,5.558105258152146e-6,0.01364248412481775,41.362265875,30.426616417,0.7356129015985636,true,true,true,false
mixed_d20,20,65536,27,271854,0.00014190488153793465,2.1871846283261914e-5,0.15413033044543314,41.623325875,31.4912505,0.7565769874942748,true,true,true,false
mixed_d20,20,65536,28,271855,0.00024871640497543465,1.4232610222628811e-5,0.057224251950869685,41.797536041,31.255009541,0.7477715794141876,true,true,true,false
mixed_d20,20,65536,29,271856,5.035214716293465e-5,1.5770709513050762e-5,0.313208282102018,41.633151292,30.111192542,0.7232503811880799,true,true,true,false
mixed_d20,20,65536,3,271830,0.00014801211064956535,7.801637592799726e-6,0.05270945437208814,41.56723,30.155345166,0.7254595787595179,true,true,true,false
mixed_d20,20,65536,30,271857,0.00022430605596206535,1.2010378478703038e-5,0.0535446019376946,41.396138458,30.625955916,0.7398263958140131,true,true,true,false
mixed_d20,20,65536,4,271831,0.00023345761591293465,1.0710718993431345e-5,0.04587864461627067,41.39994175,30.725919958,0.7421730239028657,true,true,true,false
mixed_d20,20,65536,5,271832,0.00012664609247543465,1.107266024055753e-5,0.08742993979624974,41.232054375,30.207879958,0.7326309691790612,true,true,true,false
mixed_d20,20,65536,6,271833,0.00046844668096206535,2.165822624529412e-6,0.0046234133201272475,41.453515209,30.466029583,0.7349444173647667,true,true,true,false
mixed_d20,20,65536,7,271834,0.00020904726689956535,1.0681156469023734e-5,0.05109445642336662,41.035538666,30.102237417,0.7335650608125491,true,true,true,false
mixed_d20,20,65536,8,271835,1.0683009087065348e-5,2.5676131086907472e-5,2.403454951470118,41.430646208,30.685575041,0.7406492017272664,false,true,false,false
mixed_d20,20,65536,9,271836,2.5941798149565348e-5,6.583078800831421e-7,0.025376339615616507,40.931736833,30.108963792,0.7355896944916722,true,true,true,false
mixed_d5,5,1024,1,271828,0.00047002341027409245,1.0846112083337522e-5,0.023075684840916013,0.0217745,0.012676292,0.5821622540127214,true,true,true,true
mixed_d5,5,1024,10,271837,0.00047002341027409245,1.2238684421739254e-6,0.002603845713685263,0.025119208,0.012910833,0.5139824870274572,true,true,true,true
mixed_d5,5,1024,11,271838,0.0014465859102740924,2.7426338044964083e-5,0.01895935654438074,0.021656,0.012652084,0.5842299593646102,true,true,true,true
mixed_d5,5,1024,12,271839,0.0005065390897259076,1.5367731719048705e-5,0.03033868862394077,0.021772375,0.012613125,0.579317828211208,true,true,true,true
mixed_d5,5,1024,13,271840,0.0033997109102740924,1.4225833000480748e-7,4.184424316046869e-5,0.021638167,0.012656459,0.5849136389417828,true,true,true,true
mixed_d5,5,1024,14,271841,0.0033997109102740924,3.1141321779892817e-6,0.0009159991129181667,0.021574792,0.012644667,0.5860852331739745,true,true,true,true
mixed_d5,5,1024,15,271842,0.0005065390897259076,1.137409900756059e-5,0.022454533595255614,0.02163825,0.012643,0.5842893949372061,true,true,true,true
mixed_d5,5,1024,16,271843,0.0033997109102740924,1.372352528790366e-5,0.004036674190864434,0.025469709,0.012644583,0.4964557310018736,true,true,true,true
mixed_d5,5,1024,17,271844,0.0034362265897259076,2.224567867192828e-6,0.0006473868381800374,0.021834,0.012964166,0.5937604653293029,true,true,true,true
mixed_d5,5,1024,18,271845,0.0005065390897259076,4.0421576212867905e-6,0.007979951998322648,0.025273292,0.012937042,0.5118859070674291,true,true,true,true
mixed_d5,5,1024,19,271846,0.0014831015897259076,1.098252942748068e-5,0.007405109335436938,0.021597916,0.012931708,0.598747953274751,true,true,true,true
mixed_d5,5,1024,2,271829,0.0014831015897259076,3.926614526250649e-6,0.0026475694945322847,0.021635458,0.0126045,0.5825853097262835,true,true,true,true
mixed_d5,5,1024,20,271847,0.0005065390897259076,1.0787323883904021e-5,0.021296133117270633,0.021736541,0.01260275,0.5797955617685444,true,true,true,true
mixed_d5,5,1024,21,271848,0.00047002341027409245,1.949351385084619e-5,0.04147349562754463,0.021793083,0.012861084,0.5901452309432309,true,true,true,true
mixed_d5,5,1024,22,271849,0.00047002341027409245,1.7504565910111958e-5,0.03724190227015338,0.021753417,0.01280525,0.5886546467619317,true,true,true,true
mixed_d5,5,1024,23,271850,0.0014831015897259076,7.976335653595013e-6,0.005378145171477513,0.021831583,0.012844041,0.5883238517335183,true,true,true,true
mixed_d5,5,1024,24,271851,0.0024596640897259076,8.808384170860828e-6,0.0035811329716336953,0.021525167,0.015079042,0.700530778692681,true,true,true,true
mixed_d5,5,1024,25,271852,0.0033997109102740924,2.901659688803182e-6,0.0008535018904208075,0.021562375,0.012705583,0.5892478449150429,true,true,true,true
mixed_d5,5,1024,26,271853,0.0043762734102740924,7.851665559999166e-6,0.0017941442007635908,0.021625375,0.0128985,0.596452084645931,true,true,true,true
mixed_d5,5,1024,27,271854,0.00047002341027409245,6.1799472370616115e-6,0.013148169010258016,0.021584708,0.012636417,0.585433770982679,true,true,true,true
mixed_d5,5,1024,28,271855,0.0034362265897259076,1.4665365180840939e-5,0.004267869070302121,0.024054208,0.012614,0.5243988910381085,true,true,true,true
mixed_d5,5,1024,29,271856,0.0005065390897259076,9.280188677490697e-6,0.018320774972198656,0.02163525,0.012601334,0.5824445754035659,true,true,true,true
mixed_d5,5,1024,3,271830,0.0024231484102740924,1.6632199705574058e-5,0.006863879915507412,0.021864375,0.012718334,0.5816920904439299,true,true,true,true
mixed_d5,5,1024,30,271857,0.0044127890897259076,7.165875743148087e-6,0.0016238881119045691,0.021607,0.012613792,0.5837826630258712,true,true,true,true
mixed_d5,5,1024,4,271831,0.0043762734102740924,9.725241140193241e-6,0.0022222654364696414,0.022093708,0.012777833,0.5783471475227246,true,true,true,true
mixed_d5,5,1024,5,271832,0.0024231484102740924,1.5325332971771743e-5,0.0063245540004040575,0.021894375,0.012756416,0.582634398104536,true,true,true,true
mixed_d5,5,1024,6,271833,0.0005065390897259076,4.886569720849443e-6,0.009646974577013604,0.022022417,0.012756333,0.5792430957964333,true,true,true,true
mixed_d5,5,1024,7,271834,0.0033997109102740924,5.478234034322904e-7,0.0001611382314233664,0.022168125,0.012936042,0.5835424511545293,true,true,true,true
mixed_d5,5,1024,8,271835,0.0034362265897259076,5.975249145209749e-6,0.0017388984658565161,0.022376917,0.012890042,0.5760419096160566,true,true,true,true
mixed_d5,5,1024,9,271836,0.0014831015897259076,7.83675835451525e-6,0.0052840334126831884,0.02266225,0.012935333,0.5707876755397192,true,true,true,true
mixed_d5,5,16384,1,271828,0.00014032815222590755,8.68997458991494e-8,0.0006192609574111235,0.362693584,0.208433291,0.5746814947793507,true,true,true,true
mixed_d5,5,16384,10,271837,0.00034795309777409245,2.3519397229776473e-7,0.0006759358482575251,0.35641975,0.2122395,0.5954762607852119,true,true,true,true
mixed_d5,5,16384,11,271838,0.00034795309777409245,8.110072839684346e-8,0.0002330794837455302,0.35661375,0.211632125,0.5934491449081815,true,true,true,true
mixed_d5,5,16384,12,271839,0.00028691794152409245,4.775536896484134e-9,1.6644260275661892e-5,0.511979875,0.228413792,0.44613822369482786,true,true,true,true
mixed_d5,5,16384,13,271840,0.00032343362097590755,6.559688692231447e-7,0.0020281406343714884,0.358082541,0.212375583,0.5930911415197985,true,true,true,true
mixed_d5,5,16384,14,271841,0.00040898825402409245,1.3515670717334505e-7,0.00033046598733220173,0.380836792,0.207766417,0.5455523766726824,true,true,true,true
mixed_d5,5,16384,15,271842,0.00016484762902409245,2.676038863835828e-7,0.0016233408267247358,0.513115792,0.212584,0.4143002482371464,true,true,true,true
mixed_d5,5,16384,16,271843,1.8257839725907554e-5,1.5307924608465306e-8,0.0008384302216621844,0.354579416,0.208072542,0.586815062045226,true,true,true,true
mixed_d5,5,16384,17,271844,0.00028691794152409245,4.1332811431815664e-7,0.0014405795333766172,0.381599166,0.368926166,0.9667897597029864,true,true,true,true
mixed_d5,5,16384,18,271845,0.00040898825402409245,6.392409868105631e-8,0.00015629812849659664,0.355916833,0.206923792,0.5813824264951245,true,true,true,true
mixed_d5,5,16384,19,271846,0.00032343362097590755,3.238283405315734e-8,0.00010012204036008218,0.358737417,0.210180333,0.5858890738458988,true,true,true,true
mixed_d5,5,16384,2,271829,4.2777316524092446e-5,2.5628287690648843e-7,0.005991092890601222,0.363853959,0.210255166,0.5778559248822135,true,true,true,true
mixed_d5,5,16384,20,271847,0.0007141640352740924,1.542676440896562e-7,0.000216011499417566,0.5388955,0.207594917,0.3852229550998292,true,true,true,true
mixed_d5,5,16384,21,271848,4.2777316524092446e-5,5.549998946530188e-8,0.0012974163405982688,0.357674083,0.214795292,0.6005335645188472,true,true,true,true
mixed_d5,5,16384,22,271849,0.00014032815222590755,1.7447965781902663e-7,0.0012433688825185998,0.356642125,0.211301542,0.5924749971697819,true,true,true,true
mixed_d5,5,16384,23,271850,0.00040898825402409245,3.4316703384495995e-7,0.0008390632994187282,0.385388875,0.367696042,0.9540909607211676,true,true,true,true
mixed_d5,5,16384,24,271851,0.00026239846472590755,7.886599162620911e-8,0.00030055812905990066,0.3561355,0.207725834,0.5832775277948983,true,true,true,true
mixed_d5,5,16384,25,271852,0.00040898825402409245,5.150465876568866e-7,0.0012593187764911864,0.358827292,0.210635041,0.5870095327085655,true,true,true,true
mixed_d5,5,16384,26,271853,0.00022588278527409245,1.6563899724042486e-7,0.0007332962405233045,0.537593,0.207426042,0.3858421556828307,true,true,true,true
mixed_d5,5,16384,27,271854,0.00014032815222590755,1.9090658862075394e-7,0.0013604297184318553,0.359526458,0.207769041,0.5778963866965251,true,true,true,true
mixed_d5,5,16384,28,271855,0.0005310585665240924,7.349908598408561e-8,0.00013840109286844765,0.358887875,0.206460666,0.5752790227309852,true,true,true,true
mixed_d5,5,16384,29,271856,0.00038446877722590755,9.250072087463312e-8,0.00024059358354678882,0.361329,0.236369667,0.6541674401999286,true,true,true,true
mixed_d5,5,16384,3,271830,0.00034795309777409245,1.1924745402236425e-7,0.0003427112871970616,0.358978542,0.21119675,0.5883269479655973,true,true,true,true
mixed_d5,5,16384,30,271857,0.00016484762902409245,8.420509380602237e-7,0.005108056106388756,0.35470275,0.364109083,1.0265189176007234,true,false,false,true
mixed_d5,5,16384,4,271831,0.00026239846472590755,7.551194768085079e-7,0.0028777587460249807,0.359154583,0.394395708,1.0981224427254488,true,false,false,true
mixed_d5,5,16384,5,271832,0.0005675742459759076,4.706148054589576e-9,8.291687101654262e-6,0.360495792,0.208015583,0.5770263831540092,true,true,true,true
mixed_d5,5,16384,6,271833,0.00010381247277409245,3.412274830749684e-7,0.003286960361858614,0.543353084,0.210025,0.3865350288505954,true,true,true,true
mixed_d5,5,16384,7,271834,0.00010381247277409245,1.391860485200347e-7,0.001340744949047877,0.363839292,0.210896333,0.5796414451026362,true,true,true,true
mixed_d5,5,16384,8,271835,0.00040898825402409245,1.1714089626080337e-7,0.00028641628484006023,0.355902667,0.210400125,0.5911732181540522,true,true,true,true
mixed_d5,5,16384,9,271836,0.00026239846472590755,1.350877657652072e-7,0.0005148191926592073,0.542133625,0.207366375,0.3825004859272472,true,true,true,true
mixed_d5,5,256,1,271828,0.00047002341027409245,6.725707228275035e-6,0.014309302645910687,0.005681542,0.0033085,0.5823243056198475,true,true,true,true
mixed_d5,5,256,10,271837,0.0043762734102740924,9.600274842214152e-5,0.021937100227046535,0.005569791,0.003248958,0.5833177582426342,true,true,true,true
mixed_d5,5,256,11,271838,0.00047002341027409245,1.482257366267059e-5,0.03153582000102263,0.00564325,0.003405417,0.6034496079386878,true,true,true,true
mixed_d5,5,256,12,271839,0.00047002341027409245,5.1786510604001634e-5,0.11017857721980809,0.005631833,0.003303042,0.5864950185845355,true,true,true,true
mixed_d5,5,256,13,271840,0.00047002341027409245,5.0241195930653126e-5,0.1068908374188323,0.005575833,0.003296125,0.5911448567415847,true,true,true,true
mixed_d5,5,256,14,271841,0.0034362265897259076,2.7138486164077213e-5,0.007897758036451819,0.005697334,0.00329325,0.5780335153248871,true,true,true,true
mixed_d5,5,256,15,271842,0.012188773410274092,9.644041808372361e-5,0.007912233236072187,0.0056405,0.003335541,0.591355553585675,true,true,true,true
mixed_d5,5,256,16,271843,0.00047002341027409245,6.60754764933158e-5,0.14057911808006354,0.005573667,0.003240291,0.5813571209044244,true,true,true,true
mixed_d5,5,256,17,271844,0.008282523410274092,9.203463915975763e-5,0.011111908122782104,0.005540625,0.003277084,0.5914646813310772,true,true,true,true
mixed_d5,5,256,18,271845,0.0073424765897259076,1.1609117519420509e-5,0.0015810901645454036,0.005555458,0.00324725,0.5845152640880374,true,true,true,true
mixed_d5,5,256,19,271846,0.0043762734102740924,0.00013247017998661847,0.030270087713354654,0.005692541,0.003238292,0.5688658193239188,true,true,true,true
mixed_d5,5,256,2,271829,0.0073424765897259076,5.061176485698926e-5,0.006893010040755007,0.005542,0.003184834,0.5746723204619271,true,true,true,true
mixed_d5,5,256,20,271847,0.0034362265897259076,8.801253098099371e-5,0.02561313367521962,0.0056755,0.003221791,0.5676664611047485,true,true,true,true
mixed_d5,5,256,21,271848,0.0043762734102740924,1.4109775762188859e-5,0.0032241531639827644,0.005690875,0.003230208,0.5676118347354318,true,true,true,true
mixed_d5,5,256,22,271849,0.008282523410274092,0.00016103142993073583,0.01944231509578152,0.005647375,0.003218,0.5698222625556122,true,true,true,true
mixed_d5,5,256,23,271850,0.0043762734102740924,9.879844254552517e-5,0.02257593008553304,0.005687416,0.003243375,0.57027215874485,true,true,true,true
mixed_d5,5,256,24,271851,0.0034362265897259076,0.00011816588420736351,0.034388268969418885,0.005699042,0.003223708,0.5656578772362092,true,true,true,true
mixed_d5,5,256,25,271852,0.0043762734102740924,6.103783192573653e-6,0.0013947444824274277,0.0056895,0.003222166,0.5663355303629493,true,true,true,true
mixed_d5,5,256,26,271853,0.0034362265897259076,5.043756274612787e-5,0.014678183009506091,0.005671917,0.003258208,0.574445641570566,true,true,true,true
mixed_d5,5,256,27,271854,0.0043762734102740924,3.115072243443928e-5,0.007118093298583067,0.005598584,0.003269625,0.5840092780603096,true,true,true,true
mixed_d5,5,256,28,271855,0.00047002341027409245,3.0250394411360237e-5,0.06435933562058074,0.005665,0.003229541,0.5700866725507502,true,true,true,true
mixed_d5,5,256,29,271856,0.00047002341027409245,0.00011232674508664109,0.238981171216851,0.005682583,0.003249417,0.5718204203968512,true,true,true,true
mixed_d5,5,256,3,271830,0.00047002341027409245,3.109323091972371e-5,0.06615251547064817,0.005489416,0.003179458,0.5791978600273691,true,true,true,true
mixed_d5,5,256,30,271857,0.00047002341027409245,1.0553574834593071e-6,0.002245329616335236,0.00567875,0.003268,0.5754787585296061,true,true,true,true
mixed_d5,5,256,4,271831,0.00047002341027409245,9.208176309991045e-5,0.19590888684930247,0.005480875,0.003167333,0.5778882021575023,true,true,true,true
mixed_d5,5,256,5,271832,0.0043762734102740924,3.854919928016065e-5,0.008808681649016591,0.005505625,0.003198708,0.5809890793506641,true,true,true,true
mixed_d5,5,256,6,271833,0.0034362265897259076,3.572367633872253e-5,0.01039619344240394,0.005560291,0.003231375,0.5811521375410028,true,true,true,true
mixed_d5,5,256,7,271834,0.0073424765897259076,9.463776904874988e-6,0.0012889080120619448,0.0055345,0.003187875,0.5760005420543861,true,true,true,true
mixed_d5,5,256,8,271835,0.0073424765897259076,2.966112969812751e-5,0.0040396628216195305,0.00549075,0.003191291,0.5812122205527478,true,true,true,true
mixed_d5,5,256,9,271836,0.008282523410274092,4.7239326346953936e-5,0.005703494455367999,0.005560667,0.003281834,0.5901871124453235,true,true,true,true
mixed_d5,5,4096,1,271828,0.0007506797147259076,2.4691452084613097e-6,0.0032892126429216995,0.087765667,0.051150458,0.5828071471273613,true,true,true,true
mixed_d5,5,4096,10,271837,0.00047002341027409245,1.5352835467247195e-6,0.003266398041385693,0.092529125,0.053372,0.5768129764547109,true,true,true,true
mixed_d5,5,4096,11,271838,1.8257839725907554e-5,4.257928701859037e-6,0.23321098036681256,0.090177375,0.053185208,0.5897843888225843,true,true,true,true
mixed_d5,5,4096,12,271839,0.00047002341027409245,1.9405652386950134e-6,0.004128656565347202,0.08968875,0.052407375,0.5843249571434544,true,true,true,true
mixed_d5,5,4096,13,271840,0.0005065390897259076,5.678034275535815e-7,0.0011209469102588401,0.088143459,0.052840958,0.599488136720389,true,true,true,true
mixed_d5,5,4096,14,271841,0.0012024452852740924,2.60600331286609e-7,0.00021672531339104233,0.089261792,0.051493625,0.5768831640753974,true,true,true,true
mixed_d5,5,4096,15,271842,0.0012389609647259076,1.1674066463657207e-6,0.0009422465110706562,0.280067041,0.050969542,0.1819905041950295,true,true,true,true
mixed_d5,5,4096,16,271843,0.0005065390897259076,1.6712545811148338e-6,0.003299359546010878,0.089448459,0.05333175,0.5962288293865409,true,true,true,true
mixed_d5,5,4096,17,271844,0.00022588278527409245,1.5134516438003454e-6,0.0067001637241363085,0.089595333,0.052261792,0.583309311434782,true,true,true,true
mixed_d5,5,4096,18,271845,1.8257839725907554e-5,1.863836799620433e-6,0.1020841910982317,0.0873595,0.055211,0.6319976648217995,true,true,true,true
mixed_d5,5,4096,19,271846,0.0005065390897259076,2.326064725180488e-6,0.0045920734892131235,0.087669542,0.051049958,0.5822998139992565,true,true,true,true
mixed_d5,5,4096,2,271829,0.0009583046602740924,1.7404679760052444e-6,0.0018161948367311906,0.087513709,0.050826375,0.5807818635592282,true,true,true,true
mixed_d5,5,4096,20,271847,1.8257839725907554e-5,4.056007584893329e-6,0.22215156041368492,0.091024334,0.051041208,0.5607424493762294,true,true,true,true
mixed_d5,5,4096,21,271848,1.8257839725907554e-5,5.991369650543144e-7,0.03281532613106191,0.08727625,0.051050875,0.5849343320777417,true,true,true,true
mixed_d5,5,4096,22,271849,0.00022588278527409245,3.855579631811823e-7,0.0017068939658829493,0.086880708,0.052752083,0.6071783277825038,true,true,true,true
mixed_d5,5,4096,23,271850,0.0009948203397259076,2.4238815454630247e-6,0.00243650179702885,0.0884595,0.051237958,0.5792250464902018,true,true,true,true
mixed_d5,5,4096,24,271851,0.0007141640352740924,6.6137645504532605e-6,0.009260847961792044,0.089392459,0.051026417,0.5708134396437176,true,true,true,true
mixed_d5,5,4096,25,271852,0.0012389609647259076,2.3115210570218148e-6,0.001865693208125558,0.089478875,0.054004875,0.6035488823479285,true,true,true,true
mixed_d5,5,4096,26,271853,0.0012024452852740924,1.2120324788256198e-7,0.00010079730809118205,0.08806625,0.05124125,0.5818488921692476,true,true,true,true
mixed_d5,5,4096,27,271854,1.8257839725907554e-5,1.7145783242633605e-6,0.09390915628591065,0.089745709,0.052988333,0.5904274821651918,true,true,true,true
mixed_d5,5,4096,28,271855,1.8257839725907554e-5,1.3067854160997427e-6,0.07157393403149646,0.088149834,0.05167,0.586161058454177,true,true,true,true
mixed_d5,5,4096,29,271856,0.00026239846472590755,2.940147398086679e-6,0.011204895581831456,0.089627041,0.053092125,0.5923672633574949,true,true,true,true
mixed_d5,5,4096,3,271830,0.0007506797147259076,2.4668802850597027e-6,0.003286195479466798,0.096604833,0.051343125,0.5314757389001439,true,true,true,true
mixed_d5,5,4096,30,271857,0.00026239846472590755,3.946780344252221e-6,0.015041171633282582,0.087642791,0.243147958,2.7743064229891994,true,false,false,true
mixed_d5,5,4096,4,271831,0.00022588278527409245,2.402703533077588e-7,0.0010636948407387844,0.088125458,0.050977334,0.5784631950508557,true,true,true,true
mixed_d5,5,4096,5,271832,0.0007506797147259076,5.940319676309147e-6,0.007913254560872355,0.088035083,0.057971042,0.6584993166871893,true,true,true,true
mixed_d5,5,4096,6,271833,1.8257839725907554e-5,8.792770544024942e-7,0.048158876822366636,0.087400417,0.05134525,0.5874714533684663,true,true,true,true
mixed_d5,5,4096,7,271834,0.0005065390897259076,7.481904989586896e-7,0.0014770636938672228,0.089994959,0.051145791,0.568318398811649,true,true,true,true
mixed_d5,5,4096,8,271835,0.0012024452852740924,1.978108923980648e-6,0.0016450718782848788,0.089498667,0.051142875,0.5714372818535944,true,true,true,true
mixed_d5,5,4096,9,271836,0.0009583046602740924,2.7605188536033998e-6,0.002880627600009627,0.089551625,0.051086375,0.570468430919037,true,true,true,true
mixed_d5,5,65536,1,271828,0.00018010641808659245,3.6701020625362624e-8,0.00020377408542830122,1.736161708,0.919826125,0.5298044074820708,true,true,true,true
mixed_d5,5,65536,10,271837,4.2777316524092446e-5,2.209559891996893e-8,0.0005165260637030504,1.712814291,1.059003833,0.6182829268558456,true,true,true,true
mixed_d5,5,65536,11,271838,1.8257839725907554e-5,2.0132580894061114e-8,0.0011026814341837678,1.695066792,0.900468125,0.5312286980370505,true,true,true,true
mixed_d5,5,65536,12,271839,0.00014958883996159245,4.1779980766709635e-8,0.00027929878176364507,1.852952,1.088572667,0.5874802299250061,true,true,true,true
mixed_d5,5,65536,13,271840,0.00014958883996159245,1.2780327185435425e-8,8.543636803866402e-5,1.702101209,1.046931292,0.6150816922426614,true,true,true,true
mixed_d5,5,65536,14,271841,3.3516628788407554e-5,3.08707682056264e-8,0.0009210582723135841,1.651313416,1.068813125,0.6472503127776925,true,true,true,true
mixed_d5,5,65536,15,271842,0.00012506936316340755,6.81172752786674e-8,0.00054463598083305,1.709510125,1.058712333,0.6193074363920482,true,true,true,true
mixed_d5,5,65536,16,271843,9.455178503840755e-5,7.037264092291107e-8,0.0007442761751597311,1.649610125,1.01525275,0.6154501203731396,true,true,true,true
mixed_d5,5,65536,17,271844,7.329489464909245e-5,4.6970481018537846e-8,0.0006408424658144924,1.706049041,1.058082458,0.6201946324941546,true,true,true,true
mixed_d5,5,65536,18,271845,0.00014032815222590755,4.752094691362618e-8,0.000338641578042904,1.855011,0.898072667,0.4841333377537923,true,true,true,true
mixed_d5,5,65536,19,271846,2.9990506634075542e-6,6.860166323896522e-10,0.0002287445960016536,1.700567791,1.081198875,0.6357869887469837,true,true,true,true
mixed_d5,5,65536,2,271829,5.8036105586592446e-5,1.2856543149530886e-8,0.00022152663449046133,1.698302625,1.043397208,0.6143764913511808,true,true,true,true
mixed_d5,5,65536,20,271847,0.00027165915246159245,1.6313204259654768e-8,6.0050265606129914e-5,1.695521667,1.088804667,0.6421649974703626,true,true,true,true
mixed_d5,5,65536,21,271848,0.00017084573035090755,2.4259740924459372e-8,0.00014199793506475828,1.699037833,1.069352084,0.6293868583913987,true,true,true,true
mixed_d5,5,65536,22,271849,3.3516628788407554e-5,7.69399772782009e-8,0.0022955762575027306,1.730252792,0.890763209,0.514816801983233,true,true,true,true
mixed_d5,5,65536,23,271850,9.455178503840755e-5,4.500751112079815e-8,0.00047600911080119537,1.884357708,0.87378375,0.4637037576731689,true,true,true,true
mixed_d5,5,65536,24,271851,4.8775417850907554e-5,5.363216591669495e-8,0.0010995736844455763,1.724686041,1.065720125,0.6179212330042856,true,true,true,true
mixed_d5,5,65536,25,271852,1.8257839725907554e-5,4.346368238927756e-8,0.0023805490157525785,1.695501167,0.899709334,0.5306450691460951,true,true,true,true
mixed_d5,5,65536,26,271853,0.00020136330847590755,7.346958702525441e-8,0.0003648608457088636,1.70726175,1.038447083,0.6082530010409944,true,true,true,true
mixed_d5,5,65536,27,271854,0.00020136330847590755,2.2190729948023957e-8,0.00011020245006889625,1.869739125,0.91295225,0.4882778767332047,true,true,true,true
mixed_d5,5,65536,28,271855,0.00023188088660090755,4.8398756391510034e-8,0.00020872249153855272,1.678913208,1.036056167,0.6170993009425416,true,true,true,true
mixed_d5,5,65536,29,271856,0.00012506936316340755,3.83216514909801e-8,0.0003064031871731169,1.828125792,0.885864167,0.4845750609047805,true,true,true,true
mixed_d5,5,65536,3,271830,8.855368371159245e-5,2.55421419986801e-8,0.0002884368094936339,1.710799541,1.055718542,0.617090732548893,true,true,true,true
mixed_d5,5,65536,30,271857,7.329489464909245e-5,9.632155018035604e-9,0.00013141645218470714,1.710263,1.072359084,0.6270141399305252,true,true,true,true
mixed_d5,5,65536,4,271831,0.00026239846472590755,5.1859080446581274e-8,0.00019763484706647005,1.862266417,0.911632875,0.4895287090386273,true,true,true,true
mixed_d5,5,65536,5,271832,8.855368371159245e-5,3.713349522316278e-8,0.0004193331509968759,1.526699416,1.065689917,0.6980351900521065,true,true,true,true
mixed_d5,5,65536,6,271833,0.00010381247277409245,6.933504544115454e-8,0.000667887428055349,1.711168167,0.887706125,0.5187719957158367,true,true,true,true
mixed_d5,5,65536,7,271834,9.455178503840755e-5,9.259200779709875e-8,0.0009792729746930455,1.821393291,1.069640167,0.5872648001315165,true,true,true,true
mixed_d5,5,65536,8,271835,1.2259738399092446e-5,5.79141224005264e-8,0.0047239280737681666,1.70350275,0.888357708,0.5214888605257608,true,true,true,true
mixed_d5,5,65536,9,271836,4.8775417850907554e-5,5.4068188967693054e-8,0.001108513086099313,1.869933667,0.879591291,0.47038635996706724,true,true,true,true
