case_id,order_index,order,N,rep,seed,estimate,error,abs_error
gaussian_rectangle_d5,1,2-3-4,1024,1,830002,0.12537598482936077,-0.0007843464958274815,0.0007843464958274815
gaussian_rectangle_d5,2,3-2-4,1024,1,830002,0.1252311564521424,-0.0009291748730458627,0.0009291748730458627
gaussian_rectangle_d5,3,3-4-2,1024,1,830002,0.1258170552043647,-0.0003432761208235491,0.0003432761208235491
gaussian_rectangle_d5,4,4-3-2,1024,1,830002,0.12569090666972207,-0.0004694246554661774,0.0004694246554661774
gaussian_rectangle_d5,1,2-3-4,1024,2,830003,0.12668516111757971,0.0005248297923914624,0.0005248297923914624
gaussian_rectangle_d5,2,3-2-4,1024,2,830003,0.12735423530487014,0.0011939039796818873,0.0011939039796818873
gaussian_rectangle_d5,3,3-4-2,1024,2,830003,0.12693252013187178,0.0007721888066835325,0.0007721888066835325
gaussian_rectangle_d5,4,4-3-2,1024,2,830003,0.12756972987607496,0.0014093985508867035,0.0014093985508867035
gaussian_rectangle_d5,1,2-3-4,1024,3,830004,0.12625553158430922,9.520025912096441e-5,9.520025912096441e-5
gaussian_rectangle_d5,2,3-2-4,1024,3,830004,0.12679520893640078,0.0006348776112125309,0.0006348776112125309
gaussian_rectangle_d5,3,3-4-2,1024,3,830004,0.12539798232984276,-0.0007623489953454965,0.0007623489953454965
gaussian_rectangle_d5,4,4-3-2,1024,3,830004,0.1262569639226581,9.663259746983677e-5,9.663259746983677e-5
gaussian_rectangle_d5,1,2-3-4,1024,4,830005,0.1268244953035757,0.0006641639783874498,0.0006641639783874498
gaussian_rectangle_d5,2,3-2-4,1024,4,830005,0.1270633506930544,0.0009030193678661591,0.0009030193678661591
gaussian_rectangle_d5,3,3-4-2,1024,4,830005,0.12679854537216273,0.0006382140469744779,0.0006382140469744779
gaussian_rectangle_d5,4,4-3-2,1024,4,830005,0.12741254915854133,0.001252217833353081,0.001252217833353081
gaussian_rectangle_d5,1,2-3-4,1024,5,830006,0.1256903995125143,-0.00046993181267396267,0.00046993181267396267
gaussian_rectangle_d5,2,3-2-4,1024,5,830006,0.1247682366325873,-0.0013920946926009453,0.0013920946926009453
gaussian_rectangle_d5,3,3-4-2,1024,5,830006,0.12437049407360305,-0.0017898372515851996,0.0017898372515851996
gaussian_rectangle_d5,4,4-3-2,1024,5,830006,0.12341640853171981,-0.0027439227934684396,0.0027439227934684396
gaussian_rectangle_d5,1,2-3-4,1024,6,830007,0.1261495535283904,-1.0777796797839523e-5,1.0777796797839523e-5
gaussian_rectangle_d5,2,3-2-4,1024,6,830007,0.12580127099503097,-0.0003590603301572848,0.0003590603301572848
gaussian_rectangle_d5,3,3-4-2,1024,6,830007,0.12611951887889272,-4.081244629552949e-5,4.081244629552949e-5
gaussian_rectangle_d5,4,4-3-2,1024,6,830007,0.12596129812004156,-0.00019903320514669254,0.00019903320514669254
gaussian_rectangle_d5,1,2-3-4,1024,7,830008,0.1259233651014936,-0.00023696622369465126,0.00023696622369465126
gaussian_rectangle_d5,2,3-2-4,1024,7,830008,0.12673103505329025,0.0005707037281020011,0.0005707037281020011
gaussian_rectangle_d5,3,3-4-2,1024,7,830008,0.12621044294827963,5.011162309137562e-5,5.011162309137562e-5
gaussian_rectangle_d5,4,4-3-2,1024,7,830008,0.12702566519627984,0.0008653338710915837,0.0008653338710915837
gaussian_rectangle_d5,1,2-3-4,1024,8,830009,0.1278209209905864,0.0016605896653981433,0.0016605896653981433
gaussian_rectangle_d5,2,3-2-4,1024,8,830009,0.12854905982063194,0.0023887284954436927,0.0023887284954436927
gaussian_rectangle_d5,3,3-4-2,1024,8,830009,0.12749800508262207,0.0013376737574338216,0.0013376737574338216
gaussian_rectangle_d5,4,4-3-2,1024,8,830009,0.12824927950462606,0.002088948179437805,0.002088948179437805
gaussian_rectangle_d5,1,2-3-4,1024,9,830010,0.1267586275297216,0.0005982962045333606,0.0005982962045333606
gaussian_rectangle_d5,2,3-2-4,1024,9,830010,0.12665404326292304,0.0004937119377347865,0.0004937119377347865
gaussian_rectangle_d5,3,3-4-2,1024,9,830010,0.12776165322655164,0.0016013219013633895,0.0016013219013633895
gaussian_rectangle_d5,4,4-3-2,1024,9,830010,0.12763740498855644,0.0014770736633681891,0.0014770736633681891
gaussian_rectangle_d5,1,2-3-4,1024,10,830011,0.12613803125706666,-2.2300068121594574e-5,2.2300068121594574e-5
gaussian_rectangle_d5,2,3-2-4,1024,10,830011,0.12699242606906805,0.0008320947438797965,0.0008320947438797965
gaussian_rectangle_d5,3,3-4-2,1024,10,830011,0.12693865338670465,0.000778322061516401,0.000778322061516401
gaussian_rectangle_d5,4,4-3-2,1024,10,830011,0.1280081518366351,0.001847820511446857,0.001847820511446857
gaussian_rectangle_d5,1,2-3-4,1024,11,830012,0.12715976746504654,0.000999436139858284,0.000999436139858284
gaussian_rectangle_d5,2,3-2-4,1024,11,830012,0.12763631447970042,0.001475983154512167,0.001475983154512167
gaussian_rectangle_d5,3,3-4-2,1024,11,830012,0.12765715355833862,0.0014968222331503689,0.0014968222331503689
gaussian_rectangle_d5,4,4-3-2,1024,11,830012,0.12835400181663204,0.0021936704914437832,0.0021936704914437832
gaussian_rectangle_d5,1,2-3-4,1024,12,830013,0.12553982569749153,-0.0006205056276967214,0.0006205056276967214
gaussian_rectangle_d5,2,3-2-4,1024,12,830013,0.125784078483931,-0.0003762528412572519,0.0003762528412572519
gaussian_rectangle_d5,3,3-4-2,1024,12,830013,0.12509797133501235,-0.0010623599901758984,0.0010623599901758984
gaussian_rectangle_d5,4,4-3-2,1024,12,830013,0.12540921517291642,-0.0007511161522718302,0.0007511161522718302
gaussian_rectangle_d5,1,2-3-4,1024,13,830014,0.126318977685086,0.000158646359897735,0.000158646359897735
gaussian_rectangle_d5,2,3-2-4,1024,13,830014,0.1261866252925821,2.6293967393842266e-5,2.6293967393842266e-5
gaussian_rectangle_d5,3,3-4-2,1024,13,830014,0.12694900056909392,0.0007886692439056653,0.0007886692439056653
gaussian_rectangle_d5,4,4-3-2,1024,13,830014,0.12679498843885925,0.000634657113671,0.000634657113671
gaussian_rectangle_d5,1,2-3-4,1024,14,830015,0.12646691876585064,0.0003065874406623925,0.0003065874406623925
gaussian_rectangle_d5,2,3-2-4,1024,14,830015,0.12641194475095677,0.0002516134257685154,0.0002516134257685154
gaussian_rectangle_d5,3,3-4-2,1024,14,830015,0.12560625008674167,-0.0005540812384465799,0.0005540812384465799
gaussian_rectangle_d5,4,4-3-2,1024,14,830015,0.12566667415990418,-0.0004936571652840727,0.0004936571652840727
gaussian_rectangle_d5,1,2-3-4,1024,15,830016,0.12608156568200457,-7.87656431836814e-5,7.87656431836814e-5
gaussian_rectangle_d5,2,3-2-4,1024,15,830016,0.12646565321868708,0.00030532189349882777,0.00030532189349882777
gaussian_rectangle_d5,3,3-4-2,1024,15,830016,0.12588806998545937,-0.0002722613397288798,0.0002722613397288798
gaussian_rectangle_d5,4,4-3-2,1024,15,830016,0.12649319552919602,0.00033286420400777117,0.00033286420400777117
gaussian_rectangle_d5,1,2-3-4,1024,16,830017,0.12555274352148774,-0.0006075878037005156,0.0006075878037005156
gaussian_rectangle_d5,2,3-2-4,1024,16,830017,0.12573250185974844,-0.00042782946543981626,0.00042782946543981626
gaussian_rectangle_d5,3,3-4-2,1024,16,830017,0.12575609055295048,-0.0004042407722377739,0.0004042407722377739
gaussian_rectangle_d5,4,4-3-2,1024,16,830017,0.12572016210897943,-0.0004401692162088189,0.0004401692162088189
gaussian_rectangle_d5,1,2-3-4,1024,17,830018,0.127435670485194,0.001275339160005745,0.001275339160005745
gaussian_rectangle_d5,2,3-2-4,1024,17,830018,0.1271631110093536,0.0010027796841653447,0.0010027796841653447
gaussian_rectangle_d5,3,3-4-2,1024,17,830018,0.12777335308819066,0.0016130217630024035,0.0016130217630024035
gaussian_rectangle_d5,4,4-3-2,1024,17,830018,0.12725585553961863,0.0010955242144303767,0.0010955242144303767
gaussian_rectangle_d5,1,2-3-4,1024,18,830019,0.1265425307643733,0.00038219943918504917,0.00038219943918504917
gaussian_rectangle_d5,2,3-2-4,1024,18,830019,0.12618068266476898,2.0351339580726435e-5,2.0351339580726435e-5
gaussian_rectangle_d5,3,3-4-2,1024,18,830019,0.1271547220538349,0.0009943907286466547,0.0009943907286466547
gaussian_rectangle_d5,4,4-3-2,1024,18,830019,0.12676719678120862,0.0006068654560203723,0.0006068654560203723
gaussian_rectangle_d5,1,2-3-4,1024,19,830020,0.12764578322831452,0.001485451903126267,0.001485451903126267
gaussian_rectangle_d5,2,3-2-4,1024,19,830020,0.12761904830913529,0.0014587169839470338,0.0014587169839470338
gaussian_rectangle_d5,3,3-4-2,1024,19,830020,0.12791851131586546,0.0017581799906772055,0.0017581799906772055
gaussian_rectangle_d5,4,4-3-2,1024,19,830020,0.12809033402262773,0.0019300026974394813,0.0019300026974394813
gaussian_rectangle_d5,1,2-3-4,1024,20,830021,0.1264398764682624,0.0002795451430741558,0.0002795451430741558
gaussian_rectangle_d5,2,3-2-4,1024,20,830021,0.12585663192236163,-0.0003036994028266238,0.0003036994028266238
gaussian_rectangle_d5,3,3-4-2,1024,20,830021,0.12752172251306934,0.0013613911878810891,0.0013613911878810891
gaussian_rectangle_d5,4,4-3-2,1024,20,830021,0.12686765939606326,0.0007073280708750074,0.0007073280708750074
gaussian_rectangle_d5,1,2-3-4,1024,21,830022,0.12688772242259705,0.0007273910974087971,0.0007273910974087971
gaussian_rectangle_d5,2,3-2-4,1024,21,830022,0.1272318515362376,0.0010715202110493371,0.0010715202110493371
gaussian_rectangle_d5,3,3-4-2,1024,21,830022,0.1262898317402186,0.00012950041503034804,0.00012950041503034804
gaussian_rectangle_d5,4,4-3-2,1024,21,830022,0.12700043906817518,0.0008401077429869286,0.0008401077429869286
gaussian_rectangle_d5,1,2-3-4,1024,22,830023,0.1263037577972741,0.0001434264720858447,0.0001434264720858447
gaussian_rectangle_d5,2,3-2-4,1024,22,830023,0.12686554345711962,0.0007052121319313653,0.0007052121319313653
gaussian_rectangle_d5,3,3-4-2,1024,22,830023,0.12708189188436086,0.0009215605591726128,0.0009215605591726128
gaussian_rectangle_d5,4,4-3-2,1024,22,830023,0.12768352898330532,0.0015231976581170648,0.0015231976581170648
gaussian_rectangle_d5,1,2-3-4,1024,23,830024,0.1268389095491926,0.0006785782240043559,0.0006785782240043559
gaussian_rectangle_d5,2,3-2-4,1024,23,830024,0.12662161583561274,0.0004612845104244867,0.0004612845104244867
gaussian_rectangle_d5,3,3-4-2,1024,23,830024,0.1272605570515336,0.0011002257263453552,0.0011002257263453552
gaussian_rectangle_d5,4,4-3-2,1024,23,830024,0.12693405091542245,0.0007737195902342009,0.0007737195902342009
gaussian_rectangle_d5,1,2-3-4,1024,24,830025,0.12662495890883102,0.00046462758364276824,0.00046462758364276824
gaussian_rectangle_d5,2,3-2-4,1024,24,830025,0.12664051976801446,0.00048018844282621265,0.00048018844282621265
gaussian_rectangle_d5,3,3-4-2,1024,24,830025,0.12707599369826603,0.0009156623730777746,0.0009156623730777746
gaussian_rectangle_d5,4,4-3-2,1024,24,830025,0.12688826868430397,0.0007279373591157212,0.0007279373591157212
gaussian_rectangle_d5,1,2-3-4,1024,25,830026,0.12576960482947888,-0.00039072649570937035,0.00039072649570937035
gaussian_rectangle_d5,2,3-2-4,1024,25,830026,0.126261855078797,0.00010152375360875099,0.00010152375360875099
gaussian_rectangle_d5,3,3-4-2,1024,25,830026,0.12379825617451753,-0.002362075150670717,0.002362075150670717
gaussian_rectangle_d5,4,4-3-2,1024,25,830026,0.12454147691053107,-0.0016188544146571865,0.0016188544146571865
gaussian_rectangle_d5,1,2-3-4,1024,26,830027,0.12614482179309694,-1.550953209131234e-5,1.550953209131234e-5
gaussian_rectangle_d5,2,3-2-4,1024,26,830027,0.12636849432644734,0.00020816300125908738,0.00020816300125908738
gaussian_rectangle_d5,3,3-4-2,1024,26,830027,0.12813242524337407,0.0019720939181858133,0.0019720939181858133
gaussian_rectangle_d5,4,4-3-2,1024,26,830027,0.1282943167990311,0.0021339854738428587,0.0021339854738428587
gaussian_rectangle_d5,1,2-3-4,1024,27,830028,0.1265663241510154,0.00040599282582715057,0.00040599282582715057
gaussian_rectangle_d5,2,3-2-4,1024,27,830028,0.12627778810693518,0.00011745678174693297,0.00011745678174693297
gaussian_rectangle_d5,3,3-4-2,1024,27,830028,0.12465429268530014,-0.001506038639888116,0.001506038639888116
gaussian_rectangle_d5,4,4-3-2,1024,27,830028,0.12428318670570622,-0.0018771446194820324,0.0018771446194820324
gaussian_rectangle_d5,1,2-3-4,1024,28,830029,0.12614274532248348,-1.7586002704766956e-5,1.7586002704766956e-5
gaussian_rectangle_d5,2,3-2-4,1024,28,830029,0.12581588392467258,-0.0003444474005156739,0.0003444474005156739
gaussian_rectangle_d5,3,3-4-2,1024,28,830029,0.12390769310897495,-0.0022526382162132985,0.0022526382162132985
gaussian_rectangle_d5,4,4-3-2,1024,28,830029,0.12346221472395365,-0.002698116601234604,0.002698116601234604
gaussian_rectangle_d5,1,2-3-4,1024,29,830030,0.126453632156575,0.00029330083138676133,0.00029330083138676133
gaussian_rectangle_d5,2,3-2-4,1024,29,830030,0.1266555140681323,0.0004951827429440503,0.0004951827429440503
gaussian_rectangle_d5,3,3-4-2,1024,29,830030,0.12699767116384755,0.0008373398386593012,0.0008373398386593012
gaussian_rectangle_d5,4,4-3-2,1024,29,830030,0.12736489394459743,0.001204562619409183,0.001204562619409183
gaussian_rectangle_d5,1,2-3-4,1024,30,830031,0.12661571186169257,0.0004553805365043184,0.0004553805365043184
gaussian_rectangle_d5,2,3-2-4,1024,30,830031,0.1265918966651222,0.000431565339933937,0.000431565339933937
gaussian_rectangle_d5,3,3-4-2,1024,30,830031,0.12670068970738663,0.0005403583821983748,0.0005403583821983748
gaussian_rectangle_d5,4,4-3-2,1024,30,830031,0.12679889505503342,0.0006385637298451652,0.0006385637298451652
gaussian_rectangle_d5,1,2-3-4,1024,31,830032,0.126610732755491,0.0004504014303027548,0.0004504014303027548
gaussian_rectangle_d5,2,3-2-4,1024,31,830032,0.12802182031246315,0.0018614889872748952,0.0018614889872748952
gaussian_rectangle_d5,3,3-4-2,1024,31,830032,0.127134987092854,0.0009746557676657552,0.0009746557676657552
gaussian_rectangle_d5,4,4-3-2,1024,31,830032,0.1289979192241705,0.0028375878989822523,0.0028375878989822523
gaussian_rectangle_d5,1,2-3-4,1024,32,830033,0.12608544911743455,-7.488220775370147e-5,7.488220775370147e-5
gaussian_rectangle_d5,2,3-2-4,1024,32,830033,0.1254068540799987,-0.0007534772451895655,0.0007534772451895655
gaussian_rectangle_d5,3,3-4-2,1024,32,830033,0.12545579294735243,-0.0007045383778358227,0.0007045383778358227
gaussian_rectangle_d5,4,4-3-2,1024,32,830033,0.12448610362171035,-0.0016742277034779013,0.0016742277034779013
gaussian_rectangle_d5,1,2-3-4,1024,33,830034,0.12626851118415264,0.00010817985896438564,0.00010817985896438564
gaussian_rectangle_d5,2,3-2-4,1024,33,830034,0.1263015544566293,0.00014122313144104837,0.00014122313144104837
gaussian_rectangle_d5,3,3-4-2,1024,33,830034,0.125330430971922,-0.0008299003532662441,0.0008299003532662441
gaussian_rectangle_d5,4,4-3-2,1024,33,830034,0.12545744248854027,-0.0007028888366479857,0.0007028888366479857
gaussian_rectangle_d5,1,2-3-4,1024,34,830035,0.12626920037282421,0.00010886904763596217,0.00010886904763596217
gaussian_rectangle_d5,2,3-2-4,1024,34,830035,0.12654671838240605,0.00038638705721780187,0.00038638705721780187
gaussian_rectangle_d5,3,3-4-2,1024,34,830035,0.12565458785197392,-0.0005057434732143318,0.0005057434732143318
gaussian_rectangle_d5,4,4-3-2,1024,34,830035,0.1260543259070237,-0.00010600541816455089,0.00010600541816455089
gaussian_rectangle_d5,1,2-3-4,1024,35,830036,0.12585173687961038,-0.0003085944455778755,0.0003085944455778755
gaussian_rectangle_d5,2,3-2-4,1024,35,830036,0.12610053373539493,-5.979758979332561e-5,5.979758979332561e-5
gaussian_rectangle_d5,3,3-4-2,1024,35,830036,0.12551325805607216,-0.0006470732691160885,0.0006470732691160885
gaussian_rectangle_d5,4,4-3-2,1024,35,830036,0.125690399257218,-0.0004699320679702468,0.0004699320679702468
gaussian_rectangle_d5,1,2-3-4,1024,36,830037,0.12662354296874354,0.00046321164355528355,0.00046321164355528355
gaussian_rectangle_d5,2,3-2-4,1024,36,830037,0.12677704184610622,0.000616710520917968,0.000616710520917968
gaussian_rectangle_d5,3,3-4-2,1024,36,830037,0.12705455053777281,0.0008942192125845627,0.0008942192125845627
gaussian_rectangle_d5,4,4-3-2,1024,36,830037,0.1273111386737834,0.0011508073485951564,0.0011508073485951564
gaussian_rectangle_d5,1,2-3-4,1024,37,830038,0.1269125785484554,0.0007522472232671384,0.0007522472232671384
gaussian_rectangle_d5,2,3-2-4,1024,37,830038,0.12743137811200023,0.0012710467868119746,0.0012710467868119746
gaussian_rectangle_d5,3,3-4-2,1024,37,830038,0.12695518221834526,0.0007948508931570064,0.0007948508931570064
gaussian_rectangle_d5,4,4-3-2,1024,37,830038,0.12738881564893664,0.0012284843237483911,0.0012284843237483911
gaussian_rectangle_d5,1,2-3-4,1024,38,830039,0.12551460353234853,-0.0006457277928397231,0.0006457277928397231
gaussian_rectangle_d5,2,3-2-4,1024,38,830039,0.12523356048233905,-0.0009267708428492005,0.0009267708428492005
gaussian_rectangle_d5,3,3-4-2,1024,38,830039,0.12567088816772654,-0.0004894431574617164,0.0004894431574617164
gaussian_rectangle_d5,4,4-3-2,1024,38,830039,0.12549391015596026,-0.0006664211692279931,0.0006664211692279931
gaussian_rectangle_d5,1,2-3-4,1024,39,830040,0.12679809168466996,0.0006377603594817094,0.0006377603594817094
gaussian_rectangle_d5,2,3-2-4,1024,39,830040,0.1262864647344887,0.00012613340930045513,0.00012613340930045513
gaussian_rectangle_d5,3,3-4-2,1024,39,830040,0.1272607458493309,0.00110041452414264,0.00110041452414264
gaussian_rectangle_d5,4,4-3-2,1024,39,830040,0.12666215184652888,0.0005018205213406235,0.0005018205213406235
gaussian_rectangle_d5,1,2-3-4,1024,40,830041,0.1252907649213936,-0.0008695664037946527,0.0008695664037946527
gaussian_rectangle_d5,2,3-2-4,1024,40,830041,0.12651434222218705,0.0003540108969987965,0.0003540108969987965
gaussian_rectangle_d5,3,3-4-2,1024,40,830041,0.12435067447859038,-0.001809656846597868,0.001809656846597868
gaussian_rectangle_d5,4,4-3-2,1024,40,830041,0.1258118343911821,-0.0003484969340061539,0.0003484969340061539
gaussian_rectangle_d5,1,2-3-4,1024,41,830042,0.12680228462394966,0.0006419532987614052,0.0006419532987614052
gaussian_rectangle_d5,2,3-2-4,1024,41,830042,0.12658488734645582,0.00042455602126756364,0.00042455602126756364
gaussian_rectangle_d5,3,3-4-2,1024,41,830042,0.12723484287561027,0.0010745115504220137,0.0010745115504220137
gaussian_rectangle_d5,4,4-3-2,1024,41,830042,0.12672009719513785,0.0005597658699496022,0.0005597658699496022
gaussian_rectangle_d5,1,2-3-4,1024,42,830043,0.12713731607916476,0.0009769847539765064,0.0009769847539765064
gaussian_rectangle_d5,2,3-2-4,1024,42,830043,0.12698192804607827,0.0008215967208900221,0.0008215967208900221
gaussian_rectangle_d5,3,3-4-2,1024,42,830043,0.126317610624025,0.0001572792988367433,0.0001572792988367433
gaussian_rectangle_d5,4,4-3-2,1024,42,830043,0.1261727936822172,1.246235702895282e-5,1.246235702895282e-5
gaussian_rectangle_d5,1,2-3-4,1024,43,830044,0.12604080459511602,-0.00011952673007223358,0.00011952673007223358
gaussian_rectangle_d5,2,3-2-4,1024,43,830044,0.12652877562635395,0.00036844430116569904,0.00036844430116569904
gaussian_rectangle_d5,3,3-4-2,1024,43,830044,0.12576160662372182,-0.0003987247014664297,0.0003987247014664297
gaussian_rectangle_d5,4,4-3-2,1024,43,830044,0.12647571834164179,0.0003153870164535333,0.0003153870164535333
gaussian_rectangle_d5,1,2-3-4,1024,44,830045,0.12587304245058994,-0.0002872888745983071,0.0002872888745983071
gaussian_rectangle_d5,2,3-2-4,1024,44,830045,0.12468953262425701,-0.001470798700931239,0.001470798700931239
gaussian_rectangle_d5,3,3-4-2,1024,44,830045,0.126327165159373,0.00016683383418475417,0.00016683383418475417
gaussian_rectangle_d5,4,4-3-2,1024,44,830045,0.12478124588975052,-0.0013790854354377297,0.0013790854354377297
gaussian_rectangle_d5,1,2-3-4,1024,45,830046,0.12570087611572853,-0.00045945520945972484,0.00045945520945972484
gaussian_rectangle_d5,2,3-2-4,1024,45,830046,0.12511589612672086,-0.0010444351984673916,0.0010444351984673916
gaussian_rectangle_d5,3,3-4-2,1024,45,830046,0.12510702879051913,-0.0010533025346691205,0.0010533025346691205
gaussian_rectangle_d5,4,4-3-2,1024,45,830046,0.12467052798404032,-0.0014898033411479272,0.0014898033411479272
gaussian_rectangle_d5,1,2-3-4,1024,46,830047,0.1260297645040464,-0.0001305668211418476,0.0001305668211418476
gaussian_rectangle_d5,2,3-2-4,1024,46,830047,0.1255914326992386,-0.0005688986259496653,0.0005688986259496653
gaussian_rectangle_d5,3,3-4-2,1024,46,830047,0.12642511657342367,0.0002647852482354218,0.0002647852482354218
gaussian_rectangle_d5,4,4-3-2,1024,46,830047,0.12596945962433181,-0.00019087170085643757,0.00019087170085643757
gaussian_rectangle_d5,1,2-3-4,1024,47,830048,0.1259355314094822,-0.00022479991570606428,0.00022479991570606428
gaussian_rectangle_d5,2,3-2-4,1024,47,830048,0.1255387092781369,-0.0006216220470513512,0.0006216220470513512
gaussian_rectangle_d5,3,3-4-2,1024,47,830048,0.12605615298779532,-0.00010417833739292948,0.00010417833739292948
gaussian_rectangle_d5,4,4-3-2,1024,47,830048,0.12546625149502305,-0.0006940798301652007,0.0006940798301652007
gaussian_rectangle_d5,1,2-3-4,1024,48,830049,0.12734814616340936,0.0011878148382211129,0.0011878148382211129
gaussian_rectangle_d5,2,3-2-4,1024,48,830049,0.12715388849933348,0.000993557174145232,0.000993557174145232
gaussian_rectangle_d5,3,3-4-2,1024,48,830049,0.12720046964225093,0.0010401383170626777,0.0010401383170626777
gaussian_rectangle_d5,4,4-3-2,1024,48,830049,0.12673968864350307,0.0005793573183148215,0.0005793573183148215
gaussian_rectangle_d5,1,2-3-4,1024,49,830050,0.12624697597761184,8.664465242358421e-5,8.664465242358421e-5
gaussian_rectangle_d5,2,3-2-4,1024,49,830050,0.1264558492307275,0.00029551790553924984,0.00029551790553924984
gaussian_rectangle_d5,3,3-4-2,1024,49,830050,0.12491508584254697,-0.00124524548264128,0.00124524548264128
gaussian_rectangle_d5,4,4-3-2,1024,49,830050,0.12554140586645043,-0.0006189254587378179,0.0006189254587378179
gaussian_rectangle_d5,1,2-3-4,1024,50,830051,0.1265696972988839,0.00040936597369564676,0.00040936597369564676
gaussian_rectangle_d5,2,3-2-4,1024,50,830051,0.1263767287034966,0.00021639737830833616,0.00021639737830833616
gaussian_rectangle_d5,3,3-4-2,1024,50,830051,0.1257580188536107,-0.0004023124715775428,0.0004023124715775428
gaussian_rectangle_d5,4,4-3-2,1024,50,830051,0.12552806187809595,-0.0006322694470922985,0.0006322694470922985
gaussian_rectangle_d5,1,2-3-4,1024,51,830052,0.12721085460877388,0.0010505232835856249,0.0010505232835856249
gaussian_rectangle_d5,2,3-2-4,1024,51,830052,0.12766430274162988,0.001503971416441624,0.001503971416441624
gaussian_rectangle_d5,3,3-4-2,1024,51,830052,0.12736650321795498,0.0012061718927667275,0.0012061718927667275
gaussian_rectangle_d5,4,4-3-2,1024,51,830052,0.12801131616175165,0.0018509848365634018,0.0018509848365634018
gaussian_rectangle_d5,1,2-3-4,1024,52,830053,0.12633635749558084,0.00017602617039258472,0.00017602617039258472
gaussian_rectangle_d5,2,3-2-4,1024,52,830053,0.126693842141658,0.00053351081646974,0.00053351081646974
gaussian_rectangle_d5,3,3-4-2,1024,52,830053,0.12780132372625413,0.0016409924010658827,0.0016409924010658827
gaussian_rectangle_d5,4,4-3-2,1024,52,830053,0.12805589316587268,0.0018955618406844288,0.0018955618406844288
gaussian_rectangle_d5,1,2-3-4,1024,53,830054,0.12658591974133923,0.0004255884161509793,0.0004255884161509793
gaussian_rectangle_d5,2,3-2-4,1024,53,830054,0.12627189732671237,0.00011156600152412155,0.00011156600152412155
gaussian_rectangle_d5,3,3-4-2,1024,53,830054,0.12705122169611552,0.0008908903709272664,0.0008908903709272664
gaussian_rectangle_d5,4,4-3-2,1024,53,830054,0.1264802713953084,0.00031994007012015047,0.00031994007012015047
gaussian_rectangle_d5,1,2-3-4,1024,54,830055,0.1261892434674995,2.8912142311238176e-5,2.8912142311238176e-5
gaussian_rectangle_d5,2,3-2-4,1024,54,830055,0.1261364622231204,-2.3869102067863857e-5,2.3869102067863857e-5
gaussian_rectangle_d5,3,3-4-2,1024,54,830055,0.1268388681586908,0.0006785368335025521,0.0006785368335025521
gaussian_rectangle_d5,4,4-3-2,1024,54,830055,0.12671886031946877,0.0005585289942805216,0.0005585289942805216
gaussian_rectangle_d5,1,2-3-4,1024,55,830056,0.12666342509714926,0.0005030937719610051,0.0005030937719610051
gaussian_rectangle_d5,2,3-2-4,1024,55,830056,0.1262029038273928,4.257250220454645e-5,4.257250220454645e-5
gaussian_rectangle_d5,3,3-4-2,1024,55,830056,0.12499377038105672,-0.0011665609441315339,0.0011665609441315339
gaussian_rectangle_d5,4,4-3-2,1024,55,830056,0.12469556317143342,-0.0014647681537548335,0.0014647681537548335
gaussian_rectangle_d5,1,2-3-4,1024,56,830057,0.1258131007797545,-0.00034723054543375764,0.00034723054543375764
gaussian_rectangle_d5,2,3-2-4,1024,56,830057,0.12610756709416884,-5.276423101940875e-5,5.276423101940875e-5
gaussian_rectangle_d5,3,3-4-2,1024,56,830057,0.12707537574776512,0.0009150444225768661,0.0009150444225768661
gaussian_rectangle_d5,4,4-3-2,1024,56,830057,0.12726437376531027,0.0011040424401220217,0.0011040424401220217
gaussian_rectangle_d5,1,2-3-4,1024,57,830058,0.12607510316624193,-8.522815894632108e-5,8.522815894632108e-5
gaussian_rectangle_d5,2,3-2-4,1024,57,830058,0.12532394114099366,-0.0008363901841945964,0.0008363901841945964
gaussian_rectangle_d5,3,3-4-2,1024,57,830058,0.12637999338731737,0.00021966206212911676,0.00021966206212911676
gaussian_rectangle_d5,4,4-3-2,1024,57,830058,0.1250002042681685,-0.0011601270570197608,0.0011601270570197608
gaussian_rectangle_d5,1,2-3-4,1024,58,830059,0.1267022800902452,0.0005419487650569488,0.0005419487650569488
gaussian_rectangle_d5,2,3-2-4,1024,58,830059,0.1269288954073449,0.000768564082156642,0.000768564082156642
gaussian_rectangle_d5,3,3-4-2,1024,58,830059,0.1272408857078106,0.0010805543826223618,0.0010805543826223618
gaussian_rectangle_d5,4,4-3-2,1024,58,830059,0.1276785283030444,0.0015181969778561566,0.0015181969778561566
gaussian_rectangle_d5,1,2-3-4,1024,59,830060,0.12581217852305573,-0.00034815280213251754,0.00034815280213251754
gaussian_rectangle_d5,2,3-2-4,1024,59,830060,0.1262274686823384,6.713735715013769e-5,6.713735715013769e-5
gaussian_rectangle_d5,3,3-4-2,1024,59,830060,0.12615131881428812,-9.012510900130444e-6,9.012510900130444e-6
gaussian_rectangle_d5,4,4-3-2,1024,59,830060,0.12680247978048556,0.0006421484552973089,0.0006421484552973089
gaussian_rectangle_d5,1,2-3-4,1024,60,830061,0.12567341769182389,-0.00048691363336436644,0.00048691363336436644
gaussian_rectangle_d5,2,3-2-4,1024,60,830061,0.12537305017039552,-0.000787281154792735,0.000787281154792735
gaussian_rectangle_d5,3,3-4-2,1024,60,830061,0.1253599977950214,-0.0008003335301668413,0.0008003335301668413
gaussian_rectangle_d5,4,4-3-2,1024,60,830061,0.12507202969267484,-0.0010883016325134165,0.0010883016325134165
gaussian_rectangle_d5,1,2-3-4,1024,61,830062,0.12671356376381732,0.0005532324386290643,0.0005532324386290643
gaussian_rectangle_d5,2,3-2-4,1024,61,830062,0.12672955729881968,0.000569225973631432,0.000569225973631432
gaussian_rectangle_d5,3,3-4-2,1024,61,830062,0.12785525269969517,0.0016949213745069136,0.0016949213745069136
gaussian_rectangle_d5,4,4-3-2,1024,61,830062,0.12749175316255992,0.0013314218373716713,0.0013314218373716713
gaussian_rectangle_d5,1,2-3-4,1024,62,830063,0.12593506321110395,-0.00022526811408429825,0.00022526811408429825
gaussian_rectangle_d5,2,3-2-4,1024,62,830063,0.126033511246722,-0.00012682007846626098,0.00012682007846626098
gaussian_rectangle_d5,3,3-4-2,1024,62,830063,0.12550107696677165,-0.0006592543584166,0.0006592543584166
gaussian_rectangle_d5,4,4-3-2,1024,62,830063,0.1257744953233503,-0.000385836001837947,0.000385836001837947
gaussian_rectangle_d5,1,2-3-4,1024,63,830064,0.12682442186732243,0.000664090542134177,0.000664090542134177
gaussian_rectangle_d5,2,3-2-4,1024,63,830064,0.12663174544467828,0.0004714141194900323,0.0004714141194900323
gaussian_rectangle_d5,3,3-4-2,1024,63,830064,0.12711357523108055,0.0009532439058922981,0.0009532439058922981
gaussian_rectangle_d5,4,4-3-2,1024,63,830064,0.12688397800628276,0.0007236466810945086,0.0007236466810945086
gaussian_rectangle_d5,1,2-3-4,1024,64,830065,0.1256615970418971,-0.0004987342832911412,0.0004987342832911412
gaussian_rectangle_d5,2,3-2-4,1024,64,830065,0.12459751707377441,-0.0015628142514138438,0.0015628142514138438
gaussian_rectangle_d5,3,3-4-2,1024,64,830065,0.12524685714019884,-0.0009134741849894101,0.0009134741849894101
gaussian_rectangle_d5,4,4-3-2,1024,64,830065,0.12380202498865872,-0.002358306336529531,0.002358306336529531
gaussian_rectangle_d5,1,2-3-4,1024,65,830066,0.12656719838580843,0.00040686706062018074,0.00040686706062018074
gaussian_rectangle_d5,2,3-2-4,1024,65,830066,0.12614856628840626,-1.1765036781991034e-5,1.1765036781991034e-5
gaussian_rectangle_d5,3,3-4-2,1024,65,830066,0.1277256989095341,0.0015653675843458614,0.0015653675843458614
gaussian_rectangle_d5,4,4-3-2,1024,65,830066,0.12718468998161153,0.0010243586564232798,0.0010243586564232798
gaussian_rectangle_d5,1,2-3-4,1024,66,830067,0.12553535556206885,-0.0006249757631194008,0.0006249757631194008
gaussian_rectangle_d5,2,3-2-4,1024,66,830067,0.12537956801175393,-0.0007807633134343239,0.0007807633134343239
gaussian_rectangle_d5,3,3-4-2,1024,66,830067,0.12409223314730562,-0.0020680981778826296,0.0020680981778826296
gaussian_rectangle_d5,4,4-3-2,1024,66,830067,0.12414985646320878,-0.002010474861979472,0.002010474861979472
gaussian_rectangle_d5,1,2-3-4,1024,67,830068,0.1272084550301426,0.0010481237049543568,0.0010481237049543568
gaussian_rectangle_d5,2,3-2-4,1024,67,830068,0.1273781144434995,0.0012177831183112497,0.0012177831183112497
gaussian_rectangle_d5,3,3-4-2,1024,67,830068,0.12632271108667825,0.00016237976149000022,0.00016237976149000022
gaussian_rectangle_d5,4,4-3-2,1024,67,830068,0.1265358429199833,0.0003755115947950416,0.0003755115947950416
gaussian_rectangle_d5,1,2-3-4,1024,68,830069,0.12634821879358332,0.00018788746839507042,0.00018788746839507042
gaussian_rectangle_d5,2,3-2-4,1024,68,830069,0.12649681699813506,0.00033648567294680687,0.00033648567294680687
gaussian_rectangle_d5,3,3-4-2,1024,68,830069,0.12480563319065764,-0.0013546981345306103,0.0013546981345306103
gaussian_rectangle_d5,4,4-3-2,1024,68,830069,0.12483556935053236,-0.0013247619746558914,0.0013247619746558914
gaussian_rectangle_d5,1,2-3-4,1024,69,830070,0.1257889020458258,-0.0003714292793624563,0.0003714292793624563
gaussian_rectangle_d5,2,3-2-4,1024,69,830070,0.12499485195171112,-0.0011654793734771351,0.0011654793734771351
gaussian_rectangle_d5,3,3-4-2,1024,69,830070,0.12658035898480174,0.0004200276596134922,0.0004200276596134922
gaussian_rectangle_d5,4,4-3-2,1024,69,830070,0.12564416370768602,-0.0005161676175022278,0.0005161676175022278
gaussian_rectangle_d5,1,2-3-4,1024,70,830071,0.12629725394860072,0.00013692262341247208,0.00013692262341247208
gaussian_rectangle_d5,2,3-2-4,1024,70,830071,0.1266797937419722,0.000519462416783939,0.000519462416783939
gaussian_rectangle_d5,3,3-4-2,1024,70,830071,0.12764037268100176,0.001480041355813505,0.001480041355813505
gaussian_rectangle_d5,4,4-3-2,1024,70,830071,0.1280907456929879,0.0019304143677996433,0.0019304143677996433
gaussian_rectangle_d5,1,2-3-4,1024,71,830072,0.1260444463006062,-0.00011588502458204086,0.00011588502458204086
gaussian_rectangle_d5,2,3-2-4,1024,71,830072,0.1263340721880824,0.00017374086289415058,0.00017374086289415058
gaussian_rectangle_d5,3,3-4-2,1024,71,830072,0.12650976118067017,0.00034942985548191974,0.00034942985548191974
gaussian_rectangle_d5,4,4-3-2,1024,71,830072,0.12681448427170514,0.0006541529465168838,0.0006541529465168838
gaussian_rectangle_d5,1,2-3-4,1024,72,830073,0.12649053435013846,0.0003302030249502097,0.0003302030249502097
gaussian_rectangle_d5,2,3-2-4,1024,72,830073,0.12633048823071177,0.00017015690552352192,0.00017015690552352192
gaussian_rectangle_d5,3,3-4-2,1024,72,830073,0.12728385928968197,0.0011235279644937202,0.0011235279644937202
gaussian_rectangle_d5,4,4-3-2,1024,72,830073,0.12702734020947948,0.000867008884291226,0.000867008884291226
gaussian_rectangle_d5,1,2-3-4,1024,73,830074,0.12703215231710274,0.0008718209919144904,0.0008718209919144904
gaussian_rectangle_d5,2,3-2-4,1024,73,830074,0.12712913764957204,0.0009688063243837863,0.0009688063243837863
gaussian_rectangle_d5,3,3-4-2,1024,73,830074,0.12726653938741617,0.0011062080622279147,0.0011062080622279147
gaussian_rectangle_d5,4,4-3-2,1024,73,830074,0.12729904966498184,0.001138718339793593,0.001138718339793593
gaussian_rectangle_d5,1,2-3-4,1024,74,830075,0.12664166474352506,0.0004813334183368101,0.0004813334183368101
gaussian_rectangle_d5,2,3-2-4,1024,74,830075,0.12588578849850113,-0.00027454282668712415,0.00027454282668712415
gaussian_rectangle_d5,3,3-4-2,1024,74,830075,0.126797055507883,0.0006367241826947534,0.0006367241826947534
gaussian_rectangle_d5,4,4-3-2,1024,74,830075,0.1259029430812847,-0.0002573882439035613,0.0002573882439035613
gaussian_rectangle_d5,1,2-3-4,1024,75,830076,0.12636808244975495,0.0002077511245666963,0.0002077511245666963
gaussian_rectangle_d5,2,3-2-4,1024,75,830076,0.12638370807248217,0.00022337674729391854,0.00022337674729391854
gaussian_rectangle_d5,3,3-4-2,1024,75,830076,0.1264688246855237,0.00030849336033544894,0.00030849336033544894
gaussian_rectangle_d5,4,4-3-2,1024,75,830076,0.12653759065134268,0.0003772593261544277,0.0003772593261544277
gaussian_rectangle_d5,1,2-3-4,1024,76,830077,0.12553311235571327,-0.0006272189694749852,0.0006272189694749852
gaussian_rectangle_d5,2,3-2-4,1024,76,830077,0.12547313632908783,-0.0006871949961004264,0.0006871949961004264
gaussian_rectangle_d5,3,3-4-2,1024,76,830077,0.12678376289205168,0.0006234315668634249,0.0006234315668634249
gaussian_rectangle_d5,4,4-3-2,1024,76,830077,0.12665844621609904,0.0004981148909107835,0.0004981148909107835
gaussian_rectangle_d5,1,2-3-4,1024,77,830078,0.1260927567186899,-6.757460649833846e-5,6.757460649833846e-5
gaussian_rectangle_d5,2,3-2-4,1024,77,830078,0.1259126676863665,-0.00024766363882175457,0.00024766363882175457
gaussian_rectangle_d5,3,3-4-2,1024,77,830078,0.12430523148902305,-0.0018550998361652055,0.0018550998361652055
gaussian_rectangle_d5,4,4-3-2,1024,77,830078,0.12427368115692806,-0.0018866501682601872,0.0018866501682601872
gaussian_rectangle_d5,1,2-3-4,1024,78,830079,0.12686018045972636,0.0006998491345381053,0.0006998491345381053
gaussian_rectangle_d5,2,3-2-4,1024,78,830079,0.12702572056606184,0.000865389240873593,0.000865389240873593
gaussian_rectangle_d5,3,3-4-2,1024,78,830079,0.1272410711492805,0.0010807398240922361,0.0010807398240922361
gaussian_rectangle_d5,4,4-3-2,1024,78,830079,0.12721666560169023,0.00105633427650198,0.00105633427650198
gaussian_rectangle_d5,1,2-3-4,1024,79,830080,0.12515355403788067,-0.0010067772873075809,0.0010067772873075809
gaussian_rectangle_d5,2,3-2-4,1024,79,830080,0.1245809982772556,-0.0015793330479326462,0.0015793330479326462
gaussian_rectangle_d5,3,3-4-2,1024,79,830080,0.12404516168110825,-0.0021151696440799977,0.0021151696440799977
gaussian_rectangle_d5,4,4-3-2,1024,79,830080,0.12360421838764643,-0.0025561129375418212,0.0025561129375418212
gaussian_rectangle_d5,1,2-3-4,1024,80,830081,0.12619163446037115,3.130313518290295e-5,3.130313518290295e-5
gaussian_rectangle_d5,2,3-2-4,1024,80,830081,0.1259599544828128,-0.00020037684237544928,0.00020037684237544928
gaussian_rectangle_d5,3,3-4-2,1024,80,830081,0.12582808857475491,-0.00033224275043333695,0.00033224275043333695
gaussian_rectangle_d5,4,4-3-2,1024,80,830081,0.12569843492104293,-0.00046189640414531774,0.00046189640414531774
gaussian_rectangle_d5,1,2-3-4,1024,81,830082,0.12610639242978922,-5.393889539903607e-5,5.393889539903607e-5
gaussian_rectangle_d5,2,3-2-4,1024,81,830082,0.1259722574727344,-0.00018807385245384056,0.00018807385245384056
gaussian_rectangle_d5,3,3-4-2,1024,81,830082,0.1264040323723184,0.00024370104713014595,0.00024370104713014595
gaussian_rectangle_d5,4,4-3-2,1024,81,830082,0.1260947518533881,-6.557947180016455e-5,6.557947180016455e-5
gaussian_rectangle_d5,1,2-3-4,1024,82,830083,0.12597245512591615,-0.0001878761992721023,0.0001878761992721023
gaussian_rectangle_d5,2,3-2-4,1024,82,830083,0.12590176567375982,-0.00025856565142842736,0.00025856565142842736
gaussian_rectangle_d5,3,3-4-2,1024,82,830083,0.12607075212411212,-8.957920107613426e-5,8.957920107613426e-5
gaussian_rectangle_d5,4,4-3-2,1024,82,830083,0.1261307191882084,-2.961213697985632e-5,2.961213697985632e-5
gaussian_rectangle_d5,1,2-3-4,1024,83,830084,0.1250880041204208,-0.0010723272047674648,0.0010723272047674648
gaussian_rectangle_d5,2,3-2-4,1024,83,830084,0.12513380415692232,-0.0010265271682659283,0.0010265271682659283
gaussian_rectangle_d5,3,3-4-2,1024,83,830084,0.12461934637178629,-0.0015409849534019637,0.0015409849534019637
gaussian_rectangle_d5,4,4-3-2,1024,83,830084,0.12488067865982808,-0.0012796526653601759,0.0012796526653601759
gaussian_rectangle_d5,1,2-3-4,1024,84,830085,0.12680584183903973,0.0006455105138514772,0.0006455105138514772
gaussian_rectangle_d5,2,3-2-4,1024,84,830085,0.12639528818849102,0.000234956863302771,0.000234956863302771
gaussian_rectangle_d5,3,3-4-2,1024,84,830085,0.12577700984121323,-0.00038332148397501875,0.00038332148397501875
gaussian_rectangle_d5,4,4-3-2,1024,84,830085,0.1251518894800713,-0.0010084418451169475,0.0010084418451169475
gaussian_rectangle_d5,1,2-3-4,1024,85,830086,0.12595560857674293,-0.000204722748445324,0.000204722748445324
gaussian_rectangle_d5,2,3-2-4,1024,85,830086,0.1256668316097507,-0.0004934997154375509,0.0004934997154375509
gaussian_rectangle_d5,3,3-4-2,1024,85,830086,0.12467181816846457,-0.0014885131567236864,0.0014885131567236864
gaussian_rectangle_d5,4,4-3-2,1024,85,830086,0.12451846221328894,-0.0016418691118993134,0.0016418691118993134
gaussian_rectangle_d5,1,2-3-4,1024,86,830087,0.1264992474308794,0.00033891610569114494,0.00033891610569114494
gaussian_rectangle_d5,2,3-2-4,1024,86,830087,0.12687373825059897,0.00071340692541072,0.00071340692541072
gaussian_rectangle_d5,3,3-4-2,1024,86,830087,0.12648659676681998,0.00032626544163172344,0.00032626544163172344
gaussian_rectangle_d5,4,4-3-2,1024,86,830087,0.12676246412209724,0.0006021327969089885,0.0006021327969089885
gaussian_rectangle_d5,1,2-3-4,1024,87,830088,0.12587216143094376,-0.0002881698942444888,0.0002881698942444888
gaussian_rectangle_d5,2,3-2-4,1024,87,830088,0.12691941710566376,0.0007590857804755102,0.0007590857804755102
gaussian_rectangle_d5,3,3-4-2,1024,87,830088,0.1263930228410663,0.00023269151587804182,0.00023269151587804182
gaussian_rectangle_d5,4,4-3-2,1024,87,830088,0.12775103108424773,0.001590699759059483,0.001590699759059483
gaussian_rectangle_d5,1,2-3-4,1024,88,830089,0.12555435966107706,-0.0006059716641111934,0.0006059716641111934
gaussian_rectangle_d5,2,3-2-4,1024,88,830089,0.12563884928008232,-0.0005214820451059365,0.0005214820451059365
gaussian_rectangle_d5,3,3-4-2,1024,88,830089,0.12443248277368504,-0.0017278485515032083,0.0017278485515032083
gaussian_rectangle_d5,4,4-3-2,1024,88,830089,0.12477651261378248,-0.0013838187114057765,0.0013838187114057765
gaussian_rectangle_d5,1,2-3-4,1024,89,830090,0.12667645730407928,0.00051612597889103,0.00051612597889103
gaussian_rectangle_d5,2,3-2-4,1024,89,830090,0.1268379038312972,0.0006775725061089477,0.0006775725061089477
gaussian_rectangle_d5,3,3-4-2,1024,89,830090,0.12574822930736718,-0.00041210201782107547,0.00041210201782107547
gaussian_rectangle_d5,4,4-3-2,1024,89,830090,0.12580882998632514,-0.0003515013388631083,0.0003515013388631083
gaussian_rectangle_d5,1,2-3-4,1024,90,830091,0.12570425731565857,-0.00045607400952968336,0.00045607400952968336
gaussian_rectangle_d5,2,3-2-4,1024,90,830091,0.1247151337808065,-0.0014451975443817572,0.0014451975443817572
gaussian_rectangle_d5,3,3-4-2,1024,90,830091,0.1252878057560289,-0.0008725255691593437,0.0008725255691593437
gaussian_rectangle_d5,4,4-3-2,1024,90,830091,0.12411758478048086,-0.0020427465447073884,0.0020427465447073884
gaussian_rectangle_d5,1,2-3-4,1024,91,830092,0.1269084050258638,0.0007480737006755611,0.0007480737006755611
gaussian_rectangle_d5,2,3-2-4,1024,91,830092,0.12743998459933886,0.0012796532741506106,0.0012796532741506106
gaussian_rectangle_d5,3,3-4-2,1024,91,830092,0.12799216182404605,0.001831830498857795,0.001831830498857795
gaussian_rectangle_d5,4,4-3-2,1024,91,830092,0.1284684549848238,0.002308123659635536,0.002308123659635536
gaussian_rectangle_d5,1,2-3-4,1024,92,830093,0.12595311920234348,-0.0002072121228447743,0.0002072121228447743
gaussian_rectangle_d5,2,3-2-4,1024,92,830093,0.12587905373118666,-0.00028127759400159436,0.00028127759400159436
gaussian_rectangle_d5,3,3-4-2,1024,92,830093,0.12548425633922491,-0.0006760749859633375,0.0006760749859633375
gaussian_rectangle_d5,4,4-3-2,1024,92,830093,0.12560795531121902,-0.0005523760139692357,0.0005523760139692357
gaussian_rectangle_d5,1,2-3-4,1024,93,830094,0.12593317653331573,-0.0002271547918725192,0.0002271547918725192
gaussian_rectangle_d5,2,3-2-4,1024,93,830094,0.1251459132634993,-0.0010144180616889487,0.0010144180616889487
gaussian_rectangle_d5,3,3-4-2,1024,93,830094,0.12531960789441893,-0.0008407234307693245,0.0008407234307693245
gaussian_rectangle_d5,4,4-3-2,1024,93,830094,0.12428499157173095,-0.0018753397534573002,0.0018753397534573002
gaussian_rectangle_d5,1,2-3-4,1024,94,830095,0.1262583003365739,9.796901138564573e-5,9.796901138564573e-5
gaussian_rectangle_d5,2,3-2-4,1024,94,830095,0.1266921043596149,0.0005317730344266414,0.0005317730344266414
gaussian_rectangle_d5,3,3-4-2,1024,94,830095,0.12651163872648596,0.00035130740129771243,0.00035130740129771243
gaussian_rectangle_d5,4,4-3-2,1024,94,830095,0.1269169594024133,0.0007566280772250411,0.0007566280772250411
gaussian_rectangle_d5,1,2-3-4,1024,95,830096,0.12580456885772665,-0.00035576246746160667,0.00035576246746160667
gaussian_rectangle_d5,2,3-2-4,1024,95,830096,0.12644759865572552,0.00028726733053727194,0.00028726733053727194
gaussian_rectangle_d5,3,3-4-2,1024,95,830096,0.1262354556819034,7.51243567151394e-5,7.51243567151394e-5
gaussian_rectangle_d5,4,4-3-2,1024,95,830096,0.12708727010751267,0.0009269387823244157,0.0009269387823244157
gaussian_rectangle_d5,1,2-3-4,1024,96,830097,0.1257924960076521,-0.00036783531753614707,0.00036783531753614707
gaussian_rectangle_d5,2,3-2-4,1024,96,830097,0.12465439129659431,-0.001505940028593944,0.001505940028593944
gaussian_rectangle_d5,3,3-4-2,1024,96,830097,0.1267455288015126,0.0005851974763243506,0.0005851974763243506
gaussian_rectangle_d5,4,4-3-2,1024,96,830097,0.1252165410721057,-0.0009437902530825548,0.0009437902530825548
gaussian_rectangle_d5,1,2-3-4,1024,97,830098,0.12618645878639317,2.6127461204922264e-5,2.6127461204922264e-5
gaussian_rectangle_d5,2,3-2-4,1024,97,830098,0.1260477049091938,-0.00011262641599446566,0.00011262641599446566
gaussian_rectangle_d5,3,3-4-2,1024,97,830098,0.12704919334572382,0.0008888620205355635,0.0008888620205355635
gaussian_rectangle_d5,4,4-3-2,1024,97,830098,0.12708429553443368,0.0009239642092454259,0.0009239642092454259
gaussian_rectangle_d5,1,2-3-4,1024,98,830099,0.12680753874605058,0.000647207420862328,0.000647207420862328
gaussian_rectangle_d5,2,3-2-4,1024,98,830099,0.12675390254040855,0.000593571215220301,0.000593571215220301
gaussian_rectangle_d5,3,3-4-2,1024,98,830099,0.12682817985787365,0.0006678485326853945,0.0006678485326853945
gaussian_rectangle_d5,4,4-3-2,1024,98,830099,0.1268390574148817,0.0006787260896934377,0.0006787260896934377
gaussian_rectangle_d5,1,2-3-4,1024,99,830100,0.12616589992576976,5.5686005815125394e-6,5.5686005815125394e-6
gaussian_rectangle_d5,2,3-2-4,1024,99,830100,0.12631378075496813,0.0001534494297798783,0.0001534494297798783
gaussian_rectangle_d5,3,3-4-2,1024,99,830100,0.12595631788782113,-0.00020401343736711763,0.00020401343736711763
gaussian_rectangle_d5,4,4-3-2,1024,99,830100,0.12620223460537594,4.190328018768841e-5,4.190328018768841e-5
gaussian_rectangle_d5,1,2-3-4,1024,100,830101,0.1266270433100052,0.00046671198481695875,0.00046671198481695875
gaussian_rectangle_d5,2,3-2-4,1024,100,830101,0.12749354964097753,0.0013332183157892807,0.0013332183157892807
gaussian_rectangle_d5,3,3-4-2,1024,100,830101,0.12614613793942128,-1.4193385766969602e-5,1.4193385766969602e-5
gaussian_rectangle_d5,4,4-3-2,1024,100,830101,0.12732106296429066,0.001160731639102408,0.001160731639102408
gaussian_strong_d5,1,2-3-4,1024,1,930002,0.5775311699379571,0.002865394944340127,0.002865394944340127
gaussian_strong_d5,2,3-2-4,1024,1,930002,0.5773084403903003,0.0026426653966833413,0.0026426653966833413
gaussian_strong_d5,3,3-4-2,1024,1,930002,0.5773084403903003,0.0026426653966833413,0.0026426653966833413
gaussian_strong_d5,4,4-3-2,1024,1,930002,0.5775311699379571,0.002865394944340127,0.002865394944340127
gaussian_strong_d5,1,2-3-4,1024,2,930003,0.5727120073733202,-0.0019537676202967535,0.0019537676202967535
gaussian_strong_d5,2,3-2-4,1024,2,930003,0.570767520391994,-0.0038982546016229636,0.0038982546016229636
gaussian_strong_d5,3,3-4-2,1024,2,930003,0.570767520391994,-0.0038982546016229636,0.0038982546016229636
gaussian_strong_d5,4,4-3-2,1024,2,930003,0.5727120073733202,-0.0019537676202967535,0.0019537676202967535
gaussian_strong_d5,1,2-3-4,1024,3,930004,0.5767487622130686,0.0020829872194516597,0.0020829872194516597
gaussian_strong_d5,2,3-2-4,1024,3,930004,0.5773253027910228,0.0026595277974058584,0.0026595277974058584
gaussian_strong_d5,3,3-4-2,1024,3,930004,0.5773253027910228,0.0026595277974058584,0.0026595277974058584
gaussian_strong_d5,4,4-3-2,1024,3,930004,0.5767487622130686,0.0020829872194516597,0.0020829872194516597
gaussian_strong_d5,1,2-3-4,1024,4,930005,0.5815455828340509,0.00687980784043396,0.00687980784043396
gaussian_strong_d5,2,3-2-4,1024,4,930005,0.5825199847697282,0.007854209776111287,0.007854209776111287
gaussian_strong_d5,3,3-4-2,1024,4,930005,0.5825199847697282,0.007854209776111287,0.007854209776111287
gaussian_strong_d5,4,4-3-2,1024,4,930005,0.5815455828340509,0.00687980784043396,0.00687980784043396
gaussian_strong_d5,1,2-3-4,1024,5,930006,0.5732652416647465,-0.001400533328870468,0.001400533328870468
gaussian_strong_d5,2,3-2-4,1024,5,930006,0.5756086035129416,0.000942828519324701,0.000942828519324701
gaussian_strong_d5,3,3-4-2,1024,5,930006,0.5756086035129416,0.000942828519324701,0.000942828519324701
gaussian_strong_d5,4,4-3-2,1024,5,930006,0.5732652416647465,-0.001400533328870468,0.001400533328870468
gaussian_strong_d5,1,2-3-4,1024,6,930007,0.5851061661865004,0.010440391192883425,0.010440391192883425
gaussian_strong_d5,2,3-2-4,1024,6,930007,0.5854016704928928,0.010735895499275894,0.010735895499275894
gaussian_strong_d5,3,3-4-2,1024,6,930007,0.5854016704928928,0.010735895499275894,0.010735895499275894
gaussian_strong_d5,4,4-3-2,1024,6,930007,0.5851061661865004,0.010440391192883425,0.010440391192883425
gaussian_strong_d5,1,2-3-4,1024,7,930008,0.5701261696225265,-0.004539605371090438,0.004539605371090438
gaussian_strong_d5,2,3-2-4,1024,7,930008,0.5689952266150301,-0.005670548378586826,0.005670548378586826
gaussian_strong_d5,3,3-4-2,1024,7,930008,0.5689952266150301,-0.005670548378586826,0.005670548378586826
gaussian_strong_d5,4,4-3-2,1024,7,930008,0.5701261696225265,-0.004539605371090438,0.004539605371090438
gaussian_strong_d5,1,2-3-4,1024,8,930009,0.5728215225025339,-0.0018442524910829983,0.0018442524910829983
gaussian_strong_d5,2,3-2-4,1024,8,930009,0.5747077287196288,4.195372601190073e-5,4.195372601190073e-5
gaussian_strong_d5,3,3-4-2,1024,8,930009,0.5747077287196288,4.195372601190073e-5,4.195372601190073e-5
gaussian_strong_d5,4,4-3-2,1024,8,930009,0.5728215225025339,-0.0018442524910829983,0.0018442524910829983
gaussian_strong_d5,1,2-3-4,1024,9,930010,0.5712161866523663,-0.0034495883412506423,0.0034495883412506423
gaussian_strong_d5,2,3-2-4,1024,9,930010,0.5715663148075022,-0.003099460186114733,0.003099460186114733
gaussian_strong_d5,3,3-4-2,1024,9,930010,0.5715663148075022,-0.003099460186114733,0.003099460186114733
gaussian_strong_d5,4,4-3-2,1024,9,930010,0.5712161866523663,-0.0034495883412506423,0.0034495883412506423
gaussian_strong_d5,1,2-3-4,1024,10,930011,0.5749366328300735,0.0002708578364565284,0.0002708578364565284
gaussian_strong_d5,2,3-2-4,1024,10,930011,0.5740629095086267,-0.0006028654849902226,0.0006028654849902226
gaussian_strong_d5,3,3-4-2,1024,10,930011,0.5740629095086267,-0.0006028654849902226,0.0006028654849902226
gaussian_strong_d5,4,4-3-2,1024,10,930011,0.5749366328300735,0.0002708578364565284,0.0002708578364565284
gaussian_strong_d5,1,2-3-4,1024,11,930012,0.5681559878483433,-0.006509787145273616,0.006509787145273616
gaussian_strong_d5,2,3-2-4,1024,11,930012,0.5687975026986392,-0.005868272294977772,0.005868272294977772
gaussian_strong_d5,3,3-4-2,1024,11,930012,0.5687975026986392,-0.005868272294977772,0.005868272294977772
gaussian_strong_d5,4,4-3-2,1024,11,930012,0.5681559878483433,-0.006509787145273616,0.006509787145273616
gaussian_strong_d5,1,2-3-4,1024,12,930013,0.5779173399407495,0.0032515649471325236,0.0032515649471325236
gaussian_strong_d5,2,3-2-4,1024,12,930013,0.5773672203162131,0.0027014453225961965,0.0027014453225961965
gaussian_strong_d5,3,3-4-2,1024,12,930013,0.5773672203162131,0.0027014453225961965,0.0027014453225961965
gaussian_strong_d5,4,4-3-2,1024,12,930013,0.5779173399407495,0.0032515649471325236,0.0032515649471325236
gaussian_strong_d5,1,2-3-4,1024,13,930014,0.5697264056363879,-0.004939369357229051,0.004939369357229051
gaussian_strong_d5,2,3-2-4,1024,13,930014,0.5704526816033522,-0.004213093390264766,0.004213093390264766
gaussian_strong_d5,3,3-4-2,1024,13,930014,0.5704526816033522,-0.004213093390264766,0.004213093390264766
gaussian_strong_d5,4,4-3-2,1024,13,930014,0.5697264056363879,-0.004939369357229051,0.004939369357229051
gaussian_strong_d5,1,2-3-4,1024,14,930015,0.5815731251838692,0.006907350190252237,0.006907350190252237
gaussian_strong_d5,2,3-2-4,1024,14,930015,0.5825987382868916,0.007932963293274642,0.007932963293274642
gaussian_strong_d5,3,3-4-2,1024,14,930015,0.5825987382868916,0.007932963293274642,0.007932963293274642
gaussian_strong_d5,4,4-3-2,1024,14,930015,0.5815731251838692,0.006907350190252237,0.006907350190252237
gaussian_strong_d5,1,2-3-4,1024,15,930016,0.5623766840755963,-0.012289090918020662,0.012289090918020662
gaussian_strong_d5,2,3-2-4,1024,15,930016,0.5627190925896428,-0.011946682403974118,0.011946682403974118
gaussian_strong_d5,3,3-4-2,1024,15,930016,0.5627190925896428,-0.011946682403974118,0.011946682403974118
gaussian_strong_d5,4,4-3-2,1024,15,930016,0.5623766840755963,-0.012289090918020662,0.012289090918020662
gaussian_strong_d5,1,2-3-4,1024,16,930017,0.5734751740001324,-0.0011906009934845585,0.0011906009934845585
gaussian_strong_d5,2,3-2-4,1024,16,930017,0.5718972673921761,-0.0027685076014408727,0.0027685076014408727
gaussian_strong_d5,3,3-4-2,1024,16,930017,0.5718972673921761,-0.0027685076014408727,0.0027685076014408727
gaussian_strong_d5,4,4-3-2,1024,16,930017,0.5734751740001324,-0.0011906009934845585,0.0011906009934845585
gaussian_strong_d5,1,2-3-4,1024,17,930018,0.5791281447719344,0.004462369778317488,0.004462369778317488
gaussian_strong_d5,2,3-2-4,1024,17,930018,0.5783422080543976,0.0036764330607806928,0.0036764330607806928
gaussian_strong_d5,3,3-4-2,1024,17,930018,0.5783422080543976,0.0036764330607806928,0.0036764330607806928
gaussian_strong_d5,4,4-3-2,1024,17,930018,0.5791281447719344,0.004462369778317488,0.004462369778317488
gaussian_strong_d5,1,2-3-4,1024,18,930019,0.5675764044546072,-0.0070893705390097095,0.0070893705390097095
gaussian_strong_d5,2,3-2-4,1024,18,930019,0.5678000635398497,-0.006865711453767243,0.006865711453767243
gaussian_strong_d5,3,3-4-2,1024,18,930019,0.5678000635398497,-0.006865711453767243,0.006865711453767243
gaussian_strong_d5,4,4-3-2,1024,18,930019,0.5675764044546072,-0.0070893705390097095,0.0070893705390097095
gaussian_strong_d5,1,2-3-4,1024,19,930020,0.5719056627587794,-0.0027601122348375196,0.0027601122348375196
gaussian_strong_d5,2,3-2-4,1024,19,930020,0.5720024909078173,-0.002663284085799633,0.002663284085799633
gaussian_strong_d5,3,3-4-2,1024,19,930020,0.5720024909078173,-0.002663284085799633,0.002663284085799633
gaussian_strong_d5,4,4-3-2,1024,19,930020,0.5719056627587794,-0.0027601122348375196,0.0027601122348375196
gaussian_strong_d5,1,2-3-4,1024,20,930021,0.5796945856911508,0.005028810697533914,0.005028810697533914
gaussian_strong_d5,2,3-2-4,1024,20,930021,0.5789960871628818,0.004330312169264827,0.004330312169264827
gaussian_strong_d5,3,3-4-2,1024,20,930021,0.5789960871628818,0.004330312169264827,0.004330312169264827
gaussian_strong_d5,4,4-3-2,1024,20,930021,0.5796945856911508,0.005028810697533914,0.005028810697533914
gaussian_strong_d5,1,2-3-4,1024,21,930022,0.5719982967685484,-0.0026674782250685203,0.0026674782250685203
gaussian_strong_d5,2,3-2-4,1024,21,930022,0.5718001127096086,-0.002865662284008308,0.002865662284008308
gaussian_strong_d5,3,3-4-2,1024,21,930022,0.5718001127096086,-0.002865662284008308,0.002865662284008308
gaussian_strong_d5,4,4-3-2,1024,21,930022,0.5719982967685484,-0.0026674782250685203,0.0026674782250685203
gaussian_strong_d5,1,2-3-4,1024,22,930023,0.5774577685348018,0.0027919935411848673,0.0027919935411848673
gaussian_strong_d5,2,3-2-4,1024,22,930023,0.576462986669094,0.001797211675477084,0.001797211675477084
gaussian_strong_d5,3,3-4-2,1024,22,930023,0.576462986669094,0.001797211675477084,0.001797211675477084
gaussian_strong_d5,4,4-3-2,1024,22,930023,0.5774577685348018,0.0027919935411848673,0.0027919935411848673
gaussian_strong_d5,1,2-3-4,1024,23,930024,0.5773716216594047,0.00270584666578777,0.00270584666578777
gaussian_strong_d5,2,3-2-4,1024,23,930024,0.5770507249763306,0.0023849499827136578,0.0023849499827136578
gaussian_strong_d5,3,3-4-2,1024,23,930024,0.5770507249763306,0.0023849499827136578,0.0023849499827136578
gaussian_strong_d5,4,4-3-2,1024,23,930024,0.5773716216594047,0.00270584666578777,0.00270584666578777
gaussian_strong_d5,1,2-3-4,1024,24,930025,0.5774405040978108,0.0027747291041938515,0.0027747291041938515
gaussian_strong_d5,2,3-2-4,1024,24,930025,0.5768535417443005,0.0021877667506835508,0.0021877667506835508
gaussian_strong_d5,3,3-4-2,1024,24,930025,0.5768535417443005,0.0021877667506835508,0.0021877667506835508
gaussian_strong_d5,4,4-3-2,1024,24,930025,0.5774405040978108,0.0027747291041938515,0.0027747291041938515
gaussian_strong_d5,1,2-3-4,1024,25,930026,0.5819151222440619,0.007249347250445015,0.007249347250445015
gaussian_strong_d5,2,3-2-4,1024,25,930026,0.5807551643006857,0.006089389307068815,0.006089389307068815
gaussian_strong_d5,3,3-4-2,1024,25,930026,0.5807551643006857,0.006089389307068815,0.006089389307068815
gaussian_strong_d5,4,4-3-2,1024,25,930026,0.5819151222440619,0.007249347250445015,0.007249347250445015
gaussian_strong_d5,1,2-3-4,1024,26,930027,0.5696980474982165,-0.00496772749540042,0.00496772749540042
gaussian_strong_d5,2,3-2-4,1024,26,930027,0.5699294243841179,-0.004736350609499063,0.004736350609499063
gaussian_strong_d5,3,3-4-2,1024,26,930027,0.5699294243841179,-0.004736350609499063,0.004736350609499063
gaussian_strong_d5,4,4-3-2,1024,26,930027,0.5696980474982165,-0.00496772749540042,0.00496772749540042
gaussian_strong_d5,1,2-3-4,1024,27,930028,0.5818413011295451,0.007175526135928201,0.007175526135928201
gaussian_strong_d5,2,3-2-4,1024,27,930028,0.5828870861860891,0.008221311192472158,0.008221311192472158
gaussian_strong_d5,3,3-4-2,1024,27,930028,0.5828870861860891,0.008221311192472158,0.008221311192472158
gaussian_strong_d5,4,4-3-2,1024,27,930028,0.5818413011295451,0.007175526135928201,0.007175526135928201
gaussian_strong_d5,1,2-3-4,1024,28,930029,0.5669670631596346,-0.007698711833982297,0.007698711833982297
gaussian_strong_d5,2,3-2-4,1024,28,930029,0.5673353669724591,-0.007330408021157808,0.007330408021157808
gaussian_strong_d5,3,3-4-2,1024,28,930029,0.5673353669724591,-0.007330408021157808,0.007330408021157808
gaussian_strong_d5,4,4-3-2,1024,28,930029,0.5669670631596346,-0.007698711833982297,0.007698711833982297
gaussian_strong_d5,1,2-3-4,1024,29,930030,0.5777018032722286,0.003036028278611713,0.003036028278611713
gaussian_strong_d5,2,3-2-4,1024,29,930030,0.577206870367098,0.002541095373481017,0.002541095373481017
gaussian_strong_d5,3,3-4-2,1024,29,930030,0.577206870367098,0.002541095373481017,0.002541095373481017
gaussian_strong_d5,4,4-3-2,1024,29,930030,0.5777018032722286,0.003036028278611713,0.003036028278611713
gaussian_strong_d5,1,2-3-4,1024,30,930031,0.570518216711369,-0.004147558282247887,0.004147558282247887
gaussian_strong_d5,2,3-2-4,1024,30,930031,0.5683804815497521,-0.006285293443864859,0.006285293443864859
gaussian_strong_d5,3,3-4-2,1024,30,930031,0.5683804815497521,-0.006285293443864859,0.006285293443864859
gaussian_strong_d5,4,4-3-2,1024,30,930031,0.570518216711369,-0.004147558282247887,0.004147558282247887
gaussian_strong_d5,1,2-3-4,1024,31,930032,0.5714824864057824,-0.003183288587834565,0.003183288587834565
gaussian_strong_d5,2,3-2-4,1024,31,930032,0.5705166811169274,-0.004149093876689491,0.004149093876689491
gaussian_strong_d5,3,3-4-2,1024,31,930032,0.5705166811169274,-0.004149093876689491,0.004149093876689491
gaussian_strong_d5,4,4-3-2,1024,31,930032,0.5714824864057824,-0.003183288587834565,0.003183288587834565
gaussian_strong_d5,1,2-3-4,1024,32,930033,0.5817809088842089,0.007115133890591929,0.007115133890591929
gaussian_strong_d5,2,3-2-4,1024,32,930033,0.5820049626170876,0.007339187623470633,0.007339187623470633
gaussian_strong_d5,3,3-4-2,1024,32,930033,0.5820049626170876,0.007339187623470633,0.007339187623470633
gaussian_strong_d5,4,4-3-2,1024,32,930033,0.5817809088842089,0.007115133890591929,0.007115133890591929
gaussian_strong_d5,1,2-3-4,1024,33,930034,0.5777251579904968,0.0030593829968799113,0.0030593829968799113
gaussian_strong_d5,2,3-2-4,1024,33,930034,0.5765014932171035,0.0018357182234866043,0.0018357182234866043
gaussian_strong_d5,3,3-4-2,1024,33,930034,0.5765014932171035,0.0018357182234866043,0.0018357182234866043
gaussian_strong_d5,4,4-3-2,1024,33,930034,0.5777251579904968,0.0030593829968799113,0.0030593829968799113
gaussian_strong_d5,1,2-3-4,1024,34,930035,0.571711348643537,-0.0029544263500799195,0.0029544263500799195
gaussian_strong_d5,2,3-2-4,1024,34,930035,0.5710976701102028,-0.0035681048834140805,0.0035681048834140805
gaussian_strong_d5,3,3-4-2,1024,34,930035,0.5710976701102028,-0.0035681048834140805,0.0035681048834140805
gaussian_strong_d5,4,4-3-2,1024,34,930035,0.571711348643537,-0.0029544263500799195,0.0029544263500799195
gaussian_strong_d5,1,2-3-4,1024,35,930036,0.5577108414850626,-0.01695493350855437,0.01695493350855437
gaussian_strong_d5,2,3-2-4,1024,35,930036,0.5574642552360227,-0.017201519757594208,0.017201519757594208
gaussian_strong_d5,3,3-4-2,1024,35,930036,0.5574642552360227,-0.017201519757594208,0.017201519757594208
gaussian_strong_d5,4,4-3-2,1024,35,930036,0.5577108414850626,-0.01695493350855437,0.01695493350855437
gaussian_strong_d5,1,2-3-4,1024,36,930037,0.5721591516004022,-0.002506623393214724,0.002506623393214724
gaussian_strong_d5,2,3-2-4,1024,36,930037,0.571833487507652,-0.0028322874859649794,0.0028322874859649794
gaussian_strong_d5,3,3-4-2,1024,36,930037,0.571833487507652,-0.0028322874859649794,0.0028322874859649794
gaussian_strong_d5,4,4-3-2,1024,36,930037,0.5721591516004022,-0.002506623393214724,0.002506623393214724
gaussian_strong_d5,1,2-3-4,1024,37,930038,0.5708164105466584,-0.003849364446958492,0.003849364446958492
gaussian_strong_d5,2,3-2-4,1024,37,930038,0.5713793446087608,-0.0032864303848560983,0.0032864303848560983
gaussian_strong_d5,3,3-4-2,1024,37,930038,0.5713793446087608,-0.0032864303848560983,0.0032864303848560983
gaussian_strong_d5,4,4-3-2,1024,37,930038,0.5708164105466584,-0.003849364446958492,0.003849364446958492
gaussian_strong_d5,1,2-3-4,1024,38,930039,0.5737065348793813,-0.0009592401142356488,0.0009592401142356488
gaussian_strong_d5,2,3-2-4,1024,38,930039,0.5755207704889932,0.0008549954953762651,0.0008549954953762651
gaussian_strong_d5,3,3-4-2,1024,38,930039,0.5755207704889932,0.0008549954953762651,0.0008549954953762651
gaussian_strong_d5,4,4-3-2,1024,38,930039,0.5737065348793813,-0.0009592401142356488,0.0009592401142356488
gaussian_strong_d5,1,2-3-4,1024,39,930040,0.5639019495371802,-0.010763825456436726,0.010763825456436726
gaussian_strong_d5,2,3-2-4,1024,39,930040,0.5641001361526878,-0.010565638840929092,0.010565638840929092
gaussian_strong_d5,3,3-4-2,1024,39,930040,0.5641001361526878,-0.010565638840929092,0.010565638840929092
gaussian_strong_d5,4,4-3-2,1024,39,930040,0.5639019495371802,-0.010763825456436726,0.010763825456436726
gaussian_strong_d5,1,2-3-4,1024,40,930041,0.5728087682498219,-0.0018570067437950755,0.0018570067437950755
gaussian_strong_d5,2,3-2-4,1024,40,930041,0.5731095219295029,-0.0015562530641139993,0.0015562530641139993
gaussian_strong_d5,3,3-4-2,1024,40,930041,0.5731095219295029,-0.0015562530641139993,0.0015562530641139993
gaussian_strong_d5,4,4-3-2,1024,40,930041,0.5728087682498219,-0.0018570067437950755,0.0018570067437950755
gaussian_strong_d5,1,2-3-4,1024,41,930042,0.5754569088922371,0.0007911338986201777,0.0007911338986201777
gaussian_strong_d5,2,3-2-4,1024,41,930042,0.574435665183086,-0.00023010981053095403,0.00023010981053095403
gaussian_strong_d5,3,3-4-2,1024,41,930042,0.574435665183086,-0.00023010981053095403,0.00023010981053095403
gaussian_strong_d5,4,4-3-2,1024,41,930042,0.5754569088922371,0.0007911338986201777,0.0007911338986201777
gaussian_strong_d5,1,2-3-4,1024,42,930043,0.5708022608539262,-0.0038635141396907713,0.0038635141396907713
gaussian_strong_d5,2,3-2-4,1024,42,930043,0.5720838587993976,-0.0025819161942193247,0.0025819161942193247
gaussian_strong_d5,3,3-4-2,1024,42,930043,0.5720838587993976,-0.0025819161942193247,0.0025819161942193247
gaussian_strong_d5,4,4-3-2,1024,42,930043,0.5708022608539262,-0.0038635141396907713,0.0038635141396907713
gaussian_strong_d5,1,2-3-4,1024,43,930044,0.5768020163786962,0.002136241385079285,0.002136241385079285
gaussian_strong_d5,2,3-2-4,1024,43,930044,0.5764698457736445,0.0018040707800275335,0.0018040707800275335
gaussian_strong_d5,3,3-4-2,1024,43,930044,0.5764698457736445,0.0018040707800275335,0.0018040707800275335
gaussian_strong_d5,4,4-3-2,1024,43,930044,0.5768020163786962,0.002136241385079285,0.002136241385079285
gaussian_strong_d5,1,2-3-4,1024,44,930045,0.5593190083772118,-0.015346766616405105,0.015346766616405105
gaussian_strong_d5,2,3-2-4,1024,44,930045,0.5590558953771672,-0.015609879616449773,0.015609879616449773
gaussian_strong_d5,3,3-4-2,1024,44,930045,0.5590558953771672,-0.015609879616449773,0.015609879616449773
gaussian_strong_d5,4,4-3-2,1024,44,930045,0.5593190083772118,-0.015346766616405105,0.015346766616405105
gaussian_strong_d5,1,2-3-4,1024,45,930046,0.5767393536104651,0.002073578616848204,0.002073578616848204
gaussian_strong_d5,2,3-2-4,1024,45,930046,0.5783808152759462,0.003715040282329274,0.003715040282329274
gaussian_strong_d5,3,3-4-2,1024,45,930046,0.5783808152759462,0.003715040282329274,0.003715040282329274
gaussian_strong_d5,4,4-3-2,1024,45,930046,0.5767393536104651,0.002073578616848204,0.002073578616848204
gaussian_strong_d5,1,2-3-4,1024,46,930047,0.5779219251199361,0.0032561501263191905,0.0032561501263191905
gaussian_strong_d5,2,3-2-4,1024,46,930047,0.5775300241763442,0.0028642491827273187,0.0028642491827273187
gaussian_strong_d5,3,3-4-2,1024,46,930047,0.5775300241763442,0.0028642491827273187,0.0028642491827273187
gaussian_strong_d5,4,4-3-2,1024,46,930047,0.5779219251199361,0.0032561501263191905,0.0032561501263191905
gaussian_strong_d5,1,2-3-4,1024,47,930048,0.5704712868805359,-0.004194488113080985,0.004194488113080985
gaussian_strong_d5,2,3-2-4,1024,47,930048,0.5717112633456684,-0.0029545116479485767,0.0029545116479485767
gaussian_strong_d5,3,3-4-2,1024,47,930048,0.5717112633456684,-0.0029545116479485767,0.0029545116479485767
gaussian_strong_d5,4,4-3-2,1024,47,930048,0.5704712868805359,-0.004194488113080985,0.004194488113080985
gaussian_strong_d5,1,2-3-4,1024,48,930049,0.5831193892846654,0.008453614291048517,0.008453614291048517
gaussian_strong_d5,2,3-2-4,1024,48,930049,0.582868589791324,0.008202814797707125,0.008202814797707125
gaussian_strong_d5,3,3-4-2,1024,48,930049,0.582868589791324,0.008202814797707125,0.008202814797707125
gaussian_strong_d5,4,4-3-2,1024,48,930049,0.5831193892846654,0.008453614291048517,0.008453614291048517
gaussian_strong_d5,1,2-3-4,1024,49,930050,0.5659355916314394,-0.008730183362177568,0.008730183362177568
gaussian_strong_d5,2,3-2-4,1024,49,930050,0.5666322294590298,-0.008033545534587128,0.008033545534587128
gaussian_strong_d5,3,3-4-2,1024,49,930050,0.5666322294590298,-0.008033545534587128,0.008033545534587128
gaussian_strong_d5,4,4-3-2,1024,49,930050,0.5659355916314394,-0.008730183362177568,0.008730183362177568
gaussian_strong_d5,1,2-3-4,1024,50,930051,0.5766372636314688,0.0019714886378519036,0.0019714886378519036
gaussian_strong_d5,2,3-2-4,1024,50,930051,0.5764947905608567,0.0018290155672398,0.0018290155672398
gaussian_strong_d5,3,3-4-2,1024,50,930051,0.5764947905608567,0.0018290155672398,0.0018290155672398
gaussian_strong_d5,4,4-3-2,1024,50,930051,0.5766372636314688,0.0019714886378519036,0.0019714886378519036
gaussian_strong_d5,1,2-3-4,1024,51,930052,0.5707109618454036,-0.003954813148213332,0.003954813148213332
gaussian_strong_d5,2,3-2-4,1024,51,930052,0.569873247877789,-0.004792527115827894,0.004792527115827894
gaussian_strong_d5,3,3-4-2,1024,51,930052,0.569873247877789,-0.004792527115827894,0.004792527115827894
gaussian_strong_d5,4,4-3-2,1024,51,930052,0.5707109618454036,-0.003954813148213332,0.003954813148213332
gaussian_strong_d5,1,2-3-4,1024,52,930053,0.5741214997038803,-0.0005442752897366621,0.0005442752897366621
gaussian_strong_d5,2,3-2-4,1024,52,930053,0.5720237464987794,-0.0026420284948375228,0.0026420284948375228
gaussian_strong_d5,3,3-4-2,1024,52,930053,0.5720237464987794,-0.0026420284948375228,0.0026420284948375228
gaussian_strong_d5,4,4-3-2,1024,52,930053,0.5741214997038803,-0.0005442752897366621,0.0005442752897366621
gaussian_strong_d5,1,2-3-4,1024,53,930054,0.5813239178597919,0.006658142866174943,0.006658142866174943
gaussian_strong_d5,2,3-2-4,1024,53,930054,0.5793777384028933,0.004711963409276376,0.004711963409276376
gaussian_strong_d5,3,3-4-2,1024,53,930054,0.5793777384028933,0.004711963409276376,0.004711963409276376
gaussian_strong_d5,4,4-3-2,1024,53,930054,0.5813239178597919,0.006658142866174943,0.006658142866174943
gaussian_strong_d5,1,2-3-4,1024,54,930055,0.5777429912498306,0.0030772162562137106,0.0030772162562137106
gaussian_strong_d5,2,3-2-4,1024,54,930055,0.5791017353431154,0.004435960349498447,0.004435960349498447
gaussian_strong_d5,3,3-4-2,1024,54,930055,0.5791017353431154,0.004435960349498447,0.004435960349498447
gaussian_strong_d5,4,4-3-2,1024,54,930055,0.5777429912498306,0.0030772162562137106,0.0030772162562137106
gaussian_strong_d5,1,2-3-4,1024,55,930056,0.576388731180492,0.0017229561868751242,0.0017229561868751242
gaussian_strong_d5,2,3-2-4,1024,55,930056,0.5763483360244427,0.0016825610308257577,0.0016825610308257577
gaussian_strong_d5,3,3-4-2,1024,55,930056,0.5763483360244427,0.0016825610308257577,0.0016825610308257577
gaussian_strong_d5,4,4-3-2,1024,55,930056,0.576388731180492,0.0017229561868751242,0.0017229561868751242
gaussian_strong_d5,1,2-3-4,1024,56,930057,0.5823185813461947,0.007652806352577812,0.007652806352577812
gaussian_strong_d5,2,3-2-4,1024,56,930057,0.5826501070388491,0.00798433204523219,0.00798433204523219
gaussian_strong_d5,3,3-4-2,1024,56,930057,0.5826501070388491,0.00798433204523219,0.00798433204523219
gaussian_strong_d5,4,4-3-2,1024,56,930057,0.5823185813461947,0.007652806352577812,0.007652806352577812
gaussian_strong_d5,1,2-3-4,1024,57,930058,0.5745905775489291,-7.519744468786893e-5,7.519744468786893e-5
gaussian_strong_d5,2,3-2-4,1024,57,930058,0.5740798516460921,-0.0005859233475248304,0.0005859233475248304
gaussian_strong_d5,3,3-4-2,1024,57,930058,0.5740798516460921,-0.0005859233475248304,0.0005859233475248304
gaussian_strong_d5,4,4-3-2,1024,57,930058,0.5745905775489291,-7.519744468786893e-5,7.519744468786893e-5
gaussian_strong_d5,1,2-3-4,1024,58,930059,0.5732159628102156,-0.0014498121834013444,0.0014498121834013444
gaussian_strong_d5,2,3-2-4,1024,58,930059,0.5741423544613061,-0.0005234205323108032,0.0005234205323108032
gaussian_strong_d5,3,3-4-2,1024,58,930059,0.5741423544613061,-0.0005234205323108032,0.0005234205323108032
gaussian_strong_d5,4,4-3-2,1024,58,930059,0.5732159628102156,-0.0014498121834013444,0.0014498121834013444
gaussian_strong_d5,1,2-3-4,1024,59,930060,0.5752198436607998,0.0005540686671828832,0.0005540686671828832
gaussian_strong_d5,2,3-2-4,1024,59,930060,0.5745770439665747,-8.873102704221036e-5,8.873102704221036e-5
gaussian_strong_d5,3,3-4-2,1024,59,930060,0.5745770439665747,-8.873102704221036e-5,8.873102704221036e-5
gaussian_strong_d5,4,4-3-2,1024,59,930060,0.5752198436607998,0.0005540686671828832,0.0005540686671828832
gaussian_strong_d5,1,2-3-4,1024,60,930061,0.5700443142353269,-0.0046214607582900635,0.0046214607582900635
gaussian_strong_d5,2,3-2-4,1024,60,930061,0.5690654542518175,-0.005600320741799392,0.005600320741799392
gaussian_strong_d5,3,3-4-2,1024,60,930061,0.5690654542518175,-0.005600320741799392,0.005600320741799392
gaussian_strong_d5,4,4-3-2,1024,60,930061,0.5700443142353269,-0.0046214607582900635,0.0046214607582900635
gaussian_strong_d5,1,2-3-4,1024,61,930062,0.5729291591801211,-0.0017366158134958232,0.0017366158134958232
gaussian_strong_d5,2,3-2-4,1024,61,930062,0.5724632456988318,-0.0022025292947851494,0.0022025292947851494
gaussian_strong_d5,3,3-4-2,1024,61,930062,0.5724632456988318,-0.0022025292947851494,0.0022025292947851494
gaussian_strong_d5,4,4-3-2,1024,61,930062,0.5729291591801211,-0.0017366158134958232,0.0017366158134958232
gaussian_strong_d5,1,2-3-4,1024,62,930063,0.5808540993888783,0.006188324395261402,0.006188324395261402
gaussian_strong_d5,2,3-2-4,1024,62,930063,0.5811097939896038,0.0064440189959869,0.0064440189959869
gaussian_strong_d5,3,3-4-2,1024,62,930063,0.5811097939896038,0.0064440189959869,0.0064440189959869
gaussian_strong_d5,4,4-3-2,1024,62,930063,0.5808540993888783,0.006188324395261402,0.006188324395261402
gaussian_strong_d5,1,2-3-4,1024,63,930064,0.5760163234795234,0.0013505484859064332,0.0013505484859064332
gaussian_strong_d5,2,3-2-4,1024,63,930064,0.5755788406832639,0.0009130656896469969,0.0009130656896469969
gaussian_strong_d5,3,3-4-2,1024,63,930064,0.5755788406832639,0.0009130656896469969,0.0009130656896469969
gaussian_strong_d5,4,4-3-2,1024,63,930064,0.5760163234795234,0.0013505484859064332,0.0013505484859064332
gaussian_strong_d5,1,2-3-4,1024,64,930065,0.5767766897559817,0.0021109147623648017,0.0021109147623648017
gaussian_strong_d5,2,3-2-4,1024,64,930065,0.5755748882942047,0.0009091133005877383,0.0009091133005877383
gaussian_strong_d5,3,3-4-2,1024,64,930065,0.5755748882942047,0.0009091133005877383,0.0009091133005877383
gaussian_strong_d5,4,4-3-2,1024,64,930065,0.5767766897559817,0.0021109147623648017,0.0021109147623648017
gaussian_strong_d5,1,2-3-4,1024,65,930066,0.5659198342702717,-0.008745940723345225,0.008745940723345225
gaussian_strong_d5,2,3-2-4,1024,65,930066,0.5656727809402039,-0.008992994053413028,0.008992994053413028
gaussian_strong_d5,3,3-4-2,1024,65,930066,0.5656727809402039,-0.008992994053413028,0.008992994053413028
gaussian_strong_d5,4,4-3-2,1024,65,930066,0.5659198342702717,-0.008745940723345225,0.008745940723345225
gaussian_strong_d5,1,2-3-4,1024,66,930067,0.5796274625745834,0.0049616875809664895,0.0049616875809664895
gaussian_strong_d5,2,3-2-4,1024,66,930067,0.579661723414674,0.004995948421057106,0.004995948421057106
gaussian_strong_d5,3,3-4-2,1024,66,930067,0.579661723414674,0.004995948421057106,0.004995948421057106
gaussian_strong_d5,4,4-3-2,1024,66,930067,0.5796274625745834,0.0049616875809664895,0.0049616875809664895
gaussian_strong_d5,1,2-3-4,1024,67,930068,0.5831454464550931,0.008479671461476213,0.008479671461476213
gaussian_strong_d5,2,3-2-4,1024,67,930068,0.5834722118901701,0.008806436896553138,0.008806436896553138
gaussian_strong_d5,3,3-4-2,1024,67,930068,0.5834722118901701,0.008806436896553138,0.008806436896553138
gaussian_strong_d5,4,4-3-2,1024,67,930068,0.5831454464550931,0.008479671461476213,0.008479671461476213
gaussian_strong_d5,1,2-3-4,1024,68,930069,0.5722049096883026,-0.002460865305314308,0.002460865305314308
gaussian_strong_d5,2,3-2-4,1024,68,930069,0.5733055413145142,-0.0013602336791027625,0.0013602336791027625
gaussian_strong_d5,3,3-4-2,1024,68,930069,0.5733055413145142,-0.0013602336791027625,0.0013602336791027625
gaussian_strong_d5,4,4-3-2,1024,68,930069,0.5722049096883026,-0.002460865305314308,0.002460865305314308
gaussian_strong_d5,1,2-3-4,1024,69,930070,0.5806655913044965,0.0059998163108795355,0.0059998163108795355
gaussian_strong_d5,2,3-2-4,1024,69,930070,0.581407510982746,0.006741735989129083,0.006741735989129083
gaussian_strong_d5,3,3-4-2,1024,69,930070,0.581407510982746,0.006741735989129083,0.006741735989129083
gaussian_strong_d5,4,4-3-2,1024,69,930070,0.5806655913044965,0.0059998163108795355,0.0059998163108795355
gaussian_strong_d5,1,2-3-4,1024,70,930071,0.5699802899640344,-0.004685485029582548,0.004685485029582548
gaussian_strong_d5,2,3-2-4,1024,70,930071,0.5723863880965567,-0.0022793868970601983,0.0022793868970601983
gaussian_strong_d5,3,3-4-2,1024,70,930071,0.5723863880965567,-0.0022793868970601983,0.0022793868970601983
gaussian_strong_d5,4,4-3-2,1024,70,930071,0.5699802899640344,-0.004685485029582548,0.004685485029582548
gaussian_strong_d5,1,2-3-4,1024,71,930072,0.5674027294271915,-0.00726304556642543,0.00726304556642543
gaussian_strong_d5,2,3-2-4,1024,71,930072,0.5665156624915032,-0.008150112502113727,0.008150112502113727
gaussian_strong_d5,3,3-4-2,1024,71,930072,0.5665156624915032,-0.008150112502113727,0.008150112502113727
gaussian_strong_d5,4,4-3-2,1024,71,930072,0.5674027294271915,-0.00726304556642543,0.00726304556642543
gaussian_strong_d5,1,2-3-4,1024,72,930073,0.5800078914328245,0.005342116439207567,0.005342116439207567
gaussian_strong_d5,2,3-2-4,1024,72,930073,0.5809630016768349,0.006297226683217971,0.006297226683217971
gaussian_strong_d5,3,3-4-2,1024,72,930073,0.5809630016768349,0.006297226683217971,0.006297226683217971
gaussian_strong_d5,4,4-3-2,1024,72,930073,0.5800078914328245,0.005342116439207567,0.005342116439207567
gaussian_strong_d5,1,2-3-4,1024,73,930074,0.5747676798415964,0.00010190484797945043,0.00010190484797945043
gaussian_strong_d5,2,3-2-4,1024,73,930074,0.575747184742068,0.0010814097484510565,0.0010814097484510565
gaussian_strong_d5,3,3-4-2,1024,73,930074,0.575747184742068,0.0010814097484510565,0.0010814097484510565
gaussian_strong_d5,4,4-3-2,1024,73,930074,0.5747676798415964,0.00010190484797945043,0.00010190484797945043
gaussian_strong_d5,1,2-3-4,1024,74,930075,0.5844625153545935,0.009796740360976552,0.009796740360976552
gaussian_strong_d5,2,3-2-4,1024,74,930075,0.584340910186529,0.009675135192912077,0.009675135192912077
gaussian_strong_d5,3,3-4-2,1024,74,930075,0.584340910186529,0.009675135192912077,0.009675135192912077
gaussian_strong_d5,4,4-3-2,1024,74,930075,0.5844625153545935,0.009796740360976552,0.009796740360976552
gaussian_strong_d5,1,2-3-4,1024,75,930076,0.5722346291989414,-0.0024311457946755155,0.0024311457946755155
gaussian_strong_d5,2,3-2-4,1024,75,930076,0.5725447841705719,-0.002120990823045066,0.002120990823045066
gaussian_strong_d5,3,3-4-2,1024,75,930076,0.5725447841705719,-0.002120990823045066,0.002120990823045066
gaussian_strong_d5,4,4-3-2,1024,75,930076,0.5722346291989414,-0.0024311457946755155,0.0024311457946755155
gaussian_strong_d5,1,2-3-4,1024,76,930077,0.5767232010994016,0.002057426105784632,0.002057426105784632
gaussian_strong_d5,2,3-2-4,1024,76,930077,0.5771786651957306,0.002512890202113649,0.002512890202113649
gaussian_strong_d5,3,3-4-2,1024,76,930077,0.5771786651957306,0.002512890202113649,0.002512890202113649
gaussian_strong_d5,4,4-3-2,1024,76,930077,0.5767232010994016,0.002057426105784632,0.002057426105784632
gaussian_strong_d5,1,2-3-4,1024,77,930078,0.5813949210644809,0.006729146070863945,0.006729146070863945
gaussian_strong_d5,2,3-2-4,1024,77,930078,0.5810655589786851,0.00639978398506813,0.00639978398506813
gaussian_strong_d5,3,3-4-2,1024,77,930078,0.5810655589786851,0.00639978398506813,0.00639978398506813
gaussian_strong_d5,4,4-3-2,1024,77,930078,0.5813949210644809,0.006729146070863945,0.006729146070863945
gaussian_strong_d5,1,2-3-4,1024,78,930079,0.5582480671852986,-0.016417707808318305,0.016417707808318305
gaussian_strong_d5,2,3-2-4,1024,78,930079,0.5588218349435129,-0.015843940050104033,0.015843940050104033
gaussian_strong_d5,3,3-4-2,1024,78,930079,0.5588218349435129,-0.015843940050104033,0.015843940050104033
gaussian_strong_d5,4,4-3-2,1024,78,930079,0.5582480671852986,-0.016417707808318305,0.016417707808318305
gaussian_strong_d5,1,2-3-4,1024,79,930080,0.5706799728109118,-0.003985802182705167,0.003985802182705167
gaussian_strong_d5,2,3-2-4,1024,79,930080,0.5709466863968761,-0.0037190885967408605,0.0037190885967408605
gaussian_strong_d5,3,3-4-2,1024,79,930080,0.5709466863968761,-0.0037190885967408605,0.0037190885967408605
gaussian_strong_d5,4,4-3-2,1024,79,930080,0.5706799728109118,-0.003985802182705167,0.003985802182705167
gaussian_strong_d5,1,2-3-4,1024,80,930081,0.5709244328809004,-0.0037413421127164836,0.0037413421127164836
gaussian_strong_d5,2,3-2-4,1024,80,930081,0.5692168673976534,-0.005448907595963504,0.005448907595963504
gaussian_strong_d5,3,3-4-2,1024,80,930081,0.5692168673976534,-0.005448907595963504,0.005448907595963504
gaussian_strong_d5,4,4-3-2,1024,80,930081,0.5709244328809004,-0.0037413421127164836,0.0037413421127164836
gaussian_strong_d5,1,2-3-4,1024,81,930082,0.5728331912883714,-0.0018325837052455274,0.0018325837052455274
gaussian_strong_d5,2,3-2-4,1024,81,930082,0.5728478014926559,-0.0018179735009610232,0.0018179735009610232
gaussian_strong_d5,3,3-4-2,1024,81,930082,0.5728478014926559,-0.0018179735009610232,0.0018179735009610232
gaussian_strong_d5,4,4-3-2,1024,81,930082,0.5728331912883714,-0.0018325837052455274,0.0018325837052455274
gaussian_strong_d5,1,2-3-4,1024,82,930083,0.5741690006624217,-0.0004967743311952155,0.0004967743311952155
gaussian_strong_d5,2,3-2-4,1024,82,930083,0.5740242278672677,-0.000641547126349229,0.000641547126349229
gaussian_strong_d5,3,3-4-2,1024,82,930083,0.5740242278672677,-0.000641547126349229,0.000641547126349229
gaussian_strong_d5,4,4-3-2,1024,82,930083,0.5741690006624217,-0.0004967743311952155,0.0004967743311952155
gaussian_strong_d5,1,2-3-4,1024,83,930084,0.5733586914257385,-0.0013070835678784531,0.0013070835678784531
gaussian_strong_d5,2,3-2-4,1024,83,930084,0.5739847632944235,-0.0006810116991934345,0.0006810116991934345
gaussian_strong_d5,3,3-4-2,1024,83,930084,0.5739847632944235,-0.0006810116991934345,0.0006810116991934345
gaussian_strong_d5,4,4-3-2,1024,83,930084,0.5733586914257385,-0.0013070835678784531,0.0013070835678784531
gaussian_strong_d5,1,2-3-4,1024,84,930085,0.5778097457675303,0.0031439707739133738,0.0031439707739133738
gaussian_strong_d5,2,3-2-4,1024,84,930085,0.5781325294315817,0.0034667544379647364,0.0034667544379647364
gaussian_strong_d5,3,3-4-2,1024,84,930085,0.5781325294315817,0.0034667544379647364,0.0034667544379647364
gaussian_strong_d5,4,4-3-2,1024,84,930085,0.5778097457675303,0.0031439707739133738,0.0031439707739133738
gaussian_strong_d5,1,2-3-4,1024,85,930086,0.5819198192360947,0.007254044242477775,0.007254044242477775
gaussian_strong_d5,2,3-2-4,1024,85,930086,0.5828965499536802,0.008230774960063303,0.008230774960063303
gaussian_strong_d5,3,3-4-2,1024,85,930086,0.5828965499536802,0.008230774960063303,0.008230774960063303
gaussian_strong_d5,4,4-3-2,1024,85,930086,0.5819198192360947,0.007254044242477775,0.007254044242477775
gaussian_strong_d5,1,2-3-4,1024,86,930087,0.5813941518035906,0.006728376809973624,0.006728376809973624
gaussian_strong_d5,2,3-2-4,1024,86,930087,0.5823866870537572,0.00772091206014025,0.00772091206014025
gaussian_strong_d5,3,3-4-2,1024,86,930087,0.5823866870537572,0.00772091206014025,0.00772091206014025
gaussian_strong_d5,4,4-3-2,1024,86,930087,0.5813941518035906,0.006728376809973624,0.006728376809973624
gaussian_strong_d5,1,2-3-4,1024,87,930088,0.5764943774899016,0.0018286024962846925,0.0018286024962846925
gaussian_strong_d5,2,3-2-4,1024,87,930088,0.576032260698466,0.0013664857048490964,0.0013664857048490964
gaussian_strong_d5,3,3-4-2,1024,87,930088,0.576032260698466,0.0013664857048490964,0.0013664857048490964
gaussian_strong_d5,4,4-3-2,1024,87,930088,0.5764943774899016,0.0018286024962846925,0.0018286024962846925
gaussian_strong_d5,1,2-3-4,1024,88,930089,0.5787942388730039,0.004128463879386923,0.004128463879386923
gaussian_strong_d5,2,3-2-4,1024,88,930089,0.5787717635908758,0.004105988597258858,0.004105988597258858
gaussian_strong_d5,3,3-4-2,1024,88,930089,0.5787717635908758,0.004105988597258858,0.004105988597258858
gaussian_strong_d5,4,4-3-2,1024,88,930089,0.5787942388730039,0.004128463879386923,0.004128463879386923
gaussian_strong_d5,1,2-3-4,1024,89,930090,0.573044809556651,-0.0016209654369658821,0.0016209654369658821
gaussian_strong_d5,2,3-2-4,1024,89,930090,0.5719633711938501,-0.002702403799766828,0.002702403799766828
gaussian_strong_d5,3,3-4-2,1024,89,930090,0.5719633711938501,-0.002702403799766828,0.002702403799766828
gaussian_strong_d5,4,4-3-2,1024,89,930090,0.573044809556651,-0.0016209654369658821,0.0016209654369658821
gaussian_strong_d5,1,2-3-4,1024,90,930091,0.5755283936801202,0.0008626186865032803,0.0008626186865032803
gaussian_strong_d5,2,3-2-4,1024,90,930091,0.5753548429442611,0.0006890679506441622,0.0006890679506441622
gaussian_strong_d5,3,3-4-2,1024,90,930091,0.5753548429442611,0.0006890679506441622,0.0006890679506441622
gaussian_strong_d5,4,4-3-2,1024,90,930091,0.5755283936801202,0.0008626186865032803,0.0008626186865032803
gaussian_strong_d5,1,2-3-4,1024,91,930092,0.5787181720348752,0.00405239704125826,0.00405239704125826
gaussian_strong_d5,2,3-2-4,1024,91,930092,0.5777743000999418,0.0031085251063248664,0.0031085251063248664
gaussian_strong_d5,3,3-4-2,1024,91,930092,0.5777743000999418,0.0031085251063248664,0.0031085251063248664
gaussian_strong_d5,4,4-3-2,1024,91,930092,0.5787181720348752,0.00405239704125826,0.00405239704125826
gaussian_strong_d5,1,2-3-4,1024,92,930093,0.57828505868632,0.0036192836927030347,0.0036192836927030347
gaussian_strong_d5,2,3-2-4,1024,92,930093,0.5793943360678029,0.004728561074185955,0.004728561074185955
gaussian_strong_d5,3,3-4-2,1024,92,930093,0.5793943360678029,0.004728561074185955,0.004728561074185955
gaussian_strong_d5,4,4-3-2,1024,92,930093,0.57828505868632,0.0036192836927030347,0.0036192836927030347
gaussian_strong_d5,1,2-3-4,1024,93,930094,0.5693545921387302,-0.005311182854886742,0.005311182854886742
gaussian_strong_d5,2,3-2-4,1024,93,930094,0.5683609638349406,-0.006304811158676316,0.006304811158676316
gaussian_strong_d5,3,3-4-2,1024,93,930094,0.5683609638349406,-0.006304811158676316,0.006304811158676316
gaussian_strong_d5,4,4-3-2,1024,93,930094,0.5693545921387302,-0.005311182854886742,0.005311182854886742
gaussian_strong_d5,1,2-3-4,1024,94,930095,0.5685264724571237,-0.006139302536493196,0.006139302536493196
gaussian_strong_d5,2,3-2-4,1024,94,930095,0.5682157394366668,-0.006450035556950118,0.006450035556950118
gaussian_strong_d5,3,3-4-2,1024,94,930095,0.5682157394366668,-0.006450035556950118,0.006450035556950118
gaussian_strong_d5,4,4-3-2,1024,94,930095,0.5685264724571237,-0.006139302536493196,0.006139302536493196
gaussian_strong_d5,1,2-3-4,1024,95,930096,0.577322469210015,0.0026566942163980256,0.0026566942163980256
gaussian_strong_d5,2,3-2-4,1024,95,930096,0.5765701498736862,0.0019043748800692262,0.0019043748800692262
gaussian_strong_d5,3,3-4-2,1024,95,930096,0.5765701498736862,0.0019043748800692262,0.0019043748800692262
gaussian_strong_d5,4,4-3-2,1024,95,930096,0.577322469210015,0.0026566942163980256,0.0026566942163980256
gaussian_strong_d5,1,2-3-4,1024,96,930097,0.5765497753327108,0.0018840003390938609,0.0018840003390938609
gaussian_strong_d5,2,3-2-4,1024,96,930097,0.5772274498566488,0.0025616748630318265,0.0025616748630318265
gaussian_strong_d5,3,3-4-2,1024,96,930097,0.5772274498566488,0.0025616748630318265,0.0025616748630318265
gaussian_strong_d5,4,4-3-2,1024,96,930097,0.5765497753327108,0.0018840003390938609,0.0018840003390938609
gaussian_strong_d5,1,2-3-4,1024,97,930098,0.577053844866047,0.002388069872430121,0.002388069872430121
gaussian_strong_d5,2,3-2-4,1024,97,930098,0.576801744166982,0.0021359691733651154,0.0021359691733651154
gaussian_strong_d5,3,3-4-2,1024,97,930098,0.576801744166982,0.0021359691733651154,0.0021359691733651154
gaussian_strong_d5,4,4-3-2,1024,97,930098,0.577053844866047,0.002388069872430121,0.002388069872430121
gaussian_strong_d5,1,2-3-4,1024,98,930099,0.5754270393127766,0.0007612643191596824,0.0007612643191596824
gaussian_strong_d5,2,3-2-4,1024,98,930099,0.5753600270315093,0.0006942520378924177,0.0006942520378924177
gaussian_strong_d5,3,3-4-2,1024,98,930099,0.5753600270315093,0.0006942520378924177,0.0006942520378924177
gaussian_strong_d5,4,4-3-2,1024,98,930099,0.5754270393127766,0.0007612643191596824,0.0007612643191596824
gaussian_strong_d5,1,2-3-4,1024,99,930100,0.5749300417342347,0.0002642667406177468,0.0002642667406177468
gaussian_strong_d5,2,3-2-4,1024,99,930100,0.5757250288146101,0.0010592538209931446,0.0010592538209931446
gaussian_strong_d5,3,3-4-2,1024,99,930100,0.5757250288146101,0.0010592538209931446,0.0010592538209931446
gaussian_strong_d5,4,4-3-2,1024,99,930100,0.5749300417342347,0.0002642667406177468,0.0002642667406177468
gaussian_strong_d5,1,2-3-4,1024,100,930101,0.5717329455105342,-0.0029328294830827106,0.0029328294830827106
gaussian_strong_d5,2,3-2-4,1024,100,930101,0.5687987729171861,-0.005867002076430872,0.005867002076430872
gaussian_strong_d5,3,3-4-2,1024,100,930101,0.5687987729171861,-0.005867002076430872,0.005867002076430872
gaussian_strong_d5,4,4-3-2,1024,100,930101,0.5717329455105342,-0.0029328294830827106,0.0029328294830827106
genuine_rvine_d5,1,2-3-4,1024,1,1030002,0.15258460144679875,-0.003750877357929505,0.003750877357929505
genuine_rvine_d5,2,2-4-3,1024,1,1030002,0.15291820006096074,-0.0034172787437675156,0.0034172787437675156
genuine_rvine_d5,3,3-2-4,1024,1,1030002,0.15311864928451177,-0.0032168295202164854,0.0032168295202164854
genuine_rvine_d5,4,4-2-3,1024,1,1030002,0.15336096617221565,-0.0029745126325126103,0.0029745126325126103
genuine_rvine_d5,1,2-3-4,1024,2,1030003,0.15774190188471476,0.0014064230799865074,0.0014064230799865074
genuine_rvine_d5,2,2-4-3,1024,2,1030003,0.15723863053075496,0.0009031517260267019,0.0009031517260267019
genuine_rvine_d5,3,3-2-4,1024,2,1030003,0.15894299441046414,0.002607515605735883,0.002607515605735883
genuine_rvine_d5,4,4-2-3,1024,2,1030003,0.16198692848882815,0.005651449684099891,0.005651449684099891
genuine_rvine_d5,1,2-3-4,1024,3,1030004,0.15262923067131168,-0.0037062481334165787,0.0037062481334165787
genuine_rvine_d5,2,2-4-3,1024,3,1030004,0.15374269375299124,-0.0025927850517370177,0.0025927850517370177
genuine_rvine_d5,3,3-2-4,1024,3,1030004,0.15354818239731655,-0.00278729640741171,0.00278729640741171
genuine_rvine_d5,4,4-2-3,1024,3,1030004,0.15083629489483422,-0.00549918390989404,0.00549918390989404
genuine_rvine_d5,1,2-3-4,1024,4,1030005,0.15718403040596649,0.0008485516012382288,0.0008485516012382288
genuine_rvine_d5,2,2-4-3,1024,4,1030005,0.15690118368318515,0.0005657048784568908,0.0005657048784568908
genuine_rvine_d5,3,3-2-4,1024,4,1030005,0.1578576743952203,0.0015221955904920481,0.0015221955904920481
genuine_rvine_d5,4,4-2-3,1024,4,1030005,0.15575394431621667,-0.000581534488511587,0.000581534488511587
genuine_rvine_d5,1,2-3-4,1024,5,1030006,0.15604877018147456,-0.0002867086232536953,0.0002867086232536953
genuine_rvine_d5,2,2-4-3,1024,5,1030006,0.15573444585106802,-0.0006010329536602355,0.0006010329536602355
genuine_rvine_d5,3,3-2-4,1024,5,1030006,0.15634746670212285,1.198789739459416e-5,1.198789739459416e-5
genuine_rvine_d5,4,4-2-3,1024,5,1030006,0.16062767936735095,0.0042922005626226944,0.0042922005626226944
genuine_rvine_d5,1,2-3-4,1024,6,1030007,0.15776842544123737,0.0014329466365091137,0.0014329466365091137
genuine_rvine_d5,2,2-4-3,1024,6,1030007,0.15778397604069633,0.0014484972359680715,0.0014484972359680715
genuine_rvine_d5,3,3-2-4,1024,6,1030007,0.15893687667011508,0.002601397865386823,0.002601397865386823
genuine_rvine_d5,4,4-2-3,1024,6,1030007,0.15893541900400818,0.002599940199279921,0.002599940199279921
genuine_rvine_d5,1,2-3-4,1024,7,1030008,0.16311035221332554,0.006774873408597282,0.006774873408597282
genuine_rvine_d5,2,2-4-3,1024,7,1030008,0.1641410840976342,0.007805605292905943,0.007805605292905943
genuine_rvine_d5,3,3-2-4,1024,7,1030008,0.16059386912010007,0.004258390315371813,0.004258390315371813
genuine_rvine_d5,4,4-2-3,1024,7,1030008,0.15502710398865555,-0.0013083748160727104,0.0013083748160727104
genuine_rvine_d5,1,2-3-4,1024,8,1030009,0.15421955405043314,-0.0021159247542951176,0.0021159247542951176
genuine_rvine_d5,2,2-4-3,1024,8,1030009,0.15456208631616672,-0.001773392488561537,0.001773392488561537
genuine_rvine_d5,3,3-2-4,1024,8,1030009,0.15625293255957615,-8.254624515210973e-5,8.254624515210973e-5
genuine_rvine_d5,4,4-2-3,1024,8,1030009,0.15882082019279542,0.0024853413880671638,0.0024853413880671638
genuine_rvine_d5,1,2-3-4,1024,9,1030010,0.16006449319418398,0.0037290143894557204,0.0037290143894557204
genuine_rvine_d5,2,2-4-3,1024,9,1030010,0.16079577318944052,0.004460294384712266,0.004460294384712266
genuine_rvine_d5,3,3-2-4,1024,9,1030010,0.15947683237215649,0.003141353567428229,0.003141353567428229
genuine_rvine_d5,4,4-2-3,1024,9,1030010,0.15976426607556443,0.0034287872708361755,0.0034287872708361755
genuine_rvine_d5,1,2-3-4,1024,10,1030011,0.157516618999269,0.0011811401945407418,0.0011811401945407418
genuine_rvine_d5,2,2-4-3,1024,10,1030011,0.15865325470697353,0.0023177759022452726,0.0023177759022452726
genuine_rvine_d5,3,3-2-4,1024,10,1030011,0.1569696250109854,0.0006341462062571523,0.0006341462062571523
genuine_rvine_d5,4,4-2-3,1024,10,1030011,0.15587251422267312,-0.00046296458205513646,0.00046296458205513646
genuine_rvine_d5,1,2-3-4,1024,11,1030012,0.15803801792862926,0.0017025391239010035,0.0017025391239010035
genuine_rvine_d5,2,2-4-3,1024,11,1030012,0.15828858148831215,0.001953102683583896,0.001953102683583896
genuine_rvine_d5,3,3-2-4,1024,11,1030012,0.15873103097643546,0.0023955521717071993,0.0023955521717071993
genuine_rvine_d5,4,4-2-3,1024,11,1030012,0.15733546340802082,0.0009999846032925641,0.0009999846032925641
genuine_rvine_d5,1,2-3-4,1024,12,1030013,0.15988252260040453,0.0035470437956762746,0.0035470437956762746
genuine_rvine_d5,2,2-4-3,1024,12,1030013,0.15872504481415695,0.0023895660094286897,0.0023895660094286897
genuine_rvine_d5,3,3-2-4,1024,12,1030013,0.158847642629616,0.002512163824887753,0.002512163824887753
genuine_rvine_d5,4,4-2-3,1024,12,1030013,0.16093742192821775,0.004601943123489494,0.004601943123489494
genuine_rvine_d5,1,2-3-4,1024,13,1030014,0.15931389158851073,0.002978412783782469,0.002978412783782469
genuine_rvine_d5,2,2-4-3,1024,13,1030014,0.15902148593232335,0.0026860071275950914,0.0026860071275950914
genuine_rvine_d5,3,3-2-4,1024,13,1030014,0.1588320791733975,0.0024966003686692495,0.0024966003686692495
genuine_rvine_d5,4,4-2-3,1024,13,1030014,0.15473508622239546,-0.0016003925823327991,0.0016003925823327991
genuine_rvine_d5,1,2-3-4,1024,14,1030015,0.15210660589169017,-0.004228872913038084,0.004228872913038084
genuine_rvine_d5,2,2-4-3,1024,14,1030015,0.15206228581245762,-0.004273192992270636,0.004273192992270636
genuine_rvine_d5,3,3-2-4,1024,14,1030015,0.1525768401689434,-0.00375863863578485,0.00375863863578485
genuine_rvine_d5,4,4-2-3,1024,14,1030015,0.15268879844209832,-0.0036466803626299393,0.0036466803626299393
genuine_rvine_d5,1,2-3-4,1024,15,1030016,0.15970391621937086,0.0033684374146426,0.0033684374146426
genuine_rvine_d5,2,2-4-3,1024,15,1030016,0.15927352559377636,0.0029380467890481043,0.0029380467890481043
genuine_rvine_d5,3,3-2-4,1024,15,1030016,0.15809285809178097,0.0017573792870527183,0.0017573792870527183
genuine_rvine_d5,4,4-2-3,1024,15,1030016,0.16074775613756612,0.004412277332837861,0.004412277332837861
genuine_rvine_d5,1,2-3-4,1024,16,1030017,0.15764250307618857,0.0013070242714603164,0.0013070242714603164
genuine_rvine_d5,2,2-4-3,1024,16,1030017,0.15764381311607822,0.001308334311349968,0.001308334311349968
genuine_rvine_d5,3,3-2-4,1024,16,1030017,0.15776810225462012,0.0014326234498918677,0.0014326234498918677
genuine_rvine_d5,4,4-2-3,1024,16,1030017,0.15597596362334917,-0.0003595151813790831,0.0003595151813790831
genuine_rvine_d5,1,2-3-4,1024,17,1030018,0.15628399193121803,-5.148687351022585e-5,5.148687351022585e-5
genuine_rvine_d5,2,2-4-3,1024,17,1030018,0.1560630901095765,-0.000272388695151754,0.000272388695151754
genuine_rvine_d5,3,3-2-4,1024,17,1030018,0.15689870406371662,0.0005632252589883591,0.0005632252589883591
genuine_rvine_d5,4,4-2-3,1024,17,1030018,0.1570514337888634,0.0007159549841351531,0.0007159549841351531
genuine_rvine_d5,1,2-3-4,1024,18,1030019,0.15466820369770584,-0.0016672751070224145,0.0016672751070224145
genuine_rvine_d5,2,2-4-3,1024,18,1030019,0.15482743453397424,-0.0015080442707540165,0.0015080442707540165
genuine_rvine_d5,3,3-2-4,1024,18,1030019,0.15525647045448407,-0.0010790083502441872,0.0010790083502441872
genuine_rvine_d5,4,4-2-3,1024,18,1030019,0.15505090080033465,-0.001284578004393605,0.001284578004393605
genuine_rvine_d5,1,2-3-4,1024,19,1030020,0.15278068783421597,-0.0035547909705122838,0.0035547909705122838
genuine_rvine_d5,2,2-4-3,1024,19,1030020,0.15241834618836114,-0.003917132616367114,0.003917132616367114
genuine_rvine_d5,3,3-2-4,1024,19,1030020,0.15361315490171984,-0.0027223239030084168,0.0027223239030084168
genuine_rvine_d5,4,4-2-3,1024,19,1030020,0.15563696025111162,-0.0006985185536166338,0.0006985185536166338
genuine_rvine_d5,1,2-3-4,1024,20,1030021,0.15562851446599935,-0.0007069643387289104,0.0007069643387289104
genuine_rvine_d5,2,2-4-3,1024,20,1030021,0.15591890457960472,-0.0004165742251235338,0.0004165742251235338
genuine_rvine_d5,3,3-2-4,1024,20,1030021,0.15640284859391326,6.736978918500669e-5,6.736978918500669e-5
genuine_rvine_d5,4,4-2-3,1024,20,1030021,0.15806374876996068,0.0017282699652324263,0.0017282699652324263
genuine_rvine_d5,1,2-3-4,1024,21,1030022,0.16165632473449923,0.005320845929770973,0.005320845929770973
genuine_rvine_d5,2,2-4-3,1024,21,1030022,0.16186505946461352,0.005529580659885264,0.005529580659885264
genuine_rvine_d5,3,3-2-4,1024,21,1030022,0.16060293723563857,0.004267458430910309,0.004267458430910309
genuine_rvine_d5,4,4-2-3,1024,21,1030022,0.15851459848175464,0.0021791196770263865,0.0021791196770263865
genuine_rvine_d5,1,2-3-4,1024,22,1030023,0.14921724394591898,-0.007118234858809275,0.007118234858809275
genuine_rvine_d5,2,2-4-3,1024,22,1030023,0.14958114785180002,-0.006754330952928239,0.006754330952928239
genuine_rvine_d5,3,3-2-4,1024,22,1030023,0.15149696805624835,-0.004838510748479907,0.004838510748479907
genuine_rvine_d5,4,4-2-3,1024,22,1030023,0.1552488916829909,-0.0010865871217373424,0.0010865871217373424
genuine_rvine_d5,1,2-3-4,1024,23,1030024,0.1586156741828006,0.002280195378072336,0.002280195378072336
genuine_rvine_d5,2,2-4-3,1024,23,1030024,0.1584584477280177,0.0021229689232894478,0.0021229689232894478
genuine_rvine_d5,3,3-2-4,1024,23,1030024,0.1573381041371013,0.0010026253323730527,0.0010026253323730527
genuine_rvine_d5,4,4-2-3,1024,23,1030024,0.15834646187862314,0.002010983073894884,0.002010983073894884
genuine_rvine_d5,1,2-3-4,1024,24,1030025,0.1556876218145314,-0.0006478569901968434,0.0006478569901968434
genuine_rvine_d5,2,2-4-3,1024,24,1030025,0.15517331947011748,-0.0011621593346107795,0.0011621593346107795
genuine_rvine_d5,3,3-2-4,1024,24,1030025,0.1562264183659062,-0.00010906043882205618,0.00010906043882205618
genuine_rvine_d5,4,4-2-3,1024,24,1030025,0.16014122714081747,0.0038057483360892097,0.0038057483360892097
genuine_rvine_d5,1,2-3-4,1024,25,1030026,0.15772021174800133,0.0013847329432730704,0.0013847329432730704
genuine_rvine_d5,2,2-4-3,1024,25,1030026,0.15744622973715727,0.0011107509324290166,0.0011107509324290166
genuine_rvine_d5,3,3-2-4,1024,25,1030026,0.15626819936267555,-6.727944205270342e-5,6.727944205270342e-5
genuine_rvine_d5,4,4-2-3,1024,25,1030026,0.15920645713866566,0.0028709783339374018,0.0028709783339374018
genuine_rvine_d5,1,2-3-4,1024,26,1030027,0.15356640358837464,-0.0027690752163536114,0.0027690752163536114
genuine_rvine_d5,2,2-4-3,1024,26,1030027,0.1531003436049245,-0.003235135199803757,0.003235135199803757
genuine_rvine_d5,3,3-2-4,1024,26,1030027,0.15448828716566293,-0.0018471916390653265,0.0018471916390653265
genuine_rvine_d5,4,4-2-3,1024,26,1030027,0.15583964764884578,-0.0004958311558824757,0.0004958311558824757
genuine_rvine_d5,1,2-3-4,1024,27,1030028,0.1517491326007044,-0.0045863462040238445,0.0045863462040238445
genuine_rvine_d5,2,2-4-3,1024,27,1030028,0.15094999988354701,-0.0053854789211812415,0.0053854789211812415
genuine_rvine_d5,3,3-2-4,1024,27,1030028,0.15289379523294036,-0.0034416835717878957,0.0034416835717878957
genuine_rvine_d5,4,4-2-3,1024,27,1030028,0.15829257621073836,0.0019570974060101054,0.0019570974060101054
genuine_rvine_d5,1,2-3-4,1024,28,1030029,0.15775002681889067,0.001414548014162409,0.001414548014162409
genuine_rvine_d5,2,2-4-3,1024,28,1030029,0.15683403982594274,0.0004985610212144831,0.0004985610212144831
genuine_rvine_d5,3,3-2-4,1024,28,1030029,0.1583058334622446,0.0019703546575163544,0.0019703546575163544
genuine_rvine_d5,4,4-2-3,1024,28,1030029,0.16370737702511048,0.007371898220382228,0.007371898220382228
genuine_rvine_d5,1,2-3-4,1024,29,1030030,0.15766298029980758,0.0013275014950793196,0.0013275014950793196
genuine_rvine_d5,2,2-4-3,1024,29,1030030,0.156695597382886,0.0003601185781577365,0.0003601185781577365
genuine_rvine_d5,3,3-2-4,1024,29,1030030,0.15704136162981663,0.0007058828250883775,0.0007058828250883775
genuine_rvine_d5,4,4-2-3,1024,29,1030030,0.15940217272414228,0.0030666939194140264,0.0030666939194140264
genuine_rvine_d5,1,2-3-4,1024,30,1030031,0.1590725608502238,0.0027370820454955536,0.0027370820454955536
genuine_rvine_d5,2,2-4-3,1024,30,1030031,0.15925991527203615,0.0029244364673078893,0.0029244364673078893
genuine_rvine_d5,3,3-2-4,1024,30,1030031,0.15904753505413172,0.0027120562494034606,0.0027120562494034606
genuine_rvine_d5,4,4-2-3,1024,30,1030031,0.15701228149484286,0.0006768026901146085,0.0006768026901146085
genuine_rvine_d5,1,2-3-4,1024,31,1030032,0.15595950033326464,-0.0003759784714636172,0.0003759784714636172
genuine_rvine_d5,2,2-4-3,1024,31,1030032,0.15547952004752566,-0.0008559587572025962,0.0008559587572025962
genuine_rvine_d5,3,3-2-4,1024,31,1030032,0.15550427595660296,-0.0008312028481252953,0.0008312028481252953
genuine_rvine_d5,4,4-2-3,1024,31,1030032,0.1548866635193645,-0.0014488152853637526,0.0014488152853637526
genuine_rvine_d5,1,2-3-4,1024,32,1030033,0.15518572488293494,-0.0011497539217933117,0.0011497539217933117
genuine_rvine_d5,2,2-4-3,1024,32,1030033,0.1551163991685977,-0.001219079636130549,0.001219079636130549
genuine_rvine_d5,3,3-2-4,1024,32,1030033,0.15563050686907676,-0.0007049719356514994,0.0007049719356514994
genuine_rvine_d5,4,4-2-3,1024,32,1030033,0.15390778412116507,-0.0024276946835631863,0.0024276946835631863
genuine_rvine_d5,1,2-3-4,1024,33,1030034,0.15617582771843616,-0.00015965108629209523,0.00015965108629209523
genuine_rvine_d5,2,2-4-3,1024,33,1030034,0.15524549820604672,-0.0010899805986815392,0.0010899805986815392
genuine_rvine_d5,3,3-2-4,1024,33,1030034,0.1558016512168428,-0.0005338275878854493,0.0005338275878854493
genuine_rvine_d5,4,4-2-3,1024,33,1030034,0.1590049063232262,0.002669427518497941,0.002669427518497941
genuine_rvine_d5,1,2-3-4,1024,34,1030035,0.15623224411717232,-0.00010323468755593646,0.00010323468755593646
genuine_rvine_d5,2,2-4-3,1024,34,1030035,0.15737671908342082,0.0010412402786925679,0.0010412402786925679
genuine_rvine_d5,3,3-2-4,1024,34,1030035,0.15575490200261638,-0.0005805768021118762,0.0005805768021118762
genuine_rvine_d5,4,4-2-3,1024,34,1030035,0.15249137014800404,-0.0038441086567242155,0.0038441086567242155
genuine_rvine_d5,1,2-3-4,1024,35,1030036,0.1581796965420648,0.0018442177373365343,0.0018442177373365343
genuine_rvine_d5,2,2-4-3,1024,35,1030036,0.15852153789917056,0.0021860590944423053,0.0021860590944423053
genuine_rvine_d5,3,3-2-4,1024,35,1030036,0.15719550511626867,0.0008600263115404183,0.0008600263115404183
genuine_rvine_d5,4,4-2-3,1024,35,1030036,0.15747020903726341,0.0011347302325351583,0.0011347302325351583
genuine_rvine_d5,1,2-3-4,1024,36,1030037,0.158053739021654,0.0017182602169257544,0.0017182602169257544
genuine_rvine_d5,2,2-4-3,1024,36,1030037,0.15769208791333936,0.001356609108611101,0.001356609108611101
genuine_rvine_d5,3,3-2-4,1024,36,1030037,0.1577373828479812,0.0014019040432529384,0.0014019040432529384
genuine_rvine_d5,4,4-2-3,1024,36,1030037,0.15871732323891463,0.0023818444341863754,0.0023818444341863754
genuine_rvine_d5,1,2-3-4,1024,37,1030038,0.14886914425577832,-0.007466334548949932,0.007466334548949932
genuine_rvine_d5,2,2-4-3,1024,37,1030038,0.1493921285318009,-0.006943350272927362,0.006943350272927362
genuine_rvine_d5,3,3-2-4,1024,37,1030038,0.15188110304669053,-0.004454375758037726,0.004454375758037726
genuine_rvine_d5,4,4-2-3,1024,37,1030038,0.15138610017464987,-0.004949378630078383,0.004949378630078383
genuine_rvine_d5,1,2-3-4,1024,38,1030039,0.15373157640563365,-0.0026039023990946097,0.0026039023990946097
genuine_rvine_d5,2,2-4-3,1024,38,1030039,0.15341309962836785,-0.0029223791763604012,0.0029223791763604012
genuine_rvine_d5,3,3-2-4,1024,38,1030039,0.1555351346941077,-0.0008003441106205489,0.0008003441106205489
genuine_rvine_d5,4,4-2-3,1024,38,1030039,0.1550558619470044,-0.0012796168577238476,0.0012796168577238476
genuine_rvine_d5,1,2-3-4,1024,39,1030040,0.15527604531204023,-0.0010594334926880278,0.0010594334926880278
genuine_rvine_d5,2,2-4-3,1024,39,1030040,0.15570607295104147,-0.0006294058536867875,0.0006294058536867875
genuine_rvine_d5,3,3-2-4,1024,39,1030040,0.15562065296958108,-0.0007148258351471759,0.0007148258351471759
genuine_rvine_d5,4,4-2-3,1024,39,1030040,0.15576206512987892,-0.0005734136748493379,0.0005734136748493379
genuine_rvine_d5,1,2-3-4,1024,40,1030041,0.15446311640720986,-0.0018723623975183956,0.0018723623975183956
genuine_rvine_d5,2,2-4-3,1024,40,1030041,0.15471988318162988,-0.001615595623098376,0.001615595623098376
genuine_rvine_d5,3,3-2-4,1024,40,1030041,0.15497708526765608,-0.0013583935370721778,0.0013583935370721778
genuine_rvine_d5,4,4-2-3,1024,40,1030041,0.15756677686292705,0.0012312980581987987,0.0012312980581987987
genuine_rvine_d5,1,2-3-4,1024,41,1030042,0.15459745883588158,-0.0017380199688466769,0.0017380199688466769
genuine_rvine_d5,2,2-4-3,1024,41,1030042,0.15450910394758385,-0.0018263748571444027,0.0018263748571444027
genuine_rvine_d5,3,3-2-4,1024,41,1030042,0.155760186860448,-0.0005752919442802429,0.0005752919442802429
genuine_rvine_d5,4,4-2-3,1024,41,1030042,0.15596677901290557,-0.00036869979182269086,0.00036869979182269086
genuine_rvine_d5,1,2-3-4,1024,42,1030043,0.1540027142107066,-0.0023327645940216524,0.0023327645940216524
genuine_rvine_d5,2,2-4-3,1024,42,1030043,0.15470344745434614,-0.0016320313503821182,0.0016320313503821182
genuine_rvine_d5,3,3-2-4,1024,42,1030043,0.1553751684247715,-0.0009603103799567525,0.0009603103799567525
genuine_rvine_d5,4,4-2-3,1024,42,1030043,0.15478917126485073,-0.0015463075398775283,0.0015463075398775283
genuine_rvine_d5,1,2-3-4,1024,43,1030044,0.1563125647324135,-2.291407231475029e-5,2.291407231475029e-5
genuine_rvine_d5,2,2-4-3,1024,43,1030044,0.15650372029167361,0.00016824148694535856,0.00016824148694535856
genuine_rvine_d5,3,3-2-4,1024,43,1030044,0.15646554822010603,0.0001300694153777704,0.0001300694153777704
genuine_rvine_d5,4,4-2-3,1024,43,1030044,0.15572441822265834,-0.0006110605820699166,0.0006110605820699166
genuine_rvine_d5,1,2-3-4,1024,44,1030045,0.1564861730035419,0.000150694198813639,0.000150694198813639
genuine_rvine_d5,2,2-4-3,1024,44,1030045,0.15625740954071854,-7.806926400971692e-5,7.806926400971692e-5
genuine_rvine_d5,3,3-2-4,1024,44,1030045,0.15583079525285848,-0.0005046835518697779,0.0005046835518697779
genuine_rvine_d5,4,4-2-3,1024,44,1030045,0.15630874113838972,-2.67376663385388e-5,2.67376663385388e-5
genuine_rvine_d5,1,2-3-4,1024,45,1030046,0.1581104657842339,0.0017749869795056494,0.0017749869795056494
genuine_rvine_d5,2,2-4-3,1024,45,1030046,0.1581590630517225,0.0018235842469942476,0.0018235842469942476
genuine_rvine_d5,3,3-2-4,1024,45,1030046,0.15779108798512997,0.001455609180401718,0.001455609180401718
genuine_rvine_d5,4,4-2-3,1024,45,1030046,0.1571627569826313,0.0008272781779030403,0.0008272781779030403
genuine_rvine_d5,1,2-3-4,1024,46,1030047,0.15566344290398718,-0.0006720359007410803,0.0006720359007410803
genuine_rvine_d5,2,2-4-3,1024,46,1030047,0.15663127159569434,0.00029579279096608735,0.00029579279096608735
genuine_rvine_d5,3,3-2-4,1024,46,1030047,0.15664090726644914,0.00030542846172088023,0.00030542846172088023
genuine_rvine_d5,4,4-2-3,1024,46,1030047,0.15135462964689325,-0.0049808491578350045,0.0049808491578350045
genuine_rvine_d5,1,2-3-4,1024,47,1030048,0.15429284953238986,-0.002042629272338392,0.002042629272338392
genuine_rvine_d5,2,2-4-3,1024,47,1030048,0.15485931965832586,-0.0014761591464023949,0.0014761591464023949
genuine_rvine_d5,3,3-2-4,1024,47,1030048,0.15514996907044842,-0.0011855097342798326,0.0011855097342798326
genuine_rvine_d5,4,4-2-3,1024,47,1030048,0.15586478875474263,-0.0004706900499856226,0.0004706900499856226
genuine_rvine_d5,1,2-3-4,1024,48,1030049,0.15968711171225192,0.0033516329075236606,0.0033516329075236606
genuine_rvine_d5,2,2-4-3,1024,48,1030049,0.15908915001479904,0.0027536712100707794,0.0027536712100707794
genuine_rvine_d5,3,3-2-4,1024,48,1030049,0.15976931755198956,0.003433838747261303,0.003433838747261303
genuine_rvine_d5,4,4-2-3,1024,48,1030049,0.16545405691621717,0.009118578111488918,0.009118578111488918
genuine_rvine_d5,1,2-3-4,1024,49,1030050,0.1543719919144256,-0.0019634868903026514,0.0019634868903026514
genuine_rvine_d5,2,2-4-3,1024,49,1030050,0.15396907318211533,-0.0023664056226129215,0.0023664056226129215
genuine_rvine_d5,3,3-2-4,1024,49,1030050,0.155794759700416,-0.0005407191043122483,0.0005407191043122483
genuine_rvine_d5,4,4-2-3,1024,49,1030050,0.15386940635640114,-0.0024660724483271113,0.0024660724483271113
genuine_rvine_d5,1,2-3-4,1024,50,1030051,0.15875130603829996,0.002415827233571699,0.002415827233571699
genuine_rvine_d5,2,2-4-3,1024,50,1030051,0.15963625801225756,0.003300779207529303,0.003300779207529303
genuine_rvine_d5,3,3-2-4,1024,50,1030051,0.1578594820286557,0.001524003223927456,0.001524003223927456
genuine_rvine_d5,4,4-2-3,1024,50,1030051,0.15422695069650863,-0.002108528108219626,0.002108528108219626
genuine_rvine_d5,1,2-3-4,1024,51,1030052,0.15650624103324667,0.00017076222851841738,0.00017076222851841738
genuine_rvine_d5,2,2-4-3,1024,51,1030052,0.15544091767818,-0.00089456112654826,0.00089456112654826
genuine_rvine_d5,3,3-2-4,1024,51,1030052,0.15615889842364386,-0.00017658038108439578,0.00017658038108439578
genuine_rvine_d5,4,4-2-3,1024,51,1030052,0.15853870351838864,0.0022032247136603844,0.0022032247136603844
genuine_rvine_d5,1,2-3-4,1024,52,1030053,0.15958943269969106,0.003253953894962802,0.003253953894962802
genuine_rvine_d5,2,2-4-3,1024,52,1030053,0.16011414225683396,0.0037786634521057016,0.0037786634521057016
genuine_rvine_d5,3,3-2-4,1024,52,1030053,0.15890620932787328,0.0025707305231450206,0.0025707305231450206
genuine_rvine_d5,4,4-2-3,1024,52,1030053,0.15599870643682226,-0.0003367723679059964,0.0003367723679059964
genuine_rvine_d5,1,2-3-4,1024,53,1030054,0.15817990747921418,0.0018444286744859206,0.0018444286744859206
genuine_rvine_d5,2,2-4-3,1024,53,1030054,0.158072319494431,0.0017368406897027566,0.0017368406897027566
genuine_rvine_d5,3,3-2-4,1024,53,1030054,0.157687162891922,0.0013516840871937441,0.0013516840871937441
genuine_rvine_d5,4,4-2-3,1024,53,1030054,0.1577344106385294,0.0013989318338011314,0.0013989318338011314
genuine_rvine_d5,1,2-3-4,1024,54,1030055,0.16352357464984202,0.007188095845113762,0.007188095845113762
genuine_rvine_d5,2,2-4-3,1024,54,1030055,0.1625015009079315,0.006166022103203245,0.006166022103203245
genuine_rvine_d5,3,3-2-4,1024,54,1030055,0.1607172978280753,0.0043818190233470555,0.0043818190233470555
genuine_rvine_d5,4,4-2-3,1024,54,1030055,0.15984799003208722,0.003512511227358961,0.003512511227358961
genuine_rvine_d5,1,2-3-4,1024,55,1030056,0.16044359967502503,0.004108120870296772,0.004108120870296772
genuine_rvine_d5,2,2-4-3,1024,55,1030056,0.16067145903132635,0.004335980226598091,0.004335980226598091
genuine_rvine_d5,3,3-2-4,1024,55,1030056,0.16039663670490692,0.0040611579001786635,0.0040611579001786635
genuine_rvine_d5,4,4-2-3,1024,55,1030056,0.15680100879445655,0.0004655299897282916,0.0004655299897282916
genuine_rvine_d5,1,2-3-4,1024,56,1030057,0.15402983109044846,-0.002305647714279796,0.002305647714279796
genuine_rvine_d5,2,2-4-3,1024,56,1030057,0.1539126992099781,-0.002422779594750152,0.002422779594750152
genuine_rvine_d5,3,3-2-4,1024,56,1030057,0.15538492243141214,-0.0009505563733161193,0.0009505563733161193
genuine_rvine_d5,4,4-2-3,1024,56,1030057,0.1549415877563682,-0.0013938910483600464,0.0013938910483600464
genuine_rvine_d5,1,2-3-4,1024,57,1030058,0.15895419533309513,0.002618716528366871,0.002618716528366871
genuine_rvine_d5,2,2-4-3,1024,57,1030058,0.1589172698804967,0.002581791075768447,0.002581791075768447
genuine_rvine_d5,3,3-2-4,1024,57,1030058,0.1572094569828773,0.0008739781781490485,0.0008739781781490485
genuine_rvine_d5,4,4-2-3,1024,57,1030058,0.15966438856216247,0.0033289097574342175,0.0033289097574342175
genuine_rvine_d5,1,2-3-4,1024,58,1030059,0.15382297632872133,-0.002512502476006928,0.002512502476006928
genuine_rvine_d5,2,2-4-3,1024,58,1030059,0.1542213253557931,-0.0021141534489351466,0.0021141534489351466
genuine_rvine_d5,3,3-2-4,1024,58,1030059,0.15377440255559804,-0.002561076249130212,0.002561076249130212
genuine_rvine_d5,4,4-2-3,1024,58,1030059,0.15267556269888777,-0.0036599161058404883,0.0036599161058404883
genuine_rvine_d5,1,2-3-4,1024,59,1030060,0.158169307348889,0.0018338285441607538,0.0018338285441607538
genuine_rvine_d5,2,2-4-3,1024,59,1030060,0.16011506644822937,0.0037795876435011144,0.0037795876435011144
genuine_rvine_d5,3,3-2-4,1024,59,1030060,0.1569645977170132,0.0006291189122849539,0.0006291189122849539
genuine_rvine_d5,4,4-2-3,1024,59,1030060,0.15349058383733166,-0.002844894967396594,0.002844894967396594
genuine_rvine_d5,1,2-3-4,1024,60,1030061,0.1505886652987272,-0.005746813506001064,0.005746813506001064
genuine_rvine_d5,2,2-4-3,1024,60,1030061,0.14985872854086354,-0.006476750263864711,0.006476750263864711
genuine_rvine_d5,3,3-2-4,1024,60,1030061,0.15286813233004448,-0.0034673464746837745,0.0034673464746837745
genuine_rvine_d5,4,4-2-3,1024,60,1030061,0.15491360160837142,-0.0014218771963568355,0.0014218771963568355
genuine_rvine_d5,1,2-3-4,1024,61,1030062,0.1553499622249472,-0.0009855165797810483,0.0009855165797810483
genuine_rvine_d5,2,2-4-3,1024,61,1030062,0.15552648308232828,-0.00080899572239998,0.00080899572239998
genuine_rvine_d5,3,3-2-4,1024,61,1030062,0.15622013834702206,-0.00011534045770619783,0.00011534045770619783
genuine_rvine_d5,4,4-2-3,1024,61,1030062,0.15643440675556086,9.892795083260575e-5,9.892795083260575e-5
genuine_rvine_d5,1,2-3-4,1024,62,1030063,0.1585693142932891,0.002233835488560848,0.002233835488560848
genuine_rvine_d5,2,2-4-3,1024,62,1030063,0.15799451904024164,0.001659040235513387,0.001659040235513387
genuine_rvine_d5,3,3-2-4,1024,62,1030063,0.15804766963104322,0.0017121908263149632,0.0017121908263149632
genuine_rvine_d5,4,4-2-3,1024,62,1030063,0.16144391516780787,0.005108436363079616,0.005108436363079616
genuine_rvine_d5,1,2-3-4,1024,63,1030064,0.15872716341073517,0.0023916846060069163,0.0023916846060069163
genuine_rvine_d5,2,2-4-3,1024,63,1030064,0.15739635341985933,0.0010608746151310744,0.0010608746151310744
genuine_rvine_d5,3,3-2-4,1024,63,1030064,0.15806761927426863,0.001732140469540372,0.001732140469540372
genuine_rvine_d5,4,4-2-3,1024,63,1030064,0.16132837048543533,0.004992891680707073,0.004992891680707073
genuine_rvine_d5,1,2-3-4,1024,64,1030065,0.16014405810933469,0.00380857930460643,0.00380857930460643
genuine_rvine_d5,2,2-4-3,1024,64,1030065,0.16086258324715216,0.004527104442423907,0.004527104442423907
genuine_rvine_d5,3,3-2-4,1024,64,1030065,0.15777800220204297,0.00144252339731471,0.00144252339731471
genuine_rvine_d5,4,4-2-3,1024,64,1030065,0.15569706386596485,-0.0006384149387634042,0.0006384149387634042
genuine_rvine_d5,1,2-3-4,1024,65,1030066,0.15637894749070844,4.346868598018028e-5,4.346868598018028e-5
genuine_rvine_d5,2,2-4-3,1024,65,1030066,0.1567200298752599,0.00038455107053164683,0.00038455107053164683
genuine_rvine_d5,3,3-2-4,1024,65,1030066,0.15722010236735384,0.0008846235626255861,0.0008846235626255861
genuine_rvine_d5,4,4-2-3,1024,65,1030066,0.1573235144340266,0.0009880356292983339,0.0009880356292983339
genuine_rvine_d5,1,2-3-4,1024,66,1030067,0.15652760972335217,0.00019213091862391174,0.00019213091862391174
genuine_rvine_d5,2,2-4-3,1024,66,1030067,0.15641535551375466,7.987670902639965e-5,7.987670902639965e-5
genuine_rvine_d5,3,3-2-4,1024,66,1030067,0.15703380246257595,0.0006983236578476937,0.0006983236578476937
genuine_rvine_d5,4,4-2-3,1024,66,1030067,0.16077132503660085,0.004435846231872598,0.004435846231872598
genuine_rvine_d5,1,2-3-4,1024,67,1030068,0.15768570148570074,0.0013502226809724849,0.0013502226809724849
genuine_rvine_d5,2,2-4-3,1024,67,1030068,0.15746229636325434,0.0011268175585260887,0.0011268175585260887
genuine_rvine_d5,3,3-2-4,1024,67,1030068,0.1575471686758097,0.001211689871081445,0.001211689871081445
genuine_rvine_d5,4,4-2-3,1024,67,1030068,0.16218903990075098,0.005853561096022725,0.005853561096022725
genuine_rvine_d5,1,2-3-4,1024,68,1030069,0.1584592558318798,0.002123777027151552,0.002123777027151552
genuine_rvine_d5,2,2-4-3,1024,68,1030069,0.15803177762839057,0.0016962988236623178,0.0016962988236623178
genuine_rvine_d5,3,3-2-4,1024,68,1030069,0.1575556065540613,0.0012201277493330553,0.0012201277493330553
genuine_rvine_d5,4,4-2-3,1024,68,1030069,0.16055298826603454,0.004217509461306279,0.004217509461306279
genuine_rvine_d5,1,2-3-4,1024,69,1030070,0.15535024294147773,-0.0009852358632505276,0.0009852358632505276
genuine_rvine_d5,2,2-4-3,1024,69,1030070,0.15578986806857925,-0.0005456107361490048,0.0005456107361490048
genuine_rvine_d5,3,3-2-4,1024,69,1030070,0.15501814883082013,-0.0013173299739081268,0.0013173299739081268
genuine_rvine_d5,4,4-2-3,1024,69,1030070,0.15643186561190747,9.638680717921622e-5,9.638680717921622e-5
genuine_rvine_d5,1,2-3-4,1024,70,1030071,0.1551766260709087,-0.0011588527338195487,0.0011588527338195487
genuine_rvine_d5,2,2-4-3,1024,70,1030071,0.15448035298454246,-0.0018551258201857934,0.0018551258201857934
genuine_rvine_d5,3,3-2-4,1024,70,1030071,0.15651095428417516,0.0001754754794469071,0.0001754754794469071
genuine_rvine_d5,4,4-2-3,1024,70,1030071,0.15965635908353912,0.0033208802788108616,0.0033208802788108616
genuine_rvine_d5,1,2-3-4,1024,71,1030072,0.15576453911060645,-0.0005709396941218081,0.0005709396941218081
genuine_rvine_d5,2,2-4-3,1024,71,1030072,0.15513892667422285,-0.0011965521305054017,0.0011965521305054017
genuine_rvine_d5,3,3-2-4,1024,71,1030072,0.15623224551522819,-0.00010323328950007093,0.00010323328950007093
genuine_rvine_d5,4,4-2-3,1024,71,1030072,0.1584661833913949,0.002130704586666643,0.002130704586666643
genuine_rvine_d5,1,2-3-4,1024,72,1030073,0.15802441021773497,0.0016889314130067168,0.0016889314130067168
genuine_rvine_d5,2,2-4-3,1024,72,1030073,0.15805471765416657,0.0017192388494383093,0.0017192388494383093
genuine_rvine_d5,3,3-2-4,1024,72,1030073,0.1574270966011463,0.0010916177964180318,0.0010916177964180318
genuine_rvine_d5,4,4-2-3,1024,72,1030073,0.15874083435580996,0.002405355551081706,0.002405355551081706
genuine_rvine_d5,1,2-3-4,1024,73,1030074,0.15270263814787705,-0.0036328406568512106,0.0036328406568512106
genuine_rvine_d5,2,2-4-3,1024,73,1030074,0.15269734756494435,-0.003638131239783904,0.003638131239783904
genuine_rvine_d5,3,3-2-4,1024,73,1030074,0.15464499968059464,-0.0016904791241336148,0.0016904791241336148
genuine_rvine_d5,4,4-2-3,1024,73,1030074,0.1571258086474858,0.0007903298427575367,0.0007903298427575367
genuine_rvine_d5,1,2-3-4,1024,74,1030075,0.1554587865625795,-0.0008766922421487577,0.0008766922421487577
genuine_rvine_d5,2,2-4-3,1024,74,1030075,0.15654454012576227,0.0002090613210340153,0.0002090613210340153
genuine_rvine_d5,3,3-2-4,1024,74,1030075,0.1554888682675549,-0.000846610537173359,0.000846610537173359
genuine_rvine_d5,4,4-2-3,1024,74,1030075,0.1521088800084237,-0.004226598796304548,0.004226598796304548
genuine_rvine_d5,1,2-3-4,1024,75,1030076,0.15605301243020628,-0.000282466374521978,0.000282466374521978
genuine_rvine_d5,2,2-4-3,1024,75,1030076,0.15589370518711165,-0.00044177361761660316,0.00044177361761660316
genuine_rvine_d5,3,3-2-4,1024,75,1030076,0.15764114997853854,0.00130567117381028,0.00130567117381028
genuine_rvine_d5,4,4-2-3,1024,75,1030076,0.16236307947808273,0.006027600673354477,0.006027600673354477
genuine_rvine_d5,1,2-3-4,1024,76,1030077,0.15329566509406017,-0.0030398137106680823,0.0030398137106680823
genuine_rvine_d5,2,2-4-3,1024,76,1030077,0.15389799833979784,-0.0024374804649304194,0.0024374804649304194
genuine_rvine_d5,3,3-2-4,1024,76,1030077,0.15390857739785457,-0.0024269014068736827,0.0024269014068736827
genuine_rvine_d5,4,4-2-3,1024,76,1030077,0.1531588885693375,-0.0031765902353907693,0.0031765902353907693
genuine_rvine_d5,1,2-3-4,1024,77,1030078,0.15666904052714906,0.00033356172242079984,0.00033356172242079984
genuine_rvine_d5,2,2-4-3,1024,77,1030078,0.1563763675103061,4.088870557783508e-5,4.088870557783508e-5
genuine_rvine_d5,3,3-2-4,1024,77,1030078,0.15739755391578594,0.0010620751110576865,0.0010620751110576865
genuine_rvine_d5,4,4-2-3,1024,77,1030078,0.15772156253139674,0.0013860837266684856,0.0013860837266684856
genuine_rvine_d5,1,2-3-4,1024,78,1030079,0.15441395548533135,-0.0019215233193969061,0.0019215233193969061
genuine_rvine_d5,2,2-4-3,1024,78,1030079,0.153945169486558,-0.0023903093181702473,0.0023903093181702473
genuine_rvine_d5,3,3-2-4,1024,78,1030079,0.15424670710553604,-0.002088771699192221,0.002088771699192221
genuine_rvine_d5,4,4-2-3,1024,78,1030079,0.1562839859786761,-5.1492826052157437e-5,5.1492826052157437e-5
genuine_rvine_d5,1,2-3-4,1024,79,1030080,0.15391499646939083,-0.002420482335337426,0.002420482335337426
genuine_rvine_d5,2,2-4-3,1024,79,1030080,0.15541676086999237,-0.0009187179347358854,0.0009187179347358854
genuine_rvine_d5,3,3-2-4,1024,79,1030080,0.1538039821977491,-0.0025314966069791556,0.0025314966069791556
genuine_rvine_d5,4,4-2-3,1024,79,1030080,0.150341929408774,-0.005993549395954256,0.005993549395954256
genuine_rvine_d5,1,2-3-4,1024,80,1030081,0.15543960186180242,-0.0008958769429258384,0.0008958769429258384
genuine_rvine_d5,2,2-4-3,1024,80,1030081,0.1549537374326113,-0.001381741372116968,0.001381741372116968
genuine_rvine_d5,3,3-2-4,1024,80,1030081,0.15467311999633787,-0.001662358808390385,0.001662358808390385
genuine_rvine_d5,4,4-2-3,1024,80,1030081,0.15564922434926806,-0.0006862544554601946,0.0006862544554601946
genuine_rvine_d5,1,2-3-4,1024,81,1030082,0.15317270080142942,-0.0031627780032988384,0.0031627780032988384
genuine_rvine_d5,2,2-4-3,1024,81,1030082,0.15329752142548875,-0.0030379573792395087,0.0030379573792395087
genuine_rvine_d5,3,3-2-4,1024,81,1030082,0.15373719742647227,-0.00259828137825599,0.00259828137825599
genuine_rvine_d5,4,4-2-3,1024,81,1030082,0.1563838439960674,4.836519133913364e-5,4.836519133913364e-5
genuine_rvine_d5,1,2-3-4,1024,82,1030083,0.1550638358008545,-0.0012716430038737514,0.0012716430038737514
genuine_rvine_d5,2,2-4-3,1024,82,1030083,0.15605359702406174,-0.00028188178066651526,0.00028188178066651526
genuine_rvine_d5,3,3-2-4,1024,82,1030083,0.15497757319261815,-0.0013579056121101052,0.0013579056121101052
genuine_rvine_d5,4,4-2-3,1024,82,1030083,0.15009914658051673,-0.0062363322242115216,0.0062363322242115216
genuine_rvine_d5,1,2-3-4,1024,83,1030084,0.15764335879682598,0.0013078799920977213,0.0013078799920977213
genuine_rvine_d5,2,2-4-3,1024,83,1030084,0.15839319289872622,0.0020577140939979643,0.0020577140939979643
genuine_rvine_d5,3,3-2-4,1024,83,1030084,0.1562209486420089,-0.00011453016271936733,0.00011453016271936733
genuine_rvine_d5,4,4-2-3,1024,83,1030084,0.1535250935636489,-0.0028103852410793495,0.0028103852410793495
genuine_rvine_d5,1,2-3-4,1024,84,1030085,0.15393555635387604,-0.0023999224508522154,0.0023999224508522154
genuine_rvine_d5,2,2-4-3,1024,84,1030085,0.15310681786379396,-0.003228660940934297,0.003228660940934297
genuine_rvine_d5,3,3-2-4,1024,84,1030085,0.1558379414906358,-0.0004975373140924666,0.0004975373140924666
genuine_rvine_d5,4,4-2-3,1024,84,1030085,0.15774671007143856,0.0014112312667103055,0.0014112312667103055
genuine_rvine_d5,1,2-3-4,1024,85,1030086,0.15773458732321008,0.001399108518481823,0.001399108518481823
genuine_rvine_d5,2,2-4-3,1024,85,1030086,0.15836598936759644,0.002030510562868182,0.002030510562868182
genuine_rvine_d5,3,3-2-4,1024,85,1030086,0.15778931969613705,0.001453840891408792,0.001453840891408792
genuine_rvine_d5,4,4-2-3,1024,85,1030086,0.15778852832477938,0.001453049520051125,0.001453049520051125
genuine_rvine_d5,1,2-3-4,1024,86,1030087,0.15026713938576547,-0.006068339418962787,0.006068339418962787
genuine_rvine_d5,2,2-4-3,1024,86,1030087,0.15001002062422233,-0.006325458180505922,0.006325458180505922
genuine_rvine_d5,3,3-2-4,1024,86,1030087,0.15123211884216875,-0.005103359962559506,0.005103359962559506
genuine_rvine_d5,4,4-2-3,1024,86,1030087,0.1511413267116743,-0.005194152093053961,0.005194152093053961
genuine_rvine_d5,1,2-3-4,1024,87,1030088,0.15417881759888852,-0.0021566612058397383,0.0021566612058397383
genuine_rvine_d5,2,2-4-3,1024,87,1030088,0.15475008657484232,-0.0015853922298859346,0.0015853922298859346
genuine_rvine_d5,3,3-2-4,1024,87,1030088,0.15545469227586717,-0.0008807865288610883,0.0008807865288610883
genuine_rvine_d5,4,4-2-3,1024,87,1030088,0.1544765530330852,-0.0018589257716430663,0.0018589257716430663
genuine_rvine_d5,1,2-3-4,1024,88,1030089,0.15479842630432006,-0.001537052500408198,0.001537052500408198
genuine_rvine_d5,2,2-4-3,1024,88,1030089,0.1535449282467002,-0.002790550558028043,0.002790550558028043
genuine_rvine_d5,3,3-2-4,1024,88,1030089,0.1546385353492072,-0.0016969434555210439,0.0016969434555210439
genuine_rvine_d5,4,4-2-3,1024,88,1030089,0.1546938779360289,-0.0016416008686993555,0.0016416008686993555
genuine_rvine_d5,1,2-3-4,1024,89,1030090,0.16002674180409276,0.0036912629993645085,0.0036912629993645085
genuine_rvine_d5,2,2-4-3,1024,89,1030090,0.1599379857518824,0.0036025069471541382,0.0036025069471541382
genuine_rvine_d5,3,3-2-4,1024,89,1030090,0.15835420643316,0.002018727628431749,0.002018727628431749
genuine_rvine_d5,4,4-2-3,1024,89,1030090,0.16051369073906538,0.004178211934337123,0.004178211934337123
genuine_rvine_d5,1,2-3-4,1024,90,1030091,0.1544011730240692,-0.0019343057806590624,0.0019343057806590624
genuine_rvine_d5,2,2-4-3,1024,90,1030091,0.15533577716508473,-0.0009997016396435243,0.0009997016396435243
genuine_rvine_d5,3,3-2-4,1024,90,1030091,0.1555511753962254,-0.0007843034085028566,0.0007843034085028566
genuine_rvine_d5,4,4-2-3,1024,90,1030091,0.15433224543921756,-0.002003233365510698,0.002003233365510698
genuine_rvine_d5,1,2-3-4,1024,91,1030092,0.15598108941272087,-0.0003543893920073815,0.0003543893920073815
genuine_rvine_d5,2,2-4-3,1024,91,1030092,0.15510617763243362,-0.001229301172294639,0.001229301172294639
genuine_rvine_d5,3,3-2-4,1024,91,1030092,0.15534693630220325,-0.0009885425025250028,0.0009885425025250028
genuine_rvine_d5,4,4-2-3,1024,91,1030092,0.15968635146994217,0.0033508726652139165,0.0033508726652139165
genuine_rvine_d5,1,2-3-4,1024,92,1030093,0.15342568978273566,-0.002909789021992598,0.002909789021992598
genuine_rvine_d5,2,2-4-3,1024,92,1030093,0.15232021247950145,-0.004015266325226807,0.004015266325226807
genuine_rvine_d5,3,3-2-4,1024,92,1030093,0.15327859840908895,-0.003056880395639311,0.003056880395639311
genuine_rvine_d5,4,4-2-3,1024,92,1030093,0.15563497502631968,-0.0007005037784085788,0.0007005037784085788
genuine_rvine_d5,1,2-3-4,1024,93,1030094,0.15815177435851424,0.0018162955537859848,0.0018162955537859848
genuine_rvine_d5,2,2-4-3,1024,93,1030094,0.1577436692005003,0.0014081903957720576,0.0014081903957720576
genuine_rvine_d5,3,3-2-4,1024,93,1030094,0.1578485926465104,0.0015131138417821544,0.0015131138417821544
genuine_rvine_d5,4,4-2-3,1024,93,1030094,0.1601300395975099,0.0037945607927816483,0.0037945607927816483
genuine_rvine_d5,1,2-3-4,1024,94,1030095,0.15967373762818515,0.0033382588234568966,0.0033382588234568966
genuine_rvine_d5,2,2-4-3,1024,94,1030095,0.16000639981345693,0.003670921008728678,0.003670921008728678
genuine_rvine_d5,3,3-2-4,1024,94,1030095,0.1585892530383424,0.002253774233614142,0.002253774233614142
genuine_rvine_d5,4,4-2-3,1024,94,1030095,0.15941273583826485,0.00307725703353659,0.00307725703353659
genuine_rvine_d5,1,2-3-4,1024,95,1030096,0.15637193252069684,3.6453715968581824e-5,3.6453715968581824e-5
genuine_rvine_d5,2,2-4-3,1024,95,1030096,0.15721242074247735,0.0008769419377490928,0.0008769419377490928
genuine_rvine_d5,3,3-2-4,1024,95,1030096,0.15456478207284385,-0.0017706967318844025,0.0017706967318844025
genuine_rvine_d5,4,4-2-3,1024,95,1030096,0.152237090571018,-0.004098388233710254,0.004098388233710254
genuine_rvine_d5,1,2-3-4,1024,96,1030097,0.15123425091588766,-0.005101227888840598,0.005101227888840598
genuine_rvine_d5,2,2-4-3,1024,96,1030097,0.15236662358911163,-0.003968855215616629,0.003968855215616629
genuine_rvine_d5,3,3-2-4,1024,96,1030097,0.1510604050542553,-0.005275073750472953,0.005275073750472953
genuine_rvine_d5,4,4-2-3,1024,96,1030097,0.15051598335832495,-0.005819495446403311,0.005819495446403311
genuine_rvine_d5,1,2-3-4,1024,97,1030098,0.15583194646853943,-0.0005035323361888278,0.0005035323361888278
genuine_rvine_d5,2,2-4-3,1024,97,1030098,0.15558720782354526,-0.0007482709811829913,0.0007482709811829913
genuine_rvine_d5,3,3-2-4,1024,97,1030098,0.15621709261887207,-0.00011838618585618965,0.00011838618585618965
genuine_rvine_d5,4,4-2-3,1024,97,1030098,0.15771484183584586,0.001379363031117603,0.001379363031117603
genuine_rvine_d5,1,2-3-4,1024,98,1030099,0.15956878118240045,0.0032333023776721925,0.0032333023776721925
genuine_rvine_d5,2,2-4-3,1024,98,1030099,0.15904921763959862,0.0027137388348703606,0.0027137388348703606
genuine_rvine_d5,3,3-2-4,1024,98,1030099,0.1576249671734424,0.0012894883687141478,0.0012894883687141478
genuine_rvine_d5,4,4-2-3,1024,98,1030099,0.1579712632132721,0.0016357844085438389,0.0016357844085438389
genuine_rvine_d5,1,2-3-4,1024,99,1030100,0.15910313542307228,0.002767656618344022,0.002767656618344022
genuine_rvine_d5,2,2-4-3,1024,99,1030100,0.15927778591952219,0.0029423071147939295,0.0029423071147939295
genuine_rvine_d5,3,3-2-4,1024,99,1030100,0.15826141358070878,0.00192593477598052,0.00192593477598052
genuine_rvine_d5,4,4-2-3,1024,99,1030100,0.1594360693648295,0.0031005905601012573,0.0031005905601012573
genuine_rvine_d5,1,2-3-4,1024,100,1030101,0.15258171241665355,-0.003753766388074703,0.003753766388074703
genuine_rvine_d5,2,2-4-3,1024,100,1030101,0.15219622504068786,-0.004139253764040396,0.004139253764040396
genuine_rvine_d5,3,3-2-4,1024,100,1030101,0.15375001677261213,-0.002585462032116126,0.002585462032116126
genuine_rvine_d5,4,4-2-3,1024,100,1030101,0.1554394268369485,-0.000896051967779754,0.000896051967779754
