case_id,order_index,order,N,rep,seed,estimate,error,abs_error,runtime_s
gaussian_rectangle_d5,1,2-3-4,256,1,1810002,0.12615810443353098,-2.2268916572698583e-6,2.2268916572698583e-6,1.132127083
gaussian_rectangle_d5,2,3-2-4,256,1,1810002,0.12616348826246662,3.1569372783701866e-6,3.1569372783701866e-6,0.002214084
gaussian_rectangle_d5,3,3-4-2,256,1,1810002,0.12617038784008092,1.005651489266457e-5,1.005651489266457e-5,0.001958209
gaussian_rectangle_d5,4,4-3-2,256,1,1810002,0.1261767051399364,1.6373814748144033e-5,1.6373814748144033e-5,0.001936958
gaussian_rectangle_d5,1,2-3-4,256,2,1810003,0.12616086789674497,5.365715567140494e-7,5.365715567140494e-7,0.001926458
gaussian_rectangle_d5,2,3-2-4,256,2,1810003,0.12616130212024093,9.707950526793852e-7,9.707950526793852e-7,0.001930917
gaussian_rectangle_d5,3,3-4-2,256,2,1810003,0.1261659551880548,5.623862866538376e-6,5.623862866538376e-6,0.001945041
gaussian_rectangle_d5,4,4-3-2,256,2,1810003,0.12617105184856353,1.07205233752794e-5,1.07205233752794e-5,0.001933125
gaussian_rectangle_d5,1,2-3-4,256,3,1810004,0.1261881539133257,2.782258813743832e-5,2.782258813743832e-5,0.001936375
gaussian_rectangle_d5,2,3-2-4,256,3,1810004,0.12619258448934553,3.225316415728097e-5,3.225316415728097e-5,0.001980958
gaussian_rectangle_d5,3,3-4-2,256,3,1810004,0.1261837017221999,2.3370397011640565e-5,2.3370397011640565e-5,0.001981375
gaussian_rectangle_d5,4,4-3-2,256,3,1810004,0.12618841824578833,2.808692060007889e-5,2.808692060007889e-5,0.001998792
gaussian_rectangle_d5,1,2-3-4,256,4,1810005,0.12615159413525343,-8.737189934826528e-6,8.737189934826528e-6,0.001987458
gaussian_rectangle_d5,2,3-2-4,256,4,1810005,0.1261531929788024,-7.138346385854311e-6,7.138346385854311e-6,0.001980875
gaussian_rectangle_d5,3,3-4-2,256,4,1810005,0.12613087419618563,-2.945712900262465e-5,2.945712900262465e-5,0.001970959
gaussian_rectangle_d5,4,4-3-2,256,4,1810005,0.1261281795530326,-3.215177215565301e-5,3.215177215565301e-5,0.001984
gaussian_rectangle_d5,1,2-3-4,256,5,1810006,0.12616209749104798,1.7661658597289964e-6,1.7661658597289964e-6,0.002079
gaussian_rectangle_d5,2,3-2-4,256,5,1810006,0.126145723583829,-1.460774135925158e-5,1.460774135925158e-5,0.001987583
gaussian_rectangle_d5,3,3-4-2,256,5,1810006,0.12617230225634282,1.1970931154570152e-5,1.1970931154570152e-5,0.001992958
gaussian_rectangle_d5,4,4-3-2,256,5,1810006,0.12616247619580712,2.1448706188642586e-6,2.1448706188642586e-6,0.001965708
gaussian_rectangle_d5,1,2-3-4,256,6,1810007,0.12616580637172273,5.475046534475503e-6,5.475046534475503e-6,0.002006792
gaussian_rectangle_d5,2,3-2-4,256,6,1810007,0.1261647658959291,4.434570740841082e-6,4.434570740841082e-6,0.001998042
gaussian_rectangle_d5,3,3-4-2,256,6,1810007,0.12618397369970819,2.364237451993323e-5,2.364237451993323e-5,0.002014334
gaussian_rectangle_d5,4,4-3-2,256,6,1810007,0.12616812925149107,7.79792630281606e-6,7.79792630281606e-6,0.001995208
gaussian_rectangle_d5,1,2-3-4,256,7,1810008,0.126131231737929,-2.9099587259245885e-5,2.9099587259245885e-5,0.001967458
gaussian_rectangle_d5,2,3-2-4,256,7,1810008,0.12612396382623023,-3.636749895802316e-5,3.636749895802316e-5,0.001974458
gaussian_rectangle_d5,3,3-4-2,256,7,1810008,0.1261068288762242,-5.3502448964043436e-5,5.3502448964043436e-5,0.001957666
gaussian_rectangle_d5,4,4-3-2,256,7,1810008,0.1261159982304512,-4.433309473705904e-5,4.433309473705904e-5,0.002012459
gaussian_rectangle_d5,1,2-3-4,256,8,1810009,0.1261546264399639,-5.7048852243613e-6,5.7048852243613e-6,0.001982291
gaussian_rectangle_d5,2,3-2-4,256,8,1810009,0.1261594694222446,-8.619029436551795e-7,8.619029436551795e-7,0.001959125
gaussian_rectangle_d5,3,3-4-2,256,8,1810009,0.12614046530619158,-1.986601899667262e-5,1.986601899667262e-5,0.001966292
gaussian_rectangle_d5,4,4-3-2,256,8,1810009,0.1261475902548246,-1.2741070363642137e-5,1.2741070363642137e-5,0.001975875
gaussian_rectangle_d5,1,2-3-4,256,9,1810010,0.12615889018546625,-1.44113972200266e-6,1.44113972200266e-6,0.002002
gaussian_rectangle_d5,2,3-2-4,256,9,1810010,0.12615563172671543,-4.699598472823752e-6,4.699598472823752e-6,0.001944917
gaussian_rectangle_d5,3,3-4-2,256,9,1810010,0.12614928337425063,-1.1047950937620454e-5,1.1047950937620454e-5,0.00196375
gaussian_rectangle_d5,4,4-3-2,256,9,1810010,0.12615011646573845,-1.0214859449797498e-5,1.0214859449797498e-5,0.00198325
gaussian_rectangle_d5,1,2-3-4,256,10,1810011,0.12614613379598963,-1.4197529198622938e-5,1.4197529198622938e-5,0.001962291
gaussian_rectangle_d5,2,3-2-4,256,10,1810011,0.126128263093263,-3.206823192525299e-5,3.206823192525299e-5,0.002028625
gaussian_rectangle_d5,3,3-4-2,256,10,1810011,0.1261619487126952,1.6173875069525057e-6,1.6173875069525057e-6,0.001972
gaussian_rectangle_d5,4,4-3-2,256,10,1810011,0.1261499618475341,-1.0369477654148529e-5,1.0369477654148529e-5,0.002004666
gaussian_rectangle_d5,1,2-3-4,256,11,1810012,0.12614025926393832,-2.007206124993166e-5,2.007206124993166e-5,0.01681275
gaussian_rectangle_d5,2,3-2-4,256,11,1810012,0.1261393714428225,-2.095988236575086e-5,2.095988236575086e-5,0.00206825
gaussian_rectangle_d5,3,3-4-2,256,11,1810012,0.12615373533531318,-6.5959898750689305e-6,6.5959898750689305e-6,0.001940209
gaussian_rectangle_d5,4,4-3-2,256,11,1810012,0.12615904491546395,-1.2864097242992756e-6,1.2864097242992756e-6,0.001946792
gaussian_rectangle_d5,1,2-3-4,256,12,1810013,0.126151634172602,-8.697152586251145e-6,8.697152586251145e-6,0.001901833
gaussian_rectangle_d5,2,3-2-4,256,12,1810013,0.12615648795192805,-3.843373260203897e-6,3.843373260203897e-6,0.001915292
gaussian_rectangle_d5,3,3-4-2,256,12,1810013,0.12614135620097777,-1.8975124210479644e-5,1.8975124210479644e-5,0.001890416
gaussian_rectangle_d5,4,4-3-2,256,12,1810013,0.12616372097079795,3.389645609697123e-6,3.389645609697123e-6,0.001933584
gaussian_rectangle_d5,1,2-3-4,256,13,1810014,0.12616836537994555,8.034054757299902e-6,8.034054757299902e-6,0.001902875
gaussian_rectangle_d5,2,3-2-4,256,13,1810014,0.1261775026967331,1.7171371544860703e-5,1.7171371544860703e-5,0.001892625
gaussian_rectangle_d5,3,3-4-2,256,13,1810014,0.12617937288831124,1.90415631229901e-5,1.90415631229901e-5,0.001890125
gaussian_rectangle_d5,4,4-3-2,256,13,1810014,0.12619040278757512,3.0071462386871417e-5,3.0071462386871417e-5,0.001913917
gaussian_rectangle_d5,1,2-3-4,256,14,1810015,0.1261584965619794,-1.8347632088633326e-6,1.8347632088633326e-6,0.001905959
gaussian_rectangle_d5,2,3-2-4,256,14,1810015,0.12615725665178898,-3.074673399272587e-6,3.074673399272587e-6,0.001896916
gaussian_rectangle_d5,3,3-4-2,256,14,1810015,0.1261388278796289,-2.150344555934547e-5,2.150344555934547e-5,0.001919417
gaussian_rectangle_d5,4,4-3-2,256,14,1810015,0.1261504895531048,-9.841772083463152e-6,9.841772083463152e-6,0.001906833
gaussian_rectangle_d5,1,2-3-4,256,15,1810016,0.126171912226459,1.1580901270735744e-5,1.1580901270735744e-5,0.001931584
gaussian_rectangle_d5,2,3-2-4,256,15,1810016,0.12617097207567213,1.0640750483875694e-5,1.0640750483875694e-5,0.001936625
gaussian_rectangle_d5,3,3-4-2,256,15,1810016,0.12614601770997486,-1.4313615213396025e-5,1.4313615213396025e-5,0.001892916
gaussian_rectangle_d5,4,4-3-2,256,15,1810016,0.12615389563531512,-6.435689873129924e-6,6.435689873129924e-6,0.001919167
gaussian_rectangle_d5,1,2-3-4,256,16,1810017,0.1261369244656717,-2.3406859516544865e-5,2.3406859516544865e-5,0.001896875
gaussian_rectangle_d5,2,3-2-4,256,16,1810017,0.12614797294916374,-1.2358376024507178e-5,1.2358376024507178e-5,0.001887084
gaussian_rectangle_d5,3,3-4-2,256,16,1810017,0.12616225268585918,1.9213606709256315e-6,1.9213606709256315e-6,0.001890917
gaussian_rectangle_d5,4,4-3-2,256,16,1810017,0.12616057220566795,2.4088047970161064e-7,2.4088047970161064e-7,0.001899208
gaussian_rectangle_d5,1,2-3-4,256,17,1810018,0.12614327339332865,-1.7057931859604247e-5,1.7057931859604247e-5,0.001976792
gaussian_rectangle_d5,2,3-2-4,256,17,1810018,0.12615843823112027,-1.8930940679784403e-6,1.8930940679784403e-6,0.001926042
gaussian_rectangle_d5,3,3-4-2,256,17,1810018,0.1261723573179088,1.2025992720543499e-5,1.2025992720543499e-5,0.001887375
gaussian_rectangle_d5,4,4-3-2,256,17,1810018,0.12616411774185962,3.7864166713696967e-6,3.7864166713696967e-6,0.001894459
gaussian_rectangle_d5,1,2-3-4,256,18,1810019,0.12618924046345725,2.890913826900099e-5,2.890913826900099e-5,0.001888875
gaussian_rectangle_d5,2,3-2-4,256,18,1810019,0.12615903203240386,-1.2992927843902269e-6,1.2992927843902269e-6,0.002028417
gaussian_rectangle_d5,3,3-4-2,256,18,1810019,0.12617287036164757,1.2539036459313646e-5,1.2539036459313646e-5,0.001929959
gaussian_rectangle_d5,4,4-3-2,256,18,1810019,0.1261713244094744,1.0993084286148314e-5,1.0993084286148314e-5,0.001894459
gaussian_rectangle_d5,1,2-3-4,256,19,1810020,0.12613485876181663,-2.5472563371625734e-5,2.5472563371625734e-5,0.001901625
gaussian_rectangle_d5,2,3-2-4,256,19,1810020,0.12613688704180537,-2.3444283382884068e-5,2.3444283382884068e-5,0.001930167
gaussian_rectangle_d5,3,3-4-2,256,19,1810020,0.12614460425832688,-1.572706686137071e-5,1.572706686137071e-5,0.001992834
gaussian_rectangle_d5,4,4-3-2,256,19,1810020,0.12614303609347627,-1.729523171198344e-5,1.729523171198344e-5,0.001953417
gaussian_rectangle_d5,1,2-3-4,256,20,1810021,0.12618056575780315,2.0234432614896214e-5,2.0234432614896214e-5,0.001911416
gaussian_rectangle_d5,2,3-2-4,256,20,1810021,0.12613920789243077,-2.112343275748052e-5,2.112343275748052e-5,0.001896417
gaussian_rectangle_d5,3,3-4-2,256,20,1810021,0.12617742758511738,1.7096259929128e-5,1.7096259929128e-5,0.008749375
gaussian_rectangle_d5,4,4-3-2,256,20,1810021,0.12617882105523945,1.8489730051196585e-5,1.8489730051196585e-5,0.001977917
gaussian_rectangle_d5,1,2-3-4,256,21,1810022,0.12617260150440932,1.2270179221063326e-5,1.2270179221063326e-5,0.001920625
gaussian_rectangle_d5,2,3-2-4,256,21,1810022,0.12616671615711747,6.384831929218127e-6,6.384831929218127e-6,0.001891417
gaussian_rectangle_d5,3,3-4-2,256,21,1810022,0.12614260974940242,-1.7721575785834e-5,1.7721575785834e-5,0.001902375
gaussian_rectangle_d5,4,4-3-2,256,21,1810022,0.1261336977273373,-2.663359785096131e-5,2.663359785096131e-5,0.001912167
gaussian_rectangle_d5,1,2-3-4,256,22,1810023,0.12613163731583332,-2.8694009354929273e-5,2.8694009354929273e-5,0.001887458
gaussian_rectangle_d5,2,3-2-4,256,22,1810023,0.1261306622199488,-2.966910523943822e-5,2.966910523943822e-5,0.001898292
gaussian_rectangle_d5,3,3-4-2,256,22,1810023,0.12614114656719824,-1.9184757990009516e-5,1.9184757990009516e-5,0.001899291
gaussian_rectangle_d5,4,4-3-2,256,22,1810023,0.12613275138733432,-2.75799378539332e-5,2.75799378539332e-5,0.001889458
gaussian_rectangle_d5,1,2-3-4,256,23,1810024,0.12616219067089848,1.859345710231164e-6,1.859345710231164e-6,0.001916792
gaussian_rectangle_d5,2,3-2-4,256,23,1810024,0.12616861568416338,8.284358975124695e-6,8.284358975124695e-6,0.00195125
gaussian_rectangle_d5,3,3-4-2,256,23,1810024,0.12615522791733325,-5.10340785500607e-6,5.10340785500607e-6,0.0019325
gaussian_rectangle_d5,4,4-3-2,256,23,1810024,0.1261446133706934,-1.57179544948427e-5,1.57179544948427e-5,0.001907875
gaussian_rectangle_d5,1,2-3-4,256,24,1810025,0.1261656347872991,5.303462110861634e-6,5.303462110861634e-6,0.001913584
gaussian_rectangle_d5,2,3-2-4,256,24,1810025,0.12616920141579607,8.870090607820957e-6,8.870090607820957e-6,0.001892083
gaussian_rectangle_d5,3,3-4-2,256,24,1810025,0.12619419873999851,3.386741481026245e-5,3.386741481026245e-5,0.001898917
gaussian_rectangle_d5,4,4-3-2,256,24,1810025,0.12617899878706032,1.8667461872068358e-5,1.8667461872068358e-5,0.001905708
gaussian_rectangle_d5,1,2-3-4,256,25,1810026,0.1261521588699338,-8.172455254445987e-6,8.172455254445987e-6,0.001937041
gaussian_rectangle_d5,2,3-2-4,256,25,1810026,0.12613431649912882,-2.601482605943395e-5,2.601482605943395e-5,0.001933833
gaussian_rectangle_d5,3,3-4-2,256,25,1810026,0.12613884421110869,-2.1487114079565828e-5,2.1487114079565828e-5,0.001909666
gaussian_rectangle_d5,4,4-3-2,256,25,1810026,0.1261419663557892,-1.8364969399053965e-5,1.8364969399053965e-5,0.001905125
gaussian_rectangle_d5,1,2-3-4,256,26,1810027,0.126222842210324,6.251088513575809e-5,6.251088513575809e-5,0.00190825
gaussian_rectangle_d5,2,3-2-4,256,26,1810027,0.12622508466531085,6.475334012259748e-5,6.475334012259748e-5,0.001909375
gaussian_rectangle_d5,3,3-4-2,256,26,1810027,0.12620952913073347,4.919780554521469e-5,4.919780554521469e-5,0.001885209
gaussian_rectangle_d5,4,4-3-2,256,26,1810027,0.12621231062905217,5.1979303863913806e-5,5.1979303863913806e-5,0.001885917
gaussian_rectangle_d5,1,2-3-4,256,27,1810028,0.1261711226046627,1.0791279474453574e-5,1.0791279474453574e-5,0.001911667
gaussian_rectangle_d5,2,3-2-4,256,27,1810028,0.12617152014841798,1.1188823229729694e-5,1.1188823229729694e-5,0.001891667
gaussian_rectangle_d5,3,3-4-2,256,27,1810028,0.12619553356043117,3.520223524292043e-5,3.520223524292043e-5,0.001919042
gaussian_rectangle_d5,4,4-3-2,256,27,1810028,0.1261921496522457,3.1818327057453466e-5,3.1818327057453466e-5,0.001890834
gaussian_rectangle_d5,1,2-3-4,256,28,1810029,0.12617966149035398,1.9330165165726276e-5,1.9330165165726276e-5,0.001910333
gaussian_rectangle_d5,2,3-2-4,256,28,1810029,0.12617240792389858,1.2076598710331066e-5,1.2076598710331066e-5,0.001912375
gaussian_rectangle_d5,3,3-4-2,256,28,1810029,0.12616661145861616,6.28013342790501e-6,6.28013342790501e-6,0.001899917
gaussian_rectangle_d5,4,4-3-2,256,28,1810029,0.12617639562356756,1.6064298379303565e-5,1.6064298379303565e-5,0.002934375
gaussian_rectangle_d5,1,2-3-4,256,29,1810030,0.126152843873264,-7.487451924248489e-6,7.487451924248489e-6,0.001957791
gaussian_rectangle_d5,2,3-2-4,256,29,1810030,0.12615377228939673,-6.559035791525725e-6,6.559035791525725e-6,0.00194125
gaussian_rectangle_d5,3,3-4-2,256,29,1810030,0.1261745852981637,1.4253972975442064e-5,1.4253972975442064e-5,0.001887334
gaussian_rectangle_d5,4,4-3-2,256,29,1810030,0.1261626427116103,2.3113864220380975e-6,2.3113864220380975e-6,0.001940542
gaussian_rectangle_d5,1,2-3-4,256,30,1810031,0.12614611690523952,-1.4214419948727075e-5,1.4214419948727075e-5,0.001922166
gaussian_rectangle_d5,2,3-2-4,256,30,1810031,0.12614812571098297,-1.2205614205285098e-5,1.2205614205285098e-5,0.001910917
gaussian_rectangle_d5,3,3-4-2,256,30,1810031,0.12616362639341974,3.2950682314902835e-6,3.2950682314902835e-6,0.001920125
gaussian_rectangle_d5,4,4-3-2,256,30,1810031,0.12615904707221734,-1.2842529709122807e-6,1.2842529709122807e-6,0.004867541
gaussian_rectangle_d5,1,2-3-4,1024,1,1830002,0.12616610702581144,5.775700623183999e-6,5.775700623183999e-6,0.007485584
gaussian_rectangle_d5,2,3-2-4,1024,1,1830002,0.12616714411944496,6.812794256710886e-6,6.812794256710886e-6,0.00739075
gaussian_rectangle_d5,3,3-4-2,1024,1,1830002,0.12616951878011615,9.187454927894745e-6,9.187454927894745e-6,0.007386042
gaussian_rectangle_d5,4,4-3-2,1024,1,1830002,0.12617223331283914,1.1901987650886348e-5,1.1901987650886348e-5,0.007333292
gaussian_rectangle_d5,1,2-3-4,1024,2,1830003,0.12616435719853764,4.025873349383646e-6,4.025873349383646e-6,0.007842042
gaussian_rectangle_d5,2,3-2-4,1024,2,1830003,0.12616333242893124,3.0011037429888976e-6,3.0011037429888976e-6,0.007386417
gaussian_rectangle_d5,3,3-4-2,1024,2,1830003,0.12616425328757788,3.9219623896302735e-6,3.9219623896302735e-6,0.007346792
gaussian_rectangle_d5,4,4-3-2,1024,2,1830003,0.1261654222296506,5.090904462351498e-6,5.090904462351498e-6,0.007334791
gaussian_rectangle_d5,1,2-3-4,1024,3,1830004,0.126160652433601,3.2110841274857194e-7,3.2110841274857194e-7,0.007322291
gaussian_rectangle_d5,2,3-2-4,1024,3,1830004,0.12616280462197538,2.4732967871254896e-6,2.4732967871254896e-6,0.007351583
gaussian_rectangle_d5,3,3-4-2,1024,3,1830004,0.1261596909092596,-6.404159286488298e-7,6.404159286488298e-7,0.007876833
gaussian_rectangle_d5,4,4-3-2,1024,3,1830004,0.12616241731677724,2.0859915889903657e-6,2.0859915889903657e-6,0.007417708
gaussian_rectangle_d5,1,2-3-4,1024,4,1830005,0.12615459216801211,-5.739157176137821e-6,5.739157176137821e-6,0.007365625
gaussian_rectangle_d5,2,3-2-4,1024,4,1830005,0.12615494069864422,-5.390626544032884e-6,5.390626544032884e-6,0.007339584
gaussian_rectangle_d5,3,3-4-2,1024,4,1830005,0.1261529405319015,-7.390793286765618e-6,7.390793286765618e-6,0.007735666
gaussian_rectangle_d5,4,4-3-2,1024,4,1830005,0.12615369205058913,-6.6392745991239455e-6,6.6392745991239455e-6,0.007389833
gaussian_rectangle_d5,1,2-3-4,1024,5,1830006,0.12615917986761255,-1.15145757570434e-6,1.15145757570434e-6,0.007380084
gaussian_rectangle_d5,2,3-2-4,1024,5,1830006,0.1261630030431655,2.67171797724286e-6,2.67171797724286e-6,0.007357
gaussian_rectangle_d5,3,3-4-2,1024,5,1830006,0.12616400607317477,3.6747479865151256e-6,3.6747479865151256e-6,0.007992875
gaussian_rectangle_d5,4,4-3-2,1024,5,1830006,0.12616188965531905,1.558330130796426e-6,1.558330130796426e-6,0.007422084
gaussian_rectangle_d5,1,2-3-4,1024,6,1830007,0.12615891954335703,-1.4117818312175956e-6,1.4117818312175956e-6,0.007504791
gaussian_rectangle_d5,2,3-2-4,1024,6,1830007,0.12615860795128675,-1.7233739015021232e-6,1.7233739015021232e-6,0.007727209
gaussian_rectangle_d5,3,3-4-2,1024,6,1830007,0.12616007990332795,-2.51421860303358e-7,2.51421860303358e-7,0.007315041
gaussian_rectangle_d5,4,4-3-2,1024,6,1830007,0.12616085183950113,5.205143128739209e-7,5.205143128739209e-7,0.007729917
gaussian_rectangle_d5,1,2-3-4,1024,7,1830008,0.12616010239632458,-2.2892886367142928e-7,2.2892886367142928e-7,0.007318167
gaussian_rectangle_d5,2,3-2-4,1024,7,1830008,0.12615881031317577,-1.521012012478673e-6,1.521012012478673e-6,0.007300375
gaussian_rectangle_d5,3,3-4-2,1024,7,1830008,0.126155169374669,-5.161950519250169e-6,5.161950519250169e-6,0.02369625
gaussian_rectangle_d5,4,4-3-2,1024,7,1830008,0.1261562052866991,-4.126038489149497e-6,4.126038489149497e-6,0.007539542
gaussian_rectangle_d5,1,2-3-4,1024,8,1830009,0.12615572923060386,-4.6020945843883165e-6,4.6020945843883165e-6,0.149418125
gaussian_rectangle_d5,2,3-2-4,1024,8,1830009,0.12615582003450804,-4.511290680214719e-6,4.511290680214719e-6,0.007489583
gaussian_rectangle_d5,3,3-4-2,1024,8,1830009,0.12615735057782898,-2.9807473592713407e-6,2.9807473592713407e-6,0.007392958
gaussian_rectangle_d5,4,4-3-2,1024,8,1830009,0.12615710092709362,-3.2303980946335464e-6,3.2303980946335464e-6,0.007372333
gaussian_rectangle_d5,1,2-3-4,1024,9,1830010,0.1261600694039345,-2.6192125374135955e-7,2.6192125374135955e-7,0.007449125
gaussian_rectangle_d5,2,3-2-4,1024,9,1830010,0.12616272285915983,2.3915339715796513e-6,2.3915339715796513e-6,0.007366583
gaussian_rectangle_d5,3,3-4-2,1024,9,1830010,0.12615865214541272,-1.6791797755322246e-6,1.6791797755322246e-6,0.00735025
gaussian_rectangle_d5,4,4-3-2,1024,9,1830010,0.12615967414836324,-6.571768250140941e-7,6.571768250140941e-7,0.007354125
gaussian_rectangle_d5,1,2-3-4,1024,10,1830011,0.12616044181042546,1.1048523720913472e-7,1.1048523720913472e-7,0.007454792
gaussian_rectangle_d5,2,3-2-4,1024,10,1830011,0.12616140646025586,1.0751350676130311e-6,1.0751350676130311e-6,0.007694667
gaussian_rectangle_d5,3,3-4-2,1024,10,1830011,0.12616266947309818,2.338147909924926e-6,2.338147909924926e-6,0.007592625
gaussian_rectangle_d5,4,4-3-2,1024,10,1830011,0.12616155726115405,1.2259359657984525e-6,1.2259359657984525e-6,0.007594333
gaussian_rectangle_d5,1,2-3-4,1024,11,1830012,0.12615214570286548,-8.185622322770536e-6,8.185622322770536e-6,0.0075905
gaussian_rectangle_d5,2,3-2-4,1024,11,1830012,0.12615433734139414,-5.993983794111424e-6,5.993983794111424e-6,0.007606708
gaussian_rectangle_d5,3,3-4-2,1024,11,1830012,0.12615399081742856,-6.340507759688974e-6,6.340507759688974e-6,0.007552375
gaussian_rectangle_d5,4,4-3-2,1024,11,1830012,0.12615315756042128,-7.17376476697118e-6,7.17376476697118e-6,0.007622083
gaussian_rectangle_d5,1,2-3-4,1024,12,1830013,0.12615173512191558,-8.596203272676073e-6,8.596203272676073e-6,0.008825584
gaussian_rectangle_d5,2,3-2-4,1024,12,1830013,0.12615106862313866,-9.262702049595006e-6,9.262702049595006e-6,0.007415208
gaussian_rectangle_d5,3,3-4-2,1024,12,1830013,0.1261526993264252,-7.631998763052428e-6,7.631998763052428e-6,0.007316167
gaussian_rectangle_d5,4,4-3-2,1024,12,1830013,0.1261536624900088,-6.668835179440835e-6,6.668835179440835e-6,0.007321958
gaussian_rectangle_d5,1,2-3-4,1024,13,1830014,0.126161818858508,1.4875333197439389e-6,1.4875333197439389e-6,0.00749375
gaussian_rectangle_d5,2,3-2-4,1024,13,1830014,0.12615981329466094,-5.180305273078112e-7,5.180305273078112e-7,0.007368459
gaussian_rectangle_d5,3,3-4-2,1024,13,1830014,0.12616252866642394,2.197341235687933e-6,2.197341235687933e-6,0.007478541
gaussian_rectangle_d5,4,4-3-2,1024,13,1830014,0.12616568294632322,5.351621134963569e-6,5.351621134963569e-6,0.007316667
gaussian_rectangle_d5,1,2-3-4,1024,14,1830015,0.1261553234138777,-5.007911310556112e-6,5.007911310556112e-6,0.007298792
gaussian_rectangle_d5,2,3-2-4,1024,14,1830015,0.12615499135259983,-5.3399725884195615e-6,5.3399725884195615e-6,0.007362458
gaussian_rectangle_d5,3,3-4-2,1024,14,1830015,0.1261573562136758,-2.9751115124543315e-6,2.9751115124543315e-6,0.007544459
gaussian_rectangle_d5,4,4-3-2,1024,14,1830015,0.12615575180281616,-4.57952237209458e-6,4.57952237209458e-6,0.0073965
gaussian_rectangle_d5,1,2-3-4,1024,15,1830016,0.12615250684526835,-7.824479919898986e-6,7.824479919898986e-6,0.007463167
gaussian_rectangle_d5,2,3-2-4,1024,15,1830016,0.12615459352606373,-5.737799124522214e-6,5.737799124522214e-6,0.0074495
gaussian_rectangle_d5,3,3-4-2,1024,15,1830016,0.12615629958191352,-4.031743274734989e-6,4.031743274734989e-6,0.00747375
gaussian_rectangle_d5,4,4-3-2,1024,15,1830016,0.1261560070660594,-4.324259128857255e-6,4.324259128857255e-6,0.007532583
gaussian_rectangle_d5,1,2-3-4,1024,16,1830017,0.126160059720698,-2.7160449025953604e-7,2.7160449025953604e-7,0.007994208
gaussian_rectangle_d5,2,3-2-4,1024,16,1830017,0.1261607345905147,4.0326532643741864e-7,4.0326532643741864e-7,0.007633458
gaussian_rectangle_d5,3,3-4-2,1024,16,1830017,0.12616202875261176,1.697427423508202e-6,1.697427423508202e-6,0.008454458
gaussian_rectangle_d5,4,4-3-2,1024,16,1830017,0.12616106618414738,7.348589591282817e-7,7.348589591282817e-7,0.007484292
gaussian_rectangle_d5,1,2-3-4,1024,17,1830018,0.12616187936167764,1.5480364893849519e-6,1.5480364893849519e-6,0.007612042
gaussian_rectangle_d5,2,3-2-4,1024,17,1830018,0.12616219063566755,1.8593104793018789e-6,1.8593104793018789e-6,0.007494125
gaussian_rectangle_d5,3,3-4-2,1024,17,1830018,0.12616433256477028,4.001239582024363e-6,4.001239582024363e-6,0.007374708
gaussian_rectangle_d5,4,4-3-2,1024,17,1830018,0.1261661991678468,5.867842658546785e-6,5.867842658546785e-6,0.008288375
gaussian_rectangle_d5,1,2-3-4,1024,18,1830019,0.12616453103034353,4.199705155277789e-6,4.199705155277789e-6,0.007423875
gaussian_rectangle_d5,2,3-2-4,1024,18,1830019,0.12616357228749894,3.2409623106910423e-6,3.2409623106910423e-6,0.007422958
gaussian_rectangle_d5,3,3-4-2,1024,18,1830019,0.1261687171612719,8.385836083646403e-6,8.385836083646403e-6,0.007424542
gaussian_rectangle_d5,4,4-3-2,1024,18,1830019,0.1261676805321597,7.349206971457578e-6,7.349206971457578e-6,0.007401792
gaussian_rectangle_d5,1,2-3-4,1024,19,1830020,0.12615758786856524,-2.7434566230166713e-6,2.7434566230166713e-6,0.008561292
gaussian_rectangle_d5,2,3-2-4,1024,19,1830020,0.1261583144281673,-2.0168970209510917e-6,2.0168970209510917e-6,0.007393084
gaussian_rectangle_d5,3,3-4-2,1024,19,1830020,0.12615909247139995,-1.2388537883045725e-6,1.2388537883045725e-6,0.007275708
gaussian_rectangle_d5,4,4-3-2,1024,19,1830020,0.12615909338759163,-1.2379375966264927e-6,1.2379375966264927e-6,0.007428291
gaussian_rectangle_d5,1,2-3-4,1024,20,1830021,0.12616453547625273,4.2041510644741376e-6,4.2041510644741376e-6,0.007367541
gaussian_rectangle_d5,2,3-2-4,1024,20,1830021,0.12616519416493988,4.862839751623715e-6,4.862839751623715e-6,0.007374833
gaussian_rectangle_d5,3,3-4-2,1024,20,1830021,0.12616176726877557,1.4359435873134707e-6,1.4359435873134707e-6,0.007324625
gaussian_rectangle_d5,4,4-3-2,1024,20,1830021,0.12616188380435914,1.5524791708854124e-6,1.5524791708854124e-6,0.007329916
gaussian_rectangle_d5,1,2-3-4,1024,21,1830022,0.1261633804242007,3.0490990124421025e-6,3.0490990124421025e-6,0.007421291
gaussian_rectangle_d5,2,3-2-4,1024,21,1830022,0.12616501263792212,4.6813127338729554e-6,4.6813127338729554e-6,0.00798475
gaussian_rectangle_d5,3,3-4-2,1024,21,1830022,0.12616269635252672,2.3650273384689946e-6,2.3650273384689946e-6,0.007386208
gaussian_rectangle_d5,4,4-3-2,1024,21,1830022,0.12616434650385994,4.0151786716846605e-6,4.0151786716846605e-6,0.007368542
gaussian_rectangle_d5,1,2-3-4,1024,22,1830023,0.1261605126026225,1.8127743425799814e-7,1.8127743425799814e-7,0.007433625
gaussian_rectangle_d5,2,3-2-4,1024,22,1830023,0.12615965690888672,-6.744163015270921e-7,6.744163015270921e-7,0.007388916
gaussian_rectangle_d5,3,3-4-2,1024,22,1830023,0.12615879043024092,-1.5408949473327826e-6,1.5408949473327826e-6,0.007408
gaussian_rectangle_d5,4,4-3-2,1024,22,1830023,0.12615866970569717,-1.6616194910834547e-6,1.6616194910834547e-6,0.008203708
gaussian_rectangle_d5,1,2-3-4,1024,23,1830024,0.1261601049498887,-2.2637529956126556e-7,2.2637529956126556e-7,0.00741025
gaussian_rectangle_d5,2,3-2-4,1024,23,1830024,0.1261627399825448,2.408657356539612e-6,2.408657356539612e-6,0.007337958
gaussian_rectangle_d5,3,3-4-2,1024,23,1830024,0.12615883638977682,-1.494935411433529e-6,1.494935411433529e-6,0.007356417
gaussian_rectangle_d5,4,4-3-2,1024,23,1830024,0.12615948514918268,-8.461760055700207e-7,8.461760055700207e-7,0.007352166
gaussian_rectangle_d5,1,2-3-4,1024,24,1830025,0.1261647634652212,4.432140032956111e-6,4.432140032956111e-6,0.007418542
gaussian_rectangle_d5,2,3-2-4,1024,24,1830025,0.12616388267421882,3.551349030572748e-6,3.551349030572748e-6,0.007771209
gaussian_rectangle_d5,3,3-4-2,1024,24,1830025,0.1261607173573164,3.860321281523582e-7,3.860321281523582e-7,0.007507625
gaussian_rectangle_d5,4,4-3-2,1024,24,1830025,0.12615747915252704,-2.85217266121629e-6,2.85217266121629e-6,0.007392
gaussian_rectangle_d5,1,2-3-4,1024,25,1830026,0.12615639733997905,-3.9339852092035166e-6,3.9339852092035166e-6,0.007434583
gaussian_rectangle_d5,2,3-2-4,1024,25,1830026,0.12615734505796392,-2.9862672243363697e-6,2.9862672243363697e-6,0.007820959
gaussian_rectangle_d5,3,3-4-2,1024,25,1830026,0.12615468154296156,-5.6497822266965425e-6,5.6497822266965425e-6,0.007353792
gaussian_rectangle_d5,4,4-3-2,1024,25,1830026,0.12615550642828685,-4.824896901400866e-6,4.824896901400866e-6,0.007345083
gaussian_rectangle_d5,1,2-3-4,1024,26,1830027,0.1261644575107668,4.126185578545716e-6,4.126185578545716e-6,0.007697792
gaussian_rectangle_d5,2,3-2-4,1024,26,1830027,0.12616406838393585,3.73705874759378e-6,3.73705874759378e-6,0.007371917
gaussian_rectangle_d5,3,3-4-2,1024,26,1830027,0.1261657542734164,5.422948228139823e-6,5.422948228139823e-6,0.007308625
gaussian_rectangle_d5,4,4-3-2,1024,26,1830027,0.12616607494116966,5.7436159814072685e-6,5.7436159814072685e-6,0.007635375
gaussian_rectangle_d5,1,2-3-4,1024,27,1830028,0.12615698936976408,-3.341955424174259e-6,3.341955424174259e-6,0.007361375
gaussian_rectangle_d5,2,3-2-4,1024,27,1830028,0.12615586305182858,-4.468273359675701e-6,4.468273359675701e-6,0.007804916
gaussian_rectangle_d5,3,3-4-2,1024,27,1830028,0.12615641773797662,-3.913587211634706e-6,3.913587211634706e-6,0.007363792
gaussian_rectangle_d5,4,4-3-2,1024,27,1830028,0.12615818155809577,-2.149767092479715e-6,2.149767092479715e-6,0.007584
gaussian_rectangle_d5,1,2-3-4,1024,28,1830029,0.12615913031041923,-1.2010147690255657e-6,1.2010147690255657e-6,0.007385459
gaussian_rectangle_d5,2,3-2-4,1024,28,1830029,0.1261579305732091,-2.4007519791591214e-6,2.4007519791591214e-6,0.007606667
gaussian_rectangle_d5,3,3-4-2,1024,28,1830029,0.1261584104244961,-1.920900692148342e-6,1.920900692148342e-6,0.007346917
gaussian_rectangle_d5,4,4-3-2,1024,28,1830029,0.12615839083198788,-1.9404932003752595e-6,1.9404932003752595e-6,0.007660459
gaussian_rectangle_d5,1,2-3-4,1024,29,1830030,0.12616243940169475,2.108076506496248e-6,2.108076506496248e-6,0.007406875
gaussian_rectangle_d5,2,3-2-4,1024,29,1830030,0.12616267722903918,2.3459038509254793e-6,2.3459038509254793e-6,0.00762975
gaussian_rectangle_d5,3,3-4-2,1024,29,1830030,0.12615870187134412,-1.629453844131934e-6,1.629453844131934e-6,0.007375208
gaussian_rectangle_d5,4,4-3-2,1024,29,1830030,0.12615882457884928,-1.5067463389750735e-6,1.5067463389750735e-6,0.007350625
gaussian_rectangle_d5,1,2-3-4,1024,30,1830031,0.12615726836107613,-3.062964112121591e-6,3.062964112121591e-6,0.0076955
gaussian_rectangle_d5,2,3-2-4,1024,30,1830031,0.126161153586716,8.222615277553302e-7,8.222615277553302e-7,0.007427
gaussian_rectangle_d5,3,3-4-2,1024,30,1830031,0.12615767297617744,-2.658349010808969e-6,2.658349010808969e-6,0.007738959
gaussian_rectangle_d5,4,4-3-2,1024,30,1830031,0.1261586375251997,-1.6937999885446864e-6,1.6937999885446864e-6,0.007397125
gaussian_rectangle_d5,1,2-3-4,4096,1,1850002,0.1261615620557569,1.230730568652083e-6,1.230730568652083e-6,0.029998084
gaussian_rectangle_d5,2,3-2-4,4096,1,1850002,0.12616104370223316,7.123770449091182e-7,7.123770449091182e-7,0.0303525
gaussian_rectangle_d5,3,3-4-2,4096,1,1850002,0.1261609338622172,6.025370289375331e-7,6.025370289375331e-7,0.030057834
gaussian_rectangle_d5,4,4-3-2,4096,1,1850002,0.12616079066545877,4.5934027051441895e-7,4.5934027051441895e-7,0.030323125
gaussian_rectangle_d5,1,2-3-4,4096,2,1850003,0.12615982610469142,-5.052204968269969e-7,5.052204968269969e-7,0.029749042
gaussian_rectangle_d5,2,3-2-4,4096,2,1850003,0.12615987719996416,-4.541252240919391e-7,4.541252240919391e-7,0.173915042
gaussian_rectangle_d5,3,3-4-2,4096,2,1850003,0.12615864028815754,-1.691037030709941e-6,1.691037030709941e-6,0.029728458
gaussian_rectangle_d5,4,4-3-2,4096,2,1850003,0.12615901273249408,-1.318592694171672e-6,1.318592694171672e-6,0.029733791
gaussian_rectangle_d5,1,2-3-4,4096,3,1850004,0.12616027697512253,-5.435006572573897e-8,5.435006572573897e-8,0.031247583
gaussian_rectangle_d5,2,3-2-4,4096,3,1850004,0.12616070408731592,3.7276212766501615e-7,3.7276212766501615e-7,0.030684083
gaussian_rectangle_d5,3,3-4-2,4096,3,1850004,0.12616076869147244,4.3736628418944434e-7,4.3736628418944434e-7,0.03074925
gaussian_rectangle_d5,4,4-3-2,4096,3,1850004,0.1261607989747136,4.676495253541635e-7,4.676495253541635e-7,0.030941333
gaussian_rectangle_d5,1,2-3-4,4096,4,1850005,0.1261600377729706,-2.9355221764504336e-7,2.9355221764504336e-7,0.031550292
gaussian_rectangle_d5,2,3-2-4,4096,4,1850005,0.12616047707679637,1.4575160811602927e-7,1.4575160811602927e-7,0.03024225
gaussian_rectangle_d5,3,3-4-2,4096,4,1850005,0.1261596880784657,-6.432467225536698e-7,6.432467225536698e-7,0.029907458
gaussian_rectangle_d5,4,4-3-2,4096,4,1850005,0.12615979420907364,-5.371161146128234e-7,5.371161146128234e-7,0.03022225
gaussian_rectangle_d5,1,2-3-4,4096,5,1850006,0.12616032035424926,-1.0970938990606527e-8,1.0970938990606527e-8,0.029845125
gaussian_rectangle_d5,2,3-2-4,4096,5,1850006,0.12616035478472393,2.3459535675174337e-8,2.3459535675174337e-8,0.031069334
gaussian_rectangle_d5,3,3-4-2,4096,5,1850006,0.12616006571915753,-2.656060307248964e-7,2.656060307248964e-7,0.030336791
gaussian_rectangle_d5,4,4-3-2,4096,5,1850006,0.12616010352928728,-2.2779590097554703e-7,2.2779590097554703e-7,0.030191125
gaussian_rectangle_d5,1,2-3-4,4096,6,1850007,0.12616073891294155,4.0758775329829966e-7,4.0758775329829966e-7,0.030872042
gaussian_rectangle_d5,2,3-2-4,4096,6,1850007,0.12616075313301445,4.218078261952751e-7,4.218078261952751e-7,0.029690417
gaussian_rectangle_d5,3,3-4-2,4096,6,1850007,0.1261601911964516,-1.4012873664204228e-7,1.4012873664204228e-7,0.029729
gaussian_rectangle_d5,4,4-3-2,4096,6,1850007,0.1261601221021122,-2.0922307605864e-7,2.0922307605864e-7,0.030272417
gaussian_rectangle_d5,1,2-3-4,4096,7,1850008,0.12616001381905106,-3.175061371873955e-7,3.175061371873955e-7,0.029909333
gaussian_rectangle_d5,2,3-2-4,4096,7,1850008,0.1261602931549427,-3.817024554764181e-8,3.817024554764181e-8,0.030427958
gaussian_rectangle_d5,3,3-4-2,4096,7,1850008,0.12616019434475004,-1.36980438214529e-7,1.36980438214529e-7,0.031664083
gaussian_rectangle_d5,4,4-3-2,4096,7,1850008,0.12616007418671316,-2.571384750960082e-7,2.571384750960082e-7,0.030870708
gaussian_rectangle_d5,1,2-3-4,4096,8,1850009,0.12616077809676807,4.467715798150973e-7,4.467715798150973e-7,0.030032125
gaussian_rectangle_d5,2,3-2-4,4096,8,1850009,0.12616068853309448,3.5720790622639775e-7,3.5720790622639775e-7,0.030362708
gaussian_rectangle_d5,3,3-4-2,4096,8,1850009,0.12616108205043502,7.507252467731096e-7,7.507252467731096e-7,0.030270292
gaussian_rectangle_d5,4,4-3-2,4096,8,1850009,0.12616088285752014,5.515323318883159e-7,5.515323318883159e-7,0.03035075
gaussian_rectangle_d5,1,2-3-4,4096,9,1850010,0.12616154177715627,1.2104519680200543e-6,1.2104519680200543e-6,0.031136542
gaussian_rectangle_d5,2,3-2-4,4096,9,1850010,0.1261615535176849,1.2221924966526743e-6,1.2221924966526743e-6,0.030234458
gaussian_rectangle_d5,3,3-4-2,4096,9,1850010,0.12616095639741165,6.250722233980266e-7,6.250722233980266e-7,0.04586575
gaussian_rectangle_d5,4,4-3-2,4096,9,1850010,0.12616103261506537,7.012898771141529e-7,7.012898771141529e-7,0.172203625
gaussian_rectangle_d5,1,2-3-4,4096,10,1850011,0.12615899417100024,-1.3371541880136117e-6,1.3371541880136117e-6,0.029734416
gaussian_rectangle_d5,2,3-2-4,4096,10,1850011,0.12615918068996643,-1.1506352218249027e-6,1.1506352218249027e-6,0.030039583
gaussian_rectangle_d5,3,3-4-2,4096,10,1850011,0.12615927817929215,-1.053145896101615e-6,1.053145896101615e-6,0.029826458
gaussian_rectangle_d5,4,4-3-2,4096,10,1850011,0.12615939807565946,-9.332495287950326e-7,9.332495287950326e-7,0.030027
gaussian_rectangle_d5,1,2-3-4,4096,11,1850012,0.12616068429668356,3.529714953098839e-7,3.529714953098839e-7,0.029701875
gaussian_rectangle_d5,2,3-2-4,4096,11,1850012,0.12616070793386752,3.766086792700296e-7,3.766086792700296e-7,0.030244625
gaussian_rectangle_d5,3,3-4-2,4096,11,1850012,0.12616048477617173,1.5345098347552266e-7,1.5345098347552266e-7,0.034081083
gaussian_rectangle_d5,4,4-3-2,4096,11,1850012,0.12616040203433684,7.070914859186317e-8,7.070914859186317e-8,0.030318208
gaussian_rectangle_d5,1,2-3-4,4096,12,1850013,0.12616008749125832,-2.438339299359882e-7,2.438339299359882e-7,0.029555208
gaussian_rectangle_d5,2,3-2-4,4096,12,1850013,0.12616049364137602,1.6231618776840762e-7,1.6231618776840762e-7,0.029579584
gaussian_rectangle_d5,3,3-4-2,4096,12,1850013,0.12616063359472185,3.0226953359746567e-7,3.0226953359746567e-7,0.029864916
gaussian_rectangle_d5,4,4-3-2,4096,12,1850013,0.12616069357557863,3.6225039037884876e-7,3.6225039037884876e-7,0.029769708
gaussian_rectangle_d5,1,2-3-4,4096,13,1850014,0.1261609230532246,5.917280363476607e-7,5.917280363476607e-7,0.031133459
gaussian_rectangle_d5,2,3-2-4,4096,13,1850014,0.1261606903187824,3.5899359415725307e-7,3.5899359415725307e-7,0.029852834
gaussian_rectangle_d5,3,3-4-2,4096,13,1850014,0.12616089166480016,5.603396119047144e-7,5.603396119047144e-7,0.029898083
gaussian_rectangle_d5,4,4-3-2,4096,13,1850014,0.12616086153681455,5.302116262984047e-7,5.302116262984047e-7,0.029938333
gaussian_rectangle_d5,1,2-3-4,4096,14,1850015,0.1261603598909528,2.856576455934068e-8,2.856576455934068e-8,0.030053292
gaussian_rectangle_d5,2,3-2-4,4096,14,1850015,0.1261602889290694,-4.239611886558414e-8,4.239611886558414e-8,0.0307685
gaussian_rectangle_d5,3,3-4-2,4096,14,1850015,0.12616091115254927,5.798273610135851e-7,5.798273610135851e-7,0.029896167
gaussian_rectangle_d5,4,4-3-2,4096,14,1850015,0.126160649618752,3.182935637557893e-7,3.182935637557893e-7,0.029631125
gaussian_rectangle_d5,1,2-3-4,4096,15,1850016,0.12616041105810302,7.973291477059163e-8,7.973291477059163e-8,0.031198084
gaussian_rectangle_d5,2,3-2-4,4096,15,1850016,0.126160350526661,1.9201472745145054e-8,1.9201472745145054e-8,0.029741
gaussian_rectangle_d5,3,3-4-2,4096,15,1850016,0.12616071395091663,3.8262572837899356e-7,3.8262572837899356e-7,0.0297775
gaussian_rectangle_d5,4,4-3-2,4096,15,1850016,0.12616084794545201,5.166202637629791e-7,5.166202637629791e-7,0.030723459
gaussian_rectangle_d5,1,2-3-4,4096,16,1850017,0.12616137189917906,1.0405739908070366e-6,1.0405739908070366e-6,0.029976625
gaussian_rectangle_d5,2,3-2-4,4096,16,1850017,0.12616136558679922,1.0342616109659808e-6,1.0342616109659808e-6,0.030168333
gaussian_rectangle_d5,3,3-4-2,4096,16,1850017,0.12616224962251746,1.918297329206453e-6,1.918297329206453e-6,0.029892833
gaussian_rectangle_d5,4,4-3-2,4096,16,1850017,0.1261623251092246,1.9937840363415393e-6,1.9937840363415393e-6,0.030855625
gaussian_rectangle_d5,1,2-3-4,4096,17,1850018,0.12615988650008184,-4.448251064159692e-7,4.448251064159692e-7,0.030681125
gaussian_rectangle_d5,2,3-2-4,4096,17,1850018,0.12615971604190807,-6.152832801864516e-7,6.152832801864516e-7,0.030445333
gaussian_rectangle_d5,3,3-4-2,4096,17,1850018,0.12615998174322166,-3.4958196659662377e-7,3.4958196659662377e-7,0.030341917
gaussian_rectangle_d5,4,4-3-2,4096,17,1850018,0.12615991486555578,-4.1645963247405327e-7,4.1645963247405327e-7,0.030064459
gaussian_rectangle_d5,1,2-3-4,4096,18,1850019,0.1261613208666409,9.895414526395196e-7,9.895414526395196e-7,0.046047875
gaussian_rectangle_d5,2,3-2-4,4096,18,1850019,0.1261614781752498,1.1468500615563482e-6,1.1468500615563482e-6,0.157218708
gaussian_rectangle_d5,3,3-4-2,4096,18,1850019,0.12616054111694405,2.0979175580082554e-7,2.0979175580082554e-7,0.029546917
gaussian_rectangle_d5,4,4-3-2,4096,18,1850019,0.12616054549665853,2.1417147028079953e-7,2.1417147028079953e-7,0.029919042
gaussian_rectangle_d5,1,2-3-4,4096,19,1850020,0.12615833294550519,-1.9983796830658207e-6,1.9983796830658207e-6,0.030067292
gaussian_rectangle_d5,2,3-2-4,4096,19,1850020,0.1261581730886679,-2.1582365203609566e-6,2.1582365203609566e-6,0.029639042
gaussian_rectangle_d5,3,3-4-2,4096,19,1850020,0.12615826985041484,-2.061474773412675e-6,2.061474773412675e-6,0.030141208
gaussian_rectangle_d5,4,4-3-2,4096,19,1850020,0.12615818200904108,-2.1493161471708433e-6,2.1493161471708433e-6,0.030236667
gaussian_rectangle_d5,1,2-3-4,4096,20,1850021,0.12615998033749784,-3.509876904117526e-7,3.509876904117526e-7,0.030991917
gaussian_rectangle_d5,2,3-2-4,4096,20,1850021,0.12616021970128502,-1.1162390323171678e-7,1.1162390323171678e-7,0.029867917
gaussian_rectangle_d5,3,3-4-2,4096,20,1850021,0.12616001317700615,-3.1814818210462725e-7,3.1814818210462725e-7,0.029936708
gaussian_rectangle_d5,4,4-3-2,4096,20,1850021,0.12616014709097598,-1.842342122748697e-7,1.842342122748697e-7,0.030305334
gaussian_rectangle_d5,1,2-3-4,4096,21,1850022,0.1261613701366207,1.0388114324577646e-6,1.0388114324577646e-6,0.030140417
gaussian_rectangle_d5,2,3-2-4,4096,21,1850022,0.12616147219382287,1.1408686346192631e-6,1.1408686346192631e-6,0.0298955
gaussian_rectangle_d5,3,3-4-2,4096,21,1850022,0.12616129259598255,9.612707942974197e-7,9.612707942974197e-7,0.029973375
gaussian_rectangle_d5,4,4-3-2,4096,21,1850022,0.12616114685265828,8.155274700272219e-7,8.155274700272219e-7,0.030619459
gaussian_rectangle_d5,1,2-3-4,4096,22,1850023,0.12616137108510408,1.0397599158329385e-6,1.0397599158329385e-6,0.031150333
gaussian_rectangle_d5,2,3-2-4,4096,22,1850023,0.12616142421090648,1.0928857182290752e-6,1.0928857182290752e-6,0.03013175
gaussian_rectangle_d5,3,3-4-2,4096,22,1850023,0.1261610323433876,7.010181993505338e-7,7.010181993505338e-7,0.030337167
gaussian_rectangle_d5,4,4-3-2,4096,22,1850023,0.126161052643808,7.21318619750777e-7,7.21318619750777e-7,0.030071917
gaussian_rectangle_d5,1,2-3-4,4096,23,1850024,0.1261604461815057,1.1485631745689062e-7,1.1485631745689062e-7,0.030877625
gaussian_rectangle_d5,2,3-2-4,4096,23,1850024,0.12616034839665433,1.707146607410337e-8,1.707146607410337e-8,0.030068625
gaussian_rectangle_d5,3,3-4-2,4096,23,1850024,0.12616004165084418,-2.896743440672367e-7,2.896743440672367e-7,0.030446167
gaussian_rectangle_d5,4,4-3-2,4096,23,1850024,0.12616037206822567,4.0743037416079986e-8,4.0743037416079986e-8,0.030193083
gaussian_rectangle_d5,1,2-3-4,4096,24,1850025,0.1261608552987215,5.239735332562834e-7,5.239735332562834e-7,0.030596958
gaussian_rectangle_d5,2,3-2-4,4096,24,1850025,0.12616069931922547,3.679940372147694e-7,3.679940372147694e-7,0.029999208
gaussian_rectangle_d5,3,3-4-2,4096,24,1850025,0.12616133861868442,1.007293496169126e-6,1.007293496169126e-6,0.029738292
gaussian_rectangle_d5,4,4-3-2,4096,24,1850025,0.12616121576428474,8.844390964879434e-7,8.844390964879434e-7,0.030401709
gaussian_rectangle_d5,1,2-3-4,4096,25,1850026,0.12616079567345503,4.6434826678209973e-7,4.6434826678209973e-7,0.03017525
gaussian_rectangle_d5,2,3-2-4,4096,25,1850026,0.12616064894078532,3.1761559707299547e-7,3.1761559707299547e-7,0.030782667
gaussian_rectangle_d5,3,3-4-2,4096,25,1850026,0.12616037109004588,3.976485762891002e-8,3.976485762891002e-8,0.030009166
gaussian_rectangle_d5,4,4-3-2,4096,25,1850026,0.12616032715292635,-4.172261897084084e-9,4.172261897084084e-9,0.030273166
gaussian_rectangle_d5,1,2-3-4,4096,26,1850027,0.12616115650175289,8.251765646338782e-7,8.251765646338782e-7,0.030513916
gaussian_rectangle_d5,2,3-2-4,4096,26,1850027,0.12616095108467787,6.197594896173442e-7,6.197594896173442e-7,0.032377917
gaussian_rectangle_d5,3,3-4-2,4096,26,1850027,0.12616094344655496,6.121213667054093e-7,6.121213667054093e-7,0.030057083
gaussian_rectangle_d5,4,4-3-2,4096,26,1850027,0.12616095415477074,6.228295824917129e-7,6.228295824917129e-7,0.030818167
gaussian_rectangle_d5,1,2-3-4,4096,27,1850028,0.12615976254354802,-5.687816402311086e-7,5.687816402311086e-7,0.030066333
gaussian_rectangle_d5,2,3-2-4,4096,27,1850028,0.1261598978296587,-4.334955295559606e-7,4.334955295559606e-7,0.029888416
gaussian_rectangle_d5,3,3-4-2,4096,27,1850028,0.1261601233763374,-2.0794885086106163e-7,2.0794885086106163e-7,0.030203209
gaussian_rectangle_d5,4,4-3-2,4096,27,1850028,0.12616004779691728,-2.83528270972333e-7,2.83528270972333e-7,0.030157375
gaussian_rectangle_d5,1,2-3-4,4096,28,1850029,0.1261602618328403,-6.949234795938786e-8,6.949234795938786e-8,0.0300545
gaussian_rectangle_d5,2,3-2-4,4096,28,1850029,0.1261600764833376,-2.54841850649834e-7,2.54841850649834e-7,0.165589709
gaussian_rectangle_d5,3,3-4-2,4096,28,1850029,0.1261602606847036,-7.064048465621475e-8,7.064048465621475e-8,0.029624583
gaussian_rectangle_d5,4,4-3-2,4096,28,1850029,0.12616027904739577,-5.2277792483845786e-8,5.2277792483845786e-8,0.029836708
gaussian_rectangle_d5,1,2-3-4,4096,29,1850030,0.12616024257270342,-8.875248483364295e-8,8.875248483364295e-8,0.03001775
gaussian_rectangle_d5,2,3-2-4,4096,29,1850030,0.126160583951699,2.5262651073831854e-7,2.5262651073831854e-7,0.030248875
gaussian_rectangle_d5,3,3-4-2,4096,29,1850030,0.1261604254766683,9.415148005675888e-8,9.415148005675888e-8,0.029707459
gaussian_rectangle_d5,4,4-3-2,4096,29,1850030,0.12616034842845145,1.710326319459554e-8,1.710326319459554e-8,0.0299615
gaussian_rectangle_d5,1,2-3-4,4096,30,1850031,0.12616074359196985,4.122667816019998e-7,4.122667816019998e-7,0.031016667
gaussian_rectangle_d5,2,3-2-4,4096,30,1850031,0.12616069067014374,3.5934495548617384e-7,3.5934495548617384e-7,0.029886417
gaussian_rectangle_d5,3,3-4-2,4096,30,1850031,0.12616059666613844,2.6534095018404535e-7,2.6534095018404535e-7,0.029696333
gaussian_rectangle_d5,4,4-3-2,4096,30,1850031,0.1261606137590546,2.8243386634985157e-7,2.8243386634985157e-7,0.030299708
gaussian_rectangle_d5,1,2-3-4,16384,1,1870002,0.12616027824276246,-5.30824257882756e-8,5.30824257882756e-8,0.12489825
gaussian_rectangle_d5,2,3-2-4,16384,1,1870002,0.12616031798154376,-1.3343644494900886e-8,1.3343644494900886e-8,0.125836375
gaussian_rectangle_d5,3,3-4-2,16384,1,1870002,0.12616032801584925,-3.3093389972815856e-9,3.3093389972815856e-9,0.127687458
gaussian_rectangle_d5,4,4-3-2,16384,1,1870002,0.1261603167953986,-1.4529789649220248e-8,1.4529789649220248e-8,0.123401625
gaussian_rectangle_d5,1,2-3-4,16384,2,1870003,0.12616028939035465,-4.193483360559469e-8,4.193483360559469e-8,0.123912417
gaussian_rectangle_d5,2,3-2-4,16384,2,1870003,0.12616030055214922,-3.077303903364914e-8,3.077303903364914e-8,0.139137917
gaussian_rectangle_d5,3,3-4-2,16384,2,1870003,0.12616036784975765,3.652456939673421e-8,3.652456939673421e-8,0.270168875
gaussian_rectangle_d5,4,4-3-2,16384,2,1870003,0.12616035902212808,2.7696939824961575e-8,2.7696939824961575e-8,0.1240785
gaussian_rectangle_d5,1,2-3-4,16384,3,1870004,0.1261603281302465,-3.1949417556020876e-9,3.1949417556020876e-9,0.124912584
gaussian_rectangle_d5,2,3-2-4,16384,3,1870004,0.12616032424569482,-7.079493435924178e-9,7.079493435924178e-9,0.124443167
gaussian_rectangle_d5,3,3-4-2,16384,3,1870004,0.12616033166955057,3.443623164400833e-10,3.443623164400833e-10,0.124499209
gaussian_rectangle_d5,4,4-3-2,16384,3,1870004,0.12616033599463672,4.669448466776416e-9,4.669448466776416e-9,0.122527333
gaussian_rectangle_d5,1,2-3-4,16384,4,1870005,0.12616024673230672,-8.459288153295219e-8,8.459288153295219e-8,0.123932542
gaussian_rectangle_d5,2,3-2-4,16384,4,1870005,0.12616025051192178,-8.081326646758313e-8,8.081326646758313e-8,0.279395958
gaussian_rectangle_d5,3,3-4-2,16384,4,1870005,0.12616010504342112,-2.262817671294659e-7,2.262817671294659e-7,0.122685083
gaussian_rectangle_d5,4,4-3-2,16384,4,1870005,0.12616011309231553,-2.1823287271738323e-7,2.1823287271738323e-7,0.123732875
gaussian_rectangle_d5,1,2-3-4,16384,5,1870006,0.12616033622936293,4.904174677466955e-9,4.904174677466955e-9,0.124055958
gaussian_rectangle_d5,2,3-2-4,16384,5,1870006,0.12616031826066335,-1.3064524906347685e-8,1.3064524906347685e-8,0.123146875
gaussian_rectangle_d5,3,3-4-2,16384,5,1870006,0.12616028853684338,-4.2788344867261685e-8,4.2788344867261685e-8,0.123390084
gaussian_rectangle_d5,4,4-3-2,16384,5,1870006,0.12616029515155144,-3.617363680818997e-8,3.617363680818997e-8,0.124030583
gaussian_rectangle_d5,1,2-3-4,16384,6,1870007,0.12616021797841012,-1.1334677813001903e-7,1.1334677813001903e-7,0.137939833
gaussian_rectangle_d5,2,3-2-4,16384,6,1870007,0.12616031276272316,-1.8562465092797353e-8,1.8562465092797353e-8,0.263305291
gaussian_rectangle_d5,3,3-4-2,16384,6,1870007,0.1261602986588128,-3.266637546572859e-8,3.266637546572859e-8,0.122488542
gaussian_rectangle_d5,4,4-3-2,16384,6,1870007,0.12616030702314618,-2.430204207315434e-8,2.430204207315434e-8,0.125452042
gaussian_rectangle_d5,1,2-3-4,16384,7,1870008,0.12616037056804422,3.924285596479393e-8,3.924285596479393e-8,0.123612958
gaussian_rectangle_d5,2,3-2-4,16384,7,1870008,0.12616035698595643,2.566076817700491e-8,2.566076817700491e-8,0.123339292
gaussian_rectangle_d5,3,3-4-2,16384,7,1870008,0.1261604263670396,9.504185136122167e-8,9.504185136122167e-8,0.123624
gaussian_rectangle_d5,4,4-3-2,16384,7,1870008,0.12616040998574604,7.866055778960046e-8,7.866055778960046e-8,0.123233
gaussian_rectangle_d5,1,2-3-4,16384,8,1870009,0.12616026898193466,-6.234325358733805e-8,6.234325358733805e-8,0.124564958
gaussian_rectangle_d5,2,3-2-4,16384,8,1870009,0.1261602960223461,-3.530284214958712e-8,3.530284214958712e-8,0.27792875
gaussian_rectangle_d5,3,3-4-2,16384,8,1870009,0.12616023927715497,-9.204803327889088e-8,9.204803327889088e-8,0.123836292
gaussian_rectangle_d5,4,4-3-2,16384,8,1870009,0.12616023065087442,-1.006743138298738e-7,1.006743138298738e-7,0.124895416
gaussian_rectangle_d5,1,2-3-4,16384,9,1870010,0.12616039231561618,6.099042793028531e-8,6.099042793028531e-8,0.123673333
gaussian_rectangle_d5,2,3-2-4,16384,9,1870010,0.12616034722846706,1.5903278804962895e-8,1.5903278804962895e-8,0.123491958
gaussian_rectangle_d5,3,3-4-2,16384,9,1870010,0.12616039167759133,6.035240307511458e-8,6.035240307511458e-8,0.123522209
gaussian_rectangle_d5,4,4-3-2,16384,9,1870010,0.12616036843388487,3.710869661555094e-8,3.710869661555094e-8,0.122313917
gaussian_rectangle_d5,1,2-3-4,16384,10,1870011,0.1261603382259015,6.900713250823642e-9,6.900713250823642e-9,0.142680042
gaussian_rectangle_d5,2,3-2-4,16384,10,1870011,0.12616032681942146,-4.505766787454846e-9,4.505766787454846e-9,0.23068975
gaussian_rectangle_d5,3,3-4-2,16384,10,1870011,0.1261604431616847,1.1183649645252203e-7,1.1183649645252203e-7,0.121393083
gaussian_rectangle_d5,4,4-3-2,16384,10,1870011,0.12616045989934943,1.2857416117895148e-7,1.2857416117895148e-7,0.123896291
gaussian_rectangle_d5,1,2-3-4,16384,11,1870012,0.12616035612597304,2.4800784786949137e-8,2.4800784786949137e-8,0.124598917
gaussian_rectangle_d5,2,3-2-4,16384,11,1870012,0.1261603710333762,3.970818795995257e-8,3.970818795995257e-8,0.124097583
gaussian_rectangle_d5,3,3-4-2,16384,11,1870012,0.1261603292069562,-2.118232061976144e-9,2.118232061976144e-9,0.137596667
gaussian_rectangle_d5,4,4-3-2,16384,11,1870012,0.12616025813455453,-7.319063372035473e-8,7.319063372035473e-8,0.264927667
gaussian_rectangle_d5,1,2-3-4,16384,12,1870013,0.12616018619556174,-1.4512962651092032e-7,1.4512962651092032e-7,0.122563416
gaussian_rectangle_d5,2,3-2-4,16384,12,1870013,0.12616022457485232,-1.0675033593199323e-7,1.0675033593199323e-7,0.12344825
gaussian_rectangle_d5,3,3-4-2,16384,12,1870013,0.12616026286178683,-6.846340142030449e-8,6.846340142030449e-8,0.12257475
gaussian_rectangle_d5,4,4-3-2,16384,12,1870013,0.1261602778075333,-5.351765494654437e-8,5.351765494654437e-8,0.124369042
gaussian_rectangle_d5,1,2-3-4,16384,13,1870014,0.12616039922867964,6.79034913853016e-8,6.79034913853016e-8,0.142233833
gaussian_rectangle_d5,2,3-2-4,16384,13,1870014,0.12616035893536356,2.761017531272003e-8,2.761017531272003e-8,0.236522083
gaussian_rectangle_d5,3,3-4-2,16384,13,1870014,0.12616037836602606,4.7040837808376423e-8,4.7040837808376423e-8,0.124087083
gaussian_rectangle_d5,4,4-3-2,16384,13,1870014,0.1261603400636009,8.738412660136419e-9,8.738412660136419e-9,0.121912125
gaussian_rectangle_d5,1,2-3-4,16384,14,1870015,0.12616047717935416,1.458541659116186e-7,1.458541659116186e-7,0.120288209
gaussian_rectangle_d5,2,3-2-4,16384,14,1870015,0.1261605012417418,1.6991655354958723e-7,1.6991655354958723e-7,0.122810542
gaussian_rectangle_d5,3,3-4-2,16384,14,1870015,0.12616046239766374,1.3107247548438394e-7,1.3107247548438394e-7,0.138102417
gaussian_rectangle_d5,4,4-3-2,16384,14,1870015,0.1261605024809745,1.711557862382751e-7,1.711557862382751e-7,0.265825042
gaussian_rectangle_d5,1,2-3-4,16384,15,1870016,0.12616023490717695,-9.641801129722793e-8,9.641801129722793e-8,0.121494042
gaussian_rectangle_d5,2,3-2-4,16384,15,1870016,0.12616032151179213,-9.813396123492524e-9,9.813396123492524e-9,0.122463125
gaussian_rectangle_d5,3,3-4-2,16384,15,1870016,0.12616025622656557,-7.509862268162415e-8,7.509862268162415e-8,0.124281917
gaussian_rectangle_d5,4,4-3-2,16384,15,1870016,0.12616023566837356,-9.565681469148046e-8,9.565681469148046e-8,0.122715291
gaussian_rectangle_d5,1,2-3-4,16384,16,1870017,0.12616038447435649,5.314916823317972e-8,5.314916823317972e-8,0.12273925
gaussian_rectangle_d5,2,3-2-4,16384,16,1870017,0.12616038371702576,5.239183750727072e-8,5.239183750727072e-8,0.141734041
gaussian_rectangle_d5,3,3-4-2,16384,16,1870017,0.126160327234074,-4.0911142529242994e-9,4.0911142529242994e-9,0.264175958
gaussian_rectangle_d5,4,4-3-2,16384,16,1870017,0.1261603533940539,2.2068865651592162e-8,2.2068865651592162e-8,0.124395667
gaussian_rectangle_d5,1,2-3-4,16384,17,1870018,0.12616039147740848,6.015222023258993e-8,6.015222023258993e-8,0.1258065
gaussian_rectangle_d5,2,3-2-4,16384,17,1870018,0.1261603996287888,6.830360055332108e-8,6.830360055332108e-8,0.123176291
gaussian_rectangle_d5,3,3-4-2,16384,17,1870018,0.12616037942981245,4.81046242006844e-8,4.81046242006844e-8,0.12315125
gaussian_rectangle_d5,4,4-3-2,16384,17,1870018,0.12616040936047135,7.803528309646701e-8,7.803528309646701e-8,0.139898584
gaussian_rectangle_d5,1,2-3-4,16384,18,1870019,0.12616016017575118,-1.711494370670863e-7,1.711494370670863e-7,0.208813542
gaussian_rectangle_d5,2,3-2-4,16384,18,1870019,0.1261602248883429,-1.064368453651543e-7,1.064368453651543e-7,0.122680292
gaussian_rectangle_d5,3,3-4-2,16384,18,1870019,0.12616020402629982,-1.2729888843043824e-7,1.2729888843043824e-7,0.123631375
gaussian_rectangle_d5,4,4-3-2,16384,18,1870019,0.12616024197259698,-8.935259127040851e-8,8.935259127040851e-8,0.123530834
gaussian_rectangle_d5,1,2-3-4,16384,19,1870020,0.12616037220354917,4.0878360918483736e-8,4.0878360918483736e-8,0.1233575
gaussian_rectangle_d5,2,3-2-4,16384,19,1870020,0.12616034449851285,1.3173324597826053e-8,1.3173324597826053e-8,0.124988417
gaussian_rectangle_d5,3,3-4-2,16384,19,1870020,0.1261603315952372,2.700489554197105e-10,2.700489554197105e-10,0.13251475
gaussian_rectangle_d5,4,4-3-2,16384,19,1870020,0.1261603429098689,1.1584680659204594e-8,1.1584680659204594e-8,0.266612292
gaussian_rectangle_d5,1,2-3-4,16384,20,1870021,0.12616031130110947,-2.002407878398671e-8,2.002407878398671e-8,0.122728667
gaussian_rectangle_d5,2,3-2-4,16384,20,1870021,0.12616033273939045,1.4142021997898269e-9,1.4142021997898269e-9,0.123203458
gaussian_rectangle_d5,3,3-4-2,16384,20,1870021,0.12616036957254775,3.824735950175295e-8,3.824735950175295e-8,0.123961667
gaussian_rectangle_d5,4,4-3-2,16384,20,1870021,0.12616037016682363,3.8841635380260087e-8,3.8841635380260087e-8,0.118505209
gaussian_rectangle_d5,1,2-3-4,16384,21,1870022,0.12616036716232687,3.583713861776694e-8,3.583713861776694e-8,0.120918708
gaussian_rectangle_d5,2,3-2-4,16384,21,1870022,0.1261603917191082,6.039391994838716e-8,6.039391994838716e-8,0.123627541
gaussian_rectangle_d5,3,3-4-2,16384,21,1870022,0.12616037411830947,4.2793121213247076e-8,4.2793121213247076e-8,0.140057834
gaussian_rectangle_d5,4,4-3-2,16384,21,1870022,0.12616038841946398,5.709427572386794e-8,5.709427572386794e-8,0.247327875
gaussian_rectangle_d5,1,2-3-4,16384,22,1870023,0.12616025133253092,-7.999265733138472e-8,7.999265733138472e-8,0.123363
gaussian_rectangle_d5,2,3-2-4,16384,22,1870023,0.12616026169237946,-6.963280879679346e-8,6.963280879679346e-8,0.123722584
gaussian_rectangle_d5,3,3-4-2,16384,22,1870023,0.1261602823220325,-4.9003155755400485e-8,4.9003155755400485e-8,0.1234865
gaussian_rectangle_d5,4,4-3-2,16384,22,1870023,0.1261602943602214,-3.696496686522721e-8,3.696496686522721e-8,0.122719333
gaussian_rectangle_d5,1,2-3-4,16384,23,1870024,0.12616032382980474,-7.495383508304698e-9,7.495383508304698e-9,0.141415875
gaussian_rectangle_d5,2,3-2-4,16384,23,1870024,0.12616033751178557,6.186597317769937e-9,6.186597317769937e-9,0.264624
gaussian_rectangle_d5,3,3-4-2,16384,23,1870024,0.12616039169951662,6.037432837002754e-8,6.037432837002754e-8,0.12143725
gaussian_rectangle_d5,4,4-3-2,16384,23,1870024,0.1261604387495219,1.0742433365074078e-7,1.0742433365074078e-7,0.123205792
gaussian_rectangle_d5,1,2-3-4,16384,24,1870025,0.1261603597478291,2.8422640852010517e-8,2.8422640852010517e-8,0.125922958
gaussian_rectangle_d5,2,3-2-4,16384,24,1870025,0.12616038623158435,5.4906396096399135e-8,5.4906396096399135e-8,0.123201292
gaussian_rectangle_d5,3,3-4-2,16384,24,1870025,0.12616034191635528,1.059116702673002e-8,1.059116702673002e-8,0.124096375
gaussian_rectangle_d5,4,4-3-2,16384,24,1870025,0.1261603682773026,3.695211434062706e-8,3.695211434062706e-8,0.122809
gaussian_rectangle_d5,1,2-3-4,16384,25,1870026,0.12616055525632874,2.239311404916844e-7,2.239311404916844e-7,0.141208042
gaussian_rectangle_d5,2,3-2-4,16384,25,1870026,0.1261605148309073,1.8350571903691382e-7,1.8350571903691382e-7,0.270583416
gaussian_rectangle_d5,3,3-4-2,16384,25,1870026,0.12616050032378437,1.6899859611729795e-7,1.6899859611729795e-7,0.118779916
gaussian_rectangle_d5,4,4-3-2,16384,25,1870026,0.12616050117376681,1.6984857856283675e-7,1.6984857856283675e-7,0.124126125
gaussian_rectangle_d5,1,2-3-4,16384,26,1870027,0.12616018860840442,-1.4271678383526165e-7,1.4271678383526165e-7,0.123968417
gaussian_rectangle_d5,2,3-2-4,16384,26,1870027,0.1261602936991308,-3.762605746415737e-8,3.762605746415737e-8,0.125651791
gaussian_rectangle_d5,3,3-4-2,16384,26,1870027,0.1261602267015592,-1.0462362903806977e-7,1.0462362903806977e-7,0.130467708
gaussian_rectangle_d5,4,4-3-2,16384,26,1870027,0.12616022089947757,-1.1042571068653473e-7,1.1042571068653473e-7,0.265732292
gaussian_rectangle_d5,1,2-3-4,16384,27,1870028,0.12616038349850706,5.2173318804138447e-8,5.2173318804138447e-8,0.125828125
gaussian_rectangle_d5,2,3-2-4,16384,27,1870028,0.12616039561802994,6.429284168940619e-8,6.429284168940619e-8,0.123471667
gaussian_rectangle_d5,3,3-4-2,16384,27,1870028,0.12616040217775132,7.085256306660348e-8,7.085256306660348e-8,0.123024958
gaussian_rectangle_d5,4,4-3-2,16384,27,1870028,0.12616038804933977,5.6724151514808696e-8,5.6724151514808696e-8,0.123804334
gaussian_rectangle_d5,1,2-3-4,16384,28,1870029,0.12616024441477353,-8.691041472608241e-8,8.691041472608241e-8,0.141531667
gaussian_rectangle_d5,2,3-2-4,16384,28,1870029,0.12616023401265322,-9.731253503009185e-8,9.731253503009185e-8,0.1240235
gaussian_rectangle_d5,3,3-4-2,16384,28,1870029,0.1261602832629998,-4.806218845132548e-8,4.806218845132548e-8,0.267068417
gaussian_rectangle_d5,4,4-3-2,16384,28,1870029,0.1261602489361304,-8.238905785384887e-8,8.238905785384887e-8,0.123796
gaussian_rectangle_d5,1,2-3-4,16384,29,1870030,0.126160258036011,-7.328917725479833e-8,7.328917725479833e-8,0.124576458
gaussian_rectangle_d5,2,3-2-4,16384,29,1870030,0.12616033258240603,1.2572177743308544e-9,1.2572177743308544e-9,0.122578875
gaussian_rectangle_d5,3,3-4-2,16384,29,1870030,0.12616033989467634,8.569488091358934e-9,8.569488091358934e-9,0.123435209
gaussian_rectangle_d5,4,4-3-2,16384,29,1870030,0.12616035441090342,2.3085715172843635e-8,2.3085715172843635e-8,0.137117125
gaussian_rectangle_d5,1,2-3-4,16384,30,1870031,0.12616022289590742,-1.0842928083176773e-7,1.0842928083176773e-7,0.268575292
gaussian_rectangle_d5,2,3-2-4,16384,30,1870031,0.12616022747772498,-1.038474632675257e-7,1.038474632675257e-7,0.12197525
gaussian_rectangle_d5,3,3-4-2,16384,30,1870031,0.126160187830652,-1.434945362532858e-7,1.434945362532858e-7,0.123537791
gaussian_rectangle_d5,4,4-3-2,16384,30,1870031,0.1261601768773741,-1.5444781414908348e-7,1.5444781414908348e-7,0.12308625
gaussian_strong_d5,1,2-3-4,256,1,2810002,0.5747168104440237,5.103545040674451e-5,5.103545040674451e-5,0.001805708
gaussian_strong_d5,2,3-2-4,256,1,2810002,0.5749277091526035,0.00026193415898656536,0.00026193415898656536,0.001583084
gaussian_strong_d5,3,3-4-2,256,1,2810002,0.5749277091526035,0.00026193415898656536,0.00026193415898656536,0.001541084
gaussian_strong_d5,4,4-3-2,256,1,2810002,0.5747168104440237,5.103545040674451e-5,5.103545040674451e-5,0.001573583
gaussian_strong_d5,1,2-3-4,256,2,2810003,0.5740778481009516,-0.0005879268926652914,0.0005879268926652914,0.001558875
gaussian_strong_d5,2,3-2-4,256,2,2810003,0.5747823498390521,0.00011657484543514673,0.00011657484543514673,0.001546708
gaussian_strong_d5,3,3-4-2,256,2,2810003,0.5747823498390521,0.00011657484543514673,0.00011657484543514673,0.0155605
gaussian_strong_d5,4,4-3-2,256,2,2810003,0.5740778481009516,-0.0005879268926652914,0.0005879268926652914,0.001645583
gaussian_strong_d5,1,2-3-4,256,3,2810004,0.5741970407264557,-0.00046873426716120825,0.00046873426716120825,0.001559917
gaussian_strong_d5,2,3-2-4,256,3,2810004,0.5747802274212945,0.00011445242767760266,0.00011445242767760266,0.001547
gaussian_strong_d5,3,3-4-2,256,3,2810004,0.5747802274212945,0.00011445242767760266,0.00011445242767760266,0.001527666
gaussian_strong_d5,4,4-3-2,256,3,2810004,0.5741970407264557,-0.00046873426716120825,0.00046873426716120825,0.001553292
gaussian_strong_d5,1,2-3-4,256,4,2810005,0.5744100421081314,-0.00025573288548552675,0.00025573288548552675,0.001560666
gaussian_strong_d5,2,3-2-4,256,4,2810005,0.5744018316500115,-0.0002639433436054661,0.0002639433436054661,0.00153825
gaussian_strong_d5,3,3-4-2,256,4,2810005,0.5744018316500115,-0.0002639433436054661,0.0002639433436054661,0.001545666
gaussian_strong_d5,4,4-3-2,256,4,2810005,0.5744100421081314,-0.00025573288548552675,0.00025573288548552675,0.001532333
gaussian_strong_d5,1,2-3-4,256,5,2810006,0.5743615548111464,-0.0003042201824705604,0.0003042201824705604,0.001540542
gaussian_strong_d5,2,3-2-4,256,5,2810006,0.5743770865251111,-0.00028868846850582663,0.00028868846850582663,0.001524917
gaussian_strong_d5,3,3-4-2,256,5,2810006,0.5743770865251111,-0.00028868846850582663,0.00028868846850582663,0.00154375
gaussian_strong_d5,4,4-3-2,256,5,2810006,0.5743615548111464,-0.0003042201824705604,0.0003042201824705604,0.00156175
gaussian_strong_d5,1,2-3-4,256,6,2810007,0.5734284824182211,-0.001237292575395843,0.001237292575395843,0.001554375
gaussian_strong_d5,2,3-2-4,256,6,2810007,0.5744585043992431,-0.00020727059437386508,0.00020727059437386508,0.001520791
gaussian_strong_d5,3,3-4-2,256,6,2810007,0.5744585043992431,-0.00020727059437386508,0.00020727059437386508,0.001519375
gaussian_strong_d5,4,4-3-2,256,6,2810007,0.5734284824182211,-0.001237292575395843,0.001237292575395843,0.001541583
gaussian_strong_d5,1,2-3-4,256,7,2810008,0.5744840056979135,-0.00018176929570346,0.00018176929570346,0.001530333
gaussian_strong_d5,2,3-2-4,256,7,2810008,0.5751543386775917,0.0004885636839747631,0.0004885636839747631,0.001563833
gaussian_strong_d5,3,3-4-2,256,7,2810008,0.5751543386775917,0.0004885636839747631,0.0004885636839747631,0.001534958
gaussian_strong_d5,4,4-3-2,256,7,2810008,0.5744840056979135,-0.00018176929570346,0.00018176929570346,0.001538833
gaussian_strong_d5,1,2-3-4,256,8,2810009,0.574885815907329,0.0002200409137120829,0.0002200409137120829,0.001541375
gaussian_strong_d5,2,3-2-4,256,8,2810009,0.5745704014326488,-9.5373560968115e-5,9.5373560968115e-5,0.00153425
gaussian_strong_d5,3,3-4-2,256,8,2810009,0.5745704014326488,-9.5373560968115e-5,9.5373560968115e-5,0.001531709
gaussian_strong_d5,4,4-3-2,256,8,2810009,0.574885815907329,0.0002200409137120829,0.0002200409137120829,0.001558125
gaussian_strong_d5,1,2-3-4,256,9,2810010,0.5745315924346456,-0.0001341825589713519,0.0001341825589713519,0.001546792
gaussian_strong_d5,2,3-2-4,256,9,2810010,0.574826093165276,0.00016031817165906848,0.00016031817165906848,0.001520625
gaussian_strong_d5,3,3-4-2,256,9,2810010,0.574826093165276,0.00016031817165906848,0.00016031817165906848,0.001528583
gaussian_strong_d5,4,4-3-2,256,9,2810010,0.5745315924346456,-0.0001341825589713519,0.0001341825589713519,0.001543333
gaussian_strong_d5,1,2-3-4,256,10,2810011,0.5751990988734383,0.0005333238798214124,0.0005333238798214124,0.001548209
gaussian_strong_d5,2,3-2-4,256,10,2810011,0.5749356226996446,0.0002698477060276705,0.0002698477060276705,0.001535292
gaussian_strong_d5,3,3-4-2,256,10,2810011,0.5749356226996446,0.0002698477060276705,0.0002698477060276705,0.001525292
gaussian_strong_d5,4,4-3-2,256,10,2810011,0.5751990988734383,0.0005333238798214124,0.0005333238798214124,0.001563083
gaussian_strong_d5,1,2-3-4,256,11,2810012,0.5746546500245824,-1.1124969034548293e-5,1.1124969034548293e-5,0.001587166
gaussian_strong_d5,2,3-2-4,256,11,2810012,0.574741097870957,7.532287734002274e-5,7.532287734002274e-5,0.001615834
gaussian_strong_d5,3,3-4-2,256,11,2810012,0.574741097870957,7.532287734002274e-5,7.532287734002274e-5,0.001586167
gaussian_strong_d5,4,4-3-2,256,11,2810012,0.5746546500245824,-1.1124969034548293e-5,1.1124969034548293e-5,0.00157125
gaussian_strong_d5,1,2-3-4,256,12,2810013,0.5752675561998356,0.0006017812062186767,0.0006017812062186767,0.001539375
gaussian_strong_d5,2,3-2-4,256,12,2810013,0.5746572949232037,-8.480070413208196e-6,8.480070413208196e-6,0.001532125
gaussian_strong_d5,3,3-4-2,256,12,2810013,0.5746572949232037,-8.480070413208196e-6,8.480070413208196e-6,0.001534542
gaussian_strong_d5,4,4-3-2,256,12,2810013,0.5752675561998356,0.0006017812062186767,0.0006017812062186767,0.001592875
gaussian_strong_d5,1,2-3-4,256,13,2810014,0.5747925985488596,0.00012682355524262778,0.00012682355524262778,0.001539792
gaussian_strong_d5,2,3-2-4,256,13,2810014,0.5750435281123039,0.00037775311868692985,0.00037775311868692985,0.001566084
gaussian_strong_d5,3,3-4-2,256,13,2810014,0.5750435281123039,0.00037775311868692985,0.00037775311868692985,0.001547417
gaussian_strong_d5,4,4-3-2,256,13,2810014,0.5747925985488596,0.00012682355524262778,0.00012682355524262778,0.001566833
gaussian_strong_d5,1,2-3-4,256,14,2810015,0.5745958659297711,-6.990906384585216e-5,6.990906384585216e-5,0.021626083
gaussian_strong_d5,2,3-2-4,256,14,2810015,0.5743097830222111,-0.0003559919714057891,0.0003559919714057891,0.001728958
gaussian_strong_d5,3,3-4-2,256,14,2810015,0.5743097830222111,-0.0003559919714057891,0.0003559919714057891,0.00155275
gaussian_strong_d5,4,4-3-2,256,14,2810015,0.5745958659297711,-6.990906384585216e-5,6.990906384585216e-5,0.001557125
gaussian_strong_d5,1,2-3-4,256,15,2810016,0.5746214724795082,-4.430251410869612e-5,4.430251410869612e-5,0.001545916
gaussian_strong_d5,2,3-2-4,256,15,2810016,0.574850664706316,0.00018488971269903232,0.00018488971269903232,0.001550541
gaussian_strong_d5,3,3-4-2,256,15,2810016,0.574850664706316,0.00018488971269903232,0.00018488971269903232,0.001538667
gaussian_strong_d5,4,4-3-2,256,15,2810016,0.5746214724795082,-4.430251410869612e-5,4.430251410869612e-5,0.001586291
gaussian_strong_d5,1,2-3-4,256,16,2810017,0.5747865954704273,0.00012082047681039043,0.00012082047681039043,0.001587334
gaussian_strong_d5,2,3-2-4,256,16,2810017,0.5742306392311423,-0.0004351357624746699,0.0004351357624746699,0.001529709
gaussian_strong_d5,3,3-4-2,256,16,2810017,0.5742306392311423,-0.0004351357624746699,0.0004351357624746699,0.00153275
gaussian_strong_d5,4,4-3-2,256,16,2810017,0.5747865954704273,0.00012082047681039043,0.00012082047681039043,0.001537667
gaussian_strong_d5,1,2-3-4,256,17,2810018,0.5741805846281209,-0.00048519036549599104,0.00048519036549599104,0.001530833
gaussian_strong_d5,2,3-2-4,256,17,2810018,0.5748345956031558,0.00016882060953882227,0.00016882060953882227,0.001537792
gaussian_strong_d5,3,3-4-2,256,17,2810018,0.5748345956031558,0.00016882060953882227,0.00016882060953882227,0.001516625
gaussian_strong_d5,4,4-3-2,256,17,2810018,0.5741805846281209,-0.00048519036549599104,0.00048519036549599104,0.001531542
gaussian_strong_d5,1,2-3-4,256,18,2810019,0.574859255376925,0.0001934803833080201,0.0001934803833080201,0.001531875
gaussian_strong_d5,2,3-2-4,256,18,2810019,0.5750234573710306,0.0003576823774136262,0.0003576823774136262,0.001531541
gaussian_strong_d5,3,3-4-2,256,18,2810019,0.5750234573710306,0.0003576823774136262,0.0003576823774136262,0.001536041
gaussian_strong_d5,4,4-3-2,256,18,2810019,0.574859255376925,0.0001934803833080201,0.0001934803833080201,0.001521125
gaussian_strong_d5,1,2-3-4,256,19,2810020,0.5748428197930286,0.00017704479941171858,0.00017704479941171858,0.001529208
gaussian_strong_d5,2,3-2-4,256,19,2810020,0.5745665295797906,-9.924541382633212e-5,9.924541382633212e-5,0.001523125
gaussian_strong_d5,3,3-4-2,256,19,2810020,0.5745665295797906,-9.924541382633212e-5,9.924541382633212e-5,0.001529542
gaussian_strong_d5,4,4-3-2,256,19,2810020,0.5748428197930286,0.00017704479941171858,0.00017704479941171858,0.001539959
gaussian_strong_d5,1,2-3-4,256,20,2810021,0.5746344555490817,-3.131944453527158e-5,3.131944453527158e-5,0.001562334
gaussian_strong_d5,2,3-2-4,256,20,2810021,0.5750307833393327,0.0003650083457157338,0.0003650083457157338,0.001532958
gaussian_strong_d5,3,3-4-2,256,20,2810021,0.5750307833393327,0.0003650083457157338,0.0003650083457157338,0.001516917
gaussian_strong_d5,4,4-3-2,256,20,2810021,0.5746344555490817,-3.131944453527158e-5,3.131944453527158e-5,0.001540208
gaussian_strong_d5,1,2-3-4,256,21,2810022,0.5747154063643182,4.9631370701241906e-5,4.9631370701241906e-5,0.001548917
gaussian_strong_d5,2,3-2-4,256,21,2810022,0.574451235127484,-0.00021453986613295672,0.00021453986613295672,0.00152725
gaussian_strong_d5,3,3-4-2,256,21,2810022,0.574451235127484,-0.00021453986613295672,0.00021453986613295672,0.001524917
gaussian_strong_d5,4,4-3-2,256,21,2810022,0.5747154063643182,4.9631370701241906e-5,4.9631370701241906e-5,0.001527583
gaussian_strong_d5,1,2-3-4,256,22,2810023,0.5745887549304677,-7.702006314924681e-5,7.702006314924681e-5,0.001552083
gaussian_strong_d5,2,3-2-4,256,22,2810023,0.5746217403220607,-4.4034671556225646e-5,4.4034671556225646e-5,0.00152675
gaussian_strong_d5,3,3-4-2,256,22,2810023,0.5746217403220607,-4.4034671556225646e-5,4.4034671556225646e-5,0.001515583
gaussian_strong_d5,4,4-3-2,256,22,2810023,0.5745887549304677,-7.702006314924681e-5,7.702006314924681e-5,0.001524167
gaussian_strong_d5,1,2-3-4,256,23,2810024,0.5744836561211067,-0.0001821188725101841,0.0001821188725101841,0.001523667
gaussian_strong_d5,2,3-2-4,256,23,2810024,0.5745920773077985,-7.369768581844127e-5,7.369768581844127e-5,0.001527833
gaussian_strong_d5,3,3-4-2,256,23,2810024,0.5745920773077985,-7.369768581844127e-5,7.369768581844127e-5,0.001529375
gaussian_strong_d5,4,4-3-2,256,23,2810024,0.5744836561211067,-0.0001821188725101841,0.0001821188725101841,0.001520917
gaussian_strong_d5,1,2-3-4,256,24,2810025,0.5749473190305796,0.0002815440369626776,0.0002815440369626776,0.001522875
gaussian_strong_d5,2,3-2-4,256,24,2810025,0.5747564960941994,9.07211005825026e-5,9.07211005825026e-5,0.001538833
gaussian_strong_d5,3,3-4-2,256,24,2810025,0.5747564960941994,9.07211005825026e-5,9.07211005825026e-5,0.001515917
gaussian_strong_d5,4,4-3-2,256,24,2810025,0.5749473190305796,0.0002815440369626776,0.0002815440369626776,0.001517625
gaussian_strong_d5,1,2-3-4,256,25,2810026,0.5743995833632651,-0.0002661916303517975,0.0002661916303517975,0.001563875
gaussian_strong_d5,2,3-2-4,256,25,2810026,0.5748527348388707,0.00018695984525374243,0.00018695984525374243,0.139905458
gaussian_strong_d5,3,3-4-2,256,25,2810026,0.5748527348388707,0.00018695984525374243,0.00018695984525374243,0.002312667
gaussian_strong_d5,4,4-3-2,256,25,2810026,0.5743995833632651,-0.0002661916303517975,0.0002661916303517975,0.0015615
gaussian_strong_d5,1,2-3-4,256,26,2810027,0.5752733145226012,0.0006075395289842911,0.0006075395289842911,0.001541708
gaussian_strong_d5,2,3-2-4,256,26,2810027,0.57533905542968,0.0006732804360630729,0.0006732804360630729,0.001519792
gaussian_strong_d5,3,3-4-2,256,26,2810027,0.57533905542968,0.0006732804360630729,0.0006732804360630729,0.001538834
gaussian_strong_d5,4,4-3-2,256,26,2810027,0.5752733145226012,0.0006075395289842911,0.0006075395289842911,0.001513167
gaussian_strong_d5,1,2-3-4,256,27,2810028,0.57445648157259,-0.00020929342102693482,0.00020929342102693482,0.001538541
gaussian_strong_d5,2,3-2-4,256,27,2810028,0.5744999593783487,-0.00016581561526818334,0.00016581561526818334,0.001520709
gaussian_strong_d5,3,3-4-2,256,27,2810028,0.5744999593783487,-0.00016581561526818334,0.00016581561526818334,0.001521459
gaussian_strong_d5,4,4-3-2,256,27,2810028,0.57445648157259,-0.00020929342102693482,0.00020929342102693482,0.001525458
gaussian_strong_d5,1,2-3-4,256,28,2810029,0.5743145599894479,-0.0003512150041690143,0.0003512150041690143,0.001522792
gaussian_strong_d5,2,3-2-4,256,28,2810029,0.5747194924214759,5.371742785897915e-5,5.371742785897915e-5,0.001513291
gaussian_strong_d5,3,3-4-2,256,28,2810029,0.5747194924214759,5.371742785897915e-5,5.371742785897915e-5,0.001514791
gaussian_strong_d5,4,4-3-2,256,28,2810029,0.5743145599894479,-0.0003512150041690143,0.0003512150041690143,0.001526167
gaussian_strong_d5,1,2-3-4,256,29,2810030,0.5747382567380563,7.248174443941213e-5,7.248174443941213e-5,0.001558
gaussian_strong_d5,2,3-2-4,256,29,2810030,0.5746460523398766,-1.9722653740283924e-5,1.9722653740283924e-5,0.00152975
gaussian_strong_d5,3,3-4-2,256,29,2810030,0.5746460523398766,-1.9722653740283924e-5,1.9722653740283924e-5,0.001508042
gaussian_strong_d5,4,4-3-2,256,29,2810030,0.5747382567380563,7.248174443941213e-5,7.248174443941213e-5,0.001525375
gaussian_strong_d5,1,2-3-4,256,30,2810031,0.5740743981049178,-0.0005913768886991466,0.0005913768886991466,0.001539083
gaussian_strong_d5,2,3-2-4,256,30,2810031,0.5740650506730961,-0.000600724320520829,0.000600724320520829,0.001536709
gaussian_strong_d5,3,3-4-2,256,30,2810031,0.5740650506730961,-0.000600724320520829,0.000600724320520829,0.00152875
gaussian_strong_d5,4,4-3-2,256,30,2810031,0.5740743981049178,-0.0005913768886991466,0.0005913768886991466,0.001520417
gaussian_strong_d5,1,2-3-4,1024,1,2830002,0.5747832217604301,0.00011744676681313404,0.00011744676681313404,0.00588875
gaussian_strong_d5,2,3-2-4,1024,1,2830002,0.5746199499438387,-4.5825049778236426e-5,4.5825049778236426e-5,0.005896042
gaussian_strong_d5,3,3-4-2,1024,1,2830002,0.5746199499438387,-4.5825049778236426e-5,4.5825049778236426e-5,0.005873875
gaussian_strong_d5,4,4-3-2,1024,1,2830002,0.5747832217604301,0.00011744676681313404,0.00011744676681313404,0.00581625
gaussian_strong_d5,1,2-3-4,1024,2,2830003,0.5746968389852057,3.1063991588808904e-5,3.1063991588808904e-5,0.005894958
gaussian_strong_d5,2,3-2-4,1024,2,2830003,0.5746389705317551,-2.6804461861873463e-5,2.6804461861873463e-5,0.0058895
gaussian_strong_d5,3,3-4-2,1024,2,2830003,0.5746389705317551,-2.6804461861873463e-5,2.6804461861873463e-5,0.005839125
gaussian_strong_d5,4,4-3-2,1024,2,2830003,0.5746968389852057,3.1063991588808904e-5,3.1063991588808904e-5,0.005920834
gaussian_strong_d5,1,2-3-4,1024,3,2830004,0.5745058342798417,-0.00015994071377523067,0.00015994071377523067,0.005895583
gaussian_strong_d5,2,3-2-4,1024,3,2830004,0.5747518028327536,8.60278391366931e-5,8.60278391366931e-5,0.00588925
gaussian_strong_d5,3,3-4-2,1024,3,2830004,0.5747518028327536,8.60278391366931e-5,8.60278391366931e-5,0.005856834
gaussian_strong_d5,4,4-3-2,1024,3,2830004,0.5745058342798417,-0.00015994071377523067,0.00015994071377523067,0.005875916
gaussian_strong_d5,1,2-3-4,1024,4,2830005,0.5748263693529385,0.0001605943593215864,0.0001605943593215864,0.005885291
gaussian_strong_d5,2,3-2-4,1024,4,2830005,0.5747943629163342,0.0001285879227173048,0.0001285879227173048,0.005972292
gaussian_strong_d5,3,3-4-2,1024,4,2830005,0.5747943629163342,0.0001285879227173048,0.0001285879227173048,0.006033125
gaussian_strong_d5,4,4-3-2,1024,4,2830005,0.5748263693529385,0.0001605943593215864,0.0001605943593215864,0.0058915
gaussian_strong_d5,1,2-3-4,1024,5,2830006,0.5748718980332725,0.00020612303965561463,0.00020612303965561463,0.005866166
gaussian_strong_d5,2,3-2-4,1024,5,2830006,0.5745893716913915,-7.640330222546954e-5,7.640330222546954e-5,0.006049333
gaussian_strong_d5,3,3-4-2,1024,5,2830006,0.5745893716913915,-7.640330222546954e-5,7.640330222546954e-5,0.005844792
gaussian_strong_d5,4,4-3-2,1024,5,2830006,0.5748718980332725,0.00020612303965561463,0.00020612303965561463,0.005845333
gaussian_strong_d5,1,2-3-4,1024,6,2830007,0.5745836957870806,-8.207920653635625e-5,8.207920653635625e-5,0.005875083
gaussian_strong_d5,2,3-2-4,1024,6,2830007,0.5746449337606137,-2.0841233003277004e-5,2.0841233003277004e-5,0.006008416
gaussian_strong_d5,3,3-4-2,1024,6,2830007,0.5746449337606137,-2.0841233003277004e-5,2.0841233003277004e-5,0.008152875
gaussian_strong_d5,4,4-3-2,1024,6,2830007,0.5745836957870806,-8.207920653635625e-5,8.207920653635625e-5,0.005893333
gaussian_strong_d5,1,2-3-4,1024,7,2830008,0.5745945839010511,-7.119109256581435e-5,7.119109256581435e-5,0.005954333
gaussian_strong_d5,2,3-2-4,1024,7,2830008,0.5745320163008538,-0.00013375869276310848,0.00013375869276310848,0.005919542
gaussian_strong_d5,3,3-4-2,1024,7,2830008,0.5745320163008538,-0.00013375869276310848,0.00013375869276310848,0.005959542
gaussian_strong_d5,4,4-3-2,1024,7,2830008,0.5745945839010511,-7.119109256581435e-5,7.119109256581435e-5,0.005898875
gaussian_strong_d5,1,2-3-4,1024,8,2830009,0.574494836079383,-0.00017093891423392016,0.00017093891423392016,0.005874709
gaussian_strong_d5,2,3-2-4,1024,8,2830009,0.5746539501932375,-1.1824800379423017e-5,1.1824800379423017e-5,0.005853
gaussian_strong_d5,3,3-4-2,1024,8,2830009,0.5746539501932375,-1.1824800379423017e-5,1.1824800379423017e-5,0.0059035
gaussian_strong_d5,4,4-3-2,1024,8,2830009,0.574494836079383,-0.00017093891423392016,0.00017093891423392016,0.005891958
gaussian_strong_d5,1,2-3-4,1024,9,2830010,0.5747937829456946,0.00012800795207768,0.00012800795207768,0.005931667
gaussian_strong_d5,2,3-2-4,1024,9,2830010,0.574763576986817,9.78019932000862e-5,9.78019932000862e-5,0.005924458
gaussian_strong_d5,3,3-4-2,1024,9,2830010,0.574763576986817,9.78019932000862e-5,9.78019932000862e-5,0.005865916
gaussian_strong_d5,4,4-3-2,1024,9,2830010,0.5747937829456946,0.00012800795207768,0.00012800795207768,0.005912708
gaussian_strong_d5,1,2-3-4,1024,10,2830011,0.5746393986715177,-2.6376322099230798e-5,2.6376322099230798e-5,0.005945042
gaussian_strong_d5,2,3-2-4,1024,10,2830011,0.5745492249202182,-0.00011655007339872459,0.00011655007339872459,0.005943333
gaussian_strong_d5,3,3-4-2,1024,10,2830011,0.5745492249202182,-0.00011655007339872459,0.00011655007339872459,0.005854917
gaussian_strong_d5,4,4-3-2,1024,10,2830011,0.5746393986715177,-2.6376322099230798e-5,2.6376322099230798e-5,0.005844458
gaussian_strong_d5,1,2-3-4,1024,11,2830012,0.5746410055201894,-2.4769473427554978e-5,2.4769473427554978e-5,0.005978583
gaussian_strong_d5,2,3-2-4,1024,11,2830012,0.57458521646536,-8.055852825694654e-5,8.055852825694654e-5,0.005896958
gaussian_strong_d5,3,3-4-2,1024,11,2830012,0.57458521646536,-8.055852825694654e-5,8.055852825694654e-5,0.005821916
gaussian_strong_d5,4,4-3-2,1024,11,2830012,0.5746410055201894,-2.4769473427554978e-5,2.4769473427554978e-5,0.005911042
gaussian_strong_d5,1,2-3-4,1024,12,2830013,0.5748799327586614,0.00021415776504452033,0.00021415776504452033,0.006006083
gaussian_strong_d5,2,3-2-4,1024,12,2830013,0.5746854695237451,1.9694530128178123e-5,1.9694530128178123e-5,0.007812042
gaussian_strong_d5,3,3-4-2,1024,12,2830013,0.5746854695237451,1.9694530128178123e-5,1.9694530128178123e-5,0.006021125
gaussian_strong_d5,4,4-3-2,1024,12,2830013,0.5748799327586614,0.00021415776504452033,0.00021415776504452033,0.005931375
gaussian_strong_d5,1,2-3-4,1024,13,2830014,0.5747418899869361,7.611499331916516e-5,7.611499331916516e-5,0.00603275
gaussian_strong_d5,2,3-2-4,1024,13,2830014,0.5747239693000901,5.819430647313606e-5,5.819430647313606e-5,0.005887042
gaussian_strong_d5,3,3-4-2,1024,13,2830014,0.5747239693000901,5.819430647313606e-5,5.819430647313606e-5,0.005937792
gaussian_strong_d5,4,4-3-2,1024,13,2830014,0.5747418899869361,7.611499331916516e-5,7.611499331916516e-5,0.005885375
gaussian_strong_d5,1,2-3-4,1024,14,2830015,0.5748439947651035,0.0001782197714865763,0.0001782197714865763,0.005884125
gaussian_strong_d5,2,3-2-4,1024,14,2830015,0.5746900440574707,2.4269063853776807e-5,2.4269063853776807e-5,0.005893625
gaussian_strong_d5,3,3-4-2,1024,14,2830015,0.5746900440574707,2.4269063853776807e-5,2.4269063853776807e-5,0.005932833
gaussian_strong_d5,4,4-3-2,1024,14,2830015,0.5748439947651035,0.0001782197714865763,0.0001782197714865763,0.005884167
gaussian_strong_d5,1,2-3-4,1024,15,2830016,0.5745741895370218,-9.158545659515571e-5,9.158545659515571e-5,0.005931584
gaussian_strong_d5,2,3-2-4,1024,15,2830016,0.5745389125094322,-0.0001268624841846977,0.0001268624841846977,0.005887292
gaussian_strong_d5,3,3-4-2,1024,15,2830016,0.5745389125094322,-0.0001268624841846977,0.0001268624841846977,0.0058785
gaussian_strong_d5,4,4-3-2,1024,15,2830016,0.5745741895370218,-9.158545659515571e-5,9.158545659515571e-5,0.005862167
gaussian_strong_d5,1,2-3-4,1024,16,2830017,0.5745821005350237,-8.367445859325251e-5,8.367445859325251e-5,0.005894125
gaussian_strong_d5,2,3-2-4,1024,16,2830017,0.574683718234301,1.794324068404851e-5,1.794324068404851e-5,0.006915417
gaussian_strong_d5,3,3-4-2,1024,16,2830017,0.574683718234301,1.794324068404851e-5,1.794324068404851e-5,0.00591875
gaussian_strong_d5,4,4-3-2,1024,16,2830017,0.5745821005350237,-8.367445859325251e-5,8.367445859325251e-5,0.005810625
gaussian_strong_d5,1,2-3-4,1024,17,2830018,0.5745475679589562,-0.00011820703466070004,0.00011820703466070004,0.005977
gaussian_strong_d5,2,3-2-4,1024,17,2830018,0.5746833945150502,1.7619521433309693e-5,1.7619521433309693e-5,0.005939917
gaussian_strong_d5,3,3-4-2,1024,17,2830018,0.5746833945150502,1.7619521433309693e-5,1.7619521433309693e-5,0.005907417
gaussian_strong_d5,4,4-3-2,1024,17,2830018,0.5745475679589562,-0.00011820703466070004,0.00011820703466070004,0.005873459
gaussian_strong_d5,1,2-3-4,1024,18,2830019,0.5747013743218841,3.559932826713297e-5,3.559932826713297e-5,0.005963667
gaussian_strong_d5,2,3-2-4,1024,18,2830019,0.5747350197853328,6.924479171588338e-5,6.924479171588338e-5,0.005879875
gaussian_strong_d5,3,3-4-2,1024,18,2830019,0.5747350197853328,6.924479171588338e-5,6.924479171588338e-5,0.005795
gaussian_strong_d5,4,4-3-2,1024,18,2830019,0.5747013743218841,3.559932826713297e-5,3.559932826713297e-5,0.005821042
gaussian_strong_d5,1,2-3-4,1024,19,2830020,0.574918782842303,0.00025300784868609316,0.00025300784868609316,0.005934417
gaussian_strong_d5,2,3-2-4,1024,19,2830020,0.5746358111681679,-2.9963825449064174e-5,2.9963825449064174e-5,0.005883584
gaussian_strong_d5,3,3-4-2,1024,19,2830020,0.5746358111681679,-2.9963825449064174e-5,2.9963825449064174e-5,0.006833541
gaussian_strong_d5,4,4-3-2,1024,19,2830020,0.574918782842303,0.00025300784868609316,0.00025300784868609316,0.005932292
gaussian_strong_d5,1,2-3-4,1024,20,2830021,0.5744692352240204,-0.00019653976959654873,0.00019653976959654873,0.005919834
gaussian_strong_d5,2,3-2-4,1024,20,2830021,0.5746798319732602,1.4056979643295442e-5,1.4056979643295442e-5,0.005907125
gaussian_strong_d5,3,3-4-2,1024,20,2830021,0.5746798319732602,1.4056979643295442e-5,1.4056979643295442e-5,0.005959792
gaussian_strong_d5,4,4-3-2,1024,20,2830021,0.5744692352240204,-0.00019653976959654873,0.00019653976959654873,0.005891875
gaussian_strong_d5,1,2-3-4,1024,21,2830022,0.5747732779582929,0.0001075029646759873,0.0001075029646759873,0.005911708
gaussian_strong_d5,2,3-2-4,1024,21,2830022,0.5746826399197299,1.6864926112969414e-5,1.6864926112969414e-5,0.005877125
gaussian_strong_d5,3,3-4-2,1024,21,2830022,0.5746826399197299,1.6864926112969414e-5,1.6864926112969414e-5,0.005877334
gaussian_strong_d5,4,4-3-2,1024,21,2830022,0.5747732779582929,0.0001075029646759873,0.0001075029646759873,0.006562333
gaussian_strong_d5,1,2-3-4,1024,22,2830023,0.5745639930383458,-0.00010178195527110745,0.00010178195527110745,0.005894292
gaussian_strong_d5,2,3-2-4,1024,22,2830023,0.5746089086638694,-5.686632974755135e-5,5.686632974755135e-5,0.005819625
gaussian_strong_d5,3,3-4-2,1024,22,2830023,0.5746089086638694,-5.686632974755135e-5,5.686632974755135e-5,0.005861417
gaussian_strong_d5,4,4-3-2,1024,22,2830023,0.5745639930383458,-0.00010178195527110745,0.00010178195527110745,0.005845166
gaussian_strong_d5,1,2-3-4,1024,23,2830024,0.574345773695231,-0.00032000129838594127,0.00032000129838594127,0.005964167
gaussian_strong_d5,2,3-2-4,1024,23,2830024,0.5745739859038572,-9.178908975970845e-5,9.178908975970845e-5,0.005891292
gaussian_strong_d5,3,3-4-2,1024,23,2830024,0.5745739859038572,-9.178908975970845e-5,9.178908975970845e-5,0.005865125
gaussian_strong_d5,4,4-3-2,1024,23,2830024,0.574345773695231,-0.00032000129838594127,0.00032000129838594127,0.006475292
gaussian_strong_d5,1,2-3-4,1024,24,2830025,0.574741762290502,7.598729688507166e-5,7.598729688507166e-5,0.00604175
gaussian_strong_d5,2,3-2-4,1024,24,2830025,0.5745492002990978,-0.0001165746945190893,0.0001165746945190893,0.005891708
gaussian_strong_d5,3,3-4-2,1024,24,2830025,0.5745492002990978,-0.0001165746945190893,0.0001165746945190893,0.005851334
gaussian_strong_d5,4,4-3-2,1024,24,2830025,0.574741762290502,7.598729688507166e-5,7.598729688507166e-5,0.005868667
gaussian_strong_d5,1,2-3-4,1024,25,2830026,0.5746495973727975,-1.6177620819401994e-5,1.6177620819401994e-5,0.006101375
gaussian_strong_d5,2,3-2-4,1024,25,2830026,0.5746675519030331,1.7769094161623755e-6,1.7769094161623755e-6,0.005847875
gaussian_strong_d5,3,3-4-2,1024,25,2830026,0.5746675519030331,1.7769094161623755e-6,1.7769094161623755e-6,0.006433625
gaussian_strong_d5,4,4-3-2,1024,25,2830026,0.5746495973727975,-1.6177620819401994e-5,1.6177620819401994e-5,0.005905333
gaussian_strong_d5,1,2-3-4,1024,26,2830027,0.5746924623685089,2.6687374891976035e-5,2.6687374891976035e-5,0.005985583
gaussian_strong_d5,2,3-2-4,1024,26,2830027,0.574799501450936,0.00013372645731901667,0.00013372645731901667,0.005819333
gaussian_strong_d5,3,3-4-2,1024,26,2830027,0.574799501450936,0.00013372645731901667,0.00013372645731901667,0.005897
gaussian_strong_d5,4,4-3-2,1024,26,2830027,0.5746924623685089,2.6687374891976035e-5,2.6687374891976035e-5,0.006442375
gaussian_strong_d5,1,2-3-4,1024,27,2830028,0.5747050176195367,3.924262591981087e-5,3.924262591981087e-5,0.00595775
gaussian_strong_d5,2,3-2-4,1024,27,2830028,0.5746588313591637,-6.943634453193681e-6,6.943634453193681e-6,0.00595225
gaussian_strong_d5,3,3-4-2,1024,27,2830028,0.5746588313591637,-6.943634453193681e-6,6.943634453193681e-6,0.005879792
gaussian_strong_d5,4,4-3-2,1024,27,2830028,0.5747050176195367,3.924262591981087e-5,3.924262591981087e-5,0.006333666
gaussian_strong_d5,1,2-3-4,1024,28,2830029,0.5744928756965735,-0.00017289929704344953,0.00017289929704344953,0.005966042
gaussian_strong_d5,2,3-2-4,1024,28,2830029,0.5746780798085022,1.2304814885233384e-5,1.2304814885233384e-5,0.005888167
gaussian_strong_d5,3,3-4-2,1024,28,2830029,0.5746780798085022,1.2304814885233384e-5,1.2304814885233384e-5,0.006254875
gaussian_strong_d5,4,4-3-2,1024,28,2830029,0.5744928756965735,-0.00017289929704344953,0.00017289929704344953,0.005881834
gaussian_strong_d5,1,2-3-4,1024,29,2830030,0.5747002417386313,3.4466745014394284e-5,3.4466745014394284e-5,0.005843917
gaussian_strong_d5,2,3-2-4,1024,29,2830030,0.5745529247064892,-0.00011285028712770817,0.00011285028712770817,0.006246084
gaussian_strong_d5,3,3-4-2,1024,29,2830030,0.5745529247064892,-0.00011285028712770817,0.00011285028712770817,0.005856083
gaussian_strong_d5,4,4-3-2,1024,29,2830030,0.5747002417386313,3.4466745014394284e-5,3.4466745014394284e-5,0.005795084
gaussian_strong_d5,1,2-3-4,1024,30,2830031,0.5747175211557736,5.174616215664063e-5,5.174616215664063e-5,0.006161208
gaussian_strong_d5,2,3-2-4,1024,30,2830031,0.5746608593634115,-4.9156302054376155e-6,4.9156302054376155e-6,0.005907292
gaussian_strong_d5,3,3-4-2,1024,30,2830031,0.5746608593634115,-4.9156302054376155e-6,4.9156302054376155e-6,0.006101666
gaussian_strong_d5,4,4-3-2,1024,30,2830031,0.5747175211557736,5.174616215664063e-5,5.174616215664063e-5,0.005874375
gaussian_strong_d5,1,2-3-4,4096,1,2850002,0.5746414090946255,-2.436589899146302e-5,2.436589899146302e-5,0.02422425
gaussian_strong_d5,2,3-2-4,4096,1,2850002,0.5746253061261191,-4.0468867497867045e-5,4.0468867497867045e-5,0.024095625
gaussian_strong_d5,3,3-4-2,4096,1,2850002,0.5746253061261191,-4.0468867497867045e-5,4.0468867497867045e-5,0.024496292
gaussian_strong_d5,4,4-3-2,4096,1,2850002,0.5746414090946255,-2.436589899146302e-5,2.436589899146302e-5,0.02407725
gaussian_strong_d5,1,2-3-4,4096,2,2850003,0.5746841464291877,1.837143557081866e-5,1.837143557081866e-5,0.024364583
gaussian_strong_d5,2,3-2-4,4096,2,2850003,0.5746826591488394,1.688415522249631e-5,1.688415522249631e-5,0.024316708
gaussian_strong_d5,3,3-4-2,4096,2,2850003,0.5746826591488394,1.688415522249631e-5,1.688415522249631e-5,0.041706375
gaussian_strong_d5,4,4-3-2,4096,2,2850003,0.5746841464291877,1.837143557081866e-5,1.837143557081866e-5,0.169672375
gaussian_strong_d5,1,2-3-4,4096,3,2850004,0.5746752145443498,9.43955073284819e-6,9.43955073284819e-6,0.024201291
gaussian_strong_d5,2,3-2-4,4096,3,2850004,0.5746872494762888,2.1474482671868245e-5,2.1474482671868245e-5,0.024162167
gaussian_strong_d5,3,3-4-2,4096,3,2850004,0.5746872494762888,2.1474482671868245e-5,2.1474482671868245e-5,0.024188125
gaussian_strong_d5,4,4-3-2,4096,3,2850004,0.5746752145443498,9.43955073284819e-6,9.43955073284819e-6,0.02378
gaussian_strong_d5,1,2-3-4,4096,4,2850005,0.5746317583899997,-3.401660361723735e-5,3.401660361723735e-5,0.024138125
gaussian_strong_d5,2,3-2-4,4096,4,2850005,0.5746706179540847,4.842960467765778e-6,4.842960467765778e-6,0.025545833
gaussian_strong_d5,3,3-4-2,4096,4,2850005,0.5746706179540847,4.842960467765778e-6,4.842960467765778e-6,0.023805542
gaussian_strong_d5,4,4-3-2,4096,4,2850005,0.5746317583899997,-3.401660361723735e-5,3.401660361723735e-5,0.023687958
gaussian_strong_d5,1,2-3-4,4096,5,2850006,0.5747057270533592,3.995205974227645e-5,3.995205974227645e-5,0.025590167
gaussian_strong_d5,2,3-2-4,4096,5,2850006,0.5746559382599413,-9.836733675605558e-6,9.836733675605558e-6,0.024955166
gaussian_strong_d5,3,3-4-2,4096,5,2850006,0.5746559382599413,-9.836733675605558e-6,9.836733675605558e-6,0.024103709
gaussian_strong_d5,4,4-3-2,4096,5,2850006,0.5747057270533592,3.995205974227645e-5,3.995205974227645e-5,0.024068209
gaussian_strong_d5,1,2-3-4,4096,6,2850007,0.5746459259771134,-1.9849016503536987e-5,1.9849016503536987e-5,0.024154208
gaussian_strong_d5,2,3-2-4,4096,6,2850007,0.5746616669185164,-4.1080751005395655e-6,4.1080751005395655e-6,0.025653833
gaussian_strong_d5,3,3-4-2,4096,6,2850007,0.5746616669185164,-4.1080751005395655e-6,4.1080751005395655e-6,0.023988958
gaussian_strong_d5,4,4-3-2,4096,6,2850007,0.5746459259771134,-1.9849016503536987e-5,1.9849016503536987e-5,0.023896833
gaussian_strong_d5,1,2-3-4,4096,7,2850008,0.5746675695995432,1.7946059263085345e-6,1.7946059263085345e-6,0.023927083
gaussian_strong_d5,2,3-2-4,4096,7,2850008,0.574657746071614,-8.02892200291172e-6,8.02892200291172e-6,0.023999166
gaussian_strong_d5,3,3-4-2,4096,7,2850008,0.574657746071614,-8.02892200291172e-6,8.02892200291172e-6,0.025134459
gaussian_strong_d5,4,4-3-2,4096,7,2850008,0.5746675695995432,1.7946059263085345e-6,1.7946059263085345e-6,0.023749875
gaussian_strong_d5,1,2-3-4,4096,8,2850009,0.5746669875243117,1.2125306947385894e-6,1.2125306947385894e-6,0.0240835
gaussian_strong_d5,2,3-2-4,4096,8,2850009,0.574666619443424,8.444498070803164e-7,8.444498070803164e-7,0.023821458
gaussian_strong_d5,3,3-4-2,4096,8,2850009,0.574666619443424,8.444498070803164e-7,8.444498070803164e-7,0.0248065
gaussian_strong_d5,4,4-3-2,4096,8,2850009,0.5746669875243117,1.2125306947385894e-6,1.2125306947385894e-6,0.023823292
gaussian_strong_d5,1,2-3-4,4096,9,2850010,0.5747250458696517,5.92708760347449e-5,5.92708760347449e-5,0.023853833
gaussian_strong_d5,2,3-2-4,4096,9,2850010,0.574656240521915,-9.534471701933e-6,9.534471701933e-6,0.024527375
gaussian_strong_d5,3,3-4-2,4096,9,2850010,0.574656240521915,-9.534471701933e-6,9.534471701933e-6,0.02369925
gaussian_strong_d5,4,4-3-2,4096,9,2850010,0.5747250458696517,5.92708760347449e-5,5.92708760347449e-5,0.024511375
gaussian_strong_d5,1,2-3-4,4096,10,2850011,0.5746190316319284,-4.674336168852822e-5,4.674336168852822e-5,0.0240335
gaussian_strong_d5,2,3-2-4,4096,10,2850011,0.5746522666769202,-1.3508316696775324e-5,1.3508316696775324e-5,0.024211958
gaussian_strong_d5,3,3-4-2,4096,10,2850011,0.5746522666769202,-1.3508316696775324e-5,1.3508316696775324e-5,0.02445
gaussian_strong_d5,4,4-3-2,4096,10,2850011,0.5746190316319284,-4.674336168852822e-5,4.674336168852822e-5,0.023659416
gaussian_strong_d5,1,2-3-4,4096,11,2850012,0.5746503330249871,-1.5441968629792413e-5,1.5441968629792413e-5,0.02415675
gaussian_strong_d5,2,3-2-4,4096,11,2850012,0.5746590049019474,-6.7700916694946045e-6,6.7700916694946045e-6,0.024559667
gaussian_strong_d5,3,3-4-2,4096,11,2850012,0.5746590049019474,-6.7700916694946045e-6,6.7700916694946045e-6,0.023743791
gaussian_strong_d5,4,4-3-2,4096,11,2850012,0.5746503330249871,-1.5441968629792413e-5,1.5441968629792413e-5,0.026019292
gaussian_strong_d5,1,2-3-4,4096,12,2850013,0.5746792707120624,1.3495718445444282e-5,1.3495718445444282e-5,0.024737666
gaussian_strong_d5,2,3-2-4,4096,12,2850013,0.5746291393709971,-3.663562261979614e-5,3.663562261979614e-5,0.024226375
gaussian_strong_d5,3,3-4-2,4096,12,2850013,0.5746291393709971,-3.663562261979614e-5,3.663562261979614e-5,0.023892583
gaussian_strong_d5,4,4-3-2,4096,12,2850013,0.5746792707120624,1.3495718445444282e-5,1.3495718445444282e-5,0.188229458
gaussian_strong_d5,1,2-3-4,4096,13,2850014,0.5747083323361845,4.255734256752852e-5,4.255734256752852e-5,0.024150583
gaussian_strong_d5,2,3-2-4,4096,13,2850014,0.574657662039537,-8.112954079875223e-6,8.112954079875223e-6,0.024038
gaussian_strong_d5,3,3-4-2,4096,13,2850014,0.574657662039537,-8.112954079875223e-6,8.112954079875223e-6,0.024226208
gaussian_strong_d5,4,4-3-2,4096,13,2850014,0.5747083323361845,4.255734256752852e-5,4.255734256752852e-5,0.023770792
gaussian_strong_d5,1,2-3-4,4096,14,2850015,0.5746621027112478,-3.67228236908268e-6,3.67228236908268e-6,0.024107166
gaussian_strong_d5,2,3-2-4,4096,14,2850015,0.5746658687444115,9.375079457196733e-8,9.375079457196733e-8,0.024237417
gaussian_strong_d5,3,3-4-2,4096,14,2850015,0.5746658687444115,9.375079457196733e-8,9.375079457196733e-8,0.025257041
gaussian_strong_d5,4,4-3-2,4096,14,2850015,0.5746621027112478,-3.67228236908268e-6,3.67228236908268e-6,0.023818
gaussian_strong_d5,1,2-3-4,4096,15,2850016,0.5746840230361183,1.8248042501389783e-5,1.8248042501389783e-5,0.023967458
gaussian_strong_d5,2,3-2-4,4096,15,2850016,0.5746486773178292,-1.709767578772503e-5,1.709767578772503e-5,0.024461709
gaussian_strong_d5,3,3-4-2,4096,15,2850016,0.5746486773178292,-1.709767578772503e-5,1.709767578772503e-5,0.023766833
gaussian_strong_d5,4,4-3-2,4096,15,2850016,0.5746840230361183,1.8248042501389783e-5,1.8248042501389783e-5,0.024241916
gaussian_strong_d5,1,2-3-4,4096,16,2850017,0.5746938812415938,2.8106247976888987e-5,2.8106247976888987e-5,0.023821583
gaussian_strong_d5,2,3-2-4,4096,16,2850017,0.5746717048467558,5.92985313885297e-6,5.92985313885297e-6,0.023827791
gaussian_strong_d5,3,3-4-2,4096,16,2850017,0.5746717048467558,5.92985313885297e-6,5.92985313885297e-6,0.025015083
gaussian_strong_d5,4,4-3-2,4096,16,2850017,0.5746938812415938,2.8106247976888987e-5,2.8106247976888987e-5,0.023947208
gaussian_strong_d5,1,2-3-4,4096,17,2850018,0.5746952001245101,2.9425130893212526e-5,2.9425130893212526e-5,0.024005
gaussian_strong_d5,2,3-2-4,4096,17,2850018,0.5746586602312593,-7.114762357596227e-6,7.114762357596227e-6,0.023966292
gaussian_strong_d5,3,3-4-2,4096,17,2850018,0.5746586602312593,-7.114762357596227e-6,7.114762357596227e-6,0.023932875
gaussian_strong_d5,4,4-3-2,4096,17,2850018,0.5746952001245101,2.9425130893212526e-5,2.9425130893212526e-5,0.024121708
gaussian_strong_d5,1,2-3-4,4096,18,2850019,0.5746048441690669,-6.093082455005394e-5,6.093082455005394e-5,0.024947333
gaussian_strong_d5,2,3-2-4,4096,18,2850019,0.5746670651251515,1.2901315346036668e-6,1.2901315346036668e-6,0.024184
gaussian_strong_d5,3,3-4-2,4096,18,2850019,0.5746670651251515,1.2901315346036668e-6,1.2901315346036668e-6,0.023932708
gaussian_strong_d5,4,4-3-2,4096,18,2850019,0.5746048441690669,-6.093082455005394e-5,6.093082455005394e-5,0.023870834
gaussian_strong_d5,1,2-3-4,4096,19,2850020,0.5746622118689769,-3.5631246400047445e-6,3.5631246400047445e-6,0.02439225
gaussian_strong_d5,2,3-2-4,4096,19,2850020,0.5746572139272493,-8.561066367596126e-6,8.561066367596126e-6,0.024056541
gaussian_strong_d5,3,3-4-2,4096,19,2850020,0.5746572139272493,-8.561066367596126e-6,8.561066367596126e-6,0.02376325
gaussian_strong_d5,4,4-3-2,4096,19,2850020,0.5746622118689769,-3.5631246400047445e-6,3.5631246400047445e-6,0.02435325
gaussian_strong_d5,1,2-3-4,4096,20,2850021,0.5746734838381429,7.708844525944336e-6,7.708844525944336e-6,0.024235958
gaussian_strong_d5,2,3-2-4,4096,20,2850021,0.5746540046511258,-1.1770342491113084e-5,1.1770342491113084e-5,0.023725833
gaussian_strong_d5,3,3-4-2,4096,20,2850021,0.5746540046511258,-1.1770342491113084e-5,1.1770342491113084e-5,0.024178542
gaussian_strong_d5,4,4-3-2,4096,20,2850021,0.5746734838381429,7.708844525944336e-6,7.708844525944336e-6,0.023816208
gaussian_strong_d5,1,2-3-4,4096,21,2850022,0.5746531848471055,-1.259014651144863e-5,1.259014651144863e-5,0.024648792
gaussian_strong_d5,2,3-2-4,4096,21,2850022,0.5746736940252063,7.919031589365133e-6,7.919031589365133e-6,0.024568958
gaussian_strong_d5,3,3-4-2,4096,21,2850022,0.5746736940252063,7.919031589365133e-6,7.919031589365133e-6,0.023787125
gaussian_strong_d5,4,4-3-2,4096,21,2850022,0.5746531848471055,-1.259014651144863e-5,1.259014651144863e-5,0.024037708
gaussian_strong_d5,1,2-3-4,4096,22,2850023,0.574653395166063,-1.2379827553976597e-5,1.2379827553976597e-5,0.024323917
gaussian_strong_d5,2,3-2-4,4096,22,2850023,0.5746827559283226,1.69809347057015e-5,1.69809347057015e-5,0.02426325
gaussian_strong_d5,3,3-4-2,4096,22,2850023,0.5746827559283226,1.69809347057015e-5,1.69809347057015e-5,0.024250625
gaussian_strong_d5,4,4-3-2,4096,22,2850023,0.574653395166063,-1.2379827553976597e-5,1.2379827553976597e-5,0.039380333
gaussian_strong_d5,1,2-3-4,4096,23,2850024,0.5746828270281602,1.705203454327453e-5,1.705203454327453e-5,0.168830958
gaussian_strong_d5,2,3-2-4,4096,23,2850024,0.5746517002955559,-1.4074698061028457e-5,1.4074698061028457e-5,0.024030917
gaussian_strong_d5,3,3-4-2,4096,23,2850024,0.5746517002955559,-1.4074698061028457e-5,1.4074698061028457e-5,0.024062875
gaussian_strong_d5,4,4-3-2,4096,23,2850024,0.5746828270281602,1.705203454327453e-5,1.705203454327453e-5,0.023818958
gaussian_strong_d5,1,2-3-4,4096,24,2850025,0.5746570008238863,-8.77416973066314e-6,8.77416973066314e-6,0.024075584
gaussian_strong_d5,2,3-2-4,4096,24,2850025,0.5746889662668938,2.3191273276879087e-5,2.3191273276879087e-5,0.023946
gaussian_strong_d5,3,3-4-2,4096,24,2850025,0.5746889662668938,2.3191273276879087e-5,2.3191273276879087e-5,0.023997833
gaussian_strong_d5,4,4-3-2,4096,24,2850025,0.5746570008238863,-8.77416973066314e-6,8.77416973066314e-6,0.025157917
gaussian_strong_d5,1,2-3-4,4096,25,2850026,0.5746646088353998,-1.166158217102975e-6,1.166158217102975e-6,0.024225958
gaussian_strong_d5,2,3-2-4,4096,25,2850026,0.5746518211201355,-1.3953873481464818e-5,1.3953873481464818e-5,0.02409125
gaussian_strong_d5,3,3-4-2,4096,25,2850026,0.5746518211201355,-1.3953873481464818e-5,1.3953873481464818e-5,0.023768584
gaussian_strong_d5,4,4-3-2,4096,25,2850026,0.5746646088353998,-1.166158217102975e-6,1.166158217102975e-6,0.024043542
gaussian_strong_d5,1,2-3-4,4096,26,2850027,0.5746066301585349,-5.9144835082070024e-5,5.9144835082070024e-5,0.023966125
gaussian_strong_d5,2,3-2-4,4096,26,2850027,0.574676398090446,1.0623096829087686e-5,1.0623096829087686e-5,0.024007166
gaussian_strong_d5,3,3-4-2,4096,26,2850027,0.574676398090446,1.0623096829087686e-5,1.0623096829087686e-5,0.023630625
gaussian_strong_d5,4,4-3-2,4096,26,2850027,0.5746066301585349,-5.9144835082070024e-5,5.9144835082070024e-5,0.024887584
gaussian_strong_d5,1,2-3-4,4096,27,2850028,0.5746577199742642,-8.055019352748438e-6,8.055019352748438e-6,0.024243333
gaussian_strong_d5,2,3-2-4,4096,27,2850028,0.5746575670717654,-8.20792185152186e-6,8.20792185152186e-6,0.023676041
gaussian_strong_d5,3,3-4-2,4096,27,2850028,0.5746575670717654,-8.20792185152186e-6,8.20792185152186e-6,0.023837542
gaussian_strong_d5,4,4-3-2,4096,27,2850028,0.5746577199742642,-8.055019352748438e-6,8.055019352748438e-6,0.024040459
gaussian_strong_d5,1,2-3-4,4096,28,2850029,0.5746782714559026,1.2496462285627175e-5,1.2496462285627175e-5,0.023813292
gaussian_strong_d5,2,3-2-4,4096,28,2850029,0.5746493620268588,-1.641296675813919e-5,1.641296675813919e-5,0.025060917
gaussian_strong_d5,3,3-4-2,4096,28,2850029,0.5746493620268588,-1.641296675813919e-5,1.641296675813919e-5,0.024055958
gaussian_strong_d5,4,4-3-2,4096,28,2850029,0.5746782714559026,1.2496462285627175e-5,1.2496462285627175e-5,0.024064709
gaussian_strong_d5,1,2-3-4,4096,29,2850030,0.574626694311533,-3.908068208391402e-5,3.908068208391402e-5,0.023877542
gaussian_strong_d5,2,3-2-4,4096,29,2850030,0.5746596197689418,-6.155224675175042e-6,6.155224675175042e-6,0.025194417
gaussian_strong_d5,3,3-4-2,4096,29,2850030,0.5746596197689418,-6.155224675175042e-6,6.155224675175042e-6,0.024069
gaussian_strong_d5,4,4-3-2,4096,29,2850030,0.574626694311533,-3.908068208391402e-5,3.908068208391402e-5,0.023639
gaussian_strong_d5,1,2-3-4,4096,30,2850031,0.574661359339319,-4.415654297984517e-6,4.415654297984517e-6,0.0241605
gaussian_strong_d5,2,3-2-4,4096,30,2850031,0.5746582789721774,-7.496021439568068e-6,7.496021439568068e-6,0.024594125
gaussian_strong_d5,3,3-4-2,4096,30,2850031,0.5746582789721774,-7.496021439568068e-6,7.496021439568068e-6,0.023980792
gaussian_strong_d5,4,4-3-2,4096,30,2850031,0.574661359339319,-4.415654297984517e-6,4.415654297984517e-6,0.024069958
gaussian_strong_d5,1,2-3-4,16384,1,2870002,0.5746737160756192,7.941082002305144e-6,7.941082002305144e-6,0.100057084
gaussian_strong_d5,2,3-2-4,16384,1,2870002,0.5746710070858565,5.232092239570996e-6,5.232092239570996e-6,0.099705125
gaussian_strong_d5,3,3-4-2,16384,1,2870002,0.5746710070858565,5.232092239570996e-6,5.232092239570996e-6,0.262787417
gaussian_strong_d5,4,4-3-2,16384,1,2870002,0.5746737160756192,7.941082002305144e-6,7.941082002305144e-6,0.100331958
gaussian_strong_d5,1,2-3-4,16384,2,2870003,0.5746678838173008,2.10882368389953e-6,2.10882368389953e-6,0.099975792
gaussian_strong_d5,2,3-2-4,16384,2,2870003,0.5746575805539863,-8.194439630626604e-6,8.194439630626604e-6,0.0986105
gaussian_strong_d5,3,3-4-2,16384,2,2870003,0.5746575805539863,-8.194439630626604e-6,8.194439630626604e-6,0.097946375
gaussian_strong_d5,4,4-3-2,16384,2,2870003,0.5746678838173008,2.10882368389953e-6,2.10882368389953e-6,0.100327875
gaussian_strong_d5,1,2-3-4,16384,3,2870004,0.5746657618289188,-1.3164698109413564e-8,1.3164698109413564e-8,0.100085416
gaussian_strong_d5,2,3-2-4,16384,3,2870004,0.5746686214080795,2.8464144625761634e-6,2.8464144625761634e-6,0.117926084
gaussian_strong_d5,3,3-4-2,16384,3,2870004,0.5746686214080795,2.8464144625761634e-6,2.8464144625761634e-6,0.246851584
gaussian_strong_d5,4,4-3-2,16384,3,2870004,0.5746657618289188,-1.3164698109413564e-8,1.3164698109413564e-8,0.098737333
gaussian_strong_d5,1,2-3-4,16384,4,2870005,0.5746594005930361,-6.374400580821948e-6,6.374400580821948e-6,0.09964025
gaussian_strong_d5,2,3-2-4,16384,4,2870005,0.5746672601739273,1.485180310401013e-6,1.485180310401013e-6,0.099351125
gaussian_strong_d5,3,3-4-2,16384,4,2870005,0.5746672601739273,1.485180310401013e-6,1.485180310401013e-6,0.099232125
gaussian_strong_d5,4,4-3-2,16384,4,2870005,0.5746594005930361,-6.374400580821948e-6,6.374400580821948e-6,0.099495542
gaussian_strong_d5,1,2-3-4,16384,5,2870006,0.5746683526131258,2.577619508836726e-6,2.577619508836726e-6,0.100270333
gaussian_strong_d5,2,3-2-4,16384,5,2870006,0.574665852529049,7.753543207478231e-8,7.753543207478231e-8,0.100358333
gaussian_strong_d5,3,3-4-2,16384,5,2870006,0.574665852529049,7.753543207478231e-8,7.753543207478231e-8,0.263926917
gaussian_strong_d5,4,4-3-2,16384,5,2870006,0.5746683526131258,2.577619508836726e-6,2.577619508836726e-6,0.098835083
gaussian_strong_d5,1,2-3-4,16384,6,2870007,0.5746626351388192,-3.1398547977179447e-6,3.1398547977179447e-6,0.098584667
gaussian_strong_d5,2,3-2-4,16384,6,2870007,0.5746702022216392,4.427228022296781e-6,4.427228022296781e-6,0.099991208
gaussian_strong_d5,3,3-4-2,16384,6,2870007,0.5746702022216392,4.427228022296781e-6,4.427228022296781e-6,0.099084333
gaussian_strong_d5,4,4-3-2,16384,6,2870007,0.5746626351388192,-3.1398547977179447e-6,3.1398547977179447e-6,0.099213041
gaussian_strong_d5,1,2-3-4,16384,7,2870008,0.5746623605247211,-3.414468895845957e-6,3.414468895845957e-6,0.100307875
gaussian_strong_d5,2,3-2-4,16384,7,2870008,0.5746591074285612,-6.667565055740177e-6,6.667565055740177e-6,0.118787666
gaussian_strong_d5,3,3-4-2,16384,7,2870008,0.5746591074285612,-6.667565055740177e-6,6.667565055740177e-6,0.247465
gaussian_strong_d5,4,4-3-2,16384,7,2870008,0.5746623605247211,-3.414468895845957e-6,3.414468895845957e-6,0.099512125
gaussian_strong_d5,1,2-3-4,16384,8,2870009,0.574661619137265,-4.155856351939491e-6,4.155856351939491e-6,0.100211209
gaussian_strong_d5,2,3-2-4,16384,8,2870009,0.5746594982846381,-6.276708978791845e-6,6.276708978791845e-6,0.10033025
gaussian_strong_d5,3,3-4-2,16384,8,2870009,0.5746594982846381,-6.276708978791845e-6,6.276708978791845e-6,0.103189583
gaussian_strong_d5,4,4-3-2,16384,8,2870009,0.574661619137265,-4.155856351939491e-6,4.155856351939491e-6,0.114083292
gaussian_strong_d5,1,2-3-4,16384,9,2870010,0.5746661996591658,4.2466554883713314e-7,4.2466554883713314e-7,0.246507042
gaussian_strong_d5,2,3-2-4,16384,9,2870010,0.5746627560651935,-3.0189284234705127e-6,3.0189284234705127e-6,0.098928584
gaussian_strong_d5,3,3-4-2,16384,9,2870010,0.5746627560651935,-3.0189284234705127e-6,3.0189284234705127e-6,0.099293125
gaussian_strong_d5,4,4-3-2,16384,9,2870010,0.5746661996591658,4.2466554883713314e-7,4.2466554883713314e-7,0.098241209
gaussian_strong_d5,1,2-3-4,16384,10,2870011,0.574669255709828,3.480716211035073e-6,3.480716211035073e-6,0.099525542
gaussian_strong_d5,2,3-2-4,16384,10,2870011,0.5746662452546883,4.7026107141689977e-7,4.7026107141689977e-7,0.09865225
gaussian_strong_d5,3,3-4-2,16384,10,2870011,0.5746662452546883,4.7026107141689977e-7,4.7026107141689977e-7,0.099825958
gaussian_strong_d5,4,4-3-2,16384,10,2870011,0.574669255709828,3.480716211035073e-6,3.480716211035073e-6,0.100245
gaussian_strong_d5,1,2-3-4,16384,11,2870012,0.5746660285396276,2.535460106312115e-7,2.535460106312115e-7,0.099145542
gaussian_strong_d5,2,3-2-4,16384,11,2870012,0.5746577430107649,-8.03198285204143e-6,8.03198285204143e-6,0.24141925
gaussian_strong_d5,3,3-4-2,16384,11,2870012,0.5746577430107649,-8.03198285204143e-6,8.03198285204143e-6,0.098826458
gaussian_strong_d5,4,4-3-2,16384,11,2870012,0.5746660285396276,2.535460106312115e-7,2.535460106312115e-7,0.100405459
gaussian_strong_d5,1,2-3-4,16384,12,2870013,0.5746597469161658,-6.028077451092351e-6,6.028077451092351e-6,0.099257458
gaussian_strong_d5,2,3-2-4,16384,12,2870013,0.574672446720803,6.671727186047249e-6,6.671727186047249e-6,0.099642916
gaussian_strong_d5,3,3-4-2,16384,12,2870013,0.574672446720803,6.671727186047249e-6,6.671727186047249e-6,0.09925225
gaussian_strong_d5,4,4-3-2,16384,12,2870013,0.5746597469161658,-6.028077451092351e-6,6.028077451092351e-6,0.105216167
gaussian_strong_d5,1,2-3-4,16384,13,2870014,0.5746730593634969,7.284369879956287e-6,7.284369879956287e-6,0.119624334
gaussian_strong_d5,2,3-2-4,16384,13,2870014,0.5746776052182054,1.1830224588504912e-5,1.1830224588504912e-5,0.245907125
gaussian_strong_d5,3,3-4-2,16384,13,2870014,0.5746776052182054,1.1830224588504912e-5,1.1830224588504912e-5,0.098413417
gaussian_strong_d5,4,4-3-2,16384,13,2870014,0.5746730593634969,7.284369879956287e-6,7.284369879956287e-6,0.09952275
gaussian_strong_d5,1,2-3-4,16384,14,2870015,0.5746735966817808,7.821688163822671e-6,7.821688163822671e-6,0.099205709
gaussian_strong_d5,2,3-2-4,16384,14,2870015,0.5746634950513688,-2.279942248106792e-6,2.279942248106792e-6,0.099579125
gaussian_strong_d5,3,3-4-2,16384,14,2870015,0.5746634950513688,-2.279942248106792e-6,2.279942248106792e-6,0.115733375
gaussian_strong_d5,4,4-3-2,16384,14,2870015,0.5746735966817808,7.821688163822671e-6,7.821688163822671e-6,0.09864775
gaussian_strong_d5,1,2-3-4,16384,15,2870016,0.5746562346814704,-9.540312146505414e-6,9.540312146505414e-6,0.2448135
gaussian_strong_d5,2,3-2-4,16384,15,2870016,0.5746603906557789,-5.3843378380324936e-6,5.3843378380324936e-6,0.099001334
gaussian_strong_d5,3,3-4-2,16384,15,2870016,0.5746603906557789,-5.3843378380324936e-6,5.3843378380324936e-6,0.097877375
gaussian_strong_d5,4,4-3-2,16384,15,2870016,0.5746562346814704,-9.540312146505414e-6,9.540312146505414e-6,0.099334292
gaussian_strong_d5,1,2-3-4,16384,16,2870017,0.5746695785355098,3.8035418928883402e-6,3.8035418928883402e-6,0.099093292
gaussian_strong_d5,2,3-2-4,16384,16,2870017,0.5746587569943743,-7.017999242631134e-6,7.017999242631134e-6,0.10004275
gaussian_strong_d5,3,3-4-2,16384,16,2870017,0.5746587569943743,-7.017999242631134e-6,7.017999242631134e-6,0.099116625
gaussian_strong_d5,4,4-3-2,16384,16,2870017,0.5746695785355098,3.8035418928883402e-6,3.8035418928883402e-6,0.117593125
gaussian_strong_d5,1,2-3-4,16384,17,2870018,0.5746543798664726,-1.1395127144320227e-5,1.1395127144320227e-5,0.248858917
gaussian_strong_d5,2,3-2-4,16384,17,2870018,0.574663769467132,-2.005526484882836e-6,2.005526484882836e-6,0.098806792
gaussian_strong_d5,3,3-4-2,16384,17,2870018,0.574663769467132,-2.005526484882836e-6,2.005526484882836e-6,0.099601541
gaussian_strong_d5,4,4-3-2,16384,17,2870018,0.5746543798664726,-1.1395127144320227e-5,1.1395127144320227e-5,0.099961084
gaussian_strong_d5,1,2-3-4,16384,18,2870019,0.5746746211259613,8.846132344419999e-6,8.846132344419999e-6,0.099747834
gaussian_strong_d5,2,3-2-4,16384,18,2870019,0.5746686680995204,2.8931059035119944e-6,2.8931059035119944e-6,0.118229333
gaussian_strong_d5,3,3-4-2,16384,18,2870019,0.5746686680995204,2.8931059035119944e-6,2.8931059035119944e-6,0.0994475
gaussian_strong_d5,4,4-3-2,16384,18,2870019,0.5746746211259613,8.846132344419999e-6,8.846132344419999e-6,0.244997167
gaussian_strong_d5,1,2-3-4,16384,19,2870020,0.5746699822171188,4.20722350191749e-6,4.20722350191749e-6,0.100763167
gaussian_strong_d5,2,3-2-4,16384,19,2870020,0.5746717235153423,5.9485217254184874e-6,5.9485217254184874e-6,0.100009541
gaussian_strong_d5,3,3-4-2,16384,19,2870020,0.5746717235153423,5.9485217254184874e-6,5.9485217254184874e-6,0.100055
gaussian_strong_d5,4,4-3-2,16384,19,2870020,0.5746699822171188,4.20722350191749e-6,4.20722350191749e-6,0.100553292
gaussian_strong_d5,1,2-3-4,16384,20,2870021,0.5746640109389595,-1.7640546574604343e-6,1.7640546574604343e-6,0.100016
gaussian_strong_d5,2,3-2-4,16384,20,2870021,0.5746650705070079,-7.044866090488711e-7,7.044866090488711e-7,0.10104375
gaussian_strong_d5,3,3-4-2,16384,20,2870021,0.5746650705070079,-7.044866090488711e-7,7.044866090488711e-7,0.11680625
gaussian_strong_d5,4,4-3-2,16384,20,2870021,0.5746640109389595,-1.7640546574604343e-6,1.7640546574604343e-6,0.246164416
gaussian_strong_d5,1,2-3-4,16384,21,2870022,0.5746604718010174,-5.303192599503959e-6,5.303192599503959e-6,0.099735291
gaussian_strong_d5,2,3-2-4,16384,21,2870022,0.5746718156612929,6.040667675955014e-6,6.040667675955014e-6,0.10038025
gaussian_strong_d5,3,3-4-2,16384,21,2870022,0.5746718156612929,6.040667675955014e-6,6.040667675955014e-6,0.100262958
gaussian_strong_d5,4,4-3-2,16384,21,2870022,0.5746604718010174,-5.303192599503959e-6,5.303192599503959e-6,0.099228125
gaussian_strong_d5,1,2-3-4,16384,22,2870023,0.5746649415552362,-8.334383807540036e-7,8.334383807540036e-7,0.11956675
gaussian_strong_d5,2,3-2-4,16384,22,2870023,0.5746641148546046,-1.6601390123716087e-6,1.6601390123716087e-6,0.099605458
gaussian_strong_d5,3,3-4-2,16384,22,2870023,0.5746641148546046,-1.6601390123716087e-6,1.6601390123716087e-6,0.243419708
gaussian_strong_d5,4,4-3-2,16384,22,2870023,0.5746649415552362,-8.334383807540036e-7,8.334383807540036e-7,0.100113
gaussian_strong_d5,1,2-3-4,16384,23,2870024,0.5746698832805355,4.108286918547144e-6,4.108286918547144e-6,0.103543125
gaussian_strong_d5,2,3-2-4,16384,23,2870024,0.5746711475805296,5.372586912688604e-6,5.372586912688604e-6,0.099086125
gaussian_strong_d5,3,3-4-2,16384,23,2870024,0.5746711475805296,5.372586912688604e-6,5.372586912688604e-6,0.098240833
gaussian_strong_d5,4,4-3-2,16384,23,2870024,0.5746698832805355,4.108286918547144e-6,4.108286918547144e-6,0.100284375
gaussian_strong_d5,1,2-3-4,16384,24,2870025,0.5746636572559398,-2.1177376771097656e-6,2.1177376771097656e-6,0.100695083
gaussian_strong_d5,2,3-2-4,16384,24,2870025,0.5746665528474748,7.778538578806504e-7,7.778538578806504e-7,0.115647708
gaussian_strong_d5,3,3-4-2,16384,24,2870025,0.5746665528474748,7.778538578806504e-7,7.778538578806504e-7,0.248368417
gaussian_strong_d5,4,4-3-2,16384,24,2870025,0.5746636572559398,-2.1177376771097656e-6,2.1177376771097656e-6,0.098388209
gaussian_strong_d5,1,2-3-4,16384,25,2870026,0.5746666541367924,8.791431754806567e-7,8.791431754806567e-7,0.099048583
gaussian_strong_d5,2,3-2-4,16384,25,2870026,0.574671113492926,5.338499309059941e-6,5.338499309059941e-6,0.099168666
gaussian_strong_d5,3,3-4-2,16384,25,2870026,0.574671113492926,5.338499309059941e-6,5.338499309059941e-6,0.098991792
gaussian_strong_d5,4,4-3-2,16384,25,2870026,0.5746666541367924,8.791431754806567e-7,8.791431754806567e-7,0.116960041
gaussian_strong_d5,1,2-3-4,16384,26,2870027,0.5746754361385893,9.66114497236159e-6,9.66114497236159e-6,0.09897375
gaussian_strong_d5,2,3-2-4,16384,26,2870027,0.5746669245121439,1.149518526921689e-6,1.149518526921689e-6,0.247951833
gaussian_strong_d5,3,3-4-2,16384,26,2870027,0.5746669245121439,1.149518526921689e-6,1.149518526921689e-6,0.098962417
gaussian_strong_d5,4,4-3-2,16384,26,2870027,0.5746754361385893,9.66114497236159e-6,9.66114497236159e-6,0.098627542
gaussian_strong_d5,1,2-3-4,16384,27,2870028,0.5746711217917239,5.346798106931061e-6,5.346798106931061e-6,0.101160875
gaussian_strong_d5,2,3-2-4,16384,27,2870028,0.5746604952776964,-5.27971592056975e-6,5.27971592056975e-6,0.10022375
gaussian_strong_d5,3,3-4-2,16384,27,2870028,0.5746604952776964,-5.27971592056975e-6,5.27971592056975e-6,0.099257958
gaussian_strong_d5,4,4-3-2,16384,27,2870028,0.5746711217917239,5.346798106931061e-6,5.346798106931061e-6,0.099434833
gaussian_strong_d5,1,2-3-4,16384,28,2870029,0.5746615107898795,-4.264203737447403e-6,4.264203737447403e-6,0.119688833
gaussian_strong_d5,2,3-2-4,16384,28,2870029,0.5746640154783299,-1.7595152870253372e-6,1.7595152870253372e-6,0.248774708
gaussian_strong_d5,3,3-4-2,16384,28,2870029,0.5746640154783299,-1.7595152870253372e-6,1.7595152870253372e-6,0.099770917
gaussian_strong_d5,4,4-3-2,16384,28,2870029,0.5746615107898795,-4.264203737447403e-6,4.264203737447403e-6,0.099698625
gaussian_strong_d5,1,2-3-4,16384,29,2870030,0.5746543197262708,-1.1455267346138776e-5,1.1455267346138776e-5,0.099781
gaussian_strong_d5,2,3-2-4,16384,29,2870030,0.5746671922167372,1.417223120303568e-6,1.417223120303568e-6,0.099966625
gaussian_strong_d5,3,3-4-2,16384,29,2870030,0.5746671922167372,1.417223120303568e-6,1.417223120303568e-6,0.120249875
gaussian_strong_d5,4,4-3-2,16384,29,2870030,0.5746543197262708,-1.1455267346138776e-5,1.1455267346138776e-5,0.101639625
gaussian_strong_d5,1,2-3-4,16384,30,2870031,0.5746663352503831,5.60256766202194e-7,5.60256766202194e-7,0.200341
gaussian_strong_d5,2,3-2-4,16384,30,2870031,0.5746572626898989,-8.51230371801126e-6,8.51230371801126e-6,0.101099667
gaussian_strong_d5,3,3-4-2,16384,30,2870031,0.5746572626898989,-8.51230371801126e-6,8.51230371801126e-6,0.098222084
gaussian_strong_d5,4,4-3-2,16384,30,2870031,0.5746663352503831,5.60256766202194e-7,5.60256766202194e-7,0.099931792
genuine_rvine_d5,1,2-3-4,256,1,3810002,0.15627527702270833,-6.020178201993076e-5,6.020178201993076e-5,0.262957542
genuine_rvine_d5,2,2-4-3,256,1,3810002,0.1564039275162169,6.844871148864451e-5,6.844871148864451e-5,0.001691667
genuine_rvine_d5,3,3-2-4,256,1,3810002,0.15646632607764988,0.00013084727292161924,0.00013084727292161924,0.001532417
genuine_rvine_d5,4,4-2-3,256,1,3810002,0.15619913057162865,-0.00013634823309960353,0.00013634823309960353,0.001519292
genuine_rvine_d5,1,2-3-4,256,2,3810003,0.15614181183928813,-0.00019366696544012574,0.00019366696544012574,0.001521375
genuine_rvine_d5,2,2-4-3,256,2,3810003,0.15621499119415552,-0.00012048761057273372,0.00012048761057273372,0.001517584
genuine_rvine_d5,3,3-2-4,256,2,3810003,0.15640960169545337,7.412289072511458e-5,7.412289072511458e-5,0.001517334
genuine_rvine_d5,4,4-2-3,256,2,3810003,0.15648117835008798,0.00014569954535972873,0.00014569954535972873,0.001508667
genuine_rvine_d5,1,2-3-4,256,3,3810004,0.15651023668453512,0.00017475787980686386,0.00017475787980686386,0.001515625
genuine_rvine_d5,2,2-4-3,256,3,3810004,0.1565263244866348,0.00019084568190655404,0.00019084568190655404,0.001526792
genuine_rvine_d5,3,3-2-4,256,3,3810004,0.15643311297938864,9.76341746603826e-5,9.76341746603826e-5,0.001518959
genuine_rvine_d5,4,4-2-3,256,3,3810004,0.1561738537001999,-0.00016162510452835677,0.00016162510452835677,0.001506083
genuine_rvine_d5,1,2-3-4,256,4,3810005,0.15623565635867498,-9.982244605327706e-5,9.982244605327706e-5,0.001513833
genuine_rvine_d5,2,2-4-3,256,4,3810005,0.15622026810249162,-0.00011521070223663443,0.00011521070223663443,0.00151075
genuine_rvine_d5,3,3-2-4,256,4,3810005,0.15624681844686192,-8.866035786633808e-5,8.866035786633808e-5,0.001513375
genuine_rvine_d5,4,4-2-3,256,4,3810005,0.15636618563671062,3.070683198236335e-5,3.070683198236335e-5,0.001504667
genuine_rvine_d5,1,2-3-4,256,5,3810006,0.15628315661817904,-5.2322186549214056e-5,5.2322186549214056e-5,0.001528459
genuine_rvine_d5,2,2-4-3,256,5,3810006,0.15639622476195364,6.074595722538323e-5,6.074595722538323e-5,0.001531333
genuine_rvine_d5,3,3-2-4,256,5,3810006,0.1564261389810267,9.066017629844048e-5,9.066017629844048e-5,0.001519375
genuine_rvine_d5,4,4-2-3,256,5,3810006,0.15635519282090868,1.9714016180422123e-5,1.9714016180422123e-5,0.001504041
genuine_rvine_d5,1,2-3-4,256,6,3810007,0.15627535611667673,-6.0122688051528206e-5,6.0122688051528206e-5,0.001512792
genuine_rvine_d5,2,2-4-3,256,6,3810007,0.15635568972847935,2.021092375109612e-5,2.021092375109612e-5,0.0015115
genuine_rvine_d5,3,3-2-4,256,6,3810007,0.15622289045737442,-0.00011258834735383694,0.00011258834735383694,0.001508875
genuine_rvine_d5,4,4-2-3,256,6,3810007,0.15615578753989817,-0.00017969126483008413,0.00017969126483008413,0.001512459
genuine_rvine_d5,1,2-3-4,256,7,3810008,0.1564587832055608,0.00012330440083255234,0.00012330440083255234,0.15704575
genuine_rvine_d5,2,2-4-3,256,7,3810008,0.15643438255451733,9.890374978907546e-5,9.890374978907546e-5,0.001633583
genuine_rvine_d5,3,3-2-4,256,7,3810008,0.1565483436876117,0.00021286488288344008,0.00021286488288344008,0.001555333
genuine_rvine_d5,4,4-2-3,256,7,3810008,0.15645457866185758,0.00011909985712932336,0.00011909985712932336,0.001522375
genuine_rvine_d5,1,2-3-4,256,8,3810009,0.15598237779356114,-0.00035310101116711734,0.00035310101116711734,0.001509625
genuine_rvine_d5,2,2-4-3,256,8,3810009,0.15606654619397642,-0.0002689326107518375,0.0002689326107518375,0.001516792
genuine_rvine_d5,3,3-2-4,256,8,3810009,0.156215779058595,-0.00011969974613326717,0.00011969974613326717,0.001511791
genuine_rvine_d5,4,4-2-3,256,8,3810009,0.1561611869294948,-0.00017429187523346212,0.00017429187523346212,0.001506208
genuine_rvine_d5,1,2-3-4,256,9,3810010,0.15610881422609577,-0.00022666457863249057,0.00022666457863249057,0.00150925
genuine_rvine_d5,2,2-4-3,256,9,3810010,0.15624351604022835,-9.196276449990881e-5,9.196276449990881e-5,0.001509208
genuine_rvine_d5,3,3-2-4,256,9,3810010,0.15627709767973488,-5.8381124993373e-5,5.8381124993373e-5,0.001529166
genuine_rvine_d5,4,4-2-3,256,9,3810010,0.1563278381088035,-7.640695924765462e-6,7.640695924765462e-6,0.001522083
genuine_rvine_d5,1,2-3-4,256,10,3810011,0.15643842935382843,0.00010295054910017254,0.00010295054910017254,0.0015285
genuine_rvine_d5,2,2-4-3,256,10,3810011,0.15644744363149826,0.00011196482677000574,0.00011196482677000574,0.001502625
genuine_rvine_d5,3,3-2-4,256,10,3810011,0.1563037608783681,-3.171792636016968e-5,3.171792636016968e-5,0.001524709
genuine_rvine_d5,4,4-2-3,256,10,3810011,0.15656956427281377,0.00023408546808550978,0.00023408546808550978,0.001542833
genuine_rvine_d5,1,2-3-4,256,11,3810012,0.15625981702535105,-7.56617793772063e-5,7.56617793772063e-5,0.001526375
genuine_rvine_d5,2,2-4-3,256,11,3810012,0.15645371174846717,0.00011823294373891624,0.00011823294373891624,0.001548792
genuine_rvine_d5,3,3-2-4,256,11,3810012,0.1563761349645265,4.065615979823023e-5,4.065615979823023e-5,0.001525584
genuine_rvine_d5,4,4-2-3,256,11,3810012,0.15620934112910925,-0.00012613767561900358,0.00012613767561900358,0.001506667
genuine_rvine_d5,1,2-3-4,256,12,3810013,0.15643982315743896,0.0001043443527107002,0.0001043443527107002,0.001504958
genuine_rvine_d5,2,2-4-3,256,12,3810013,0.15643185655993325,9.637775520499048e-5,9.637775520499048e-5,0.001499875
genuine_rvine_d5,3,3-2-4,256,12,3810013,0.15628638427095803,-4.909453377022199e-5,4.909453377022199e-5,0.001510042
genuine_rvine_d5,4,4-2-3,256,12,3810013,0.15638423482350258,4.875601877432634e-5,4.875601877432634e-5,0.001501625
genuine_rvine_d5,1,2-3-4,256,13,3810014,0.15622464812982936,-0.00011083067489889298,0.00011083067489889298,0.001499
genuine_rvine_d5,2,2-4-3,256,13,3810014,0.1561897338812857,-0.00014574492344254786,0.00014574492344254786,0.001503375
genuine_rvine_d5,3,3-2-4,256,13,3810014,0.1562501399212583,-8.533888346995422e-5,8.533888346995422e-5,0.001516666
genuine_rvine_d5,4,4-2-3,256,13,3810014,0.15629571592304164,-3.976288168661135e-5,3.976288168661135e-5,0.001518792
genuine_rvine_d5,1,2-3-4,256,14,3810015,0.15622499429705342,-0.00011048450767484064,0.00011048450767484064,0.001513291
genuine_rvine_d5,2,2-4-3,256,14,3810015,0.1561946691557252,-0.00014080964900306525,0.00014080964900306525,0.001511208
genuine_rvine_d5,3,3-2-4,256,14,3810015,0.1560858268412781,-0.0002496519634501426,0.0002496519634501426,0.00152125
genuine_rvine_d5,4,4-2-3,256,14,3810015,0.15639104969733697,5.557089260871395e-5,5.557089260871395e-5,0.001506583
genuine_rvine_d5,1,2-3-4,256,15,3810016,0.1565711357633112,0.000235656958582936,0.000235656958582936,0.001533875
genuine_rvine_d5,2,2-4-3,256,15,3810016,0.15654330753509724,0.00020782873036898075,0.00020782873036898075,0.001530667
genuine_rvine_d5,3,3-2-4,256,15,3810016,0.1565109902106872,0.0001755114059589502,0.0001755114059589502,0.001531833
genuine_rvine_d5,4,4-2-3,256,15,3810016,0.15630149178163277,-3.398702309548307e-5,3.398702309548307e-5,0.001518584
genuine_rvine_d5,1,2-3-4,256,16,3810017,0.15648474430691225,0.00014926550218399837,0.00014926550218399837,0.0015395
genuine_rvine_d5,2,2-4-3,256,16,3810017,0.15655852531765874,0.0002230465129304804,0.0002230465129304804,0.001584458
genuine_rvine_d5,3,3-2-4,256,16,3810017,0.15616408234772508,-0.00017139645700317563,0.00017139645700317563,0.001573167
genuine_rvine_d5,4,4-2-3,256,16,3810017,0.15631595436323006,-1.9524441498192102e-5,1.9524441498192102e-5,0.001552083
genuine_rvine_d5,1,2-3-4,256,17,3810018,0.1563888234382282,5.334463349995766e-5,5.334463349995766e-5,0.0015515
genuine_rvine_d5,2,2-4-3,256,17,3810018,0.1562724484998627,-6.303030486556893e-5,6.303030486556893e-5,0.001525584
genuine_rvine_d5,3,3-2-4,256,17,3810018,0.15635594731249094,2.0468507762688715e-5,2.0468507762688715e-5,0.001581041
genuine_rvine_d5,4,4-2-3,256,17,3810018,0.1563909109695474,5.5432164819152474e-5,5.5432164819152474e-5,0.001555583
genuine_rvine_d5,1,2-3-4,256,18,3810019,0.15632068835571522,-1.4790449013035722e-5,1.4790449013035722e-5,0.001512708
genuine_rvine_d5,2,2-4-3,256,18,3810019,0.15626361272316075,-7.186608156750651e-5,7.186608156750651e-5,0.001579834
genuine_rvine_d5,3,3-2-4,256,18,3810019,0.1564926584222033,0.0001571796174750506,0.0001571796174750506,0.001543125
genuine_rvine_d5,4,4-2-3,256,18,3810019,0.15649261209295867,0.0001571332882304155,0.0001571332882304155,0.001525959
genuine_rvine_d5,1,2-3-4,256,19,3810020,0.1562712543414949,-6.422446323336994e-5,6.422446323336994e-5,0.001550166
genuine_rvine_d5,2,2-4-3,256,19,3810020,0.15643248784695885,9.700904223058915e-5,9.700904223058915e-5,0.001557708
genuine_rvine_d5,3,3-2-4,256,19,3810020,0.15648694908361935,0.00015147027889109155,0.00015147027889109155,0.001526708
genuine_rvine_d5,4,4-2-3,256,19,3810020,0.15632036583988623,-1.5112964842023402e-5,1.5112964842023402e-5,0.001531792
genuine_rvine_d5,1,2-3-4,256,20,3810021,0.15614105642114096,-0.00019442238358730046,0.00019442238358730046,0.001524
genuine_rvine_d5,2,2-4-3,256,20,3810021,0.15623740472811976,-9.807407660850087e-5,9.807407660850087e-5,0.001523791
genuine_rvine_d5,3,3-2-4,256,20,3810021,0.15618391161721124,-0.00015156718751702103,0.00015156718751702103,0.001653083
genuine_rvine_d5,4,4-2-3,256,20,3810021,0.15622336032133577,-0.00011211848339248709,0.00011211848339248709,0.0015185
genuine_rvine_d5,1,2-3-4,256,21,3810022,0.1562944521298681,-4.102667486016731e-5,4.102667486016731e-5,0.001527208
genuine_rvine_d5,2,2-4-3,256,21,3810022,0.1562248039367888,-0.00011067486793944759,0.00011067486793944759,0.001524166
genuine_rvine_d5,3,3-2-4,256,21,3810022,0.15643730369886377,0.00010182489413551599,0.00010182489413551599,0.001526084
genuine_rvine_d5,4,4-2-3,256,21,3810022,0.15630755069204938,-2.7928112678876627e-5,2.7928112678876627e-5,0.001518792
genuine_rvine_d5,1,2-3-4,256,22,3810023,0.1563631178247242,2.7639019995945313e-5,2.7639019995945313e-5,0.001550917
genuine_rvine_d5,2,2-4-3,256,22,3810023,0.15633988448620448,4.405681476221668e-6,4.405681476221668e-6,0.001537209
genuine_rvine_d5,3,3-2-4,256,22,3810023,0.15632451112549473,-1.0967679233531147e-5,1.0967679233531147e-5,0.001542208
genuine_rvine_d5,4,4-2-3,256,22,3810023,0.1563590065428862,2.3527738157946843e-5,2.3527738157946843e-5,0.001520334
genuine_rvine_d5,1,2-3-4,256,23,3810024,0.156100719482818,-0.0002347593219102495,0.0002347593219102495,0.001531125
genuine_rvine_d5,2,2-4-3,256,23,3810024,0.15618181645746693,-0.00015366234726132966,0.00015366234726132966,0.001516583
genuine_rvine_d5,3,3-2-4,256,23,3810024,0.15628844731402178,-4.7031490706478385e-5,4.7031490706478385e-5,0.001542875
genuine_rvine_d5,4,4-2-3,256,23,3810024,0.15611374675206652,-0.00022173205266173834,0.00022173205266173834,0.001525959
genuine_rvine_d5,1,2-3-4,256,24,3810025,0.15626078135849844,-7.469744622981556e-5,7.469744622981556e-5,0.00153125
genuine_rvine_d5,2,2-4-3,256,24,3810025,0.1561915603726138,-0.00014391843211444821,0.00014391843211444821,0.001550166
genuine_rvine_d5,3,3-2-4,256,24,3810025,0.15622737666290104,-0.00010810214182721545,0.00010810214182721545,0.001565334
genuine_rvine_d5,4,4-2-3,256,24,3810025,0.15618529931643016,-0.00015017948829809669,0.00015017948829809669,0.001629417
genuine_rvine_d5,1,2-3-4,256,25,3810026,0.15632990203223535,-5.576772492910109e-6,5.576772492910109e-6,0.001605917
genuine_rvine_d5,2,2-4-3,256,25,3810026,0.1562971434152688,-3.833538945946513e-5,3.833538945946513e-5,0.001622916
genuine_rvine_d5,3,3-2-4,256,25,3810026,0.15633404059673237,-1.4382079958907834e-6,1.4382079958907834e-6,0.001595959
genuine_rvine_d5,4,4-2-3,256,25,3810026,0.15612712950066399,-0.00020834930406427032,0.00020834930406427032,0.001593375
genuine_rvine_d5,1,2-3-4,256,26,3810027,0.15619869799418332,-0.00013678081054493973,0.00013678081054493973,0.001531958
genuine_rvine_d5,2,2-4-3,256,26,3810027,0.15626238248771093,-7.309631701732378e-5,7.309631701732378e-5,0.001570958
genuine_rvine_d5,3,3-2-4,256,26,3810027,0.15632417639515123,-1.130240957702977e-5,1.130240957702977e-5,0.001562625
genuine_rvine_d5,4,4-2-3,256,26,3810027,0.15633739970004715,1.9208953188909472e-6,1.9208953188909472e-6,0.001561125
genuine_rvine_d5,1,2-3-4,256,27,3810028,0.15640172555174126,6.624674701299904e-5,6.624674701299904e-5,0.001567834
genuine_rvine_d5,2,2-4-3,256,27,3810028,0.15636343296891558,2.7954164187327102e-5,2.7954164187327102e-5,0.001562458
genuine_rvine_d5,3,3-2-4,256,27,3810028,0.15611146862000846,-0.00022401018471979173,0.00022401018471979173,0.001636208
genuine_rvine_d5,4,4-2-3,256,27,3810028,0.15627229711033597,-6.318169439228916e-5,6.318169439228916e-5,0.001529709
genuine_rvine_d5,1,2-3-4,256,28,3810029,0.15631686042665727,-1.8618378070989205e-5,1.8618378070989205e-5,0.001661625
genuine_rvine_d5,2,2-4-3,256,28,3810029,0.15635430228711333,1.8823482385077472e-5,1.8823482385077472e-5,0.001717917
genuine_rvine_d5,3,3-2-4,256,28,3810029,0.15629312090039146,-4.235790433679276e-5,4.235790433679276e-5,0.001670459
genuine_rvine_d5,4,4-2-3,256,28,3810029,0.15641611058205818,8.063177732992033e-5,8.063177732992033e-5,0.001568458
genuine_rvine_d5,1,2-3-4,256,29,3810030,0.1563089781762986,-2.6500628429654283e-5,2.6500628429654283e-5,0.001545875
genuine_rvine_d5,2,2-4-3,256,29,3810030,0.156358389772447,2.291096771875334e-5,2.291096771875334e-5,0.001567375
genuine_rvine_d5,3,3-2-4,256,29,3810030,0.1562067242611289,-0.00012875454359936866,0.00012875454359936866,0.0016
genuine_rvine_d5,4,4-2-3,256,29,3810030,0.15635602808282914,2.054927810088425e-5,2.054927810088425e-5,0.001561417
genuine_rvine_d5,1,2-3-4,256,30,3810031,0.15637704444335304,4.156563862478535e-5,4.156563862478535e-5,0.001594375
genuine_rvine_d5,2,2-4-3,256,30,3810031,0.15629863448620274,-3.6844318525519615e-5,3.6844318525519615e-5,0.001610834
genuine_rvine_d5,3,3-2-4,256,30,3810031,0.15640477484107596,6.92960363476991e-5,6.92960363476991e-5,0.001602333
genuine_rvine_d5,4,4-2-3,256,30,3810031,0.15640337904870802,6.790024397976269e-5,6.790024397976269e-5,0.001597666
genuine_rvine_d5,1,2-3-4,1024,1,3830002,0.15625195522162447,-8.352358310378949e-5,8.352358310378949e-5,0.005980584
genuine_rvine_d5,2,2-4-3,1024,1,3830002,0.15625228819327858,-8.319061144967943e-5,8.319061144967943e-5,0.005816708
genuine_rvine_d5,3,3-2-4,1024,1,3830002,0.15637403330384364,3.855449911538411e-5,3.855449911538411e-5,0.006003125
genuine_rvine_d5,4,4-2-3,1024,1,3830002,0.15633539242049205,-8.638423620865865e-8,8.638423620865865e-8,0.006014084
genuine_rvine_d5,1,2-3-4,1024,2,3830003,0.15632295350220685,-1.2525302521410042e-5,1.2525302521410042e-5,0.01909125
genuine_rvine_d5,2,2-4-3,1024,2,3830003,0.15632457002185304,-1.0908782875213019e-5,1.0908782875213019e-5,0.006274083
genuine_rvine_d5,3,3-2-4,1024,2,3830003,0.1562643845447126,-7.109426001566943e-5,7.109426001566943e-5,0.005856541
genuine_rvine_d5,4,4-2-3,1024,2,3830003,0.15638551222577535,5.0033421047090965e-5,5.0033421047090965e-5,0.005996625
genuine_rvine_d5,1,2-3-4,1024,3,3830004,0.1563580335381475,2.255473341924996e-5,2.255473341924996e-5,0.005729792
genuine_rvine_d5,2,2-4-3,1024,3,3830004,0.15634043883199553,4.960027267270073e-6,4.960027267270073e-6,0.00590075
genuine_rvine_d5,3,3-2-4,1024,3,3830004,0.15634873457603682,1.325577130856237e-5,1.325577130856237e-5,0.00589125
genuine_rvine_d5,4,4-2-3,1024,3,3830004,0.1563111074520798,-2.4371352648461242e-5,2.4371352648461242e-5,0.005851292
genuine_rvine_d5,1,2-3-4,1024,4,3830005,0.1563172850961098,-1.819370861846914e-5,1.819370861846914e-5,0.007148583
genuine_rvine_d5,2,2-4-3,1024,4,3830005,0.15630730968671622,-2.816911801203914e-5,2.816911801203914e-5,0.00591175
genuine_rvine_d5,3,3-2-4,1024,4,3830005,0.15635440499966768,1.8926194939428154e-5,1.8926194939428154e-5,0.005878958
genuine_rvine_d5,4,4-2-3,1024,4,3830005,0.15631070659175617,-2.4772212972090646e-5,2.4772212972090646e-5,0.006186167
genuine_rvine_d5,1,2-3-4,1024,5,3830006,0.1563720597711662,3.6580966437937956e-5,3.6580966437937956e-5,0.00582825
genuine_rvine_d5,2,2-4-3,1024,5,3830006,0.1563677421292255,3.226332449723923e-5,3.226332449723923e-5,0.005806416
genuine_rvine_d5,3,3-2-4,1024,5,3830006,0.15628061698331144,-5.486182141681284e-5,5.486182141681284e-5,0.0057855
genuine_rvine_d5,4,4-2-3,1024,5,3830006,0.156354036588006,1.8557783277750595e-5,1.8557783277750595e-5,0.005759792
genuine_rvine_d5,1,2-3-4,1024,6,3830007,0.15634951065959074,1.4031854862484039e-5,1.4031854862484039e-5,0.005764833
genuine_rvine_d5,2,2-4-3,1024,6,3830007,0.1563339568761533,-1.5219285749434874e-6,1.5219285749434874e-6,0.005812416
genuine_rvine_d5,3,3-2-4,1024,6,3830007,0.15634384666507442,8.367860346164546e-6,8.367860346164546e-6,0.005851709
genuine_rvine_d5,4,4-2-3,1024,6,3830007,0.1563247254885741,-1.0753316154160641e-5,1.0753316154160641e-5,0.005867167
genuine_rvine_d5,1,2-3-4,1024,7,3830008,0.15628389334415438,-5.158546057387747e-5,5.158546057387747e-5,0.005831708
genuine_rvine_d5,2,2-4-3,1024,7,3830008,0.15628108674002716,-5.4392064701092036e-5,5.4392064701092036e-5,0.005758625
genuine_rvine_d5,3,3-2-4,1024,7,3830008,0.15631100271645204,-2.447608827621517e-5,2.447608827621517e-5,0.00574575
genuine_rvine_d5,4,4-2-3,1024,7,3830008,0.15634035576548624,4.876960757987936e-6,4.876960757987936e-6,0.005779791
genuine_rvine_d5,1,2-3-4,1024,8,3830009,0.1563611287368285,2.5649932100246797e-5,2.5649932100246797e-5,0.005791875
genuine_rvine_d5,2,2-4-3,1024,8,3830009,0.15633814239551136,2.663590783102965e-6,2.663590783102965e-6,0.005766166
genuine_rvine_d5,3,3-2-4,1024,8,3830009,0.15621495570551694,-0.0001205230992113171,0.0001205230992113171,0.0084425
genuine_rvine_d5,4,4-2-3,1024,8,3830009,0.15636423204945624,2.8753244727980354e-5,2.8753244727980354e-5,0.005810333
genuine_rvine_d5,1,2-3-4,1024,9,3830010,0.1563105229350914,-2.49558696368557e-5,2.49558696368557e-5,0.005792958
genuine_rvine_d5,2,2-4-3,1024,9,3830010,0.15633075728919182,-4.721515536432186e-6,4.721515536432186e-6,0.005809416
genuine_rvine_d5,3,3-2-4,1024,9,3830010,0.15627996421262255,-5.551459210570431e-5,5.551459210570431e-5,0.005729042
genuine_rvine_d5,4,4-2-3,1024,9,3830010,0.15629986798374237,-3.5610820985881864e-5,3.5610820985881864e-5,0.005786125
genuine_rvine_d5,1,2-3-4,1024,10,3830011,0.15636186422372844,2.638541900018554e-5,2.638541900018554e-5,0.005807958
genuine_rvine_d5,2,2-4-3,1024,10,3830011,0.15636300621111807,2.7527406389810105e-5,2.7527406389810105e-5,0.005727167
genuine_rvine_d5,3,3-2-4,1024,10,3830011,0.15637351266717836,3.8033862450104206e-5,3.8033862450104206e-5,0.00584625
genuine_rvine_d5,4,4-2-3,1024,10,3830011,0.15635115023160295,1.5671426874697136e-5,1.5671426874697136e-5,0.005768667
genuine_rvine_d5,1,2-3-4,1024,11,3830012,0.15632071796438798,-1.4760840340272141e-5,1.4760840340272141e-5,0.0057695
genuine_rvine_d5,2,2-4-3,1024,11,3830012,0.15629387680976817,-4.160199496008876e-5,4.160199496008876e-5,0.005756125
genuine_rvine_d5,3,3-2-4,1024,11,3830012,0.15634963210848082,1.4153303752567625e-5,1.4153303752567625e-5,0.005764167
genuine_rvine_d5,4,4-2-3,1024,11,3830012,0.15639441670404539,5.893789931712967e-5,5.893789931712967e-5,0.005733833
genuine_rvine_d5,1,2-3-4,1024,12,3830013,0.15634561832865632,1.0139523928059946e-5,1.0139523928059946e-5,0.0057635
genuine_rvine_d5,2,2-4-3,1024,12,3830013,0.15638220004804865,4.672124332039118e-5,4.672124332039118e-5,0.005717209
genuine_rvine_d5,3,3-2-4,1024,12,3830013,0.15632479032940552,-1.0688475322734314e-5,1.0688475322734314e-5,0.005749833
genuine_rvine_d5,4,4-2-3,1024,12,3830013,0.15635221105845812,1.673225372986198e-5,1.673225372986198e-5,0.005835916
genuine_rvine_d5,1,2-3-4,1024,13,3830014,0.15633610753766736,6.287329391008178e-7,6.287329391008178e-7,0.005770667
genuine_rvine_d5,2,2-4-3,1024,13,3830014,0.15632464569853965,-1.0833106188601338e-5,1.0833106188601338e-5,0.007407958
genuine_rvine_d5,3,3-2-4,1024,13,3830014,0.1563818816935129,4.640288878463017e-5,4.640288878463017e-5,0.005791917
genuine_rvine_d5,4,4-2-3,1024,13,3830014,0.15634040818560574,4.929380877483069e-6,4.929380877483069e-6,0.005782708
genuine_rvine_d5,1,2-3-4,1024,14,3830015,0.1563494681495354,1.3989344807147086e-5,1.3989344807147086e-5,0.005799125
genuine_rvine_d5,2,2-4-3,1024,14,3830015,0.15634686912004309,1.1390315314829813e-5,1.1390315314829813e-5,0.005871416
genuine_rvine_d5,3,3-2-4,1024,14,3830015,0.15636742214358482,3.194333885656042e-5,3.194333885656042e-5,0.005746584
genuine_rvine_d5,4,4-2-3,1024,14,3830015,0.1563105572741425,-2.4921530585753082e-5,2.4921530585753082e-5,0.005781792
genuine_rvine_d5,1,2-3-4,1024,15,3830016,0.15634024852772713,4.769722998870796e-6,4.769722998870796e-6,0.00574225
genuine_rvine_d5,2,2-4-3,1024,15,3830016,0.15636048651554338,2.500771081512254e-5,2.500771081512254e-5,0.005733125
genuine_rvine_d5,3,3-2-4,1024,15,3830016,0.15627107744555482,-6.44013591734327e-5,6.44013591734327e-5,0.005764167
genuine_rvine_d5,4,4-2-3,1024,15,3830016,0.1563452328722021,9.754067473832784e-6,9.754067473832784e-6,0.005735541
genuine_rvine_d5,1,2-3-4,1024,16,3830017,0.1563564262290538,2.094742432554031e-5,2.094742432554031e-5,0.005808583
genuine_rvine_d5,2,2-4-3,1024,16,3830017,0.15634514976754377,9.670962815511164e-6,9.670962815511164e-6,0.005779209
genuine_rvine_d5,3,3-2-4,1024,16,3830017,0.15635285231180032,1.7373507072065975e-5,1.7373507072065975e-5,0.005727459
genuine_rvine_d5,4,4-2-3,1024,16,3830017,0.15631227896533137,-2.3199839396886857e-5,2.3199839396886857e-5,0.007291667
genuine_rvine_d5,1,2-3-4,1024,17,3830018,0.15634062158728843,5.14278256016909e-6,5.14278256016909e-6,0.005863125
genuine_rvine_d5,2,2-4-3,1024,17,3830018,0.15633791841138153,2.4396066532761385e-6,2.4396066532761385e-6,0.005821084
genuine_rvine_d5,3,3-2-4,1024,17,3830018,0.15631304260874335,-2.2436195984909535e-5,2.2436195984909535e-5,0.005799583
genuine_rvine_d5,4,4-2-3,1024,17,3830018,0.15628708184412904,-4.839696059921739e-5,4.839696059921739e-5,0.005755709
genuine_rvine_d5,1,2-3-4,1024,18,3830019,0.15634432332904807,8.844524319817637e-6,8.844524319817637e-6,0.005742458
genuine_rvine_d5,2,2-4-3,1024,18,3830019,0.15634227543911197,6.796634383715583e-6,6.796634383715583e-6,0.005759459
genuine_rvine_d5,3,3-2-4,1024,18,3830019,0.15634123081863383,5.752013905568898e-6,5.752013905568898e-6,0.005794667
genuine_rvine_d5,4,4-2-3,1024,18,3830019,0.15636367347129587,2.8194666567615823e-5,2.8194666567615823e-5,0.005758333
genuine_rvine_d5,1,2-3-4,1024,19,3830020,0.156329011767261,-6.467037467261516e-6,6.467037467261516e-6,0.005790041
genuine_rvine_d5,2,2-4-3,1024,19,3830020,0.15633917287760685,3.694072878590582e-6,3.694072878590582e-6,0.005759541
genuine_rvine_d5,3,3-2-4,1024,19,3830020,0.15632536567696198,-1.011312776627582e-5,1.011312776627582e-5,0.006821333
genuine_rvine_d5,4,4-2-3,1024,19,3830020,0.1563579438831329,2.246507840464318e-5,2.246507840464318e-5,0.005836666
genuine_rvine_d5,1,2-3-4,1024,20,3830021,0.1563386475464811,3.1687417528514228e-6,3.1687417528514228e-6,0.005736208
genuine_rvine_d5,2,2-4-3,1024,20,3830021,0.15629617457780492,-3.930422692333124e-5,3.930422692333124e-5,0.005726458
genuine_rvine_d5,3,3-2-4,1024,20,3830021,0.15637150626365395,3.602745892569703e-5,3.602745892569703e-5,0.005763333
genuine_rvine_d5,4,4-2-3,1024,20,3830021,0.1564122090195065,7.673021477824782e-5,7.673021477824782e-5,0.005872541
genuine_rvine_d5,1,2-3-4,1024,21,3830022,0.15631980603820883,-1.5672766519425618e-5,1.5672766519425618e-5,0.005760291
genuine_rvine_d5,2,2-4-3,1024,21,3830022,0.15635749532328308,2.2016518554823783e-5,2.2016518554823783e-5,0.005791125
genuine_rvine_d5,3,3-2-4,1024,21,3830022,0.1563118790600026,-2.359974472565529e-5,2.359974472565529e-5,0.005723458
genuine_rvine_d5,4,4-2-3,1024,21,3830022,0.15632692408081372,-8.55472391453338e-6,8.55472391453338e-6,0.006659083
genuine_rvine_d5,1,2-3-4,1024,22,3830023,0.15631736977685903,-1.8109027869223082e-5,1.8109027869223082e-5,0.005743084
genuine_rvine_d5,2,2-4-3,1024,22,3830023,0.15632846869354838,-7.010111179872602e-6,7.010111179872602e-6,0.005723292
genuine_rvine_d5,3,3-2-4,1024,22,3830023,0.15638918756812145,5.370876339319541e-5,5.370876339319541e-5,0.005824583
genuine_rvine_d5,4,4-2-3,1024,22,3830023,0.15632022654911087,-1.525225561738175e-5,1.525225561738175e-5,0.005722792
genuine_rvine_d5,1,2-3-4,1024,23,3830024,0.15633797587938994,2.497074661683696e-6,2.497074661683696e-6,0.005719417
genuine_rvine_d5,2,2-4-3,1024,23,3830024,0.15635085441976798,1.537561503972551e-5,1.537561503972551e-5,0.005880041
genuine_rvine_d5,3,3-2-4,1024,23,3830024,0.15637671364398667,4.123483925841387e-5,4.123483925841387e-5,0.005752791
genuine_rvine_d5,4,4-2-3,1024,23,3830024,0.15631812792109714,-1.7350883631112035e-5,1.7350883631112035e-5,0.006487875
genuine_rvine_d5,1,2-3-4,1024,24,3830025,0.1563209254548677,-1.4553349860557674e-5,1.4553349860557674e-5,0.005757166
genuine_rvine_d5,2,2-4-3,1024,24,3830025,0.15631907443231627,-1.6404372411987778e-5,1.6404372411987778e-5,0.005797542
genuine_rvine_d5,3,3-2-4,1024,24,3830025,0.15625854767898567,-7.693112574258532e-5,7.693112574258532e-5,0.005734375
genuine_rvine_d5,4,4-2-3,1024,24,3830025,0.15636537231806477,2.9893513336515243e-5,2.9893513336515243e-5,0.005783042
genuine_rvine_d5,1,2-3-4,1024,25,3830026,0.15638476211935118,4.9283314622922125e-5,4.9283314622922125e-5,0.0057535
genuine_rvine_d5,2,2-4-3,1024,25,3830026,0.15639074508326983,5.526627854157695e-5,5.526627854157695e-5,0.006324834
genuine_rvine_d5,3,3-2-4,1024,25,3830026,0.156380479386543,4.500058181475253e-5,4.500058181475253e-5,0.005762333
genuine_rvine_d5,4,4-2-3,1024,25,3830026,0.15631185846663598,-2.362033809227837e-5,2.362033809227837e-5,0.00575625
genuine_rvine_d5,1,2-3-4,1024,26,3830027,0.15639195206494944,5.647326022117927e-5,5.647326022117927e-5,0.00574025
genuine_rvine_d5,2,2-4-3,1024,26,3830027,0.15635430911122056,1.883030649230122e-5,1.883030649230122e-5,0.006218291
genuine_rvine_d5,3,3-2-4,1024,26,3830027,0.15638168567043234,4.620686570408483e-5,4.620686570408483e-5,0.005763666
genuine_rvine_d5,4,4-2-3,1024,26,3830027,0.15634542858660996,9.949781881707365e-6,9.949781881707365e-6,0.005840625
genuine_rvine_d5,1,2-3-4,1024,27,3830028,0.15634496503725442,9.486232526167981e-6,9.486232526167981e-6,0.005725708
genuine_rvine_d5,2,2-4-3,1024,27,3830028,0.15633782885206027,2.3500473320114956e-6,2.3500473320114956e-6,0.00721525
genuine_rvine_d5,3,3-2-4,1024,27,3830028,0.1563074395206243,-2.8039284103970052e-5,2.8039284103970052e-5,0.00581225
genuine_rvine_d5,4,4-2-3,1024,27,3830028,0.15631536029923104,-2.0118505497213057e-5,2.0118505497213057e-5,0.005839959
genuine_rvine_d5,1,2-3-4,1024,28,3830029,0.15631067261162532,-2.4806193102938634e-5,2.4806193102938634e-5,0.006580166
genuine_rvine_d5,2,2-4-3,1024,28,3830029,0.15633060445420202,-4.874350526234972e-6,4.874350526234972e-6,0.006275667
genuine_rvine_d5,3,3-2-4,1024,28,3830029,0.1563536664620905,1.818765736225081e-5,1.818765736225081e-5,0.005805417
genuine_rvine_d5,4,4-2-3,1024,28,3830029,0.15633715260431477,1.6737995865157007e-6,1.6737995865157007e-6,0.00575325
genuine_rvine_d5,1,2-3-4,1024,29,3830030,0.1562975438405515,-3.793496417675568e-5,3.793496417675568e-5,0.006208875
genuine_rvine_d5,2,2-4-3,1024,29,3830030,0.15632313810530238,-1.2340699425877899e-5,1.2340699425877899e-5,0.005754292
genuine_rvine_d5,3,3-2-4,1024,29,3830030,0.15635829855157624,2.2819746847979605e-5,2.2819746847979605e-5,0.005753667
genuine_rvine_d5,4,4-2-3,1024,29,3830030,0.15638696705043645,5.1488245708192215e-5,5.1488245708192215e-5,0.006107625
genuine_rvine_d5,1,2-3-4,1024,30,3830031,0.15627537147811196,-6.0107326616293255e-5,6.0107326616293255e-5,0.00573825
genuine_rvine_d5,2,2-4-3,1024,30,3830031,0.15630507432276278,-3.040448196547918e-5,3.040448196547918e-5,0.005762667
genuine_rvine_d5,3,3-2-4,1024,30,3830031,0.15634472604225647,9.247237528209329e-6,9.247237528209329e-6,0.006084917
genuine_rvine_d5,4,4-2-3,1024,30,3830031,0.15637572300119354,4.024419646528332e-5,4.024419646528332e-5,0.005760167
genuine_rvine_d5,1,2-3-4,4096,1,3850002,0.15634145331893803,5.9745142097777926e-6,5.9745142097777926e-6,0.023633916
genuine_rvine_d5,2,2-4-3,4096,1,3850002,0.1563374443183218,1.9655135935492396e-6,1.9655135935492396e-6,0.023698083
genuine_rvine_d5,3,3-2-4,4096,1,3850002,0.1563386681236978,3.1893189695320068e-6,3.1893189695320068e-6,0.023811292
genuine_rvine_d5,4,4-2-3,4096,1,3850002,0.15632088092925375,-1.459787547450353e-5,1.459787547450353e-5,0.023776
genuine_rvine_d5,1,2-3-4,4096,2,3850003,0.1563313945623159,-4.084242412355499e-6,4.084242412355499e-6,0.023897625
genuine_rvine_d5,2,2-4-3,4096,2,3850003,0.15632660254713857,-8.876257589690573e-6,8.876257589690573e-6,0.023636625
genuine_rvine_d5,3,3-2-4,4096,2,3850003,0.15631716207751986,-1.8316727208395056e-5,1.8316727208395056e-5,0.023894208
genuine_rvine_d5,4,4-2-3,4096,2,3850003,0.1563396682434366,4.189438708335214e-6,4.189438708335214e-6,0.042903542
genuine_rvine_d5,1,2-3-4,4096,3,3850004,0.1563373877965429,1.9089918146530938e-6,1.9089918146530938e-6,0.173589042
genuine_rvine_d5,2,2-4-3,4096,3,3850004,0.15633522479955894,-2.5400516931450845e-7,2.5400516931450845e-7,0.02369425
genuine_rvine_d5,3,3-2-4,4096,3,3850004,0.15633695934769118,1.4805429629227707e-6,1.4805429629227707e-6,0.023482709
genuine_rvine_d5,4,4-2-3,4096,3,3850004,0.15632789490638344,-7.58389834482065e-6,7.58389834482065e-6,0.023530125
genuine_rvine_d5,1,2-3-4,4096,4,3850005,0.1563359671912252,4.883864969384977e-7,4.883864969384977e-7,0.023559958
genuine_rvine_d5,2,2-4-3,4096,4,3850005,0.15633423283496217,-1.245969766083821e-6,1.245969766083821e-6,0.023691083
genuine_rvine_d5,3,3-2-4,4096,4,3850005,0.1563411651975949,5.686392866632861e-6,5.686392866632861e-6,0.023876084
genuine_rvine_d5,4,4-2-3,4096,4,3850005,0.1563287454084131,-6.733396315156126e-6,6.733396315156126e-6,0.025714125
genuine_rvine_d5,1,2-3-4,4096,5,3850006,0.15634535281758,9.874012851740499e-6,9.874012851740499e-6,0.023594125
genuine_rvine_d5,2,2-4-3,4096,5,3850006,0.15634836106177835,1.288225705009527e-5,1.288225705009527e-5,0.0248755
genuine_rvine_d5,3,3-2-4,4096,5,3850006,0.15633463834738323,-8.404573450249142e-7,8.404573450249142e-7,0.023634084
genuine_rvine_d5,4,4-2-3,4096,5,3850006,0.15633752175115515,2.0429464268889586e-6,2.0429464268889586e-6,0.023575166
genuine_rvine_d5,1,2-3-4,4096,6,3850007,0.15633354500923655,-1.9337954917098e-6,1.9337954917098e-6,0.023484333
genuine_rvine_d5,2,2-4-3,4096,6,3850007,0.15633773293213926,2.254127411005502e-6,2.254127411005502e-6,0.02356375
genuine_rvine_d5,3,3-2-4,4096,6,3850007,0.15633099967537983,-4.479129348422539e-6,4.479129348422539e-6,0.023771458
genuine_rvine_d5,4,4-2-3,4096,6,3850007,0.15633424071421986,-1.2380905083930749e-6,1.2380905083930749e-6,0.026631083
genuine_rvine_d5,1,2-3-4,4096,7,3850008,0.15633683960118616,1.3607964579054332e-6,1.3607964579054332e-6,0.023364125
genuine_rvine_d5,2,2-4-3,4096,7,3850008,0.1563363861348252,9.073300969442144e-7,9.073300969442144e-7,0.023431375
genuine_rvine_d5,3,3-2-4,4096,7,3850008,0.15634491252189997,9.43371717171404e-6,9.43371717171404e-6,0.023551333
genuine_rvine_d5,4,4-2-3,4096,7,3850008,0.15633722370905873,1.7449043304695877e-6,1.7449043304695877e-6,0.02376875
genuine_rvine_d5,1,2-3-4,4096,8,3850009,0.1563427385185998,7.259713871554663e-6,7.259713871554663e-6,0.02495
genuine_rvine_d5,2,2-4-3,4096,8,3850009,0.15634216997030972,6.691165581468317e-6,6.691165581468317e-6,0.023657084
genuine_rvine_d5,3,3-2-4,4096,8,3850009,0.15634674278381505,1.1263979086795217e-5,1.1263979086795217e-5,0.023582541
genuine_rvine_d5,4,4-2-3,4096,8,3850009,0.15634137123590316,5.892431174908674e-6,5.892431174908674e-6,0.023417958
genuine_rvine_d5,1,2-3-4,4096,9,3850010,0.1563290296098028,-6.44919492545637e-6,6.44919492545637e-6,0.024758417
genuine_rvine_d5,2,2-4-3,4096,9,3850010,0.15632904650601245,-6.432298715802753e-6,6.432298715802753e-6,0.023647833
genuine_rvine_d5,3,3-2-4,4096,9,3850010,0.15633584240075285,3.635960245940151e-7,3.635960245940151e-7,0.023546334
genuine_rvine_d5,4,4-2-3,4096,9,3850010,0.1563348564650394,-6.223396888660471e-7,6.223396888660471e-7,0.024892041
genuine_rvine_d5,1,2-3-4,4096,10,3850011,0.1563418166682597,6.33786353143595e-6,6.33786353143595e-6,0.023504291
genuine_rvine_d5,2,2-4-3,4096,10,3850011,0.1563366670346189,1.1882298906473743e-6,1.1882298906473743e-6,0.023564
genuine_rvine_d5,3,3-2-4,4096,10,3850011,0.15633860765138582,3.128846657568518e-6,3.128846657568518e-6,0.024035
genuine_rvine_d5,4,4-2-3,4096,10,3850011,0.15633219781537444,-3.280989353815489e-6,3.280989353815489e-6,0.023571
genuine_rvine_d5,1,2-3-4,4096,11,3850012,0.1563358722220995,3.9341737123610443e-7,3.9341737123610443e-7,0.02396875
genuine_rvine_d5,2,2-4-3,4096,11,3850012,0.1563314067448809,-4.072059847343157e-6,4.072059847343157e-6,0.023841417
genuine_rvine_d5,3,3-2-4,4096,11,3850012,0.15633023745662186,-5.241348106393984e-6,5.241348106393984e-6,0.024212667
genuine_rvine_d5,4,4-2-3,4096,11,3850012,0.15632349803825243,-1.1980766475822024e-5,1.1980766475822024e-5,0.023881583
genuine_rvine_d5,1,2-3-4,4096,12,3850013,0.15634266714566109,7.1883409328288295e-6,7.1883409328288295e-6,0.023645208
genuine_rvine_d5,2,2-4-3,4096,12,3850013,0.15633894254123548,3.4637365072254234e-6,3.4637365072254234e-6,0.024006542
genuine_rvine_d5,3,3-2-4,4096,12,3850013,0.1563233012987376,-1.2177505990668136e-5,1.2177505990668136e-5,0.0238465
genuine_rvine_d5,4,4-2-3,4096,12,3850013,0.1563284613807283,-7.017423999944317e-6,7.017423999944317e-6,0.024201917
genuine_rvine_d5,1,2-3-4,4096,13,3850014,0.15632709060996489,-8.38819476337016e-6,8.38819476337016e-6,0.023542375
genuine_rvine_d5,2,2-4-3,4096,13,3850014,0.15632672819004356,-8.750614684693847e-6,8.750614684693847e-6,0.023887208
genuine_rvine_d5,3,3-2-4,4096,13,3850014,0.15633476837575863,-7.10428969624699e-7,7.10428969624699e-7,0.202036625
genuine_rvine_d5,4,4-2-3,4096,13,3850014,0.15632656918299312,-8.909621735136986e-6,8.909621735136986e-6,0.023763792
genuine_rvine_d5,1,2-3-4,4096,14,3850015,0.1563434272508585,7.948446130251474e-6,7.948446130251474e-6,0.023475666
genuine_rvine_d5,2,2-4-3,4096,14,3850015,0.15633887459705084,3.3957923225858e-6,3.3957923225858e-6,0.023506417
genuine_rvine_d5,3,3-2-4,4096,14,3850015,0.15633965788136595,4.1790766376892385e-6,4.1790766376892385e-6,0.023508709
genuine_rvine_d5,4,4-2-3,4096,14,3850015,0.15633212116811387,-3.3576366143817094e-6,3.3576366143817094e-6,0.023479667
genuine_rvine_d5,1,2-3-4,4096,15,3850016,0.15633029838736756,-5.180417360695078e-6,5.180417360695078e-6,0.023194083
genuine_rvine_d5,2,2-4-3,4096,15,3850016,0.1563289218609674,-6.556943760865908e-6,6.556943760865908e-6,0.030270792
genuine_rvine_d5,3,3-2-4,4096,15,3850016,0.15633426603962033,-1.2127651079218982e-6,1.2127651079218982e-6,0.023570916
genuine_rvine_d5,4,4-2-3,4096,15,3850016,0.15633721807838738,1.7392736591237412e-6,1.7392736591237412e-6,0.02354325
genuine_rvine_d5,1,2-3-4,4096,16,3850017,0.15633612904738475,6.502426564969355e-7,6.502426564969355e-7,0.023461292
genuine_rvine_d5,2,2-4-3,4096,16,3850017,0.15633314527570172,-2.3335290265380504e-6,2.3335290265380504e-6,0.023677208
genuine_rvine_d5,3,3-2-4,4096,16,3850017,0.1563374044151003,1.9256103720444173e-6,1.9256103720444173e-6,0.023474708
genuine_rvine_d5,4,4-2-3,4096,16,3850017,0.15633652729238606,1.0484876578065183e-6,1.0484876578065183e-6,0.023672916
genuine_rvine_d5,1,2-3-4,4096,17,3850018,0.15633113006778115,-4.348736947101806e-6,4.348736947101806e-6,0.023558958
genuine_rvine_d5,2,2-4-3,4096,17,3850018,0.15633175249619966,-3.726308528601008e-6,3.726308528601008e-6,0.025219291
genuine_rvine_d5,3,3-2-4,4096,17,3850018,0.15632912034742297,-6.358457305288834e-6,6.358457305288834e-6,0.023525375
genuine_rvine_d5,4,4-2-3,4096,17,3850018,0.15633356157806053,-1.9172266677303096e-6,1.9172266677303096e-6,0.023380625
genuine_rvine_d5,1,2-3-4,4096,18,3850019,0.1563304578631895,-5.020941538758095e-6,5.020941538758095e-6,0.023497917
genuine_rvine_d5,2,2-4-3,4096,18,3850019,0.15633325250317665,-2.2263015516110762e-6,2.2263015516110762e-6,0.023697084
genuine_rvine_d5,3,3-2-4,4096,18,3850019,0.15633290310851397,-2.575696214285328e-6,2.575696214285328e-6,0.023597625
genuine_rvine_d5,4,4-2-3,4096,18,3850019,0.15634104152145267,5.56271672441655e-6,5.56271672441655e-6,0.02382925
genuine_rvine_d5,1,2-3-4,4096,19,3850020,0.15634118455697824,5.705752249979268e-6,5.705752249979268e-6,0.02521625
genuine_rvine_d5,2,2-4-3,4096,19,3850020,0.1563379134931773,2.4346884490433762e-6,2.4346884490433762e-6,0.023729125
genuine_rvine_d5,3,3-2-4,4096,19,3850020,0.15633061907794674,-4.859726781519802e-6,4.859726781519802e-6,0.023412541
genuine_rvine_d5,4,4-2-3,4096,19,3850020,0.15633930556784126,3.826763113001785e-6,3.826763113001785e-6,0.023524167
genuine_rvine_d5,1,2-3-4,4096,20,3850021,0.1563230623676528,-1.2416437075446485e-5,1.2416437075446485e-5,0.024659792
genuine_rvine_d5,2,2-4-3,4096,20,3850021,0.15632739279841384,-8.086006314411698e-6,8.086006314411698e-6,0.023760542
genuine_rvine_d5,3,3-2-4,4096,20,3850021,0.15633200447708764,-3.4743276406123957e-6,3.4743276406123957e-6,0.023279333
genuine_rvine_d5,4,4-2-3,4096,20,3850021,0.15634083774747884,5.358942750582907e-6,5.358942750582907e-6,0.024305167
genuine_rvine_d5,1,2-3-4,4096,21,3850022,0.15632527683627337,-1.0201968454887078e-5,1.0201968454887078e-5,0.023595333
genuine_rvine_d5,2,2-4-3,4096,21,3850022,0.15633323534450946,-2.2434602187926256e-6,2.2434602187926256e-6,0.023195958
genuine_rvine_d5,3,3-2-4,4096,21,3850022,0.15632323186800032,-1.2246936727938751e-5,1.2246936727938751e-5,0.024268958
genuine_rvine_d5,4,4-2-3,4096,21,3850022,0.1563286556815663,-6.8231231619697574e-6,6.8231231619697574e-6,0.023615125
genuine_rvine_d5,1,2-3-4,4096,22,3850023,0.1563361003244923,6.215197640435655e-7,6.215197640435655e-7,0.024336958
genuine_rvine_d5,2,2-4-3,4096,22,3850023,0.15633862293809855,3.1441333702975083e-6,3.1441333702975083e-6,0.024111083
genuine_rvine_d5,3,3-2-4,4096,22,3850023,0.1563350879784032,-3.908263250529398e-7,3.908263250529398e-7,0.024286709
genuine_rvine_d5,4,4-2-3,4096,22,3850023,0.15633514669471735,-3.3211001090882597e-7,3.3211001090882597e-7,0.023630459
genuine_rvine_d5,1,2-3-4,4096,23,3850024,0.15633442937736772,-1.0494273605388127e-6,1.0494273605388127e-6,0.023857083
genuine_rvine_d5,2,2-4-3,4096,23,3850024,0.15633996169434494,4.48288961668597e-6,4.48288961668597e-6,0.023953917
genuine_rvine_d5,3,3-2-4,4096,23,3850024,0.1563390681095903,3.5893048620505574e-6,3.5893048620505574e-6,0.02369175
genuine_rvine_d5,4,4-2-3,4096,23,3850024,0.156330571416053,-4.907388675257085e-6,4.907388675257085e-6,0.023898
genuine_rvine_d5,1,2-3-4,4096,24,3850025,0.15633459163572613,-8.871690021228229e-7,8.871690021228229e-7,0.023712959
genuine_rvine_d5,2,2-4-3,4096,24,3850025,0.15633812543763237,2.6466329041130443e-6,2.6466329041130443e-6,0.024224334
genuine_rvine_d5,3,3-2-4,4096,24,3850025,0.15633136927927224,-4.109525456014174e-6,4.109525456014174e-6,0.023416334
genuine_rvine_d5,4,4-2-3,4096,24,3850025,0.1563317784096121,-3.7003951161573845e-6,3.7003951161573845e-6,0.023679667
genuine_rvine_d5,1,2-3-4,4096,25,3850026,0.15633137640262407,-4.102402104189107e-6,4.102402104189107e-6,0.023687125
genuine_rvine_d5,2,2-4-3,4096,25,3850026,0.15633022048327047,-5.258321457785042e-6,5.258321457785042e-6,0.189682792
genuine_rvine_d5,3,3-2-4,4096,25,3850026,0.1563255130460883,-9.965758639957079e-6,9.965758639957079e-6,0.023914792
genuine_rvine_d5,4,4-2-3,4096,25,3850026,0.1563284440364161,-7.034768312152995e-6,7.034768312152995e-6,0.023381084
genuine_rvine_d5,1,2-3-4,4096,26,3850027,0.1563346471679532,-8.316367750560438e-7,8.316367750560438e-7,0.023294208
genuine_rvine_d5,2,2-4-3,4096,26,3850027,0.15634952242042557,1.4043615697317824e-5,1.4043615697317824e-5,0.023526625
genuine_rvine_d5,3,3-2-4,4096,26,3850027,0.15635053175776858,1.505295304032872e-5,1.505295304032872e-5,0.023488625
genuine_rvine_d5,4,4-2-3,4096,26,3850027,0.1563328889598075,-2.589844920769524e-6,2.589844920769524e-6,0.023518083
genuine_rvine_d5,1,2-3-4,4096,27,3850028,0.15634210381700928,6.625012281019638e-6,6.625012281019638e-6,0.025527708
genuine_rvine_d5,2,2-4-3,4096,27,3850028,0.1563395497272608,4.0709225325452625e-6,4.0709225325452625e-6,0.023744167
genuine_rvine_d5,3,3-2-4,4096,27,3850028,0.1563270040240187,-8.47478070956087e-6,8.47478070956087e-6,0.023449667
genuine_rvine_d5,4,4-2-3,4096,27,3850028,0.1563371614023579,1.6825976296430678e-6,1.6825976296430678e-6,0.023349708
genuine_rvine_d5,1,2-3-4,4096,28,3850029,0.1563321205961012,-3.358208627068926e-6,3.358208627068926e-6,0.023350208
genuine_rvine_d5,2,2-4-3,4096,28,3850029,0.1563280447038809,-7.434100847358849e-6,7.434100847358849e-6,0.023219334
genuine_rvine_d5,3,3-2-4,4096,28,3850029,0.15631818623798155,-1.7292566746707205e-5,1.7292566746707205e-5,0.023709
genuine_rvine_d5,4,4-2-3,4096,28,3850029,0.15633754190431493,2.0630995866688373e-6,2.0630995866688373e-6,0.023412209
genuine_rvine_d5,1,2-3-4,4096,29,3850030,0.15634217621220725,6.697407478994943e-6,6.697407478994943e-6,0.0252725
genuine_rvine_d5,2,2-4-3,4096,29,3850030,0.1563344279145783,-1.0508901499561851e-6,1.0508901499561851e-6,0.023268167
genuine_rvine_d5,3,3-2-4,4096,29,3850030,0.15632499872010847,-1.0480084619790553e-5,1.0480084619790553e-5,0.023364708
genuine_rvine_d5,4,4-2-3,4096,29,3850030,0.15635174388111767,1.6265076389410105e-5,1.6265076389410105e-5,0.024090667
genuine_rvine_d5,1,2-3-4,4096,30,3850031,0.15632919045409208,-6.28835063617994e-6,6.28835063617994e-6,0.023377917
genuine_rvine_d5,2,2-4-3,4096,30,3850031,0.15633358992271723,-1.888882011025217e-6,1.888882011025217e-6,0.023556208
genuine_rvine_d5,3,3-2-4,4096,30,3850031,0.15633493654016437,-5.422645638908374e-7,5.422645638908374e-7,0.023474458
genuine_rvine_d5,4,4-2-3,4096,30,3850031,0.15633433382851922,-1.1449762090387505e-6,1.1449762090387505e-6,0.025263042
genuine_rvine_d5,1,2-3-4,16384,1,3870002,0.15633403307204663,-1.4457326816263993e-6,1.4457326816263993e-6,0.097609917
genuine_rvine_d5,2,2-4-3,16384,1,3870002,0.15633510033438244,-3.784703458131755e-7,3.784703458131755e-7,0.09812475
genuine_rvine_d5,3,3-2-4,16384,1,3870002,0.15633701364644625,1.5348417179983365e-6,1.5348417179983365e-6,0.098764125
genuine_rvine_d5,4,4-2-3,16384,1,3870002,0.1563370685183696,1.589713641336754e-6,1.589713641336754e-6,0.097378
genuine_rvine_d5,1,2-3-4,16384,2,3870003,0.15633694702298254,1.4682182542802291e-6,1.4682182542802291e-6,0.264753292
genuine_rvine_d5,2,2-4-3,16384,2,3870003,0.15633555001592497,7.121119671715803e-8,7.121119671715803e-8,0.096804833
genuine_rvine_d5,3,3-2-4,16384,2,3870003,0.1563356748639809,1.9605925263843638e-7,1.9605925263843638e-7,0.099465791
genuine_rvine_d5,4,4-2-3,16384,2,3870003,0.15633396072687464,-1.5180778536183492e-6,1.5180778536183492e-6,0.099448875
genuine_rvine_d5,1,2-3-4,16384,3,3870004,0.15633527401793493,-2.0478679332858185e-7,2.0478679332858185e-7,0.100137833
genuine_rvine_d5,2,2-4-3,16384,3,3870004,0.15633490170808326,-5.770966449991644e-7,5.770966449991644e-7,0.094781875
genuine_rvine_d5,3,3-2-4,16384,3,3870004,0.15633774311819343,2.2643134651723074e-6,2.2643134651723074e-6,0.111756416
genuine_rvine_d5,4,4-2-3,16384,3,3870004,0.1563366036307722,1.1248260439467028e-6,1.1248260439467028e-6,0.245350958
genuine_rvine_d5,1,2-3-4,16384,4,3870005,0.1563373153287754,1.8365240471440725e-6,1.8365240471440725e-6,0.095818666
genuine_rvine_d5,2,2-4-3,16384,4,3870005,0.1563370498474415,1.5710427132553662e-6,1.5710427132553662e-6,0.096080166
genuine_rvine_d5,3,3-2-4,16384,4,3870005,0.1563356581064148,1.7930168655366785e-7,1.7930168655366785e-7,0.097616708
genuine_rvine_d5,4,4-2-3,16384,4,3870005,0.1563380976877129,2.6188829846396366e-6,2.6188829846396366e-6,0.0995405
genuine_rvine_d5,1,2-3-4,16384,5,3870006,0.15633499452230598,-4.842824222750508e-7,4.842824222750508e-7,0.100756875
genuine_rvine_d5,2,2-4-3,16384,5,3870006,0.15633393095700363,-1.547847724631124e-6,1.547847724631124e-6,0.09920325
genuine_rvine_d5,3,3-2-4,16384,5,3870006,0.1563348108619162,-6.679428120603959e-7,6.679428120603959e-7,0.113388125
genuine_rvine_d5,4,4-2-3,16384,5,3870006,0.15633543148302956,-4.732169869847702e-8,4.732169869847702e-8,0.246088583
genuine_rvine_d5,1,2-3-4,16384,6,3870007,0.15633557619190114,9.738717288154675e-8,9.738717288154675e-8,0.097792667
genuine_rvine_d5,2,2-4-3,16384,6,3870007,0.1563355930598673,1.1425513904428364e-7,1.1425513904428364e-7,0.099402333
genuine_rvine_d5,3,3-2-4,16384,6,3870007,0.15633724575751934,1.76695279108241e-6,1.76695279108241e-6,0.096804542
genuine_rvine_d5,4,4-2-3,16384,6,3870007,0.15633367424969827,-1.8045550299883306e-6,1.8045550299883306e-6,0.098223042
genuine_rvine_d5,1,2-3-4,16384,7,3870008,0.1563353171369958,-1.6166773245118726e-7,1.6166773245118726e-7,0.09760275
genuine_rvine_d5,2,2-4-3,16384,7,3870008,0.15633564914607587,1.7034134761062525e-7,1.7034134761062525e-7,0.096972209
genuine_rvine_d5,3,3-2-4,16384,7,3870008,0.1563365437134604,1.0649087321401574e-6,1.0649087321401574e-6,0.267325459
genuine_rvine_d5,4,4-2-3,16384,7,3870008,0.15633695458234537,1.4757776171103743e-6,1.4757776171103743e-6,0.096565125
genuine_rvine_d5,1,2-3-4,16384,8,3870009,0.1563346975259715,-7.812787567451629e-7,7.812787567451629e-7,0.098427416
genuine_rvine_d5,2,2-4-3,16384,8,3870009,0.15633474487526458,-7.339294636754534e-7,7.339294636754534e-7,0.097913625
genuine_rvine_d5,3,3-2-4,16384,8,3870009,0.15633450448499267,-9.743197355860378e-7,9.743197355860378e-7,0.099164041
genuine_rvine_d5,4,4-2-3,16384,8,3870009,0.1563342434185504,-1.2353861778557906e-6,1.2353861778557906e-6,0.097360334
genuine_rvine_d5,1,2-3-4,16384,9,3870010,0.15633645280009736,9.739953691079162e-7,9.739953691079162e-7,0.099225792
genuine_rvine_d5,2,2-4-3,16384,9,3870010,0.15633658936353598,1.1105588077209294e-6,1.1105588077209294e-6,0.098724
genuine_rvine_d5,3,3-2-4,16384,9,3870010,0.1563372447775761,1.7659728478447434e-6,1.7659728478447434e-6,0.114501458
genuine_rvine_d5,4,4-2-3,16384,9,3870010,0.15633593896214967,4.6015742141691796e-7,4.6015742141691796e-7,0.244337417
genuine_rvine_d5,1,2-3-4,16384,10,3870011,0.15633661806218632,1.1392574580659787e-6,1.1392574580659787e-6,0.0974005
genuine_rvine_d5,2,2-4-3,16384,10,3870011,0.15633570256234025,2.2375761199455724e-7,2.2375761199455724e-7,0.098406709
genuine_rvine_d5,3,3-2-4,16384,10,3870011,0.15633877449063488,3.2956859066235467e-6,3.2956859066235467e-6,0.100514459
genuine_rvine_d5,4,4-2-3,16384,10,3870011,0.15633553259292124,5.3788192982962e-8,5.3788192982962e-8,0.095682833
genuine_rvine_d5,1,2-3-4,16384,11,3870012,0.1563345515929204,-9.272118078607061e-7,9.272118078607061e-7,0.097133083
genuine_rvine_d5,2,2-4-3,16384,11,3870012,0.156334249577012,-1.229227716254e-6,1.229227716254e-6,0.099702791
genuine_rvine_d5,3,3-2-4,16384,11,3870012,0.15633447139184334,-1.007412884918013e-6,1.007412884918013e-6,0.099062708
genuine_rvine_d5,4,4-2-3,16384,11,3870012,0.1563353881194531,-9.06852751503262e-8,9.06852751503262e-8,0.120538125
genuine_rvine_d5,1,2-3-4,16384,12,3870013,0.15633513539063335,-3.434140949110098e-7,3.434140949110098e-7,0.247829625
genuine_rvine_d5,2,2-4-3,16384,12,3870013,0.15633581702437774,3.382196494816636e-7,3.382196494816636e-7,0.099372125
genuine_rvine_d5,3,3-2-4,16384,12,3870013,0.15633523932527463,-2.3947945362867706e-7,2.3947945362867706e-7,0.09572225
genuine_rvine_d5,4,4-2-3,16384,12,3870013,0.15633366873722696,-1.8100675013010825e-6,1.8100675013010825e-6,0.098992
genuine_rvine_d5,1,2-3-4,16384,13,3870014,0.15633456064050855,-9.18164219709805e-7,9.18164219709805e-7,0.096760834
genuine_rvine_d5,2,2-4-3,16384,13,3870014,0.15633529554967854,-1.8325504971827833e-7,1.8325504971827833e-7,0.099702958
genuine_rvine_d5,3,3-2-4,16384,13,3870014,0.15633678861193195,1.309807203697666e-6,1.309807203697666e-6,0.111132459
genuine_rvine_d5,4,4-2-3,16384,13,3870014,0.1563343861681949,-1.0926365333618904e-6,1.0926365333618904e-6,0.245408125
genuine_rvine_d5,1,2-3-4,16384,14,3870015,0.15633593429707185,4.5549234359287816e-7,4.5549234359287816e-7,0.096749416
genuine_rvine_d5,2,2-4-3,16384,14,3870015,0.1563359560466076,4.772418793486111e-7,4.772418793486111e-7,0.097857209
genuine_rvine_d5,3,3-2-4,16384,14,3870015,0.15633494777729715,-5.310274311109975e-7,5.310274311109975e-7,0.0976925
genuine_rvine_d5,4,4-2-3,16384,14,3870015,0.15633348843744074,-1.9903672875132283e-6,1.9903672875132283e-6,0.098836959
genuine_rvine_d5,1,2-3-4,16384,15,3870016,0.15633578278941443,3.039846861729867e-7,3.039846861729867e-7,0.096595833
genuine_rvine_d5,2,2-4-3,16384,15,3870016,0.15633610958562816,6.307808999017617e-7,6.307808999017617e-7,0.09919475
genuine_rvine_d5,3,3-2-4,16384,15,3870016,0.1563353134221133,-1.6538261496390483e-7,1.6538261496390483e-7,0.114476084
genuine_rvine_d5,4,4-2-3,16384,15,3870016,0.1563350295362218,-4.492685064527713e-7,4.492685064527713e-7,0.245153667
genuine_rvine_d5,1,2-3-4,16384,16,3870017,0.15633788551596564,2.4067112373848953e-6,2.4067112373848953e-6,0.096106917
genuine_rvine_d5,2,2-4-3,16384,16,3870017,0.1563380974059088,2.61860118053181e-6,2.61860118053181e-6,0.098799625
genuine_rvine_d5,3,3-2-4,16384,16,3870017,0.15633476518856346,-7.136161647991468e-7,7.136161647991468e-7,0.095750625
genuine_rvine_d5,4,4-2-3,16384,16,3870017,0.15633418202354707,-1.2967811811870344e-6,1.2967811811870344e-6,0.098134542
genuine_rvine_d5,1,2-3-4,16384,17,3870018,0.1563374640730509,1.9852683226517787e-6,1.9852683226517787e-6,0.100433
genuine_rvine_d5,2,2-4-3,16384,17,3870018,0.15633746787009167,1.9890653634169198e-6,1.9890653634169198e-6,0.095890959
genuine_rvine_d5,3,3-2-4,16384,17,3870018,0.15633501207210124,-4.6673262701912854e-7,4.6673262701912854e-7,0.118790959
genuine_rvine_d5,4,4-2-3,16384,17,3870018,0.1563365492680221,1.0704632938396408e-6,1.0704632938396408e-6,0.248296333
genuine_rvine_d5,1,2-3-4,16384,18,3870019,0.15633733543755668,1.856632828423077e-6,1.856632828423077e-6,0.096846583
genuine_rvine_d5,2,2-4-3,16384,18,3870019,0.15633786442849637,2.3856237681141312e-6,2.3856237681141312e-6,0.099831875
genuine_rvine_d5,3,3-2-4,16384,18,3870019,0.15633751948230373,2.040677575476657e-6,2.040677575476657e-6,0.09677775
genuine_rvine_d5,4,4-2-3,16384,18,3870019,0.15633563247559726,1.5367086900197613e-7,1.5367086900197613e-7,0.099542333
genuine_rvine_d5,1,2-3-4,16384,19,3870020,0.15633550091511408,2.2110385827778245e-8,2.2110385827778245e-8,0.09817725
genuine_rvine_d5,2,2-4-3,16384,19,3870020,0.15633616505406975,6.862493414916404e-7,6.862493414916404e-7,0.096995625
genuine_rvine_d5,3,3-2-4,16384,19,3870020,0.15633841126893508,2.9324642068229156e-6,2.9324642068229156e-6,0.115056583
genuine_rvine_d5,4,4-2-3,16384,19,3870020,0.1563336420923054,-1.836712422847997e-6,1.836712422847997e-6,0.243319541
genuine_rvine_d5,1,2-3-4,16384,20,3870021,0.15633414646418353,-1.3323405447240866e-6,1.3323405447240866e-6,0.098537042
genuine_rvine_d5,2,2-4-3,16384,20,3870021,0.1563334486630638,-2.0301416644441517e-6,2.0301416644441517e-6,0.098122209
genuine_rvine_d5,3,3-2-4,16384,20,3870021,0.15633830920194108,2.830397212827407e-6,2.830397212827407e-6,0.098213042
genuine_rvine_d5,4,4-2-3,16384,20,3870021,0.15633831227973385,2.8334750055980518e-6,2.8334750055980518e-6,0.097539291
genuine_rvine_d5,1,2-3-4,16384,21,3870022,0.156335496845246,1.8040517746342744e-8,1.8040517746342744e-8,0.098641292
genuine_rvine_d5,2,2-4-3,16384,21,3870022,0.15633520243981486,-2.763649133985524e-7,2.763649133985524e-7,0.099610167
genuine_rvine_d5,3,3-2-4,16384,21,3870022,0.15633712762311316,1.6488183849083793e-6,1.6488183849083793e-6,0.113524541
genuine_rvine_d5,4,4-2-3,16384,21,3870022,0.15633529689733236,-1.8190739589640792e-7,1.8190739589640792e-7,0.246159167
genuine_rvine_d5,1,2-3-4,16384,22,3870023,0.1563345634270433,-9.15377684956864e-7,9.15377684956864e-7,0.096638
genuine_rvine_d5,2,2-4-3,16384,22,3870023,0.15633417306093672,-1.3057437915353631e-6,1.3057437915353631e-6,0.099182167
genuine_rvine_d5,3,3-2-4,16384,22,3870023,0.15633594437037565,4.655656473950831e-7,4.655656473950831e-7,0.098700625
genuine_rvine_d5,4,4-2-3,16384,22,3870023,0.15633454941517572,-9.293895525397389e-7,9.293895525397389e-7,0.097108166
genuine_rvine_d5,1,2-3-4,16384,23,3870024,0.15633401970826694,-1.4590964613203639e-6,1.4590964613203639e-6,0.097116083
genuine_rvine_d5,2,2-4-3,16384,23,3870024,0.15633355545769204,-1.923347036220102e-6,1.923347036220102e-6,0.10759
genuine_rvine_d5,3,3-2-4,16384,23,3870024,0.1563369725745814,1.4937698531447552e-6,1.4937698531447552e-6,0.199322
genuine_rvine_d5,4,4-2-3,16384,23,3870024,0.15633664942086034,1.1706161320845787e-6,1.1706161320845787e-6,0.097184208
genuine_rvine_d5,1,2-3-4,16384,24,3870025,0.1563350079718471,-4.708328811553475e-7,4.708328811553475e-7,0.098910125
genuine_rvine_d5,2,2-4-3,16384,24,3870025,0.15633729265748844,1.8138527601851973e-6,1.8138527601851973e-6,0.097679708
genuine_rvine_d5,3,3-2-4,16384,24,3870025,0.1563369912491783,1.5124444500413947e-6,1.5124444500413947e-6,0.098818625
genuine_rvine_d5,4,4-2-3,16384,24,3870025,0.15633394338503181,-1.5354196964412203e-6,1.5354196964412203e-6,0.098516542
genuine_rvine_d5,1,2-3-4,16384,25,3870026,0.15633574206645515,2.6326172689050686e-7,2.6326172689050686e-7,0.114264667
genuine_rvine_d5,2,2-4-3,16384,25,3870026,0.1563358111376066,3.323328783555457e-7,3.323328783555457e-7,0.246495875
genuine_rvine_d5,3,3-2-4,16384,25,3870026,0.15633469833144212,-7.804732861382835e-7,7.804732861382835e-7,0.098178666
genuine_rvine_d5,4,4-2-3,16384,25,3870026,0.15633646477751886,9.859727906069704e-7,9.859727906069704e-7,0.10081125
genuine_rvine_d5,1,2-3-4,16384,26,3870027,0.1563357815914357,3.027867074567592e-7,3.027867074567592e-7,0.097504125
genuine_rvine_d5,2,2-4-3,16384,26,3870027,0.15633526130934508,-2.1749538317572537e-7,2.1749538317572537e-7,0.101009333
genuine_rvine_d5,3,3-2-4,16384,26,3870027,0.1563340982516741,-1.3805530541532995e-6,1.3805530541532995e-6,0.098359625
genuine_rvine_d5,4,4-2-3,16384,26,3870027,0.15633604705703555,5.682523072925161e-7,5.682523072925161e-7,0.098552166
genuine_rvine_d5,1,2-3-4,16384,27,3870028,0.15633681812020936,1.3393154811025543e-6,1.3393154811025543e-6,0.0986285
genuine_rvine_d5,2,2-4-3,16384,27,3870028,0.1563368317637504,1.3529590221494914e-6,1.3529590221494914e-6,0.116358208
genuine_rvine_d5,3,3-2-4,16384,27,3870028,0.156335116262561,-3.6254216725928323e-7,3.6254216725928323e-7,0.250144958
genuine_rvine_d5,4,4-2-3,16384,27,3870028,0.1563370279487903,1.549144062057417e-6,1.549144062057417e-6,0.097611834
genuine_rvine_d5,1,2-3-4,16384,28,3870029,0.15633931050097027,3.831696242018179e-6,3.831696242018179e-6,0.096928667
genuine_rvine_d5,2,2-4-3,16384,28,3870029,0.15633851793761158,3.0391328833256903e-6,3.0391328833256903e-6,0.098270334
genuine_rvine_d5,3,3-2-4,16384,28,3870029,0.15633442084025354,-1.0579644747210626e-6,1.0579644747210626e-6,0.096953291
genuine_rvine_d5,4,4-2-3,16384,28,3870029,0.15633452960939823,-9.491953300300171e-7,9.491953300300171e-7,0.099284167
genuine_rvine_d5,1,2-3-4,16384,29,3870030,0.15633478141231552,-6.973924127351427e-7,6.973924127351427e-7,0.114379417
genuine_rvine_d5,2,2-4-3,16384,29,3870030,0.15633474252101748,-7.362837107782738e-7,7.362837107782738e-7,0.246514459
genuine_rvine_d5,3,3-2-4,16384,29,3870030,0.15633315999862346,-2.318806104795179e-6,2.318806104795179e-6,0.096898125
genuine_rvine_d5,4,4-2-3,16384,29,3870030,0.15633535233547025,-1.2646925801051978e-7,1.2646925801051978e-7,0.098827375
genuine_rvine_d5,1,2-3-4,16384,30,3870031,0.15633517842221809,-3.0038251017106e-7,3.0038251017106e-7,0.097776083
genuine_rvine_d5,2,2-4-3,16384,30,3870031,0.1563348779508487,-6.008538795676532e-7,6.008538795676532e-7,0.098582042
genuine_rvine_d5,3,3-2-4,16384,30,3870031,0.15633411989249063,-1.3589122376256313e-6,1.3589122376256313e-6,0.098553959
genuine_rvine_d5,4,4-2-3,16384,30,3870031,0.15633510181560478,-3.7698912347394753e-7,3.7698912347394753e-7,0.09892125
